Animal,testnum,Box,File,Location_Thresh,Use_Window,Window_Weight,Window_Size,Start_Frame,ROI_coordinates,ROI_location,ROI_transition,bin,range(f),light,dark,Distance_px,Distance_in
1,1,1,21J_LD1_01_02_03_04_2024-05-26 12-49-00.mkv,98,TRUE,0.5,50,1860,"{'xs': [[1.7602739726027392, 106.48630136986301, 106.48630136986301, 2.513698630136986], [2.513698630136986, 106.48630136986301, 106.48630136986301, 2.513698630136986]], 'ys': [[2.3087099542334166, 2.3087099542334166, 110.06385869565217, 109.56729118993135], [109.56729118993135, 110.06385869565217, 214.839602402746, 215.33616990846681]]}",dark,FALSE,0,"(0, 1800)",0.415880067,0.585785675,1896.543956,189.2782052
1,1,1,21J_LD1_01_02_03_04_2024-05-26 12-49-00.mkv,98,TRUE,0.5,50,1860,"{'xs': [[1.7602739726027392, 106.48630136986301, 106.48630136986301, 2.513698630136986], [2.513698630136986, 106.48630136986301, 106.48630136986301, 2.513698630136986]], 'ys': [[2.3087099542334166, 2.3087099542334166, 110.06385869565217, 109.56729118993135], [109.56729118993135, 110.06385869565217, 214.839602402746, 215.33616990846681]]}",dark,FALSE,1,"(1800, 3600)",0.233203776,0.773459189,1522.594453,151.9574299
1,1,1,21J_LD1_01_02_03_04_2024-05-26 12-49-00.mkv,98,TRUE,0.5,50,1860,"{'xs': [[1.7602739726027392, 106.48630136986301, 106.48630136986301, 2.513698630136986], [2.513698630136986, 106.48630136986301, 106.48630136986301, 2.513698630136986]], 'ys': [[2.3087099542334166, 2.3087099542334166, 110.06385869565217, 109.56729118993135], [109.56729118993135, 110.06385869565217, 214.839602402746, 215.33616990846681]]}",dark,FALSE,2,"(3600, 5400)",0.179900056,0.823431427,1184.315553,118.1966395
1,1,1,21J_LD1_01_02_03_04_2024-05-26 12-49-00.mkv,98,TRUE,0.5,50,1860,"{'xs': [[1.7602739726027392, 106.48630136986301, 106.48630136986301, 2.513698630136986], [2.513698630136986, 106.48630136986301, 106.48630136986301, 2.513698630136986]], 'ys': [[2.3087099542334166, 2.3087099542334166, 110.06385869565217, 109.56729118993135], [109.56729118993135, 110.06385869565217, 214.839602402746, 215.33616990846681]]}",dark,FALSE,3,"(5400, 7200)",0.302054414,0.69905608,886.8266871,88.50676152
1,1,1,21J_LD1_01_02_03_04_2024-05-26 12-49-00.mkv,98,TRUE,0.5,50,1860,"{'xs': [[1.7602739726027392, 106.48630136986301, 106.48630136986301, 2.513698630136986], [2.513698630136986, 106.48630136986301, 106.48630136986301, 2.513698630136986]], 'ys': [[2.3087099542334166, 2.3087099542334166, 110.06385869565217, 109.56729118993135], [109.56729118993135, 110.06385869565217, 214.839602402746, 215.33616990846681]]}",dark,FALSE,4,"(7200, 9000)",0.143808995,0.865074958,1085.450571,108.3297517
2,1,2,21J_LD1_01_02_03_04_2024-05-26 12-49-00.mkv,98,TRUE,0.5,50,1860,"{'xs': [[1.8260869565217406, 102.62318840579711, 104.17391304347827, 2.60144927536232], [2.60144927536232, 104.17391304347827, 103.39855072463769, 2.60144927536232]], 'ys': [[1.3155172413793041, 1.3155172413793041, 106.58448275862068, 107.08103448275861], [107.08103448275861, 106.58448275862068, 213.83965517241379, 213.83965517241379]]}",dark,FALSE,0,"(0, 1800)",0.57523598,0.427540255,2006.954797,200.8800382
2,1,2,21J_LD1_01_02_03_04_2024-05-26 12-49-00.mkv,98,TRUE,0.5,50,1860,"{'xs': [[1.8260869565217406, 102.62318840579711, 104.17391304347827, 2.60144927536232], [2.60144927536232, 104.17391304347827, 103.39855072463769, 2.60144927536232]], 'ys': [[1.3155172413793041, 1.3155172413793041, 106.58448275862068, 107.08103448275861], [107.08103448275861, 106.58448275862068, 213.83965517241379, 213.83965517241379]]}",dark,FALSE,1,"(1800, 3600)",0.459744586,0.551360355,1639.58379,164.1091543
2,1,2,21J_LD1_01_02_03_04_2024-05-26 12-49-00.mkv,98,TRUE,0.5,50,1860,"{'xs': [[1.8260869565217406, 102.62318840579711, 104.17391304347827, 2.60144927536232], [2.60144927536232, 104.17391304347827, 103.39855072463769, 2.60144927536232]], 'ys': [[1.3155172413793041, 1.3155172413793041, 106.58448275862068, 107.08103448275861], [107.08103448275861, 106.58448275862068, 213.83965517241379, 213.83965517241379]]}",dark,FALSE,2,"(3600, 5400)",0.444752915,0.556912826,1496.420753,149.7796854
2,1,2,21J_LD1_01_02_03_04_2024-05-26 12-49-00.mkv,98,TRUE,0.5,50,1860,"{'xs': [[1.8260869565217406, 102.62318840579711, 104.17391304347827, 2.60144927536232], [2.60144927536232, 104.17391304347827, 103.39855072463769, 2.60144927536232]], 'ys': [[1.3155172413793041, 1.3155172413793041, 106.58448275862068, 107.08103448275861], [107.08103448275861, 106.58448275862068, 213.83965517241379, 213.83965517241379]]}",dark,FALSE,3,"(5400, 7200)",0.158245419,0.843975569,1262.022101,126.318265
2,1,2,21J_LD1_01_02_03_04_2024-05-26 12-49-00.mkv,98,TRUE,0.5,50,1860,"{'xs': [[1.8260869565217406, 102.62318840579711, 104.17391304347827, 2.60144927536232], [2.60144927536232, 104.17391304347827, 103.39855072463769, 2.60144927536232]], 'ys': [[1.3155172413793041, 1.3155172413793041, 106.58448275862068, 107.08103448275861], [107.08103448275861, 106.58448275862068, 213.83965517241379, 213.83965517241379]]}",dark,FALSE,4,"(7200, 9000)",0.615769017,0.389783454,1320.960673,132.2175422
3,1,3,21J_LD1_01_02_03_04_2024-05-26 12-49-00.mkv,98,TRUE,0.5,50,1860,"{'xs': [[4.000000000000002, 109.00000000000001, 106.00000000000001, 1.0000000000000018], [1.0000000000000018, 106.00000000000001, 108.25000000000001, 2.5000000000000018]], 'ys': [[2.8051724137930973, 1.812068965517235, 110.55689655172414, 110.0603448275862], [110.0603448275862, 110.55689655172414, 215.32931034482758, 214.83275862068965]]}",dark,FALSE,0,"(0, 1800)",0.622987229,0.378678512,1853.092064,187.7594674
3,1,3,21J_LD1_01_02_03_04_2024-05-26 12-49-00.mkv,98,TRUE,0.5,50,1860,"{'xs': [[4.000000000000002, 109.00000000000001, 106.00000000000001, 1.0000000000000018], [1.0000000000000018, 106.00000000000001, 108.25000000000001, 2.5000000000000018]], 'ys': [[2.8051724137930973, 1.812068965517235, 110.55689655172414, 110.0603448275862], [110.0603448275862, 110.55689655172414, 215.32931034482758, 214.83275862068965]]}",dark,FALSE,1,"(1800, 3600)",0.529705719,0.472515269,1713.441513,173.6097586
3,1,3,21J_LD1_01_02_03_04_2024-05-26 12-49-00.mkv,98,TRUE,0.5,50,1860,"{'xs': [[4.000000000000002, 109.00000000000001, 106.00000000000001, 1.0000000000000018], [1.0000000000000018, 106.00000000000001, 108.25000000000001, 2.5000000000000018]], 'ys': [[2.8051724137930973, 1.812068965517235, 110.55689655172414, 110.0603448275862], [110.0603448275862, 110.55689655172414, 215.32931034482758, 214.83275862068965]]}",dark,FALSE,2,"(3600, 5400)",0.347584675,0.654636313,1232.871101,124.9172806
3,1,3,21J_LD1_01_02_03_04_2024-05-26 12-49-00.mkv,98,TRUE,0.5,50,1860,"{'xs': [[4.000000000000002, 109.00000000000001, 106.00000000000001, 1.0000000000000018], [1.0000000000000018, 106.00000000000001, 108.25000000000001, 2.5000000000000018]], 'ys': [[2.8051724137930973, 1.812068965517235, 110.55689655172414, 110.0603448275862], [110.0603448275862, 110.55689655172414, 215.32931034482758, 214.83275862068965]]}",dark,FALSE,3,"(5400, 7200)",0.367018323,0.632981677,1228.138555,124.4377684
3,1,3,21J_LD1_01_02_03_04_2024-05-26 12-49-00.mkv,98,TRUE,0.5,50,1860,"{'xs': [[4.000000000000002, 109.00000000000001, 106.00000000000001, 1.0000000000000018], [1.0000000000000018, 106.00000000000001, 108.25000000000001, 2.5000000000000018]], 'ys': [[2.8051724137930973, 1.812068965517235, 110.55689655172414, 110.0603448275862], [110.0603448275862, 110.55689655172414, 215.32931034482758, 214.83275862068965]]}",dark,FALSE,4,"(7200, 9000)",0.538034425,0.467518046,1383.266955,140.1557277
4,1,4,21J_LD1_01_02_03_04_2024-05-26 12-49-00.mkv,98,TRUE,0.5,50,1860,"{'xs': [[1.8382352941176483, 105.50000000000001, 103.94117647058825, 3.397058823529413], [3.397058823529413, 103.94117647058825, 102.38235294117648, 1.0588235294117658]], 'ys': [[0.8219476744186065, 0.8219476744186065, 106.32892441860464, 105.83125], [105.83125, 106.32892441860464, 211.33822674418604, 212.83124999999998]]}",dark,FALSE,0,"(0, 1800)",0.547473626,0.453081621,1518.314391,154.061479
4,1,4,21J_LD1_01_02_03_04_2024-05-26 12-49-00.mkv,98,TRUE,0.5,50,1860,"{'xs': [[1.8382352941176483, 105.50000000000001, 103.94117647058825, 3.397058823529413], [3.397058823529413, 103.94117647058825, 102.38235294117648, 1.0588235294117658]], 'ys': [[0.8219476744186065, 0.8219476744186065, 106.32892441860464, 105.83125], [105.83125, 106.32892441860464, 211.33822674418604, 212.83124999999998]]}",dark,FALSE,1,"(1800, 3600)",0.352581899,0.649083842,1614.739755,163.8456412
4,1,4,21J_LD1_01_02_03_04_2024-05-26 12-49-00.mkv,98,TRUE,0.5,50,1860,"{'xs': [[1.8382352941176483, 105.50000000000001, 103.94117647058825, 3.397058823529413], [3.397058823529413, 103.94117647058825, 102.38235294117648, 1.0588235294117658]], 'ys': [[0.8219476744186065, 0.8219476744186065, 106.32892441860464, 105.83125], [105.83125, 106.32892441860464, 211.33822674418604, 212.83124999999998]]}",dark,FALSE,2,"(3600, 5400)",0.339811216,0.662409772,1158.400669,117.5414799
4,1,4,21J_LD1_01_02_03_04_2024-05-26 12-49-00.mkv,98,TRUE,0.5,50,1860,"{'xs': [[1.8382352941176483, 105.50000000000001, 103.94117647058825, 3.397058823529413], [3.397058823529413, 103.94117647058825, 102.38235294117648, 1.0588235294117658]], 'ys': [[0.8219476744186065, 0.8219476744186065, 106.32892441860464, 105.83125], [105.83125, 106.32892441860464, 211.33822674418604, 212.83124999999998]]}",dark,FALSE,3,"(5400, 7200)",0.476401999,0.53525819,1344.161233,136.390374
4,1,4,21J_LD1_01_02_03_04_2024-05-26 12-49-00.mkv,98,TRUE,0.5,50,1860,"{'xs': [[1.8382352941176483, 105.50000000000001, 103.94117647058825, 3.397058823529413], [3.397058823529413, 103.94117647058825, 102.38235294117648, 1.0588235294117658]], 'ys': [[0.8219476744186065, 0.8219476744186065, 106.32892441860464, 105.83125], [105.83125, 106.32892441860464, 211.33822674418604, 212.83124999999998]]}",dark,FALSE,4,"(7200, 9000)",0.295391449,0.705163798,1028.742554,104.3852316
5,1,1,21J_LD1_05_06_07_08_2024-05-26 13-20-02.mkv,98,TRUE,0.5,50,1860,"{'xs': [[1.7602739726027392, 106.48630136986301, 106.48630136986301, 2.513698630136986], [2.513698630136986, 106.48630136986301, 106.48630136986301, 2.513698630136986]], 'ys': [[2.3087099542334166, 2.3087099542334166, 110.06385869565217, 109.56729118993135], [109.56729118993135, 110.06385869565217, 214.839602402746, 215.33616990846681]]}",dark,FALSE,0,"(0, 1800)",0.475846752,0.527484731,1562.764052,155.9664219
5,1,1,21J_LD1_05_06_07_08_2024-05-26 13-20-02.mkv,98,TRUE,0.5,50,1860,"{'xs': [[1.7602739726027392, 106.48630136986301, 106.48630136986301, 2.513698630136986], [2.513698630136986, 106.48630136986301, 106.48630136986301, 2.513698630136986]], 'ys': [[2.3087099542334166, 2.3087099542334166, 110.06385869565217, 109.56729118993135], [109.56729118993135, 110.06385869565217, 214.839602402746, 215.33616990846681]]}",dark,FALSE,1,"(1800, 3600)",0.465852304,0.536368684,1348.759456,134.6084113
5,1,1,21J_LD1_05_06_07_08_2024-05-26 13-20-02.mkv,98,TRUE,0.5,50,1860,"{'xs': [[1.7602739726027392, 106.48630136986301, 106.48630136986301, 2.513698630136986], [2.513698630136986, 106.48630136986301, 106.48630136986301, 2.513698630136986]], 'ys': [[2.3087099542334166, 2.3087099542334166, 110.06385869565217, 109.56729118993135], [109.56729118993135, 110.06385869565217, 214.839602402746, 215.33616990846681]]}",dark,FALSE,2,"(3600, 5400)",0.523598001,0.476957246,1441.358692,143.8499674
5,1,1,21J_LD1_05_06_07_08_2024-05-26 13-20-02.mkv,98,TRUE,0.5,50,1860,"{'xs': [[1.7602739726027392, 106.48630136986301, 106.48630136986301, 2.513698630136986], [2.513698630136986, 106.48630136986301, 106.48630136986301, 2.513698630136986]], 'ys': [[2.3087099542334166, 2.3087099542334166, 110.06385869565217, 109.56729118993135], [109.56729118993135, 110.06385869565217, 214.839602402746, 215.33616990846681]]}",dark,FALSE,3,"(5400, 7200)",0.474736258,0.527484731,1312.746076,131.0142169
5,1,1,21J_LD1_05_06_07_08_2024-05-26 13-20-02.mkv,98,TRUE,0.5,50,1860,"{'xs': [[1.7602739726027392, 106.48630136986301, 106.48630136986301, 2.513698630136986], [2.513698630136986, 106.48630136986301, 106.48630136986301, 2.513698630136986]], 'ys': [[2.3087099542334166, 2.3087099542334166, 110.06385869565217, 109.56729118993135], [109.56729118993135, 110.06385869565217, 214.839602402746, 215.33616990846681]]}",dark,FALSE,4,"(7200, 9000)",0.47806774,0.52193226,1084.984558,108.2832429
6,1,2,21J_LD1_05_06_07_08_2024-05-26 13-20-02.mkv,98,TRUE,0.5,50,1860,"{'xs': [[1.8260869565217406, 102.62318840579711, 104.17391304347827, 2.60144927536232], [2.60144927536232, 104.17391304347827, 103.39855072463769, 2.60144927536232]], 'ys': [[1.3155172413793041, 1.3155172413793041, 106.58448275862068, 107.08103448275861], [107.08103448275861, 106.58448275862068, 213.83965517241379, 213.83965517241379]]}",light,FALSE,0,"(0, 1800)",0.468073293,0.531926707,1726.661854,172.8249684
6,1,2,21J_LD1_05_06_07_08_2024-05-26 13-20-02.mkv,98,TRUE,0.5,50,1860,"{'xs': [[1.8260869565217406, 102.62318840579711, 104.17391304347827, 2.60144927536232], [2.60144927536232, 104.17391304347827, 103.39855072463769, 2.60144927536232]], 'ys': [[1.3155172413793041, 1.3155172413793041, 106.58448275862068, 107.08103448275861], [107.08103448275861, 106.58448275862068, 213.83965517241379, 213.83965517241379]]}",light,FALSE,1,"(1800, 3600)",0.26096613,0.741254858,1337.499999,133.8729957
6,1,2,21J_LD1_05_06_07_08_2024-05-26 13-20-02.mkv,98,TRUE,0.5,50,1860,"{'xs': [[1.8260869565217406, 102.62318840579711, 104.17391304347827, 2.60144927536232], [2.60144927536232, 104.17391304347827, 103.39855072463769, 2.60144927536232]], 'ys': [[1.3155172413793041, 1.3155172413793041, 106.58448275862068, 107.08103448275861], [107.08103448275861, 106.58448275862068, 213.83965517241379, 213.83965517241379]]}",light,FALSE,2,"(3600, 5400)",0.096057746,0.90671849,1268.364687,126.9531069
6,1,2,21J_LD1_05_06_07_08_2024-05-26 13-20-02.mkv,98,TRUE,0.5,50,1860,"{'xs': [[1.8260869565217406, 102.62318840579711, 104.17391304347827, 2.60144927536232], [2.60144927536232, 104.17391304347827, 103.39855072463769, 2.60144927536232]], 'ys': [[1.3155172413793041, 1.3155172413793041, 106.58448275862068, 107.08103448275861], [107.08103448275861, 106.58448275862068, 213.83965517241379, 213.83965517241379]]}",light,FALSE,3,"(5400, 7200)",0.385896724,0.614103276,1375.969421,137.7234756
6,1,2,21J_LD1_05_06_07_08_2024-05-26 13-20-02.mkv,98,TRUE,0.5,50,1860,"{'xs': [[1.8260869565217406, 102.62318840579711, 104.17391304347827, 2.60144927536232], [2.60144927536232, 104.17391304347827, 103.39855072463769, 2.60144927536232]], 'ys': [[1.3155172413793041, 1.3155172413793041, 106.58448275862068, 107.08103448275861], [107.08103448275861, 106.58448275862068, 213.83965517241379, 213.83965517241379]]}",light,FALSE,4,"(7200, 9000)",0.193225986,0.807884509,1244.477173,124.5621588
7,1,3,21J_LD1_05_06_07_08_2024-05-26 13-20-02.mkv,98,TRUE,0.5,50,1860,"{'xs': [[4.000000000000002, 109.00000000000001, 106.00000000000001, 1.0000000000000018], [1.0000000000000018, 106.00000000000001, 108.25000000000001, 2.5000000000000018]], 'ys': [[2.8051724137930973, 1.812068965517235, 110.55689655172414, 110.0603448275862], [110.0603448275862, 110.55689655172414, 215.32931034482758, 214.83275862068965]]}",dark,FALSE,0,"(0, 1800)",0.357579123,0.64575236,1199.893406,121.5759062
7,1,3,21J_LD1_05_06_07_08_2024-05-26 13-20-02.mkv,98,TRUE,0.5,50,1860,"{'xs': [[4.000000000000002, 109.00000000000001, 106.00000000000001, 1.0000000000000018], [1.0000000000000018, 106.00000000000001, 108.25000000000001, 2.5000000000000018]], 'ys': [[2.8051724137930973, 1.812068965517235, 110.55689655172414, 110.0603448275862], [110.0603448275862, 110.55689655172414, 215.32931034482758, 214.83275862068965]]}",dark,FALSE,1,"(1800, 3600)",0.332037757,0.67240422,1525.330443,154.5499208
7,1,3,21J_LD1_05_06_07_08_2024-05-26 13-20-02.mkv,98,TRUE,0.5,50,1860,"{'xs': [[4.000000000000002, 109.00000000000001, 106.00000000000001, 1.0000000000000018], [1.0000000000000018, 106.00000000000001, 108.25000000000001, 2.5000000000000018]], 'ys': [[2.8051724137930973, 1.812068965517235, 110.55689655172414, 110.0603448275862], [110.0603448275862, 110.55689655172414, 215.32931034482758, 214.83275862068965]]}",dark,FALSE,2,"(3600, 5400)",0.545807885,0.465852304,1897.786116,192.2879696
7,1,3,21J_LD1_05_06_07_08_2024-05-26 13-20-02.mkv,98,TRUE,0.5,50,1860,"{'xs': [[4.000000000000002, 109.00000000000001, 106.00000000000001, 1.0000000000000018], [1.0000000000000018, 106.00000000000001, 108.25000000000001, 2.5000000000000018]], 'ys': [[2.8051724137930973, 1.812068965517235, 110.55689655172414, 110.0603448275862], [110.0603448275862, 110.55689655172414, 215.32931034482758, 214.83275862068965]]}",dark,FALSE,3,"(5400, 7200)",0.446418656,0.557468073,1870.870171,189.5607853
7,1,3,21J_LD1_05_06_07_08_2024-05-26 13-20-02.mkv,98,TRUE,0.5,50,1860,"{'xs': [[4.000000000000002, 109.00000000000001, 106.00000000000001, 1.0000000000000018], [1.0000000000000018, 106.00000000000001, 108.25000000000001, 2.5000000000000018]], 'ys': [[2.8051724137930973, 1.812068965517235, 110.55689655172414, 110.0603448275862], [110.0603448275862, 110.55689655172414, 215.32931034482758, 214.83275862068965]]}",dark,FALSE,4,"(7200, 9000)",0.382565242,0.621321488,1479.80967,149.9376534
8,1,4,21J_LD1_05_06_07_08_2024-05-26 13-20-02.mkv,98,TRUE,0.5,50,1860,"{'xs': [[1.8382352941176483, 105.50000000000001, 103.94117647058825, 3.397058823529413], [3.397058823529413, 103.94117647058825, 102.38235294117648, 1.0588235294117658]], 'ys': [[0.8219476744186065, 0.8219476744186065, 106.32892441860464, 105.83125], [105.83125, 106.32892441860464, 211.33822674418604, 212.83124999999998]]}",dark,FALSE,0,"(0, 1800)",0.427540255,0.576901721,1538.405401,156.1000889
8,1,4,21J_LD1_05_06_07_08_2024-05-26 13-20-02.mkv,98,TRUE,0.5,50,1860,"{'xs': [[1.8382352941176483, 105.50000000000001, 103.94117647058825, 3.397058823529413], [3.397058823529413, 103.94117647058825, 102.38235294117648, 1.0588235294117658]], 'ys': [[0.8219476744186065, 0.8219476744186065, 106.32892441860464, 105.83125], [105.83125, 106.32892441860464, 211.33822674418604, 212.83124999999998]]}",dark,FALSE,1,"(1800, 3600)",0.488062188,0.513603554,1776.486303,180.2578629
8,1,4,21J_LD1_05_06_07_08_2024-05-26 13-20-02.mkv,98,TRUE,0.5,50,1860,"{'xs': [[1.8382352941176483, 105.50000000000001, 103.94117647058825, 3.397058823529413], [3.397058823529413, 103.94117647058825, 102.38235294117648, 1.0588235294117658]], 'ys': [[0.8219476744186065, 0.8219476744186065, 106.32892441860464, 105.83125], [105.83125, 106.32892441860464, 211.33822674418604, 212.83124999999998]]}",dark,FALSE,2,"(3600, 5400)",0.362021099,0.639644642,1690.286839,171.5113101
8,1,4,21J_LD1_05_06_07_08_2024-05-26 13-20-02.mkv,98,TRUE,0.5,50,1860,"{'xs': [[1.8382352941176483, 105.50000000000001, 103.94117647058825, 3.397058823529413], [3.397058823529413, 103.94117647058825, 102.38235294117648, 1.0588235294117658]], 'ys': [[0.8219476744186065, 0.8219476744186065, 106.32892441860464, 105.83125], [105.83125, 106.32892441860464, 211.33822674418604, 212.83124999999998]]}",dark,FALSE,3,"(5400, 7200)",0.214325375,0.785674625,1381.648743,140.1941851
8,1,4,21J_LD1_05_06_07_08_2024-05-26 13-20-02.mkv,98,TRUE,0.5,50,1860,"{'xs': [[1.8382352941176483, 105.50000000000001, 103.94117647058825, 3.397058823529413], [3.397058823529413, 103.94117647058825, 102.38235294117648, 1.0588235294117658]], 'ys': [[0.8219476744186065, 0.8219476744186065, 106.32892441860464, 105.83125], [105.83125, 106.32892441860464, 211.33822674418604, 212.83124999999998]]}",dark,FALSE,4,"(7200, 9000)",0.524153248,0.479178234,1905.188551,193.3171204
9,1,1,21J_LD1_09_10_11_12_2024-05-26 13-35-28.mkv,98,TRUE,0.5,50,1860,"{'xs': [[1.7602739726027392, 106.48630136986301, 106.48630136986301, 2.513698630136986], [2.513698630136986, 106.48630136986301, 106.48630136986301, 2.513698630136986]], 'ys': [[2.3087099542334166, 2.3087099542334166, 110.06385869565217, 109.56729118993135], [109.56729118993135, 110.06385869565217, 214.839602402746, 215.33616990846681]]}",light,FALSE,0,"(0, 1800)",0.795113826,0.207107163,2070.968362,206.6860476
9,1,1,21J_LD1_09_10_11_12_2024-05-26 13-35-28.mkv,98,TRUE,0.5,50,1860,"{'xs': [[1.7602739726027392, 106.48630136986301, 106.48630136986301, 2.513698630136986], [2.513698630136986, 106.48630136986301, 106.48630136986301, 2.513698630136986]], 'ys': [[2.3087099542334166, 2.3087099542334166, 110.06385869565217, 109.56729118993135], [109.56729118993135, 110.06385869565217, 214.839602402746, 215.33616990846681]]}",light,FALSE,1,"(1800, 3600)",0.481399223,0.520821766,1844.550253,184.0891481
9,1,1,21J_LD1_09_10_11_12_2024-05-26 13-35-28.mkv,98,TRUE,0.5,50,1860,"{'xs': [[1.7602739726027392, 106.48630136986301, 106.48630136986301, 2.513698630136986], [2.513698630136986, 106.48630136986301, 106.48630136986301, 2.513698630136986]], 'ys': [[2.3087099542334166, 2.3087099542334166, 110.06385869565217, 109.56729118993135], [109.56729118993135, 110.06385869565217, 214.839602402746, 215.33616990846681]]}",light,FALSE,2,"(3600, 5400)",0.57523598,0.425319267,1665.537237,166.2233548
9,1,1,21J_LD1_09_10_11_12_2024-05-26 13-35-28.mkv,98,TRUE,0.5,50,1860,"{'xs': [[1.7602739726027392, 106.48630136986301, 106.48630136986301, 2.513698630136986], [2.513698630136986, 106.48630136986301, 106.48630136986301, 2.513698630136986]], 'ys': [[2.3087099542334166, 2.3087099542334166, 110.06385869565217, 109.56729118993135], [109.56729118993135, 110.06385869565217, 214.839602402746, 215.33616990846681]]}",light,FALSE,3,"(5400, 7200)",0.599666852,0.403109384,1377.362598,137.463052
9,1,1,21J_LD1_09_10_11_12_2024-05-26 13-35-28.mkv,98,TRUE,0.5,50,1860,"{'xs': [[1.7602739726027392, 106.48630136986301, 106.48630136986301, 2.513698630136986], [2.513698630136986, 106.48630136986301, 106.48630136986301, 2.513698630136986]], 'ys': [[2.3087099542334166, 2.3087099542334166, 110.06385869565217, 109.56729118993135], [109.56729118993135, 110.06385869565217, 214.839602402746, 215.33616990846681]]}",light,FALSE,4,"(7200, 9000)",0.365907829,0.634647418,1439.653092,143.6797457
10,1,2,21J_LD1_09_10_11_12_2024-05-26 13-35-28.mkv,98,TRUE,0.5,50,1860,"{'xs': [[1.8260869565217406, 102.62318840579711, 104.17391304347827, 2.60144927536232], [2.60144927536232, 104.17391304347827, 103.39855072463769, 2.60144927536232]], 'ys': [[1.3155172413793041, 1.3155172413793041, 106.58448275862068, 107.08103448275861], [107.08103448275861, 106.58448275862068, 213.83965517241379, 213.83965517241379]]}",dark,FALSE,0,"(0, 1800)",0.463076069,0.539700167,1168.311342,116.9385715
10,1,2,21J_LD1_09_10_11_12_2024-05-26 13-35-28.mkv,98,TRUE,0.5,50,1860,"{'xs': [[1.8260869565217406, 102.62318840579711, 104.17391304347827, 2.60144927536232], [2.60144927536232, 104.17391304347827, 103.39855072463769, 2.60144927536232]], 'ys': [[1.3155172413793041, 1.3155172413793041, 106.58448275862068, 107.08103448275861], [107.08103448275861, 106.58448275862068, 213.83965517241379, 213.83965517241379]]}",dark,FALSE,1,"(1800, 3600)",0.357579123,0.647973348,1304.052444,130.5251644
10,1,2,21J_LD1_09_10_11_12_2024-05-26 13-35-28.mkv,98,TRUE,0.5,50,1860,"{'xs': [[1.8260869565217406, 102.62318840579711, 104.17391304347827, 2.60144927536232], [2.60144927536232, 104.17391304347827, 103.39855072463769, 2.60144927536232]], 'ys': [[1.3155172413793041, 1.3155172413793041, 106.58448275862068, 107.08103448275861], [107.08103448275861, 106.58448275862068, 213.83965517241379, 213.83965517241379]]}",dark,FALSE,2,"(3600, 5400)",0.335924486,0.665186008,1463.494539,146.4840361
10,1,2,21J_LD1_09_10_11_12_2024-05-26 13-35-28.mkv,98,TRUE,0.5,50,1860,"{'xs': [[1.8260869565217406, 102.62318840579711, 104.17391304347827, 2.60144927536232], [2.60144927536232, 104.17391304347827, 103.39855072463769, 2.60144927536232]], 'ys': [[1.3155172413793041, 1.3155172413793041, 106.58448275862068, 107.08103448275861], [107.08103448275861, 106.58448275862068, 213.83965517241379, 213.83965517241379]]}",dark,FALSE,3,"(5400, 7200)",0.140477512,0.861743476,1055.038641,105.6008849
10,1,2,21J_LD1_09_10_11_12_2024-05-26 13-35-28.mkv,98,TRUE,0.5,50,1860,"{'xs': [[1.8260869565217406, 102.62318840579711, 104.17391304347827, 2.60144927536232], [2.60144927536232, 104.17391304347827, 103.39855072463769, 2.60144927536232]], 'ys': [[1.3155172413793041, 1.3155172413793041, 106.58448275862068, 107.08103448275861], [107.08103448275861, 106.58448275862068, 213.83965517241379, 213.83965517241379]]}",dark,FALSE,4,"(7200, 9000)",0.359244864,0.64186563,1261.105214,126.2264919
11,1,3,21J_LD1_09_10_11_12_2024-05-26 13-35-28.mkv,98,TRUE,0.5,50,1860,"{'xs': [[4.000000000000002, 109.00000000000001, 106.00000000000001, 1.0000000000000018], [1.0000000000000018, 106.00000000000001, 108.25000000000001, 2.5000000000000018]], 'ys': [[2.8051724137930973, 1.812068965517235, 110.55689655172414, 110.0603448275862], [110.0603448275862, 110.55689655172414, 215.32931034482758, 214.83275862068965]]}",light,FALSE,0,"(0, 1800)",0.520266519,0.483620211,1864.817178,188.9474824
11,1,3,21J_LD1_09_10_11_12_2024-05-26 13-35-28.mkv,98,TRUE,0.5,50,1860,"{'xs': [[4.000000000000002, 109.00000000000001, 106.00000000000001, 1.0000000000000018], [1.0000000000000018, 106.00000000000001, 108.25000000000001, 2.5000000000000018]], 'ys': [[2.8051724137930973, 1.812068965517235, 110.55689655172414, 110.0603448275862], [110.0603448275862, 110.55689655172414, 215.32931034482758, 214.83275862068965]]}",light,FALSE,1,"(1800, 3600)",0.284841755,0.72182121,1724.568352,174.7371551
11,1,3,21J_LD1_09_10_11_12_2024-05-26 13-35-28.mkv,98,TRUE,0.5,50,1860,"{'xs': [[4.000000000000002, 109.00000000000001, 106.00000000000001, 1.0000000000000018], [1.0000000000000018, 106.00000000000001, 108.25000000000001, 2.5000000000000018]], 'ys': [[2.8051724137930973, 1.812068965517235, 110.55689655172414, 110.0603448275862], [110.0603448275862, 110.55689655172414, 215.32931034482758, 214.83275862068965]]}",light,FALSE,2,"(3600, 5400)",0.440310938,0.564131038,1630.134479,165.168902
11,1,3,21J_LD1_09_10_11_12_2024-05-26 13-35-28.mkv,98,TRUE,0.5,50,1860,"{'xs': [[4.000000000000002, 109.00000000000001, 106.00000000000001, 1.0000000000000018], [1.0000000000000018, 106.00000000000001, 108.25000000000001, 2.5000000000000018]], 'ys': [[2.8051724137930973, 1.812068965517235, 110.55689655172414, 110.0603448275862], [110.0603448275862, 110.55689655172414, 215.32931034482758, 214.83275862068965]]}",light,FALSE,3,"(5400, 7200)",0.478622987,0.523598001,1724.721543,174.7526767
11,1,3,21J_LD1_09_10_11_12_2024-05-26 13-35-28.mkv,98,TRUE,0.5,50,1860,"{'xs': [[4.000000000000002, 109.00000000000001, 106.00000000000001, 1.0000000000000018], [1.0000000000000018, 106.00000000000001, 108.25000000000001, 2.5000000000000018]], 'ys': [[2.8051724137930973, 1.812068965517235, 110.55689655172414, 110.0603448275862], [110.0603448275862, 110.55689655172414, 215.32931034482758, 214.83275862068965]]}",light,FALSE,4,"(7200, 9000)",0.329816768,0.673514714,1659.974965,168.1924074
12,1,4,21J_LD1_09_10_11_12_2024-05-26 13-35-28.mkv,98,TRUE,0.5,50,1860,"{'xs': [[1.8382352941176483, 105.50000000000001, 103.94117647058825, 3.397058823529413], [3.397058823529413, 103.94117647058825, 102.38235294117648, 1.0588235294117658]], 'ys': [[0.8219476744186065, 0.8219476744186065, 106.32892441860464, 105.83125], [105.83125, 106.32892441860464, 211.33822674418604, 212.83124999999998]]}",dark,FALSE,0,"(0, 1800)",0.208772904,0.805108273,1049.535778,106.4950943
12,1,4,21J_LD1_09_10_11_12_2024-05-26 13-35-28.mkv,98,TRUE,0.5,50,1860,"{'xs': [[1.8382352941176483, 105.50000000000001, 103.94117647058825, 3.397058823529413], [3.397058823529413, 103.94117647058825, 102.38235294117648, 1.0588235294117658]], 'ys': [[0.8219476744186065, 0.8219476744186065, 106.32892441860464, 105.83125], [105.83125, 106.32892441860464, 211.33822674418604, 212.83124999999998]]}",dark,FALSE,1,"(1800, 3600)",0.227096058,0.773459189,1263.05829,128.1609588
12,1,4,21J_LD1_09_10_11_12_2024-05-26 13-35-28.mkv,98,TRUE,0.5,50,1860,"{'xs': [[1.8382352941176483, 105.50000000000001, 103.94117647058825, 3.397058823529413], [3.397058823529413, 103.94117647058825, 102.38235294117648, 1.0588235294117658]], 'ys': [[0.8219476744186065, 0.8219476744186065, 106.32892441860464, 105.83125], [105.83125, 106.32892441860464, 211.33822674418604, 212.83124999999998]]}",dark,FALSE,2,"(3600, 5400)",0.191004997,0.808995003,1190.367768,120.7851417
12,1,4,21J_LD1_09_10_11_12_2024-05-26 13-35-28.mkv,98,TRUE,0.5,50,1860,"{'xs': [[1.8382352941176483, 105.50000000000001, 103.94117647058825, 3.397058823529413], [3.397058823529413, 103.94117647058825, 102.38235294117648, 1.0588235294117658]], 'ys': [[0.8219476744186065, 0.8219476744186065, 106.32892441860464, 105.83125], [105.83125, 106.32892441860464, 211.33822674418604, 212.83124999999998]]}",dark,FALSE,3,"(5400, 7200)",0.493614659,0.508051083,1355.679432,137.5591114
12,1,4,21J_LD1_09_10_11_12_2024-05-26 13-35-28.mkv,98,TRUE,0.5,50,1860,"{'xs': [[1.8382352941176483, 105.50000000000001, 103.94117647058825, 3.397058823529413], [3.397058823529413, 103.94117647058825, 102.38235294117648, 1.0588235294117658]], 'ys': [[0.8219476744186065, 0.8219476744186065, 106.32892441860464, 105.83125], [105.83125, 106.32892441860464, 211.33822674418604, 212.83124999999998]]}",dark,FALSE,4,"(7200, 9000)",0.171571349,0.838978345,1019.612526,103.458819
13,1,1,21J_LD1_13_14_15_16_2024-05-26 13-49-02.mkv,98,TRUE,0.5,50,1860,"{'xs': [[1.7602739726027392, 106.48630136986301, 106.48630136986301, 2.513698630136986], [2.513698630136986, 106.48630136986301, 106.48630136986301, 2.513698630136986]], 'ys': [[2.3087099542334166, 2.3087099542334166, 110.06385869565217, 109.56729118993135], [109.56729118993135, 110.06385869565217, 214.839602402746, 215.33616990846681]]}",dark,FALSE,0,"(0, 1800)",0.558578567,0.445863409,1811.485823,180.7892636
13,1,1,21J_LD1_13_14_15_16_2024-05-26 13-49-02.mkv,98,TRUE,0.5,50,1860,"{'xs': [[1.7602739726027392, 106.48630136986301, 106.48630136986301, 2.513698630136986], [2.513698630136986, 106.48630136986301, 106.48630136986301, 2.513698630136986]], 'ys': [[2.3087099542334166, 2.3087099542334166, 110.06385869565217, 109.56729118993135], [109.56729118993135, 110.06385869565217, 214.839602402746, 215.33616990846681]]}",dark,FALSE,1,"(1800, 3600)",0.427540255,0.584119933,1622.346081,161.9128064
13,1,1,21J_LD1_13_14_15_16_2024-05-26 13-49-02.mkv,98,TRUE,0.5,50,1860,"{'xs': [[1.7602739726027392, 106.48630136986301, 106.48630136986301, 2.513698630136986], [2.513698630136986, 106.48630136986301, 106.48630136986301, 2.513698630136986]], 'ys': [[2.3087099542334166, 2.3087099542334166, 110.06385869565217, 109.56729118993135], [109.56729118993135, 110.06385869565217, 214.839602402746, 215.33616990846681]]}",dark,FALSE,2,"(3600, 5400)",0.352026652,0.651304831,1311.888033,130.9285828
13,1,1,21J_LD1_13_14_15_16_2024-05-26 13-49-02.mkv,98,TRUE,0.5,50,1860,"{'xs': [[1.7602739726027392, 106.48630136986301, 106.48630136986301, 2.513698630136986], [2.513698630136986, 106.48630136986301, 106.48630136986301, 2.513698630136986]], 'ys': [[2.3087099542334166, 2.3087099542334166, 110.06385869565217, 109.56729118993135], [109.56729118993135, 110.06385869565217, 214.839602402746, 215.33616990846681]]}",dark,FALSE,3,"(5400, 7200)",0.251526929,0.751804553,1227.619901,122.5184846
13,1,1,21J_LD1_13_14_15_16_2024-05-26 13-49-02.mkv,98,TRUE,0.5,50,1860,"{'xs': [[1.7602739726027392, 106.48630136986301, 106.48630136986301, 2.513698630136986], [2.513698630136986, 106.48630136986301, 106.48630136986301, 2.513698630136986]], 'ys': [[2.3087099542334166, 2.3087099542334166, 110.06385869565217, 109.56729118993135], [109.56729118993135, 110.06385869565217, 214.839602402746, 215.33616990846681]]}",dark,FALSE,4,"(7200, 9000)",0.41143809,0.595780122,1368.50794,136.5793426
14,1,2,21J_LD1_13_14_15_16_2024-05-26 13-49-02.mkv,98,TRUE,0.5,50,1860,"{'xs': [[1.8260869565217406, 102.62318840579711, 104.17391304347827, 2.60144927536232], [2.60144927536232, 104.17391304347827, 103.39855072463769, 2.60144927536232]], 'ys': [[1.3155172413793041, 1.3155172413793041, 106.58448275862068, 107.08103448275861], [107.08103448275861, 106.58448275862068, 213.83965517241379, 213.83965517241379]]}",dark,FALSE,0,"(0, 1800)",0.577456968,0.429761244,1741.759257,174.336097
14,1,2,21J_LD1_13_14_15_16_2024-05-26 13-49-02.mkv,98,TRUE,0.5,50,1860,"{'xs': [[1.8260869565217406, 102.62318840579711, 104.17391304347827, 2.60144927536232], [2.60144927536232, 104.17391304347827, 103.39855072463769, 2.60144927536232]], 'ys': [[1.3155172413793041, 1.3155172413793041, 106.58448275862068, 107.08103448275861], [107.08103448275861, 106.58448275862068, 213.83965517241379, 213.83965517241379]]}",dark,FALSE,1,"(1800, 3600)",0.340366463,0.662965019,1537.98709,153.9401415
14,1,2,21J_LD1_13_14_15_16_2024-05-26 13-49-02.mkv,98,TRUE,0.5,50,1860,"{'xs': [[1.8260869565217406, 102.62318840579711, 104.17391304347827, 2.60144927536232], [2.60144927536232, 104.17391304347827, 103.39855072463769, 2.60144927536232]], 'ys': [[1.3155172413793041, 1.3155172413793041, 106.58448275862068, 107.08103448275861], [107.08103448275861, 106.58448275862068, 213.83965517241379, 213.83965517241379]]}",dark,FALSE,2,"(3600, 5400)",0.490283176,0.511937812,1538.12088,153.9535329
14,1,2,21J_LD1_13_14_15_16_2024-05-26 13-49-02.mkv,98,TRUE,0.5,50,1860,"{'xs': [[1.8260869565217406, 102.62318840579711, 104.17391304347827, 2.60144927536232], [2.60144927536232, 104.17391304347827, 103.39855072463769, 2.60144927536232]], 'ys': [[1.3155172413793041, 1.3155172413793041, 106.58448275862068, 107.08103448275861], [107.08103448275861, 106.58448275862068, 213.83965517241379, 213.83965517241379]]}",dark,FALSE,3,"(5400, 7200)",0.370905053,0.631315936,1257.763567,125.89202
14,1,2,21J_LD1_13_14_15_16_2024-05-26 13-49-02.mkv,98,TRUE,0.5,50,1860,"{'xs': [[1.8260869565217406, 102.62318840579711, 104.17391304347827, 2.60144927536232], [2.60144927536232, 104.17391304347827, 103.39855072463769, 2.60144927536232]], 'ys': [[1.3155172413793041, 1.3155172413793041, 106.58448275862068, 107.08103448275861], [107.08103448275861, 106.58448275862068, 213.83965517241379, 213.83965517241379]]}",dark,FALSE,4,"(7200, 9000)",0.453081621,0.563020544,1222.918036,122.4042625
15,1,3,21J_LD1_13_14_15_16_2024-05-26 13-49-02.mkv,98,TRUE,0.5,50,1860,"{'xs': [[4.000000000000002, 109.00000000000001, 106.00000000000001, 1.0000000000000018], [1.0000000000000018, 106.00000000000001, 108.25000000000001, 2.5000000000000018]], 'ys': [[2.8051724137930973, 1.812068965517235, 110.55689655172414, 110.0603448275862], [110.0603448275862, 110.55689655172414, 215.32931034482758, 214.83275862068965]]}",dark,FALSE,0,"(0, 1800)",0.406996113,0.598556358,1503.106258,152.2981162
15,1,3,21J_LD1_13_14_15_16_2024-05-26 13-49-02.mkv,98,TRUE,0.5,50,1860,"{'xs': [[4.000000000000002, 109.00000000000001, 106.00000000000001, 1.0000000000000018], [1.0000000000000018, 106.00000000000001, 108.25000000000001, 2.5000000000000018]], 'ys': [[2.8051724137930973, 1.812068965517235, 110.55689655172414, 110.0603448275862], [110.0603448275862, 110.55689655172414, 215.32931034482758, 214.83275862068965]]}",dark,FALSE,1,"(1800, 3600)",0.472515269,0.529150472,1568.799375,158.954291
15,1,3,21J_LD1_13_14_15_16_2024-05-26 13-49-02.mkv,98,TRUE,0.5,50,1860,"{'xs': [[4.000000000000002, 109.00000000000001, 106.00000000000001, 1.0000000000000018], [1.0000000000000018, 106.00000000000001, 108.25000000000001, 2.5000000000000018]], 'ys': [[2.8051724137930973, 1.812068965517235, 110.55689655172414, 110.0603448275862], [110.0603448275862, 110.55689655172414, 215.32931034482758, 214.83275862068965]]}",dark,FALSE,2,"(3600, 5400)",0.530816213,0.472515269,1570.006543,159.076604
15,1,3,21J_LD1_13_14_15_16_2024-05-26 13-49-02.mkv,98,TRUE,0.5,50,1860,"{'xs': [[4.000000000000002, 109.00000000000001, 106.00000000000001, 1.0000000000000018], [1.0000000000000018, 106.00000000000001, 108.25000000000001, 2.5000000000000018]], 'ys': [[2.8051724137930973, 1.812068965517235, 110.55689655172414, 110.0603448275862], [110.0603448275862, 110.55689655172414, 215.32931034482758, 214.83275862068965]]}",dark,FALSE,3,"(5400, 7200)",0.324819545,0.680732926,1281.559328,129.8504816
15,1,3,21J_LD1_13_14_15_16_2024-05-26 13-49-02.mkv,98,TRUE,0.5,50,1860,"{'xs': [[4.000000000000002, 109.00000000000001, 106.00000000000001, 1.0000000000000018], [1.0000000000000018, 106.00000000000001, 108.25000000000001, 2.5000000000000018]], 'ys': [[2.8051724137930973, 1.812068965517235, 110.55689655172414, 110.0603448275862], [110.0603448275862, 110.55689655172414, 215.32931034482758, 214.83275862068965]]}",dark,FALSE,4,"(7200, 9000)",0.376457524,0.623542476,1504.195853,152.4085164
16,1,4,21J_LD1_13_14_15_16_2024-05-26 13-49-02.mkv,98,TRUE,0.5,50,1860,"{'xs': [[1.8382352941176483, 105.50000000000001, 103.94117647058825, 3.397058823529413], [3.397058823529413, 103.94117647058825, 102.38235294117648, 1.0588235294117658]], 'ys': [[0.8219476744186065, 0.8219476744186065, 106.32892441860464, 105.83125], [105.83125, 106.32892441860464, 211.33822674418604, 212.83124999999998]]}",dark,FALSE,0,"(0, 1800)",0.652415325,0.350360911,1863.210595,189.0576692
16,1,4,21J_LD1_13_14_15_16_2024-05-26 13-49-02.mkv,98,TRUE,0.5,50,1860,"{'xs': [[1.8382352941176483, 105.50000000000001, 103.94117647058825, 3.397058823529413], [3.397058823529413, 103.94117647058825, 102.38235294117648, 1.0588235294117658]], 'ys': [[0.8219476744186065, 0.8219476744186065, 106.32892441860464, 105.83125], [105.83125, 106.32892441860464, 211.33822674418604, 212.83124999999998]]}",dark,FALSE,1,"(1800, 3600)",0.238756247,0.763464742,1411.643333,143.2376989
16,1,4,21J_LD1_13_14_15_16_2024-05-26 13-49-02.mkv,98,TRUE,0.5,50,1860,"{'xs': [[1.8382352941176483, 105.50000000000001, 103.94117647058825, 3.397058823529413], [3.397058823529413, 103.94117647058825, 102.38235294117648, 1.0588235294117658]], 'ys': [[0.8219476744186065, 0.8219476744186065, 106.32892441860464, 105.83125], [105.83125, 106.32892441860464, 211.33822674418604, 212.83124999999998]]}",dark,FALSE,2,"(3600, 5400)",0.414769572,0.590227651,1477.262919,149.8960371
16,1,4,21J_LD1_13_14_15_16_2024-05-26 13-49-02.mkv,98,TRUE,0.5,50,1860,"{'xs': [[1.8382352941176483, 105.50000000000001, 103.94117647058825, 3.397058823529413], [3.397058823529413, 103.94117647058825, 102.38235294117648, 1.0588235294117658]], 'ys': [[0.8219476744186065, 0.8219476744186065, 106.32892441860464, 105.83125], [105.83125, 106.32892441860464, 211.33822674418604, 212.83124999999998]]}",dark,FALSE,3,"(5400, 7200)",0.011104942,0.988895058,1159.739255,117.6773045
16,1,4,21J_LD1_13_14_15_16_2024-05-26 13-49-02.mkv,98,TRUE,0.5,50,1860,"{'xs': [[1.8382352941176483, 105.50000000000001, 103.94117647058825, 3.397058823529413], [3.397058823529413, 103.94117647058825, 102.38235294117648, 1.0588235294117658]], 'ys': [[0.8219476744186065, 0.8219476744186065, 106.32892441860464, 105.83125], [105.83125, 106.32892441860464, 211.33822674418604, 212.83124999999998]]}",dark,FALSE,4,"(7200, 9000)",0.098278734,0.90283176,1068.262762,108.3952981
17,1,1,21J_LD1_17_18_19_20_2024-05-26 14-01-04.mkv,98,TRUE,0.5,50,1860,"{'xs': [[1.7602739726027392, 106.48630136986301, 106.48630136986301, 2.513698630136986], [2.513698630136986, 106.48630136986301, 106.48630136986301, 2.513698630136986]], 'ys': [[2.3087099542334166, 2.3087099542334166, 110.06385869565217, 109.56729118993135], [109.56729118993135, 110.06385869565217, 214.839602402746, 215.33616990846681]]}",dark,FALSE,0,"(0, 1800)",0.511382565,0.489727929,1821.208609,181.7596136
17,1,1,21J_LD1_17_18_19_20_2024-05-26 14-01-04.mkv,98,TRUE,0.5,50,1860,"{'xs': [[1.7602739726027392, 106.48630136986301, 106.48630136986301, 2.513698630136986], [2.513698630136986, 106.48630136986301, 106.48630136986301, 2.513698630136986]], 'ys': [[2.3087099542334166, 2.3087099542334166, 110.06385869565217, 109.56729118993135], [109.56729118993135, 110.06385869565217, 214.839602402746, 215.33616990846681]]}",dark,FALSE,1,"(1800, 3600)",0.302609661,0.697390339,1670.041134,166.6728511
17,1,1,21J_LD1_17_18_19_20_2024-05-26 14-01-04.mkv,98,TRUE,0.5,50,1860,"{'xs': [[1.7602739726027392, 106.48630136986301, 106.48630136986301, 2.513698630136986], [2.513698630136986, 106.48630136986301, 106.48630136986301, 2.513698630136986]], 'ys': [[2.3087099542334166, 2.3087099542334166, 110.06385869565217, 109.56729118993135], [109.56729118993135, 110.06385869565217, 214.839602402746, 215.33616990846681]]}",dark,FALSE,2,"(3600, 5400)",0.177679067,0.826762909,1109.558186,110.7357313
17,1,1,21J_LD1_17_18_19_20_2024-05-26 14-01-04.mkv,98,TRUE,0.5,50,1860,"{'xs': [[1.7602739726027392, 106.48630136986301, 106.48630136986301, 2.513698630136986], [2.513698630136986, 106.48630136986301, 106.48630136986301, 2.513698630136986]], 'ys': [[2.3087099542334166, 2.3087099542334166, 110.06385869565217, 109.56729118993135], [109.56729118993135, 110.06385869565217, 214.839602402746, 215.33616990846681]]}",dark,FALSE,3,"(5400, 7200)",0.424208773,0.576901721,1370.357052,136.763887
17,1,1,21J_LD1_17_18_19_20_2024-05-26 14-01-04.mkv,98,TRUE,0.5,50,1860,"{'xs': [[1.7602739726027392, 106.48630136986301, 106.48630136986301, 2.513698630136986], [2.513698630136986, 106.48630136986301, 106.48630136986301, 2.513698630136986]], 'ys': [[2.3087099542334166, 2.3087099542334166, 110.06385869565217, 109.56729118993135], [109.56729118993135, 110.06385869565217, 214.839602402746, 215.33616990846681]]}",dark,FALSE,4,"(7200, 9000)",0.422543032,0.579677957,1222.924403,122.0498661
18,1,2,21J_LD1_17_18_19_20_2024-05-26 14-01-04.mkv,98,TRUE,0.5,50,1860,"{'xs': [[1.8260869565217406, 102.62318840579711, 104.17391304347827, 2.60144927536232], [2.60144927536232, 104.17391304347827, 103.39855072463769, 2.60144927536232]], 'ys': [[1.3155172413793041, 1.3155172413793041, 106.58448275862068, 107.08103448275861], [107.08103448275861, 106.58448275862068, 213.83965517241379, 213.83965517241379]]}",light,FALSE,0,"(0, 1800)",0.675735702,0.324264298,1806.865005,180.8526588
18,1,2,21J_LD1_17_18_19_20_2024-05-26 14-01-04.mkv,98,TRUE,0.5,50,1860,"{'xs': [[1.8260869565217406, 102.62318840579711, 104.17391304347827, 2.60144927536232], [2.60144927536232, 104.17391304347827, 103.39855072463769, 2.60144927536232]], 'ys': [[1.3155172413793041, 1.3155172413793041, 106.58448275862068, 107.08103448275861], [107.08103448275861, 106.58448275862068, 213.83965517241379, 213.83965517241379]]}",light,FALSE,1,"(1800, 3600)",0.593003887,0.409217102,1606.898521,160.8376216
18,1,2,21J_LD1_17_18_19_20_2024-05-26 14-01-04.mkv,98,TRUE,0.5,50,1860,"{'xs': [[1.8260869565217406, 102.62318840579711, 104.17391304347827, 2.60144927536232], [2.60144927536232, 104.17391304347827, 103.39855072463769, 2.60144927536232]], 'ys': [[1.3155172413793041, 1.3155172413793041, 106.58448275862068, 107.08103448275861], [107.08103448275861, 106.58448275862068, 213.83965517241379, 213.83965517241379]]}",light,FALSE,2,"(3600, 5400)",0.453081621,0.547473626,1366.757928,136.8014791
18,1,2,21J_LD1_17_18_19_20_2024-05-26 14-01-04.mkv,98,TRUE,0.5,50,1860,"{'xs': [[1.8260869565217406, 102.62318840579711, 104.17391304347827, 2.60144927536232], [2.60144927536232, 104.17391304347827, 103.39855072463769, 2.60144927536232]], 'ys': [[1.3155172413793041, 1.3155172413793041, 106.58448275862068, 107.08103448275861], [107.08103448275861, 106.58448275862068, 213.83965517241379, 213.83965517241379]]}",light,FALSE,3,"(5400, 7200)",0.549139367,0.45530261,1345.929183,134.7166892
18,1,2,21J_LD1_17_18_19_20_2024-05-26 14-01-04.mkv,98,TRUE,0.5,50,1860,"{'xs': [[1.8260869565217406, 102.62318840579711, 104.17391304347827, 2.60144927536232], [2.60144927536232, 104.17391304347827, 103.39855072463769, 2.60144927536232]], 'ys': [[1.3155172413793041, 1.3155172413793041, 106.58448275862068, 107.08103448275861], [107.08103448275861, 106.58448275862068, 213.83965517241379, 213.83965517241379]]}",light,FALSE,4,"(7200, 9000)",0.229317046,0.776790672,1411.448455,141.2746416
19,1,3,21J_LD1_17_18_19_20_2024-05-26 14-01-04.mkv,98,TRUE,0.5,50,1860,"{'xs': [[4.000000000000002, 109.00000000000001, 106.00000000000001, 1.0000000000000018], [1.0000000000000018, 106.00000000000001, 108.25000000000001, 2.5000000000000018]], 'ys': [[2.8051724137930973, 1.812068965517235, 110.55689655172414, 110.0603448275862], [110.0603448275862, 110.55689655172414, 215.32931034482758, 214.83275862068965]]}",dark,FALSE,0,"(0, 1800)",0.369239311,0.631871183,1132.703082,114.768031
19,1,3,21J_LD1_17_18_19_20_2024-05-26 14-01-04.mkv,98,TRUE,0.5,50,1860,"{'xs': [[4.000000000000002, 109.00000000000001, 106.00000000000001, 1.0000000000000018], [1.0000000000000018, 106.00000000000001, 108.25000000000001, 2.5000000000000018]], 'ys': [[2.8051724137930973, 1.812068965517235, 110.55689655172414, 110.0603448275862], [110.0603448275862, 110.55689655172414, 215.32931034482758, 214.83275862068965]]}",dark,FALSE,1,"(1800, 3600)",0.288728484,0.717934481,1232.997877,124.9301258
19,1,3,21J_LD1_17_18_19_20_2024-05-26 14-01-04.mkv,98,TRUE,0.5,50,1860,"{'xs': [[4.000000000000002, 109.00000000000001, 106.00000000000001, 1.0000000000000018], [1.0000000000000018, 106.00000000000001, 108.25000000000001, 2.5000000000000018]], 'ys': [[2.8051724137930973, 1.812068965517235, 110.55689655172414, 110.0603448275862], [110.0603448275862, 110.55689655172414, 215.32931034482758, 214.83275862068965]]}",dark,FALSE,2,"(3600, 5400)",0.275957801,0.731815658,945.217056,95.77152399
19,1,3,21J_LD1_17_18_19_20_2024-05-26 14-01-04.mkv,98,TRUE,0.5,50,1860,"{'xs': [[4.000000000000002, 109.00000000000001, 106.00000000000001, 1.0000000000000018], [1.0000000000000018, 106.00000000000001, 108.25000000000001, 2.5000000000000018]], 'ys': [[2.8051724137930973, 1.812068965517235, 110.55689655172414, 110.0603448275862], [110.0603448275862, 110.55689655172414, 215.32931034482758, 214.83275862068965]]}",dark,FALSE,3,"(5400, 7200)",0.206551916,0.796779567,850.9842859,86.22364718
19,1,3,21J_LD1_17_18_19_20_2024-05-26 14-01-04.mkv,98,TRUE,0.5,50,1860,"{'xs': [[4.000000000000002, 109.00000000000001, 106.00000000000001, 1.0000000000000018], [1.0000000000000018, 106.00000000000001, 108.25000000000001, 2.5000000000000018]], 'ys': [[2.8051724137930973, 1.812068965517235, 110.55689655172414, 110.0603448275862], [110.0603448275862, 110.55689655172414, 215.32931034482758, 214.83275862068965]]}",dark,FALSE,4,"(7200, 9000)",0.357023876,0.644086619,1020.214138,103.3703975
20,1,4,21J_LD1_17_18_19_20_2024-05-26 14-01-04.mkv,98,TRUE,0.5,50,1860,"{'xs': [[1.8382352941176483, 105.50000000000001, 103.94117647058825, 3.397058823529413], [3.397058823529413, 103.94117647058825, 102.38235294117648, 1.0588235294117658]], 'ys': [[0.8219476744186065, 0.8219476744186065, 106.32892441860464, 105.83125], [105.83125, 106.32892441860464, 211.33822674418604, 212.83124999999998]]}",dark,FALSE,0,"(0, 1800)",0.452526374,0.553026097,1874.218838,190.1746621
20,1,4,21J_LD1_17_18_19_20_2024-05-26 14-01-04.mkv,98,TRUE,0.5,50,1860,"{'xs': [[1.8382352941176483, 105.50000000000001, 103.94117647058825, 3.397058823529413], [3.397058823529413, 103.94117647058825, 102.38235294117648, 1.0588235294117658]], 'ys': [[0.8219476744186065, 0.8219476744186065, 106.32892441860464, 105.83125], [105.83125, 106.32892441860464, 211.33822674418604, 212.83124999999998]]}",dark,FALSE,1,"(1800, 3600)",0.376457524,0.631315936,1791.455213,181.7767396
20,1,4,21J_LD1_17_18_19_20_2024-05-26 14-01-04.mkv,98,TRUE,0.5,50,1860,"{'xs': [[1.8382352941176483, 105.50000000000001, 103.94117647058825, 3.397058823529413], [3.397058823529413, 103.94117647058825, 102.38235294117648, 1.0588235294117658]], 'ys': [[0.8219476744186065, 0.8219476744186065, 106.32892441860464, 105.83125], [105.83125, 106.32892441860464, 211.33822674418604, 212.83124999999998]]}",dark,FALSE,2,"(3600, 5400)",0.336479733,0.66851749,1662.929018,168.735346
20,1,4,21J_LD1_17_18_19_20_2024-05-26 14-01-04.mkv,98,TRUE,0.5,50,1860,"{'xs': [[1.8382352941176483, 105.50000000000001, 103.94117647058825, 3.397058823529413], [3.397058823529413, 103.94117647058825, 102.38235294117648, 1.0588235294117658]], 'ys': [[0.8219476744186065, 0.8219476744186065, 106.32892441860464, 105.83125], [105.83125, 106.32892441860464, 211.33822674418604, 212.83124999999998]]}",dark,FALSE,3,"(5400, 7200)",0.229317046,0.770682954,1322.708556,134.2135974
20,1,4,21J_LD1_17_18_19_20_2024-05-26 14-01-04.mkv,98,TRUE,0.5,50,1860,"{'xs': [[1.8382352941176483, 105.50000000000001, 103.94117647058825, 3.397058823529413], [3.397058823529413, 103.94117647058825, 102.38235294117648, 1.0588235294117658]], 'ys': [[0.8219476744186065, 0.8219476744186065, 106.32892441860464, 105.83125], [105.83125, 106.32892441860464, 211.33822674418604, 212.83124999999998]]}",dark,FALSE,4,"(7200, 9000)",0.417545808,0.586896169,1739.016155,176.4558134
21,1,1,21J_LD1_21_22_23_24_2024-05-26 14-12-55.mkv,98,TRUE,0.5,50,3300,"{'xs': [[0.26595744680851, 105.20212765957447, 107.5, 0.26595744680851], [0.26595744680851, 107.5, 104.43617021276596, 0.26595744680851]], 'ys': [[1.3155172413793041, 1.3155172413793041, 110.55689655172414, 109.56379310344828], [109.56379310344828, 110.55689655172414, 214.83275862068965, 213.83965517241379]]}",light,FALSE,0,"(0, 1800)",0.610771793,0.391449195,1930.524989,191.5951781
21,1,1,21J_LD1_21_22_23_24_2024-05-26 14-12-55.mkv,98,TRUE,0.5,50,3300,"{'xs': [[0.26595744680851, 105.20212765957447, 107.5, 0.26595744680851], [0.26595744680851, 107.5, 104.43617021276596, 0.26595744680851]], 'ys': [[1.3155172413793041, 1.3155172413793041, 110.55689655172414, 109.56379310344828], [109.56379310344828, 110.55689655172414, 214.83275862068965, 213.83965517241379]]}",light,FALSE,1,"(1800, 3600)",0.387562465,0.614658523,1535.804369,152.421084
21,1,1,21J_LD1_21_22_23_24_2024-05-26 14-12-55.mkv,98,TRUE,0.5,50,3300,"{'xs': [[0.26595744680851, 105.20212765957447, 107.5, 0.26595744680851], [0.26595744680851, 107.5, 104.43617021276596, 0.26595744680851]], 'ys': [[1.3155172413793041, 1.3155172413793041, 110.55689655172414, 109.56379310344828], [109.56379310344828, 110.55689655172414, 214.83275862068965, 213.83965517241379]]}",light,FALSE,2,"(3600, 5400)",0.49139367,0.511937812,1488.558041,147.7321167
21,1,1,21J_LD1_21_22_23_24_2024-05-26 14-12-55.mkv,98,TRUE,0.5,50,3300,"{'xs': [[0.26595744680851, 105.20212765957447, 107.5, 0.26595744680851], [0.26595744680851, 107.5, 104.43617021276596, 0.26595744680851]], 'ys': [[1.3155172413793041, 1.3155172413793041, 110.55689655172414, 109.56379310344828], [109.56379310344828, 110.55689655172414, 214.83275862068965, 213.83965517241379]]}",light,FALSE,3,"(5400, 7200)",0.22098834,0.780122154,1190.200563,118.1215939
21,1,1,21J_LD1_21_22_23_24_2024-05-26 14-12-55.mkv,98,TRUE,0.5,50,3300,"{'xs': [[0.26595744680851, 105.20212765957447, 107.5, 0.26595744680851], [0.26595744680851, 107.5, 104.43617021276596, 0.26595744680851]], 'ys': [[1.3155172413793041, 1.3155172413793041, 110.55689655172414, 109.56379310344828], [109.56379310344828, 110.55689655172414, 214.83275862068965, 213.83965517241379]]}",light,FALSE,4,"(7200, 9000)",0.072182121,0.927817879,1053.305957,104.5354728
22,1,2,21J_LD1_21_22_23_24_2024-05-26 14-12-55.mkv,98,TRUE,0.5,50,3300,"{'xs': [[2.5489510489510514, 106.21328671328672, 104.68881118881119, 2.5489510489510514], [2.5489510489510514, 104.68881118881119, 105.45104895104896, 2.5489510489510514]], 'ys': [[1.806960227272709, 2.3024147727272544, 110.31150568181818, 110.31150568181818], [110.31150568181818, 110.31150568181818, 215.84332386363636, 215.84332386363636]]}",light,FALSE,0,"(0, 1800)",0.728484175,0.277068295,1776.312262,177.5846103
22,1,2,21J_LD1_21_22_23_24_2024-05-26 14-12-55.mkv,98,TRUE,0.5,50,3300,"{'xs': [[2.5489510489510514, 106.21328671328672, 104.68881118881119, 2.5489510489510514], [2.5489510489510514, 104.68881118881119, 105.45104895104896, 2.5489510489510514]], 'ys': [[1.806960227272709, 2.3024147727272544, 110.31150568181818, 110.31150568181818], [110.31150568181818, 110.31150568181818, 215.84332386363636, 215.84332386363636]]}",light,FALSE,1,"(1800, 3600)",0.442531927,0.559689062,1501.638887,150.124481
22,1,2,21J_LD1_21_22_23_24_2024-05-26 14-12-55.mkv,98,TRUE,0.5,50,3300,"{'xs': [[2.5489510489510514, 106.21328671328672, 104.68881118881119, 2.5489510489510514], [2.5489510489510514, 104.68881118881119, 105.45104895104896, 2.5489510489510514]], 'ys': [[1.806960227272709, 2.3024147727272544, 110.31150568181818, 110.31150568181818], [110.31150568181818, 110.31150568181818, 215.84332386363636, 215.84332386363636]]}",light,FALSE,2,"(3600, 5400)",0.397556913,0.607440311,1412.040833,141.167027
22,1,2,21J_LD1_21_22_23_24_2024-05-26 14-12-55.mkv,98,TRUE,0.5,50,3300,"{'xs': [[2.5489510489510514, 106.21328671328672, 104.68881118881119, 2.5489510489510514], [2.5489510489510514, 104.68881118881119, 105.45104895104896, 2.5489510489510514]], 'ys': [[1.806960227272709, 2.3024147727272544, 110.31150568181818, 110.31150568181818], [110.31150568181818, 110.31150568181818, 215.84332386363636, 215.84332386363636]]}",light,FALSE,3,"(5400, 7200)",0.147140478,0.853970017,1172.966325,117.2658502
22,1,2,21J_LD1_21_22_23_24_2024-05-26 14-12-55.mkv,98,TRUE,0.5,50,3300,"{'xs': [[2.5489510489510514, 106.21328671328672, 104.68881118881119, 2.5489510489510514], [2.5489510489510514, 104.68881118881119, 105.45104895104896, 2.5489510489510514]], 'ys': [[1.806960227272709, 2.3024147727272544, 110.31150568181818, 110.31150568181818], [110.31150568181818, 110.31150568181818, 215.84332386363636, 215.84332386363636]]}",light,FALSE,4,"(7200, 9000)",0.339811216,0.663520267,1297.736526,129.739596
23,1,3,21J_LD1_21_22_23_24_2024-05-26 14-12-55.mkv,98,TRUE,0.5,50,3300,"{'xs': [[2.4668874172185404, 107.79139072847681, 108.53311258278146, 3.2086092715231764], [3.2086092715231764, 108.53311258278146, 109.27483443708608, 2.4668874172185404]], 'ys': [[2.3024147727272544, 1.3115056818181636, 109.81605113636363, 109.32059659090908], [109.32059659090908, 109.81605113636363, 216.3387784090909, 215.84332386363636]]}",light,FALSE,0,"(0, 1800)",0.436424209,0.569683509,1655.061778,167.4888268
23,1,3,21J_LD1_21_22_23_24_2024-05-26 14-12-55.mkv,98,TRUE,0.5,50,3300,"{'xs': [[2.4668874172185404, 107.79139072847681, 108.53311258278146, 3.2086092715231764], [3.2086092715231764, 108.53311258278146, 109.27483443708608, 2.4668874172185404]], 'ys': [[2.3024147727272544, 1.3115056818181636, 109.81605113636363, 109.32059659090908], [109.32059659090908, 109.81605113636363, 216.3387784090909, 215.84332386363636]]}",light,FALSE,1,"(1800, 3600)",0.261521377,0.740699611,1590.565816,160.961969
23,1,3,21J_LD1_21_22_23_24_2024-05-26 14-12-55.mkv,98,TRUE,0.5,50,3300,"{'xs': [[2.4668874172185404, 107.79139072847681, 108.53311258278146, 3.2086092715231764], [3.2086092715231764, 108.53311258278146, 109.27483443708608, 2.4668874172185404]], 'ys': [[2.3024147727272544, 1.3115056818181636, 109.81605113636363, 109.32059659090908], [109.32059659090908, 109.81605113636363, 216.3387784090909, 215.84332386363636]]}",light,FALSE,2,"(3600, 5400)",0.319267074,0.681288173,1349.923137,136.6094278
23,1,3,21J_LD1_21_22_23_24_2024-05-26 14-12-55.mkv,98,TRUE,0.5,50,3300,"{'xs': [[2.4668874172185404, 107.79139072847681, 108.53311258278146, 3.2086092715231764], [3.2086092715231764, 108.53311258278146, 109.27483443708608, 2.4668874172185404]], 'ys': [[2.3024147727272544, 1.3115056818181636, 109.81605113636363, 109.32059659090908], [109.32059659090908, 109.81605113636363, 216.3387784090909, 215.84332386363636]]}",light,FALSE,3,"(5400, 7200)",0.333148251,0.667962243,1261.815,127.6930667
23,1,3,21J_LD1_21_22_23_24_2024-05-26 14-12-55.mkv,98,TRUE,0.5,50,3300,"{'xs': [[2.4668874172185404, 107.79139072847681, 108.53311258278146, 3.2086092715231764], [3.2086092715231764, 108.53311258278146, 109.27483443708608, 2.4668874172185404]], 'ys': [[2.3024147727272544, 1.3115056818181636, 109.81605113636363, 109.32059659090908], [109.32059659090908, 109.81605113636363, 216.3387784090909, 215.84332386363636]]}",light,FALSE,4,"(7200, 9000)",0.033314825,0.967795669,1033.994471,104.6381006
24,1,4,21J_LD1_21_22_23_24_2024-05-26 14-12-55.mkv,98,TRUE,0.5,50,3300,"{'xs': [[1.078947368421053, 100.55263157894738, 103.71052631578948, 1.078947368421053], [1.078947368421053, 103.71052631578948, 101.3421052631579, 2.6578947368421058]], 'ys': [[1.3115056818181636, 1.3115056818181636, 107.83423295454544, 106.34786931818181], [106.34786931818181, 107.83423295454544, 216.83423295454546, 214.85241477272726]]}",light,FALSE,0,"(0, 1800)",0.669072737,0.333148251,1677.183944,167.6241059
24,1,4,21J_LD1_21_22_23_24_2024-05-26 14-12-55.mkv,98,TRUE,0.5,50,3300,"{'xs': [[1.078947368421053, 100.55263157894738, 103.71052631578948, 1.078947368421053], [1.078947368421053, 103.71052631578948, 101.3421052631579, 2.6578947368421058]], 'ys': [[1.3115056818181636, 1.3115056818181636, 107.83423295454544, 106.34786931818181], [106.34786931818181, 107.83423295454544, 216.83423295454546, 214.85241477272726]]}",light,FALSE,1,"(1800, 3600)",0.347029428,0.655746807,1489.666477,148.8829011
24,1,4,21J_LD1_21_22_23_24_2024-05-26 14-12-55.mkv,98,TRUE,0.5,50,3300,"{'xs': [[1.078947368421053, 100.55263157894738, 103.71052631578948, 1.078947368421053], [1.078947368421053, 103.71052631578948, 101.3421052631579, 2.6578947368421058]], 'ys': [[1.3115056818181636, 1.3115056818181636, 107.83423295454544, 106.34786931818181], [106.34786931818181, 107.83423295454544, 216.83423295454546, 214.85241477272726]]}",light,FALSE,2,"(3600, 5400)",0.302054414,0.697945586,1180.898096,118.0234214
24,1,4,21J_LD1_21_22_23_24_2024-05-26 14-12-55.mkv,98,TRUE,0.5,50,3300,"{'xs': [[1.078947368421053, 100.55263157894738, 103.71052631578948, 1.078947368421053], [1.078947368421053, 103.71052631578948, 101.3421052631579, 2.6578947368421058]], 'ys': [[1.3115056818181636, 1.3115056818181636, 107.83423295454544, 106.34786931818181], [106.34786931818181, 107.83423295454544, 216.83423295454546, 214.85241477272726]]}",light,FALSE,3,"(5400, 7200)",0.270960577,0.731815658,1255.138815,125.4433197
24,1,4,21J_LD1_21_22_23_24_2024-05-26 14-12-55.mkv,98,TRUE,0.5,50,3300,"{'xs': [[1.078947368421053, 100.55263157894738, 103.71052631578948, 1.078947368421053], [1.078947368421053, 103.71052631578948, 101.3421052631579, 2.6578947368421058]], 'ys': [[1.3115056818181636, 1.3115056818181636, 107.83423295454544, 106.34786931818181], [106.34786931818181, 107.83423295454544, 216.83423295454546, 214.85241477272726]]}",light,FALSE,4,"(7200, 9000)",0.259300389,0.7429206,1286.943778,128.6220279
25,1,1,21J_LD1_25_26_27_28_2024-05-26 14-24-32.mkv,98,TRUE,0.5,50,1860,"{'xs': [[1.7602739726027392, 106.48630136986301, 106.48630136986301, 2.513698630136986], [2.513698630136986, 106.48630136986301, 106.48630136986301, 2.513698630136986]], 'ys': [[2.3087099542334166, 2.3087099542334166, 110.06385869565217, 109.56729118993135], [109.56729118993135, 110.06385869565217, 214.839602402746, 215.33616990846681]]}",light,FALSE,0,"(0, 1800)",0.475846752,0.525818989,1645.038019,164.1774991
25,1,1,21J_LD1_25_26_27_28_2024-05-26 14-24-32.mkv,98,TRUE,0.5,50,1860,"{'xs': [[1.7602739726027392, 106.48630136986301, 106.48630136986301, 2.513698630136986], [2.513698630136986, 106.48630136986301, 106.48630136986301, 2.513698630136986]], 'ys': [[2.3087099542334166, 2.3087099542334166, 110.06385869565217, 109.56729118993135], [109.56729118993135, 110.06385869565217, 214.839602402746, 215.33616990846681]]}",light,FALSE,1,"(1800, 3600)",0.232093282,0.770127707,1431.037016,142.8198472
25,1,1,21J_LD1_25_26_27_28_2024-05-26 14-24-32.mkv,98,TRUE,0.5,50,1860,"{'xs': [[1.7602739726027392, 106.48630136986301, 106.48630136986301, 2.513698630136986], [2.513698630136986, 106.48630136986301, 106.48630136986301, 2.513698630136986]], 'ys': [[2.3087099542334166, 2.3087099542334166, 110.06385869565217, 109.56729118993135], [109.56729118993135, 110.06385869565217, 214.839602402746, 215.33616990846681]]}",light,FALSE,2,"(3600, 5400)",0.063853415,0.938367574,1139.157119,113.6897535
25,1,1,21J_LD1_25_26_27_28_2024-05-26 14-24-32.mkv,98,TRUE,0.5,50,1860,"{'xs': [[1.7602739726027392, 106.48630136986301, 106.48630136986301, 2.513698630136986], [2.513698630136986, 106.48630136986301, 106.48630136986301, 2.513698630136986]], 'ys': [[2.3087099542334166, 2.3087099542334166, 110.06385869565217, 109.56729118993135], [109.56729118993135, 110.06385869565217, 214.839602402746, 215.33616990846681]]}",light,FALSE,3,"(5400, 7200)",0.450860633,0.551360355,1442.064177,143.9203759
25,1,1,21J_LD1_25_26_27_28_2024-05-26 14-24-32.mkv,98,TRUE,0.5,50,1860,"{'xs': [[1.7602739726027392, 106.48630136986301, 106.48630136986301, 2.513698630136986], [2.513698630136986, 106.48630136986301, 106.48630136986301, 2.513698630136986]], 'ys': [[2.3087099542334166, 2.3087099542334166, 110.06385869565217, 109.56729118993135], [109.56729118993135, 110.06385869565217, 214.839602402746, 215.33616990846681]]}",light,FALSE,4,"(7200, 9000)",0,1,810.6501576,80.90421862
26,1,2,21J_LD1_25_26_27_28_2024-05-26 14-24-32.mkv,98,TRUE,0.5,50,1860,"{'xs': [[1.8260869565217406, 102.62318840579711, 104.17391304347827, 2.60144927536232], [2.60144927536232, 104.17391304347827, 103.39855072463769, 2.60144927536232]], 'ys': [[1.3155172413793041, 1.3155172413793041, 106.58448275862068, 107.08103448275861], [107.08103448275861, 106.58448275862068, 213.83965517241379, 213.83965517241379]]}",light,FALSE,0,"(0, 1800)",0.473625763,0.529705719,2053.247241,205.5135396
26,1,2,21J_LD1_25_26_27_28_2024-05-26 14-24-32.mkv,98,TRUE,0.5,50,1860,"{'xs': [[1.8260869565217406, 102.62318840579711, 104.17391304347827, 2.60144927536232], [2.60144927536232, 104.17391304347827, 103.39855072463769, 2.60144927536232]], 'ys': [[1.3155172413793041, 1.3155172413793041, 106.58448275862068, 107.08103448275861], [107.08103448275861, 106.58448275862068, 213.83965517241379, 213.83965517241379]]}",light,FALSE,1,"(1800, 3600)",0.523042754,0.479178234,1523.071623,152.4472232
26,1,2,21J_LD1_25_26_27_28_2024-05-26 14-24-32.mkv,98,TRUE,0.5,50,1860,"{'xs': [[1.8260869565217406, 102.62318840579711, 104.17391304347827, 2.60144927536232], [2.60144927536232, 104.17391304347827, 103.39855072463769, 2.60144927536232]], 'ys': [[1.3155172413793041, 1.3155172413793041, 106.58448275862068, 107.08103448275861], [107.08103448275861, 106.58448275862068, 213.83965517241379, 213.83965517241379]]}",light,FALSE,2,"(3600, 5400)",0.316490838,0.690172127,1430.13992,143.145507
26,1,2,21J_LD1_25_26_27_28_2024-05-26 14-24-32.mkv,98,TRUE,0.5,50,1860,"{'xs': [[1.8260869565217406, 102.62318840579711, 104.17391304347827, 2.60144927536232], [2.60144927536232, 104.17391304347827, 103.39855072463769, 2.60144927536232]], 'ys': [[1.3155172413793041, 1.3155172413793041, 106.58448275862068, 107.08103448275861], [107.08103448275861, 106.58448275862068, 213.83965517241379, 213.83965517241379]]}",light,FALSE,3,"(5400, 7200)",0.404219878,0.59800111,1435.704732,143.7024999
26,1,2,21J_LD1_25_26_27_28_2024-05-26 14-24-32.mkv,98,TRUE,0.5,50,1860,"{'xs': [[1.8260869565217406, 102.62318840579711, 104.17391304347827, 2.60144927536232], [2.60144927536232, 104.17391304347827, 103.39855072463769, 2.60144927536232]], 'ys': [[1.3155172413793041, 1.3155172413793041, 106.58448275862068, 107.08103448275861], [107.08103448275861, 106.58448275862068, 213.83965517241379, 213.83965517241379]]}",light,FALSE,4,"(7200, 9000)",0.271515825,0.730705164,1390.073391,139.1351695
27,1,3,21J_LD1_25_26_27_28_2024-05-26 14-24-32.mkv,98,TRUE,0.5,50,1860,"{'xs': [[4.000000000000002, 109.00000000000001, 106.00000000000001, 1.0000000000000018], [1.0000000000000018, 106.00000000000001, 108.25000000000001, 2.5000000000000018]], 'ys': [[2.8051724137930973, 1.812068965517235, 110.55689655172414, 110.0603448275862], [110.0603448275862, 110.55689655172414, 215.32931034482758, 214.83275862068965]]}",dark,FALSE,0,"(0, 1800)",0.349250416,0.651860078,1240.836399,125.7243426
27,1,3,21J_LD1_25_26_27_28_2024-05-26 14-24-32.mkv,98,TRUE,0.5,50,1860,"{'xs': [[4.000000000000002, 109.00000000000001, 106.00000000000001, 1.0000000000000018], [1.0000000000000018, 106.00000000000001, 108.25000000000001, 2.5000000000000018]], 'ys': [[2.8051724137930973, 1.812068965517235, 110.55689655172414, 110.0603448275862], [110.0603448275862, 110.55689655172414, 215.32931034482758, 214.83275862068965]]}",dark,FALSE,1,"(1800, 3600)",0.545252637,0.456968351,1427.136509,144.6006899
27,1,3,21J_LD1_25_26_27_28_2024-05-26 14-24-32.mkv,98,TRUE,0.5,50,1860,"{'xs': [[4.000000000000002, 109.00000000000001, 106.00000000000001, 1.0000000000000018], [1.0000000000000018, 106.00000000000001, 108.25000000000001, 2.5000000000000018]], 'ys': [[2.8051724137930973, 1.812068965517235, 110.55689655172414, 110.0603448275862], [110.0603448275862, 110.55689655172414, 215.32931034482758, 214.83275862068965]]}",dark,FALSE,2,"(3600, 5400)",0.366463076,0.636868406,1166.00836,118.1425969
27,1,3,21J_LD1_25_26_27_28_2024-05-26 14-24-32.mkv,98,TRUE,0.5,50,1860,"{'xs': [[4.000000000000002, 109.00000000000001, 106.00000000000001, 1.0000000000000018], [1.0000000000000018, 106.00000000000001, 108.25000000000001, 2.5000000000000018]], 'ys': [[2.8051724137930973, 1.812068965517235, 110.55689655172414, 110.0603448275862], [110.0603448275862, 110.55689655172414, 215.32931034482758, 214.83275862068965]]}",dark,FALSE,3,"(5400, 7200)",0.487506941,0.521377013,1217.569309,123.3668685
27,1,3,21J_LD1_25_26_27_28_2024-05-26 14-24-32.mkv,98,TRUE,0.5,50,1860,"{'xs': [[4.000000000000002, 109.00000000000001, 106.00000000000001, 1.0000000000000018], [1.0000000000000018, 106.00000000000001, 108.25000000000001, 2.5000000000000018]], 'ys': [[2.8051724137930973, 1.812068965517235, 110.55689655172414, 110.0603448275862], [110.0603448275862, 110.55689655172414, 215.32931034482758, 214.83275862068965]]}",dark,FALSE,4,"(7200, 9000)",0.2476402,0.755136036,1071.651586,108.5821557
28,1,4,21J_LD1_25_26_27_28_2024-05-26 14-24-32.mkv,98,TRUE,0.5,50,1860,"{'xs': [[1.8382352941176483, 105.50000000000001, 103.94117647058825, 3.397058823529413], [3.397058823529413, 103.94117647058825, 102.38235294117648, 1.0588235294117658]], 'ys': [[0.8219476744186065, 0.8219476744186065, 106.32892441860464, 105.83125], [105.83125, 106.32892441860464, 211.33822674418604, 212.83124999999998]]}",dark,FALSE,0,"(0, 1800)",0.430871738,0.570794003,1571.578196,159.4660913
28,1,4,21J_LD1_25_26_27_28_2024-05-26 14-24-32.mkv,98,TRUE,0.5,50,1860,"{'xs': [[1.8382352941176483, 105.50000000000001, 103.94117647058825, 3.397058823529413], [3.397058823529413, 103.94117647058825, 102.38235294117648, 1.0588235294117658]], 'ys': [[0.8219476744186065, 0.8219476744186065, 106.32892441860464, 105.83125], [105.83125, 106.32892441860464, 211.33822674418604, 212.83124999999998]]}",dark,FALSE,1,"(1800, 3600)",0.359244864,0.64186563,1564.464824,158.7443062
28,1,4,21J_LD1_25_26_27_28_2024-05-26 14-24-32.mkv,98,TRUE,0.5,50,1860,"{'xs': [[1.8382352941176483, 105.50000000000001, 103.94117647058825, 3.397058823529413], [3.397058823529413, 103.94117647058825, 102.38235294117648, 1.0588235294117658]], 'ys': [[0.8219476744186065, 0.8219476744186065, 106.32892441860464, 105.83125], [105.83125, 106.32892441860464, 211.33822674418604, 212.83124999999998]]}",dark,FALSE,2,"(3600, 5400)",0.387562465,0.612992782,1233.640698,125.1759923
28,1,4,21J_LD1_25_26_27_28_2024-05-26 14-24-32.mkv,98,TRUE,0.5,50,1860,"{'xs': [[1.8382352941176483, 105.50000000000001, 103.94117647058825, 3.397058823529413], [3.397058823529413, 103.94117647058825, 102.38235294117648, 1.0588235294117658]], 'ys': [[0.8219476744186065, 0.8219476744186065, 106.32892441860464, 105.83125], [105.83125, 106.32892441860464, 211.33822674418604, 212.83124999999998]]}",dark,FALSE,3,"(5400, 7200)",0.31038312,0.691282621,1347.25545,136.7043403
28,1,4,21J_LD1_25_26_27_28_2024-05-26 14-24-32.mkv,98,TRUE,0.5,50,1860,"{'xs': [[1.8382352941176483, 105.50000000000001, 103.94117647058825, 3.397058823529413], [3.397058823529413, 103.94117647058825, 102.38235294117648, 1.0588235294117658]], 'ys': [[0.8219476744186065, 0.8219476744186065, 106.32892441860464, 105.83125], [105.83125, 106.32892441860464, 211.33822674418604, 212.83124999999998]]}",dark,FALSE,4,"(7200, 9000)",0.3714603,0.630205441,1400.377244,142.0945429
29,1,1,21J_LD1_29_31_32_2024-05-26 14-35-35.mkv,98,TRUE,0.5,50,2700,"{'xs': [[3.3768115942029, 104.17391304347827, 103.39855072463769, 1.0507246376811608], [1.0507246376811608, 103.39855072463769, 101.84782608695653, 1.0507246376811608]], 'ys': [[0.32243993135012156, 1.812142448512593, 109.56729118993135, 107.58102116704806], [107.58102116704806, 109.56729118993135, 213.84646739130434, 214.839602402746]]}",dark,FALSE,0,"(0, 1800)",0.210438645,0.795113826,1353.549319,136.2259264
29,1,1,21J_LD1_29_31_32_2024-05-26 14-35-35.mkv,98,TRUE,0.5,50,2700,"{'xs': [[3.3768115942029, 104.17391304347827, 103.39855072463769, 1.0507246376811608], [1.0507246376811608, 103.39855072463769, 101.84782608695653, 1.0507246376811608]], 'ys': [[0.32243993135012156, 1.812142448512593, 109.56729118993135, 107.58102116704806], [107.58102116704806, 109.56729118993135, 213.84646739130434, 214.839602402746]]}",dark,FALSE,1,"(1800, 3600)",0.418656302,0.583564686,1477.885732,148.7395769
29,1,1,21J_LD1_29_31_32_2024-05-26 14-35-35.mkv,98,TRUE,0.5,50,2700,"{'xs': [[3.3768115942029, 104.17391304347827, 103.39855072463769, 1.0507246376811608], [1.0507246376811608, 103.39855072463769, 101.84782608695653, 1.0507246376811608]], 'ys': [[0.32243993135012156, 1.812142448512593, 109.56729118993135, 107.58102116704806], [107.58102116704806, 109.56729118993135, 213.84646739130434, 214.839602402746]]}",dark,FALSE,2,"(3600, 5400)",0.227651305,0.772903942,1202.633014,121.0371829
29,1,1,21J_LD1_29_31_32_2024-05-26 14-35-35.mkv,98,TRUE,0.5,50,2700,"{'xs': [[3.3768115942029, 104.17391304347827, 103.39855072463769, 1.0507246376811608], [1.0507246376811608, 103.39855072463769, 101.84782608695653, 1.0507246376811608]], 'ys': [[0.32243993135012156, 1.812142448512593, 109.56729118993135, 107.58102116704806], [107.58102116704806, 109.56729118993135, 213.84646739130434, 214.839602402746]]}",dark,FALSE,3,"(5400, 7200)",0.178234314,0.821765686,1224.11642,123.1993479
29,1,1,21J_LD1_29_31_32_2024-05-26 14-35-35.mkv,98,TRUE,0.5,50,2700,"{'xs': [[3.3768115942029, 104.17391304347827, 103.39855072463769, 1.0507246376811608], [1.0507246376811608, 103.39855072463769, 101.84782608695653, 1.0507246376811608]], 'ys': [[0.32243993135012156, 1.812142448512593, 109.56729118993135, 107.58102116704806], [107.58102116704806, 109.56729118993135, 213.84646739130434, 214.839602402746]]}",dark,FALSE,4,"(7200, 9000)",0.329816768,0.670183232,1046.31968,105.3052636
31,1,3,21J_LD1_29_31_32_2024-05-26 14-35-35.mkv,98,TRUE,0.5,50,2700,"{'xs': [[0.26595744680851, 102.90425531914894, 103.67021276595744, 2.563829787234042], [2.563829787234042, 103.67021276595744, 105.96808510638299, 1.0319148936170206]], 'ys': [[2.8051724137930973, 1.812068965517235, 110.0603448275862, 111.05344827586207], [111.05344827586207, 110.0603448275862, 215.32931034482758, 214.33620689655172]]}",light,FALSE,0,"(0, 1800)",0.589672404,0.415880067,1765.057588,178.1401951
31,1,3,21J_LD1_29_31_32_2024-05-26 14-35-35.mkv,98,TRUE,0.5,50,2700,"{'xs': [[0.26595744680851, 102.90425531914894, 103.67021276595744, 2.563829787234042], [2.563829787234042, 103.67021276595744, 105.96808510638299, 1.0319148936170206]], 'ys': [[2.8051724137930973, 1.812068965517235, 110.0603448275862, 111.05344827586207], [111.05344827586207, 110.0603448275862, 215.32931034482758, 214.33620689655172]]}",light,FALSE,1,"(1800, 3600)",0.601332593,0.403664631,1538.119095,155.2362017
31,1,3,21J_LD1_29_31_32_2024-05-26 14-35-35.mkv,98,TRUE,0.5,50,2700,"{'xs': [[0.26595744680851, 102.90425531914894, 103.67021276595744, 2.563829787234042], [2.563829787234042, 103.67021276595744, 105.96808510638299, 1.0319148936170206]], 'ys': [[2.8051724137930973, 1.812068965517235, 110.0603448275862, 111.05344827586207], [111.05344827586207, 110.0603448275862, 215.32931034482758, 214.33620689655172]]}",light,FALSE,2,"(3600, 5400)",0.426429761,0.573570239,1430.563159,144.3810117
31,1,3,21J_LD1_29_31_32_2024-05-26 14-35-35.mkv,98,TRUE,0.5,50,2700,"{'xs': [[0.26595744680851, 102.90425531914894, 103.67021276595744, 2.563829787234042], [2.563829787234042, 103.67021276595744, 105.96808510638299, 1.0319148936170206]], 'ys': [[2.8051724137930973, 1.812068965517235, 110.0603448275862, 111.05344827586207], [111.05344827586207, 110.0603448275862, 215.32931034482758, 214.33620689655172]]}",light,FALSE,3,"(5400, 7200)",0.470849528,0.530260966,1417.755958,143.0884322
31,1,3,21J_LD1_29_31_32_2024-05-26 14-35-35.mkv,98,TRUE,0.5,50,2700,"{'xs': [[0.26595744680851, 102.90425531914894, 103.67021276595744, 2.563829787234042], [2.563829787234042, 103.67021276595744, 105.96808510638299, 1.0319148936170206]], 'ys': [[2.8051724137930973, 1.812068965517235, 110.0603448275862, 111.05344827586207], [111.05344827586207, 110.0603448275862, 215.32931034482758, 214.33620689655172]]}",light,FALSE,4,"(7200, 9000)",0.347584675,0.661854525,1205.33803,121.6499412
32,1,4,21J_LD1_29_31_32_2024-05-26 14-35-35.mkv,98,TRUE,0.5,50,2700,"{'xs': [[1.0877862595419838, 97.94274809160305, 101.11832061068702, 2.6755725190839685], [2.6755725190839685, 101.11832061068702, 99.53053435114504, 1.8816793893129762]], 'ys': [[1.3155749427917691, 1.3155749427917691, 108.5741561784897, 109.07072368421053], [109.07072368421053, 108.5741561784897, 215.33616990846681, 213.84646739130434]]}",light,FALSE,0,"(0, 1800)",0.467518046,0.538034425,1820.562735,185.5598759
32,1,4,21J_LD1_29_31_32_2024-05-26 14-35-35.mkv,98,TRUE,0.5,50,2700,"{'xs': [[1.0877862595419838, 97.94274809160305, 101.11832061068702, 2.6755725190839685], [2.6755725190839685, 101.11832061068702, 99.53053435114504, 1.8816793893129762]], 'ys': [[1.3155749427917691, 1.3155749427917691, 108.5741561784897, 109.07072368421053], [109.07072368421053, 108.5741561784897, 215.33616990846681, 213.84646739130434]]}",light,FALSE,1,"(1800, 3600)",0.46474181,0.537479178,2026.757277,206.5761436
32,1,4,21J_LD1_29_31_32_2024-05-26 14-35-35.mkv,98,TRUE,0.5,50,2700,"{'xs': [[1.0877862595419838, 97.94274809160305, 101.11832061068702, 2.6755725190839685], [2.6755725190839685, 101.11832061068702, 99.53053435114504, 1.8816793893129762]], 'ys': [[1.3155749427917691, 1.3155749427917691, 108.5741561784897, 109.07072368421053], [109.07072368421053, 108.5741561784897, 215.33616990846681, 213.84646739130434]]}",light,FALSE,2,"(3600, 5400)",0.590227651,0.414769572,1861.206431,189.7024627
32,1,4,21J_LD1_29_31_32_2024-05-26 14-35-35.mkv,98,TRUE,0.5,50,2700,"{'xs': [[1.0877862595419838, 97.94274809160305, 101.11832061068702, 2.6755725190839685], [2.6755725190839685, 101.11832061068702, 99.53053435114504, 1.8816793893129762]], 'ys': [[1.3155749427917691, 1.3155749427917691, 108.5741561784897, 109.07072368421053], [109.07072368421053, 108.5741561784897, 215.33616990846681, 213.84646739130434]]}",light,FALSE,3,"(5400, 7200)",0.631315936,0.370905053,1594.514109,162.5199915
32,1,4,21J_LD1_29_31_32_2024-05-26 14-35-35.mkv,98,TRUE,0.5,50,2700,"{'xs': [[1.0877862595419838, 97.94274809160305, 101.11832061068702, 2.6755725190839685], [2.6755725190839685, 101.11832061068702, 99.53053435114504, 1.8816793893129762]], 'ys': [[1.3155749427917691, 1.3155749427917691, 108.5741561784897, 109.07072368421053], [109.07072368421053, 108.5741561784897, 215.33616990846681, 213.84646739130434]]}",light,FALSE,4,"(7200, 9000)",0.570238756,0.431426985,1614.618067,164.5690765
33,1,1,21J_LD1_33_34_35_36_2024-05-26 14-46-17.mkv,98,TRUE,0.5,50,2250,"{'xs': [[1.8382352941176483, 102.38235294117648, 102.38235294117648, 1.8382352941176483], [1.8382352941176483, 102.38235294117648, 100.04411764705884, 2.6176470588235308]], 'ys': [[1.812142448512593, 1.812142448512593, 111.05699370709382, 108.5741561784897], [108.5741561784897, 111.05699370709382, 214.34303489702518, 213.34989988558354]]}",dark,FALSE,0,"(0, 1800)",0.360910605,0.641310383,1430.118321,141.0068904
33,1,1,21J_LD1_33_34_35_36_2024-05-26 14-46-17.mkv,98,TRUE,0.5,50,2250,"{'xs': [[1.8382352941176483, 102.38235294117648, 102.38235294117648, 1.8382352941176483], [1.8382352941176483, 102.38235294117648, 100.04411764705884, 2.6176470588235308]], 'ys': [[1.812142448512593, 1.812142448512593, 111.05699370709382, 108.5741561784897], [108.5741561784897, 111.05699370709382, 214.34303489702518, 213.34989988558354]]}",dark,FALSE,1,"(1800, 3600)",0.323709051,0.678511938,1274.00452,125.6143727
33,1,1,21J_LD1_33_34_35_36_2024-05-26 14-46-17.mkv,98,TRUE,0.5,50,2250,"{'xs': [[1.8382352941176483, 102.38235294117648, 102.38235294117648, 1.8382352941176483], [1.8382352941176483, 102.38235294117648, 100.04411764705884, 2.6176470588235308]], 'ys': [[1.812142448512593, 1.812142448512593, 111.05699370709382, 108.5741561784897], [108.5741561784897, 111.05699370709382, 214.34303489702518, 213.34989988558354]]}",dark,FALSE,2,"(3600, 5400)",0.089950028,0.911160466,977.261977,96.35613392
33,1,1,21J_LD1_33_34_35_36_2024-05-26 14-46-17.mkv,98,TRUE,0.5,50,2250,"{'xs': [[1.8382352941176483, 102.38235294117648, 102.38235294117648, 1.8382352941176483], [1.8382352941176483, 102.38235294117648, 100.04411764705884, 2.6176470588235308]], 'ys': [[1.812142448512593, 1.812142448512593, 111.05699370709382, 108.5741561784897], [108.5741561784897, 111.05699370709382, 214.34303489702518, 213.34989988558354]]}",dark,FALSE,3,"(5400, 7200)",0.139367018,0.86285397,781.8361441,77.08752615
33,1,1,21J_LD1_33_34_35_36_2024-05-26 14-46-17.mkv,98,TRUE,0.5,50,2250,"{'xs': [[1.8382352941176483, 102.38235294117648, 102.38235294117648, 1.8382352941176483], [1.8382352941176483, 102.38235294117648, 100.04411764705884, 2.6176470588235308]], 'ys': [[1.812142448512593, 1.812142448512593, 111.05699370709382, 108.5741561784897], [108.5741561784897, 111.05699370709382, 214.34303489702518, 213.34989988558354]]}",dark,FALSE,4,"(7200, 9000)",0.30094392,0.70849528,853.7884606,84.18188488
34,1,2,21J_LD1_33_34_35_36_2024-05-26 14-46-17.mkv,98,TRUE,0.5,50,2250,"{'xs': [[1.0319148936170206, 104.43617021276596, 103.67021276595744, 2.563829787234042], [2.563829787234042, 103.67021276595744, 103.67021276595744, 3.3297872340425525]], 'ys': [[1.3155172413793041, 2.308620689655166, 109.56379310344828, 110.0603448275862], [110.0603448275862, 109.56379310344828, 214.83275862068965, 213.83965517241379]]}",dark,FALSE,0,"(0, 1800)",0.259300389,0.741810105,1168.041071,114.5313751
34,1,2,21J_LD1_33_34_35_36_2024-05-26 14-46-17.mkv,98,TRUE,0.5,50,2250,"{'xs': [[1.0319148936170206, 104.43617021276596, 103.67021276595744, 2.563829787234042], [2.563829787234042, 103.67021276595744, 103.67021276595744, 3.3297872340425525]], 'ys': [[1.3155172413793041, 2.308620689655166, 109.56379310344828, 110.0603448275862], [110.0603448275862, 109.56379310344828, 214.83275862068965, 213.83965517241379]]}",dark,FALSE,1,"(1800, 3600)",0.332037757,0.669072737,1257.2261,123.276345
34,1,2,21J_LD1_33_34_35_36_2024-05-26 14-46-17.mkv,98,TRUE,0.5,50,2250,"{'xs': [[1.0319148936170206, 104.43617021276596, 103.67021276595744, 2.563829787234042], [2.563829787234042, 103.67021276595744, 103.67021276595744, 3.3297872340425525]], 'ys': [[1.3155172413793041, 2.308620689655166, 109.56379310344828, 110.0603448275862], [110.0603448275862, 109.56379310344828, 214.83275862068965, 213.83965517241379]]}",dark,FALSE,2,"(3600, 5400)",0.164908384,0.838978345,1068.120523,104.7337421
34,1,2,21J_LD1_33_34_35_36_2024-05-26 14-46-17.mkv,98,TRUE,0.5,50,2250,"{'xs': [[1.0319148936170206, 104.43617021276596, 103.67021276595744, 2.563829787234042], [2.563829787234042, 103.67021276595744, 103.67021276595744, 3.3297872340425525]], 'ys': [[1.3155172413793041, 2.308620689655166, 109.56379310344828, 110.0603448275862], [110.0603448275862, 109.56379310344828, 214.83275862068965, 213.83965517241379]]}",dark,FALSE,3,"(5400, 7200)",0.395335924,0.60577457,1352.296635,132.5984137
34,1,2,21J_LD1_33_34_35_36_2024-05-26 14-46-17.mkv,98,TRUE,0.5,50,2250,"{'xs': [[1.0319148936170206, 104.43617021276596, 103.67021276595744, 2.563829787234042], [2.563829787234042, 103.67021276595744, 103.67021276595744, 3.3297872340425525]], 'ys': [[1.3155172413793041, 2.308620689655166, 109.56379310344828, 110.0603448275862], [110.0603448275862, 109.56379310344828, 214.83275862068965, 213.83965517241379]]}",dark,FALSE,4,"(7200, 9000)",0.043309273,0.956690727,827.6727412,81.1568185
35,1,3,21J_LD1_33_34_35_36_2024-05-26 14-46-17.mkv,98,TRUE,0.5,50,2250,"{'xs': [[4.6920529801324475, 107.79139072847681, 107.04966887417218, 4.6920529801324475], [4.6920529801324475, 107.04966887417218, 108.53311258278146, 3.2086092715231764]], 'ys': [[2.8051724137930973, 1.812068965517235, 110.0603448275862, 109.56379310344828], [109.56379310344828, 110.0603448275862, 213.83965517241379, 214.83275862068965]]}",dark,FALSE,0,"(0, 1800)",0.436424209,0.569128262,1472.063403,147.337102
35,1,3,21J_LD1_33_34_35_36_2024-05-26 14-46-17.mkv,98,TRUE,0.5,50,2250,"{'xs': [[4.6920529801324475, 107.79139072847681, 107.04966887417218, 4.6920529801324475], [4.6920529801324475, 107.04966887417218, 108.53311258278146, 3.2086092715231764]], 'ys': [[2.8051724137930973, 1.812068965517235, 110.0603448275862, 109.56379310344828], [109.56379310344828, 110.0603448275862, 213.83965517241379, 214.83275862068965]]}",dark,FALSE,1,"(1800, 3600)",0.649083842,0.35424764,1685.672582,168.7169945
35,1,3,21J_LD1_33_34_35_36_2024-05-26 14-46-17.mkv,98,TRUE,0.5,50,2250,"{'xs': [[4.6920529801324475, 107.79139072847681, 107.04966887417218, 4.6920529801324475], [4.6920529801324475, 107.04966887417218, 108.53311258278146, 3.2086092715231764]], 'ys': [[2.8051724137930973, 1.812068965517235, 110.0603448275862, 109.56379310344828], [109.56379310344828, 110.0603448275862, 213.83965517241379, 214.83275862068965]]}",dark,FALSE,2,"(3600, 5400)",0.265963354,0.741254858,1456.915964,145.8210125
35,1,3,21J_LD1_33_34_35_36_2024-05-26 14-46-17.mkv,98,TRUE,0.5,50,2250,"{'xs': [[4.6920529801324475, 107.79139072847681, 107.04966887417218, 4.6920529801324475], [4.6920529801324475, 107.04966887417218, 108.53311258278146, 3.2086092715231764]], 'ys': [[2.8051724137930973, 1.812068965517235, 110.0603448275862, 109.56379310344828], [109.56379310344828, 110.0603448275862, 213.83965517241379, 214.83275862068965]]}",dark,FALSE,3,"(5400, 7200)",0.364797335,0.636868406,1091.746609,109.2716395
35,1,3,21J_LD1_33_34_35_36_2024-05-26 14-46-17.mkv,98,TRUE,0.5,50,2250,"{'xs': [[4.6920529801324475, 107.79139072847681, 107.04966887417218, 4.6920529801324475], [4.6920529801324475, 107.04966887417218, 108.53311258278146, 3.2086092715231764]], 'ys': [[2.8051724137930973, 1.812068965517235, 110.0603448275862, 109.56379310344828], [109.56379310344828, 110.0603448275862, 213.83965517241379, 214.83275862068965]]}",dark,FALSE,4,"(7200, 9000)",0.399777901,0.600222099,1325.941897,132.7119716
36,1,4,21J_LD1_33_34_35_36_2024-05-26 14-46-17.mkv,98,TRUE,0.5,50,2250,"{'xs': [[0.2894736842105267, 101.3421052631579, 102.92105263157896, 4.236842105263158], [4.236842105263158, 102.92105263157896, 102.92105263157896, 2.6578947368421058]], 'ys': [[1.3155172413793041, 0.818965517241373, 108.07413793103449, 106.58448275862068], [106.58448275862068, 108.07413793103449, 213.83965517241379, 212.35]]}",dark,FALSE,0,"(0, 1800)",0.687395891,0.317601333,1822.317291,183.1014611
36,1,4,21J_LD1_33_34_35_36_2024-05-26 14-46-17.mkv,98,TRUE,0.5,50,2250,"{'xs': [[0.2894736842105267, 101.3421052631579, 102.92105263157896, 4.236842105263158], [4.236842105263158, 102.92105263157896, 102.92105263157896, 2.6578947368421058]], 'ys': [[1.3155172413793041, 0.818965517241373, 108.07413793103449, 106.58448275862068], [106.58448275862068, 108.07413793103449, 213.83965517241379, 212.35]]}",dark,FALSE,1,"(1800, 3600)",0.495835647,0.506385341,1382.074219,138.8670403
36,1,4,21J_LD1_33_34_35_36_2024-05-26 14-46-17.mkv,98,TRUE,0.5,50,2250,"{'xs': [[0.2894736842105267, 101.3421052631579, 102.92105263157896, 4.236842105263158], [4.236842105263158, 102.92105263157896, 102.92105263157896, 2.6578947368421058]], 'ys': [[1.3155172413793041, 0.818965517241373, 108.07413793103449, 106.58448275862068], [106.58448275862068, 108.07413793103449, 213.83965517241379, 212.35]]}",dark,FALSE,2,"(3600, 5400)",0.418101055,0.583564686,1533.136205,154.0453358
36,1,4,21J_LD1_33_34_35_36_2024-05-26 14-46-17.mkv,98,TRUE,0.5,50,2250,"{'xs': [[0.2894736842105267, 101.3421052631579, 102.92105263157896, 4.236842105263158], [4.236842105263158, 102.92105263157896, 102.92105263157896, 2.6578947368421058]], 'ys': [[1.3155172413793041, 0.818965517241373, 108.07413793103449, 106.58448275862068], [106.58448275862068, 108.07413793103449, 213.83965517241379, 212.35]]}",dark,FALSE,3,"(5400, 7200)",0.508051083,0.493059411,1439.636069,144.6506978
36,1,4,21J_LD1_33_34_35_36_2024-05-26 14-46-17.mkv,98,TRUE,0.5,50,2250,"{'xs': [[0.2894736842105267, 101.3421052631579, 102.92105263157896, 4.236842105263158], [4.236842105263158, 102.92105263157896, 102.92105263157896, 2.6578947368421058]], 'ys': [[1.3155172413793041, 0.818965517241373, 108.07413793103449, 106.58448275862068], [106.58448275862068, 108.07413793103449, 213.83965517241379, 212.35]]}",dark,FALSE,4,"(7200, 9000)",0.138256524,0.86285397,1132.557442,113.7962765
37,1,1,21J_LD1_37_38_39_40_2024-05-26 15-00-41.mkv,98,TRUE,0.5,50,1860,"{'xs': [[1.7602739726027392, 106.48630136986301, 106.48630136986301, 2.513698630136986], [2.513698630136986, 106.48630136986301, 106.48630136986301, 2.513698630136986]], 'ys': [[2.3087099542334166, 2.3087099542334166, 110.06385869565217, 109.56729118993135], [109.56729118993135, 110.06385869565217, 214.839602402746, 215.33616990846681]]}",light,FALSE,0,"(0, 1800)",0.444197668,0.55802332,1509.310328,150.6316524
37,1,1,21J_LD1_37_38_39_40_2024-05-26 15-00-41.mkv,98,TRUE,0.5,50,1860,"{'xs': [[1.7602739726027392, 106.48630136986301, 106.48630136986301, 2.513698630136986], [2.513698630136986, 106.48630136986301, 106.48630136986301, 2.513698630136986]], 'ys': [[2.3087099542334166, 2.3087099542334166, 110.06385869565217, 109.56729118993135], [109.56729118993135, 110.06385869565217, 214.839602402746, 215.33616990846681]]}",light,FALSE,1,"(1800, 3600)",0.302054414,0.697945586,1346.217407,134.3547107
37,1,1,21J_LD1_37_38_39_40_2024-05-26 15-00-41.mkv,98,TRUE,0.5,50,1860,"{'xs': [[1.7602739726027392, 106.48630136986301, 106.48630136986301, 2.513698630136986], [2.513698630136986, 106.48630136986301, 106.48630136986301, 2.513698630136986]], 'ys': [[2.3087099542334166, 2.3087099542334166, 110.06385869565217, 109.56729118993135], [109.56729118993135, 110.06385869565217, 214.839602402746, 215.33616990846681]]}",light,FALSE,2,"(3600, 5400)",0.31426985,0.686840644,1178.900702,117.6562284
37,1,1,21J_LD1_37_38_39_40_2024-05-26 15-00-41.mkv,98,TRUE,0.5,50,1860,"{'xs': [[1.7602739726027392, 106.48630136986301, 106.48630136986301, 2.513698630136986], [2.513698630136986, 106.48630136986301, 106.48630136986301, 2.513698630136986]], 'ys': [[2.3087099542334166, 2.3087099542334166, 110.06385869565217, 109.56729118993135], [109.56729118993135, 110.06385869565217, 214.839602402746, 215.33616990846681]]}",light,FALSE,3,"(5400, 7200)",0.395891172,0.604108828,996.2115199,99.42354769
37,1,1,21J_LD1_37_38_39_40_2024-05-26 15-00-41.mkv,98,TRUE,0.5,50,1860,"{'xs': [[1.7602739726027392, 106.48630136986301, 106.48630136986301, 2.513698630136986], [2.513698630136986, 106.48630136986301, 106.48630136986301, 2.513698630136986]], 'ys': [[2.3087099542334166, 2.3087099542334166, 110.06385869565217, 109.56729118993135], [109.56729118993135, 110.06385869565217, 214.839602402746, 215.33616990846681]]}",light,FALSE,4,"(7200, 9000)",0.277068295,0.723486952,1177.343256,117.5007928
38,1,2,21J_LD1_37_38_39_40_2024-05-26 15-00-41.mkv,98,TRUE,0.5,50,1860,"{'xs': [[1.8260869565217406, 102.62318840579711, 104.17391304347827, 2.60144927536232], [2.60144927536232, 104.17391304347827, 103.39855072463769, 2.60144927536232]], 'ys': [[1.3155172413793041, 1.3155172413793041, 106.58448275862068, 107.08103448275861], [107.08103448275861, 106.58448275862068, 213.83965517241379, 213.83965517241379]]}",light,FALSE,0,"(0, 1800)",0.380344253,0.629650194,1449.844294,145.1177564
38,1,2,21J_LD1_37_38_39_40_2024-05-26 15-00-41.mkv,98,TRUE,0.5,50,1860,"{'xs': [[1.8260869565217406, 102.62318840579711, 104.17391304347827, 2.60144927536232], [2.60144927536232, 104.17391304347827, 103.39855072463769, 2.60144927536232]], 'ys': [[1.3155172413793041, 1.3155172413793041, 106.58448275862068, 107.08103448275861], [107.08103448275861, 106.58448275862068, 213.83965517241379, 213.83965517241379]]}",light,FALSE,1,"(1800, 3600)",0.305941144,0.699611327,1553.610474,155.5039167
38,1,2,21J_LD1_37_38_39_40_2024-05-26 15-00-41.mkv,98,TRUE,0.5,50,1860,"{'xs': [[1.8260869565217406, 102.62318840579711, 104.17391304347827, 2.60144927536232], [2.60144927536232, 104.17391304347827, 103.39855072463769, 2.60144927536232]], 'ys': [[1.3155172413793041, 1.3155172413793041, 106.58448275862068, 107.08103448275861], [107.08103448275861, 106.58448275862068, 213.83965517241379, 213.83965517241379]]}",light,FALSE,2,"(3600, 5400)",0.271515825,0.736257635,1121.383219,112.2414437
38,1,2,21J_LD1_37_38_39_40_2024-05-26 15-00-41.mkv,98,TRUE,0.5,50,1860,"{'xs': [[1.8260869565217406, 102.62318840579711, 104.17391304347827, 2.60144927536232], [2.60144927536232, 104.17391304347827, 103.39855072463769, 2.60144927536232]], 'ys': [[1.3155172413793041, 1.3155172413793041, 106.58448275862068, 107.08103448275861], [107.08103448275861, 106.58448275862068, 213.83965517241379, 213.83965517241379]]}",light,FALSE,3,"(5400, 7200)",0.474736258,0.531926707,1319.679379,132.0892949
38,1,2,21J_LD1_37_38_39_40_2024-05-26 15-00-41.mkv,98,TRUE,0.5,50,1860,"{'xs': [[1.8260869565217406, 102.62318840579711, 104.17391304347827, 2.60144927536232], [2.60144927536232, 104.17391304347827, 103.39855072463769, 2.60144927536232]], 'ys': [[1.3155172413793041, 1.3155172413793041, 106.58448275862068, 107.08103448275861], [107.08103448275861, 106.58448275862068, 213.83965517241379, 213.83965517241379]]}",light,FALSE,4,"(7200, 9000)",0.229872293,0.770682954,1009.339755,101.0267938
39,1,3,21J_LD1_37_38_39_40_2024-05-26 15-00-41.mkv,98,TRUE,0.5,50,1860,"{'xs': [[4.000000000000002, 109.00000000000001, 106.00000000000001, 1.0000000000000018], [1.0000000000000018, 106.00000000000001, 108.25000000000001, 2.5000000000000018]], 'ys': [[2.8051724137930973, 1.812068965517235, 110.55689655172414, 110.0603448275862], [110.0603448275862, 110.55689655172414, 215.32931034482758, 214.83275862068965]]}",dark,FALSE,0,"(0, 1800)",0.416990561,0.595224875,1524.307404,154.4462642
39,1,3,21J_LD1_37_38_39_40_2024-05-26 15-00-41.mkv,98,TRUE,0.5,50,1860,"{'xs': [[4.000000000000002, 109.00000000000001, 106.00000000000001, 1.0000000000000018], [1.0000000000000018, 106.00000000000001, 108.25000000000001, 2.5000000000000018]], 'ys': [[2.8051724137930973, 1.812068965517235, 110.55689655172414, 110.0603448275862], [110.0603448275862, 110.55689655172414, 215.32931034482758, 214.83275862068965]]}",dark,FALSE,1,"(1800, 3600)",0.390893948,0.613548029,1479.351081,149.8911881
39,1,3,21J_LD1_37_38_39_40_2024-05-26 15-00-41.mkv,98,TRUE,0.5,50,1860,"{'xs': [[4.000000000000002, 109.00000000000001, 106.00000000000001, 1.0000000000000018], [1.0000000000000018, 106.00000000000001, 108.25000000000001, 2.5000000000000018]], 'ys': [[2.8051724137930973, 1.812068965517235, 110.55689655172414, 110.0603448275862], [110.0603448275862, 110.55689655172414, 215.32931034482758, 214.83275862068965]]}",dark,FALSE,2,"(3600, 5400)",0.43420322,0.568017768,1117.685307,113.2463962
39,1,3,21J_LD1_37_38_39_40_2024-05-26 15-00-41.mkv,98,TRUE,0.5,50,1860,"{'xs': [[4.000000000000002, 109.00000000000001, 106.00000000000001, 1.0000000000000018], [1.0000000000000018, 106.00000000000001, 108.25000000000001, 2.5000000000000018]], 'ys': [[2.8051724137930973, 1.812068965517235, 110.55689655172414, 110.0603448275862], [110.0603448275862, 110.55689655172414, 215.32931034482758, 214.83275862068965]]}",dark,FALSE,3,"(5400, 7200)",0.464186563,0.539144919,1090.161961,110.4576687
39,1,3,21J_LD1_37_38_39_40_2024-05-26 15-00-41.mkv,98,TRUE,0.5,50,1860,"{'xs': [[4.000000000000002, 109.00000000000001, 106.00000000000001, 1.0000000000000018], [1.0000000000000018, 106.00000000000001, 108.25000000000001, 2.5000000000000018]], 'ys': [[2.8051724137930973, 1.812068965517235, 110.55689655172414, 110.0603448275862], [110.0603448275862, 110.55689655172414, 215.32931034482758, 214.83275862068965]]}",dark,FALSE,4,"(7200, 9000)",0.138811771,0.864519711,927.3957425,93.96582831
40,1,4,21J_LD1_37_38_39_40_2024-05-26 15-00-41.mkv,98,TRUE,0.5,50,1860,"{'xs': [[1.8382352941176483, 105.50000000000001, 103.94117647058825, 3.397058823529413], [3.397058823529413, 103.94117647058825, 102.38235294117648, 1.0588235294117658]], 'ys': [[0.8219476744186065, 0.8219476744186065, 106.32892441860464, 105.83125], [105.83125, 106.32892441860464, 211.33822674418604, 212.83124999999998]]}",dark,FALSE,0,"(0, 1800)",0.442531927,0.559133815,1704.203733,172.92344
40,1,4,21J_LD1_37_38_39_40_2024-05-26 15-00-41.mkv,98,TRUE,0.5,50,1860,"{'xs': [[1.8382352941176483, 105.50000000000001, 103.94117647058825, 3.397058823529413], [3.397058823529413, 103.94117647058825, 102.38235294117648, 1.0588235294117658]], 'ys': [[0.8219476744186065, 0.8219476744186065, 106.32892441860464, 105.83125], [105.83125, 106.32892441860464, 211.33822674418604, 212.83124999999998]]}",dark,FALSE,1,"(1800, 3600)",0.330927263,0.671848973,1673.333077,169.7910329
40,1,4,21J_LD1_37_38_39_40_2024-05-26 15-00-41.mkv,98,TRUE,0.5,50,1860,"{'xs': [[1.8382352941176483, 105.50000000000001, 103.94117647058825, 3.397058823529413], [3.397058823529413, 103.94117647058825, 102.38235294117648, 1.0588235294117658]], 'ys': [[0.8219476744186065, 0.8219476744186065, 106.32892441860464, 105.83125], [105.83125, 106.32892441860464, 211.33822674418604, 212.83124999999998]]}",dark,FALSE,2,"(3600, 5400)",0.116601888,0.8856191,1347.694125,136.7488522
40,1,4,21J_LD1_37_38_39_40_2024-05-26 15-00-41.mkv,98,TRUE,0.5,50,1860,"{'xs': [[1.8382352941176483, 105.50000000000001, 103.94117647058825, 3.397058823529413], [3.397058823529413, 103.94117647058825, 102.38235294117648, 1.0588235294117658]], 'ys': [[0.8219476744186065, 0.8219476744186065, 106.32892441860464, 105.83125], [105.83125, 106.32892441860464, 211.33822674418604, 212.83124999999998]]}",dark,FALSE,3,"(5400, 7200)",0.624652971,0.380344253,1487.395094,150.9241362
40,1,4,21J_LD1_37_38_39_40_2024-05-26 15-00-41.mkv,98,TRUE,0.5,50,1860,"{'xs': [[1.8382352941176483, 105.50000000000001, 103.94117647058825, 3.397058823529413], [3.397058823529413, 103.94117647058825, 102.38235294117648, 1.0588235294117658]], 'ys': [[0.8219476744186065, 0.8219476744186065, 106.32892441860464, 105.83125], [105.83125, 106.32892441860464, 211.33822674418604, 212.83124999999998]]}",dark,FALSE,4,"(7200, 9000)",0.247084953,0.754580788,935.5073567,94.92477174
41,1,1,21J_LD1_41_42_43_44_2024-05-26 15-24-08.mkv,98,TRUE,0.5,50,3300,"{'xs': [[0.26595744680851, 105.20212765957447, 107.5, 0.26595744680851], [0.26595744680851, 107.5, 104.43617021276596, 0.26595744680851]], 'ys': [[1.3155172413793041, 1.3155172413793041, 110.55689655172414, 109.56379310344828], [109.56379310344828, 110.55689655172414, 214.83275862068965, 213.83965517241379]]}",dark,FALSE,0,"(0, 1800)",0.487506941,0.515824542,1397.142674,138.659588
41,1,1,21J_LD1_41_42_43_44_2024-05-26 15-24-08.mkv,98,TRUE,0.5,50,3300,"{'xs': [[0.26595744680851, 105.20212765957447, 107.5, 0.26595744680851], [0.26595744680851, 107.5, 104.43617021276596, 0.26595744680851]], 'ys': [[1.3155172413793041, 1.3155172413793041, 110.55689655172414, 109.56379310344828], [109.56379310344828, 110.55689655172414, 214.83275862068965, 213.83965517241379]]}",dark,FALSE,1,"(1800, 3600)",0.288728484,0.71626874,1187.04935,117.8088515
41,1,1,21J_LD1_41_42_43_44_2024-05-26 15-24-08.mkv,98,TRUE,0.5,50,3300,"{'xs': [[0.26595744680851, 105.20212765957447, 107.5, 0.26595744680851], [0.26595744680851, 107.5, 104.43617021276596, 0.26595744680851]], 'ys': [[1.3155172413793041, 1.3155172413793041, 110.55689655172414, 109.56379310344828], [109.56379310344828, 110.55689655172414, 214.83275862068965, 213.83965517241379]]}",dark,FALSE,2,"(3600, 5400)",0.169905608,0.830094392,1092.03983,108.3796205
41,1,1,21J_LD1_41_42_43_44_2024-05-26 15-24-08.mkv,98,TRUE,0.5,50,3300,"{'xs': [[0.26595744680851, 105.20212765957447, 107.5, 0.26595744680851], [0.26595744680851, 107.5, 104.43617021276596, 0.26595744680851]], 'ys': [[1.3155172413793041, 1.3155172413793041, 110.55689655172414, 109.56379310344828], [109.56379310344828, 110.55689655172414, 214.83275862068965, 213.83965517241379]]}",dark,FALSE,3,"(5400, 7200)",0.21710161,0.785674625,985.6700971,97.82294394
41,1,1,21J_LD1_41_42_43_44_2024-05-26 15-24-08.mkv,98,TRUE,0.5,50,3300,"{'xs': [[0.26595744680851, 105.20212765957447, 107.5, 0.26595744680851], [0.26595744680851, 107.5, 104.43617021276596, 0.26595744680851]], 'ys': [[1.3155172413793041, 1.3155172413793041, 110.55689655172414, 109.56379310344828], [109.56379310344828, 110.55689655172414, 214.83275862068965, 213.83965517241379]]}",dark,FALSE,4,"(7200, 9000)",0,1,637.1454566,63.23357528
42,1,2,21J_LD1_41_42_43_44_2024-05-26 15-24-08.mkv,98,TRUE,0.5,50,3300,"{'xs': [[2.5489510489510514, 106.21328671328672, 104.68881118881119, 2.5489510489510514], [2.5489510489510514, 104.68881118881119, 105.45104895104896, 2.5489510489510514]], 'ys': [[1.806960227272709, 2.3024147727272544, 110.31150568181818, 110.31150568181818], [110.31150568181818, 110.31150568181818, 215.84332386363636, 215.84332386363636]]}",dark,FALSE,0,"(0, 1800)",0.370349806,0.630760689,1592.833029,159.241502
42,1,2,21J_LD1_41_42_43_44_2024-05-26 15-24-08.mkv,98,TRUE,0.5,50,3300,"{'xs': [[2.5489510489510514, 106.21328671328672, 104.68881118881119, 2.5489510489510514], [2.5489510489510514, 104.68881118881119, 105.45104895104896, 2.5489510489510514]], 'ys': [[1.806960227272709, 2.3024147727272544, 110.31150568181818, 110.31150568181818], [110.31150568181818, 110.31150568181818, 215.84332386363636, 215.84332386363636]]}",dark,FALSE,1,"(1800, 3600)",0.378678512,0.623542476,1414.022728,141.3651644
42,1,2,21J_LD1_41_42_43_44_2024-05-26 15-24-08.mkv,98,TRUE,0.5,50,3300,"{'xs': [[2.5489510489510514, 106.21328671328672, 104.68881118881119, 2.5489510489510514], [2.5489510489510514, 104.68881118881119, 105.45104895104896, 2.5489510489510514]], 'ys': [[1.806960227272709, 2.3024147727272544, 110.31150568181818, 110.31150568181818], [110.31150568181818, 110.31150568181818, 215.84332386363636, 215.84332386363636]]}",dark,FALSE,2,"(3600, 5400)",0.567462521,0.436424209,1383.470086,138.310702
42,1,2,21J_LD1_41_42_43_44_2024-05-26 15-24-08.mkv,98,TRUE,0.5,50,3300,"{'xs': [[2.5489510489510514, 106.21328671328672, 104.68881118881119, 2.5489510489510514], [2.5489510489510514, 104.68881118881119, 105.45104895104896, 2.5489510489510514]], 'ys': [[1.806960227272709, 2.3024147727272544, 110.31150568181818, 110.31150568181818], [110.31150568181818, 110.31150568181818, 215.84332386363636, 215.84332386363636]]}",dark,FALSE,3,"(5400, 7200)",0.594669628,0.410882843,1094.169268,109.3882124
42,1,2,21J_LD1_41_42_43_44_2024-05-26 15-24-08.mkv,98,TRUE,0.5,50,3300,"{'xs': [[2.5489510489510514, 106.21328671328672, 104.68881118881119, 2.5489510489510514], [2.5489510489510514, 104.68881118881119, 105.45104895104896, 2.5489510489510514]], 'ys': [[1.806960227272709, 2.3024147727272544, 110.31150568181818, 110.31150568181818], [110.31150568181818, 110.31150568181818, 215.84332386363636, 215.84332386363636]]}",dark,FALSE,4,"(7200, 9000)",0.346474181,0.655746807,1143.8271,114.3526924
43,1,3,21J_LD1_41_42_43_44_2024-05-26 15-24-08.mkv,98,TRUE,0.5,50,3300,"{'xs': [[2.4668874172185404, 107.79139072847681, 108.53311258278146, 3.2086092715231764], [3.2086092715231764, 108.53311258278146, 109.27483443708608, 2.4668874172185404]], 'ys': [[2.3024147727272544, 1.3115056818181636, 109.81605113636363, 109.32059659090908], [109.32059659090908, 109.81605113636363, 216.3387784090909, 215.84332386363636]]}",dark,FALSE,0,"(0, 1800)",0.424208773,0.578012215,1654.041023,167.3855284
43,1,3,21J_LD1_41_42_43_44_2024-05-26 15-24-08.mkv,98,TRUE,0.5,50,3300,"{'xs': [[2.4668874172185404, 107.79139072847681, 108.53311258278146, 3.2086092715231764], [3.2086092715231764, 108.53311258278146, 109.27483443708608, 2.4668874172185404]], 'ys': [[2.3024147727272544, 1.3115056818181636, 109.81605113636363, 109.32059659090908], [109.32059659090908, 109.81605113636363, 216.3387784090909, 215.84332386363636]]}",dark,FALSE,1,"(1800, 3600)",0.292615214,0.714602998,1392.5142,140.9195552
43,1,3,21J_LD1_41_42_43_44_2024-05-26 15-24-08.mkv,98,TRUE,0.5,50,3300,"{'xs': [[2.4668874172185404, 107.79139072847681, 108.53311258278146, 3.2086092715231764], [3.2086092715231764, 108.53311258278146, 109.27483443708608, 2.4668874172185404]], 'ys': [[2.3024147727272544, 1.3115056818181636, 109.81605113636363, 109.32059659090908], [109.32059659090908, 109.81605113636363, 216.3387784090909, 215.84332386363636]]}",dark,FALSE,2,"(3600, 5400)",0.326485286,0.676290949,1189.619845,120.3870664
43,1,3,21J_LD1_41_42_43_44_2024-05-26 15-24-08.mkv,98,TRUE,0.5,50,3300,"{'xs': [[2.4668874172185404, 107.79139072847681, 108.53311258278146, 3.2086092715231764], [3.2086092715231764, 108.53311258278146, 109.27483443708608, 2.4668874172185404]], 'ys': [[2.3024147727272544, 1.3115056818181636, 109.81605113636363, 109.32059659090908], [109.32059659090908, 109.81605113636363, 216.3387784090909, 215.84332386363636]]}",dark,FALSE,3,"(5400, 7200)",0.364797335,0.654636313,914.4563699,92.54109217
43,1,3,21J_LD1_41_42_43_44_2024-05-26 15-24-08.mkv,98,TRUE,0.5,50,3300,"{'xs': [[2.4668874172185404, 107.79139072847681, 108.53311258278146, 3.2086092715231764], [3.2086092715231764, 108.53311258278146, 109.27483443708608, 2.4668874172185404]], 'ys': [[2.3024147727272544, 1.3115056818181636, 109.81605113636363, 109.32059659090908], [109.32059659090908, 109.81605113636363, 216.3387784090909, 215.84332386363636]]}",dark,FALSE,4,"(7200, 9000)",0.1332593,0.867851194,772.0217524,78.12700365
44,1,4,21J_LD1_41_42_43_44_2024-05-26 15-24-08.mkv,98,TRUE,0.5,50,3300,"{'xs': [[1.078947368421053, 100.55263157894738, 103.71052631578948, 1.078947368421053], [1.078947368421053, 103.71052631578948, 101.3421052631579, 2.6578947368421058]], 'ys': [[1.3115056818181636, 1.3115056818181636, 107.83423295454544, 106.34786931818181], [106.34786931818181, 107.83423295454544, 216.83423295454546, 214.85241477272726]]}",dark,FALSE,0,"(0, 1800)",0.368684064,0.631871183,1398.602515,139.7816244
44,1,4,21J_LD1_41_42_43_44_2024-05-26 15-24-08.mkv,98,TRUE,0.5,50,3300,"{'xs': [[1.078947368421053, 100.55263157894738, 103.71052631578948, 1.078947368421053], [1.078947368421053, 103.71052631578948, 101.3421052631579, 2.6578947368421058]], 'ys': [[1.3115056818181636, 1.3115056818181636, 107.83423295454544, 106.34786931818181], [106.34786931818181, 107.83423295454544, 216.83423295454546, 214.85241477272726]]}",dark,FALSE,1,"(1800, 3600)",0.112715158,0.887284842,889.6772716,88.91771095
44,1,4,21J_LD1_41_42_43_44_2024-05-26 15-24-08.mkv,98,TRUE,0.5,50,3300,"{'xs': [[1.078947368421053, 100.55263157894738, 103.71052631578948, 1.078947368421053], [1.078947368421053, 103.71052631578948, 101.3421052631579, 2.6578947368421058]], 'ys': [[1.3115056818181636, 1.3115056818181636, 107.83423295454544, 106.34786931818181], [106.34786931818181, 107.83423295454544, 216.83423295454546, 214.85241477272726]]}",dark,FALSE,2,"(3600, 5400)",0.01332593,0.98667407,767.4650841,76.70336277
44,1,4,21J_LD1_41_42_43_44_2024-05-26 15-24-08.mkv,98,TRUE,0.5,50,3300,"{'xs': [[1.078947368421053, 100.55263157894738, 103.71052631578948, 1.078947368421053], [1.078947368421053, 103.71052631578948, 101.3421052631579, 2.6578947368421058]], 'ys': [[1.3115056818181636, 1.3115056818181636, 107.83423295454544, 106.34786931818181], [106.34786931818181, 107.83423295454544, 216.83423295454546, 214.85241477272726]]}",dark,FALSE,3,"(5400, 7200)",0.3714603,0.629650194,1127.537774,112.690389
44,1,4,21J_LD1_41_42_43_44_2024-05-26 15-24-08.mkv,98,TRUE,0.5,50,3300,"{'xs': [[1.078947368421053, 100.55263157894738, 103.71052631578948, 1.078947368421053], [1.078947368421053, 103.71052631578948, 101.3421052631579, 2.6578947368421058]], 'ys': [[1.3115056818181636, 1.3115056818181636, 107.83423295454544, 106.34786931818181], [106.34786931818181, 107.83423295454544, 216.83423295454546, 214.85241477272726]]}",dark,FALSE,4,"(7200, 9000)",0.182676291,0.821765686,1098.730087,109.8112399
45,1,1,21J_LD1_45_46_47_48_2024-05-26 15-36-01.mkv,98,TRUE,0.5,50,2700,"{'xs': [[3.3768115942029, 104.17391304347827, 103.39855072463769, 1.0507246376811608], [1.0507246376811608, 103.39855072463769, 101.84782608695653, 1.0507246376811608]], 'ys': [[0.32243993135012156, 1.812142448512593, 109.56729118993135, 107.58102116704806], [107.58102116704806, 109.56729118993135, 213.84646739130434, 214.839602402746]]}",dark,FALSE,0,"(0, 1800)",0.483620211,0.518600777,1732.10862,174.3254554
45,1,1,21J_LD1_45_46_47_48_2024-05-26 15-36-01.mkv,98,TRUE,0.5,50,2700,"{'xs': [[3.3768115942029, 104.17391304347827, 103.39855072463769, 1.0507246376811608], [1.0507246376811608, 103.39855072463769, 101.84782608695653, 1.0507246376811608]], 'ys': [[0.32243993135012156, 1.812142448512593, 109.56729118993135, 107.58102116704806], [107.58102116704806, 109.56729118993135, 213.84646739130434, 214.839602402746]]}",dark,FALSE,1,"(1800, 3600)",0.405885619,0.595224875,1388.101461,139.7033746
45,1,1,21J_LD1_45_46_47_48_2024-05-26 15-36-01.mkv,98,TRUE,0.5,50,2700,"{'xs': [[3.3768115942029, 104.17391304347827, 103.39855072463769, 1.0507246376811608], [1.0507246376811608, 103.39855072463769, 101.84782608695653, 1.0507246376811608]], 'ys': [[0.32243993135012156, 1.812142448512593, 109.56729118993135, 107.58102116704806], [107.58102116704806, 109.56729118993135, 213.84646739130434, 214.839602402746]]}",dark,FALSE,2,"(3600, 5400)",0.360355358,0.640755136,1128.108346,113.5367602
45,1,1,21J_LD1_45_46_47_48_2024-05-26 15-36-01.mkv,98,TRUE,0.5,50,2700,"{'xs': [[3.3768115942029, 104.17391304347827, 103.39855072463769, 1.0507246376811608], [1.0507246376811608, 103.39855072463769, 101.84782608695653, 1.0507246376811608]], 'ys': [[0.32243993135012156, 1.812142448512593, 109.56729118993135, 107.58102116704806], [107.58102116704806, 109.56729118993135, 213.84646739130434, 214.839602402746]]}",dark,FALSE,3,"(5400, 7200)",0.11993337,0.88006663,924.8211672,93.07722926
45,1,1,21J_LD1_45_46_47_48_2024-05-26 15-36-01.mkv,98,TRUE,0.5,50,2700,"{'xs': [[3.3768115942029, 104.17391304347827, 103.39855072463769, 1.0507246376811608], [1.0507246376811608, 103.39855072463769, 101.84782608695653, 1.0507246376811608]], 'ys': [[0.32243993135012156, 1.812142448512593, 109.56729118993135, 107.58102116704806], [107.58102116704806, 109.56729118993135, 213.84646739130434, 214.839602402746]]}",dark,FALSE,4,"(7200, 9000)",0.255413659,0.750694059,1065.259397,107.2114228
46,1,2,21J_LD1_45_46_47_48_2024-05-26 15-36-01.mkv,98,TRUE,0.5,50,2700,"{'xs': [[1.786713286713289, 103.92657342657343, 105.45104895104896, 3.3111888111888135], [3.3111888111888135, 105.45104895104896, 106.21328671328672, 1.786713286713289]], 'ys': [[1.3155172413793041, 2.308620689655166, 110.0603448275862, 108.57068965517242], [108.57068965517242, 110.0603448275862, 213.83965517241379, 213.83965517241379]]}",dark,FALSE,0,"(0, 1800)",0.534702943,0.467518046,1863.024095,186.4737323
46,1,2,21J_LD1_45_46_47_48_2024-05-26 15-36-01.mkv,98,TRUE,0.5,50,2700,"{'xs': [[1.786713286713289, 103.92657342657343, 105.45104895104896, 3.3111888111888135], [3.3111888111888135, 105.45104895104896, 106.21328671328672, 1.786713286713289]], 'ys': [[1.3155172413793041, 2.308620689655166, 110.0603448275862, 108.57068965517242], [108.57068965517242, 110.0603448275862, 213.83965517241379, 213.83965517241379]]}",dark,FALSE,1,"(1800, 3600)",0.480288728,0.523042754,1540.179221,154.1595562
46,1,2,21J_LD1_45_46_47_48_2024-05-26 15-36-01.mkv,98,TRUE,0.5,50,2700,"{'xs': [[1.786713286713289, 103.92657342657343, 105.45104895104896, 3.3111888111888135], [3.3111888111888135, 105.45104895104896, 106.21328671328672, 1.786713286713289]], 'ys': [[1.3155172413793041, 2.308620689655166, 110.0603448275862, 108.57068965517242], [108.57068965517242, 110.0603448275862, 213.83965517241379, 213.83965517241379]]}",dark,FALSE,2,"(3600, 5400)",0.449194892,0.550805108,1396.731763,139.801619
46,1,2,21J_LD1_45_46_47_48_2024-05-26 15-36-01.mkv,98,TRUE,0.5,50,2700,"{'xs': [[1.786713286713289, 103.92657342657343, 105.45104895104896, 3.3111888111888135], [3.3111888111888135, 105.45104895104896, 106.21328671328672, 1.786713286713289]], 'ys': [[1.3155172413793041, 2.308620689655166, 110.0603448275862, 108.57068965517242], [108.57068965517242, 110.0603448275862, 213.83965517241379, 213.83965517241379]]}",dark,FALSE,3,"(5400, 7200)",0.556912826,0.44752915,1643.421955,164.4933237
46,1,2,21J_LD1_45_46_47_48_2024-05-26 15-36-01.mkv,98,TRUE,0.5,50,2700,"{'xs': [[1.786713286713289, 103.92657342657343, 105.45104895104896, 3.3111888111888135], [3.3111888111888135, 105.45104895104896, 106.21328671328672, 1.786713286713289]], 'ys': [[1.3155172413793041, 2.308620689655166, 110.0603448275862, 108.57068965517242], [108.57068965517242, 110.0603448275862, 213.83965517241379, 213.83965517241379]]}",dark,FALSE,4,"(7200, 9000)",0.298167685,0.702387562,1262.307615,126.3468427
47,1,3,21J_LD1_45_46_47_48_2024-05-26 15-36-01.mkv,98,TRUE,0.5,50,2700,"{'xs': [[0.26595744680851, 102.90425531914894, 103.67021276595744, 2.563829787234042], [2.563829787234042, 103.67021276595744, 105.96808510638299, 1.0319148936170206]], 'ys': [[2.8051724137930973, 1.812068965517235, 110.0603448275862, 111.05344827586207], [111.05344827586207, 110.0603448275862, 215.32931034482758, 214.33620689655172]]}",dark,FALSE,0,"(0, 1800)",0.523598001,0.498056635,1324.936599,133.7205459
47,1,3,21J_LD1_45_46_47_48_2024-05-26 15-36-01.mkv,98,TRUE,0.5,50,2700,"{'xs': [[0.26595744680851, 102.90425531914894, 103.67021276595744, 2.563829787234042], [2.563829787234042, 103.67021276595744, 105.96808510638299, 1.0319148936170206]], 'ys': [[2.8051724137930973, 1.812068965517235, 110.0603448275862, 111.05344827586207], [111.05344827586207, 110.0603448275862, 215.32931034482758, 214.33620689655172]]}",dark,FALSE,1,"(1800, 3600)",0.589672404,0.41143809,1221.199283,123.250754
47,1,3,21J_LD1_45_46_47_48_2024-05-26 15-36-01.mkv,98,TRUE,0.5,50,2700,"{'xs': [[0.26595744680851, 102.90425531914894, 103.67021276595744, 2.563829787234042], [2.563829787234042, 103.67021276595744, 105.96808510638299, 1.0319148936170206]], 'ys': [[2.8051724137930973, 1.812068965517235, 110.0603448275862, 111.05344827586207], [111.05344827586207, 110.0603448275862, 215.32931034482758, 214.33620689655172]]}",dark,FALSE,2,"(3600, 5400)",0.136035536,0.873958912,970.0221786,97.90045453
47,1,3,21J_LD1_45_46_47_48_2024-05-26 15-36-01.mkv,98,TRUE,0.5,50,2700,"{'xs': [[0.26595744680851, 102.90425531914894, 103.67021276595744, 2.563829787234042], [2.563829787234042, 103.67021276595744, 105.96808510638299, 1.0319148936170206]], 'ys': [[2.8051724137930973, 1.812068965517235, 110.0603448275862, 111.05344827586207], [111.05344827586207, 110.0603448275862, 215.32931034482758, 214.33620689655172]]}",dark,FALSE,3,"(5400, 7200)",0.415880067,0.601332593,1236.513616,124.7963683
47,1,3,21J_LD1_45_46_47_48_2024-05-26 15-36-01.mkv,98,TRUE,0.5,50,2700,"{'xs': [[0.26595744680851, 102.90425531914894, 103.67021276595744, 2.563829787234042], [2.563829787234042, 103.67021276595744, 105.96808510638299, 1.0319148936170206]], 'ys': [[2.8051724137930973, 1.812068965517235, 110.0603448275862, 111.05344827586207], [111.05344827586207, 110.0603448275862, 215.32931034482758, 214.33620689655172]]}",dark,FALSE,4,"(7200, 9000)",0.233203776,0.770127707,979.3598949,98.84287285
48,1,4,21J_LD1_45_46_47_48_2024-05-26 15-36-01.mkv,98,TRUE,0.5,50,2700,"{'xs': [[1.0877862595419838, 97.94274809160305, 101.11832061068702, 2.6755725190839685], [2.6755725190839685, 101.11832061068702, 99.53053435114504, 1.8816793893129762]], 'ys': [[1.3155749427917691, 1.3155749427917691, 108.5741561784897, 109.07072368421053], [109.07072368421053, 108.5741561784897, 215.33616990846681, 213.84646739130434]]}",dark,FALSE,0,"(0, 1800)",0.466407551,0.535813437,1457.824381,148.5879646
48,1,4,21J_LD1_45_46_47_48_2024-05-26 15-36-01.mkv,98,TRUE,0.5,50,2700,"{'xs': [[1.0877862595419838, 97.94274809160305, 101.11832061068702, 2.6755725190839685], [2.6755725190839685, 101.11832061068702, 99.53053435114504, 1.8816793893129762]], 'ys': [[1.3155749427917691, 1.3155749427917691, 108.5741561784897, 109.07072368421053], [109.07072368421053, 108.5741561784897, 215.33616990846681, 213.84646739130434]]}",dark,FALSE,1,"(1800, 3600)",0.589117157,0.412548584,1291.405144,131.6257735
48,1,4,21J_LD1_45_46_47_48_2024-05-26 15-36-01.mkv,98,TRUE,0.5,50,2700,"{'xs': [[1.0877862595419838, 97.94274809160305, 101.11832061068702, 2.6755725190839685], [2.6755725190839685, 101.11832061068702, 99.53053435114504, 1.8816793893129762]], 'ys': [[1.3155749427917691, 1.3155749427917691, 108.5741561784897, 109.07072368421053], [109.07072368421053, 108.5741561784897, 215.33616990846681, 213.84646739130434]]}",dark,FALSE,2,"(3600, 5400)",0.337590228,0.662409772,995.5916984,101.4751475
48,1,4,21J_LD1_45_46_47_48_2024-05-26 15-36-01.mkv,98,TRUE,0.5,50,2700,"{'xs': [[1.0877862595419838, 97.94274809160305, 101.11832061068702, 2.6755725190839685], [2.6755725190839685, 101.11832061068702, 99.53053435114504, 1.8816793893129762]], 'ys': [[1.3155749427917691, 1.3155749427917691, 108.5741561784897, 109.07072368421053], [109.07072368421053, 108.5741561784897, 215.33616990846681, 213.84646739130434]]}",dark,FALSE,3,"(5400, 7200)",0.305385897,0.694614103,882.8133321,89.98027324
48,1,4,21J_LD1_45_46_47_48_2024-05-26 15-36-01.mkv,98,TRUE,0.5,50,2700,"{'xs': [[1.0877862595419838, 97.94274809160305, 101.11832061068702, 2.6755725190839685], [2.6755725190839685, 101.11832061068702, 99.53053435114504, 1.8816793893129762]], 'ys': [[1.3155749427917691, 1.3155749427917691, 108.5741561784897, 109.07072368421053], [109.07072368421053, 108.5741561784897, 215.33616990846681, 213.84646739130434]]}",dark,FALSE,4,"(7200, 9000)",0.339811216,0.661299278,944.8740087,96.30577427
49,1,1,21J_LD1_49_50_51_52_2024-05-26 16-00-01.mkv,98,TRUE,0.5,50,1860,"{'xs': [[1.7602739726027392, 106.48630136986301, 106.48630136986301, 2.513698630136986], [2.513698630136986, 106.48630136986301, 106.48630136986301, 2.513698630136986]], 'ys': [[2.3087099542334166, 2.3087099542334166, 110.06385869565217, 109.56729118993135], [109.56729118993135, 110.06385869565217, 214.839602402746, 215.33616990846681]]}",dark,FALSE,0,"(0, 1800)",0.425319267,0.576901721,1603.26717,160.0086997
49,1,1,21J_LD1_49_50_51_52_2024-05-26 16-00-01.mkv,98,TRUE,0.5,50,1860,"{'xs': [[1.7602739726027392, 106.48630136986301, 106.48630136986301, 2.513698630136986], [2.513698630136986, 106.48630136986301, 106.48630136986301, 2.513698630136986]], 'ys': [[2.3087099542334166, 2.3087099542334166, 110.06385869565217, 109.56729118993135], [109.56729118993135, 110.06385869565217, 214.839602402746, 215.33616990846681]]}",dark,FALSE,1,"(1800, 3600)",0.46862854,0.532481954,1257.592332,125.5097825
49,1,1,21J_LD1_49_50_51_52_2024-05-26 16-00-01.mkv,98,TRUE,0.5,50,1860,"{'xs': [[1.7602739726027392, 106.48630136986301, 106.48630136986301, 2.513698630136986], [2.513698630136986, 106.48630136986301, 106.48630136986301, 2.513698630136986]], 'ys': [[2.3087099542334166, 2.3087099542334166, 110.06385869565217, 109.56729118993135], [109.56729118993135, 110.06385869565217, 214.839602402746, 215.33616990846681]]}",dark,FALSE,2,"(3600, 5400)",0.549694614,0.450860633,1646.285242,164.3019741
49,1,1,21J_LD1_49_50_51_52_2024-05-26 16-00-01.mkv,98,TRUE,0.5,50,1860,"{'xs': [[1.7602739726027392, 106.48630136986301, 106.48630136986301, 2.513698630136986], [2.513698630136986, 106.48630136986301, 106.48630136986301, 2.513698630136986]], 'ys': [[2.3087099542334166, 2.3087099542334166, 110.06385869565217, 109.56729118993135], [109.56729118993135, 110.06385869565217, 214.839602402746, 215.33616990846681]]}",dark,FALSE,3,"(5400, 7200)",0.376457524,0.623542476,1279.378424,127.6840704
49,1,1,21J_LD1_49_50_51_52_2024-05-26 16-00-01.mkv,98,TRUE,0.5,50,1860,"{'xs': [[1.7602739726027392, 106.48630136986301, 106.48630136986301, 2.513698630136986], [2.513698630136986, 106.48630136986301, 106.48630136986301, 2.513698630136986]], 'ys': [[2.3087099542334166, 2.3087099542334166, 110.06385869565217, 109.56729118993135], [109.56729118993135, 110.06385869565217, 214.839602402746, 215.33616990846681]]}",dark,FALSE,4,"(7200, 9000)",0.333148251,0.666851749,1175.667608,117.3335603
50,1,2,21J_LD1_49_50_51_52_2024-05-26 16-00-01.mkv,98,TRUE,0.5,50,1860,"{'xs': [[1.8260869565217406, 102.62318840579711, 104.17391304347827, 2.60144927536232], [2.60144927536232, 104.17391304347827, 103.39855072463769, 2.60144927536232]], 'ys': [[1.3155172413793041, 1.3155172413793041, 106.58448275862068, 107.08103448275861], [107.08103448275861, 106.58448275862068, 213.83965517241379, 213.83965517241379]]}",light_dark,FALSE,0,"(0, 1800)",0.6191005,0.389783454,1513.543641,151.4935488
50,1,2,21J_LD1_49_50_51_52_2024-05-26 16-00-01.mkv,98,TRUE,0.5,50,1860,"{'xs': [[1.8260869565217406, 102.62318840579711, 104.17391304347827, 2.60144927536232], [2.60144927536232, 104.17391304347827, 103.39855072463769, 2.60144927536232]], 'ys': [[1.3155172413793041, 1.3155172413793041, 106.58448275862068, 107.08103448275861], [107.08103448275861, 106.58448275862068, 213.83965517241379, 213.83965517241379]]}",light_dark,FALSE,1,"(1800, 3600)",0.532481954,0.46862854,1436.657855,143.7978998
50,1,2,21J_LD1_49_50_51_52_2024-05-26 16-00-01.mkv,98,TRUE,0.5,50,1860,"{'xs': [[1.8260869565217406, 102.62318840579711, 104.17391304347827, 2.60144927536232], [2.60144927536232, 104.17391304347827, 103.39855072463769, 2.60144927536232]], 'ys': [[1.3155172413793041, 1.3155172413793041, 106.58448275862068, 107.08103448275861], [107.08103448275861, 106.58448275862068, 213.83965517241379, 213.83965517241379]]}",dark,TRUE,2,"(3600, 5400)",0.609661299,0.393114936,1414.358586,141.5659222
50,1,2,21J_LD1_49_50_51_52_2024-05-26 16-00-01.mkv,98,TRUE,0.5,50,1860,"{'xs': [[1.8260869565217406, 102.62318840579711, 104.17391304347827, 2.60144927536232], [2.60144927536232, 104.17391304347827, 103.39855072463769, 2.60144927536232]], 'ys': [[1.3155172413793041, 1.3155172413793041, 106.58448275862068, 107.08103448275861], [107.08103448275861, 106.58448275862068, 213.83965517241379, 213.83965517241379]]}",dark,FALSE,3,"(5400, 7200)",0.305941144,0.69516935,1033.433884,103.4384224
50,1,2,21J_LD1_49_50_51_52_2024-05-26 16-00-01.mkv,98,TRUE,0.5,50,1860,"{'xs': [[1.8260869565217406, 102.62318840579711, 104.17391304347827, 2.60144927536232], [2.60144927536232, 104.17391304347827, 103.39855072463769, 2.60144927536232]], 'ys': [[1.3155172413793041, 1.3155172413793041, 106.58448275862068, 107.08103448275861], [107.08103448275861, 106.58448275862068, 213.83965517241379, 213.83965517241379]]}",dark,FALSE,4,"(7200, 9000)",0.582454192,0.419766796,1146.039486,114.7093378
51,1,3,21J_LD1_49_50_51_52_2024-05-26 16-00-01.mkv,98,TRUE,0.5,50,1860,"{'xs': [[4.000000000000002, 109.00000000000001, 106.00000000000001, 1.0000000000000018], [1.0000000000000018, 106.00000000000001, 108.25000000000001, 2.5000000000000018]], 'ys': [[2.8051724137930973, 1.812068965517235, 110.55689655172414, 110.0603448275862], [110.0603448275862, 110.55689655172414, 215.32931034482758, 214.83275862068965]]}",dark,FALSE,0,"(0, 1800)",0.770127707,0.238200999,1638.254434,165.9916343
51,1,3,21J_LD1_49_50_51_52_2024-05-26 16-00-01.mkv,98,TRUE,0.5,50,1860,"{'xs': [[4.000000000000002, 109.00000000000001, 106.00000000000001, 1.0000000000000018], [1.0000000000000018, 106.00000000000001, 108.25000000000001, 2.5000000000000018]], 'ys': [[2.8051724137930973, 1.812068965517235, 110.55689655172414, 110.0603448275862], [110.0603448275862, 110.55689655172414, 215.32931034482758, 214.83275862068965]]}",dark,FALSE,1,"(1800, 3600)",0.472515269,0.529705719,1588.571262,160.9576232
51,1,3,21J_LD1_49_50_51_52_2024-05-26 16-00-01.mkv,98,TRUE,0.5,50,1860,"{'xs': [[4.000000000000002, 109.00000000000001, 106.00000000000001, 1.0000000000000018], [1.0000000000000018, 106.00000000000001, 108.25000000000001, 2.5000000000000018]], 'ys': [[2.8051724137930973, 1.812068965517235, 110.55689655172414, 110.0603448275862], [110.0603448275862, 110.55689655172414, 215.32931034482758, 214.83275862068965]]}",dark,FALSE,2,"(3600, 5400)",0.385896724,0.614103276,1429.608834,144.8511915
51,1,3,21J_LD1_49_50_51_52_2024-05-26 16-00-01.mkv,98,TRUE,0.5,50,1860,"{'xs': [[4.000000000000002, 109.00000000000001, 106.00000000000001, 1.0000000000000018], [1.0000000000000018, 106.00000000000001, 108.25000000000001, 2.5000000000000018]], 'ys': [[2.8051724137930973, 1.812068965517235, 110.55689655172414, 110.0603448275862], [110.0603448275862, 110.55689655172414, 215.32931034482758, 214.83275862068965]]}",dark,FALSE,3,"(5400, 7200)",0.335369239,0.669627984,1198.815066,121.4666464
51,1,3,21J_LD1_49_50_51_52_2024-05-26 16-00-01.mkv,98,TRUE,0.5,50,1860,"{'xs': [[4.000000000000002, 109.00000000000001, 106.00000000000001, 1.0000000000000018], [1.0000000000000018, 106.00000000000001, 108.25000000000001, 2.5000000000000018]], 'ys': [[2.8051724137930973, 1.812068965517235, 110.55689655172414, 110.0603448275862], [110.0603448275862, 110.55689655172414, 215.32931034482758, 214.83275862068965]]}",dark,FALSE,4,"(7200, 9000)",0.414214325,0.586896169,1183.552898,119.9202491
52,1,4,21J_LD1_49_50_51_52_2024-05-26 16-00-01.mkv,98,TRUE,0.5,50,1860,"{'xs': [[1.8382352941176483, 105.50000000000001, 103.94117647058825, 3.397058823529413], [3.397058823529413, 103.94117647058825, 102.38235294117648, 1.0588235294117658]], 'ys': [[0.8219476744186065, 0.8219476744186065, 106.32892441860464, 105.83125], [105.83125, 106.32892441860464, 211.33822674418604, 212.83124999999998]]}",dark,FALSE,0,"(0, 1800)",0.494169906,0.509161577,1498.23714,152.0242653
52,1,4,21J_LD1_49_50_51_52_2024-05-26 16-00-01.mkv,98,TRUE,0.5,50,1860,"{'xs': [[1.8382352941176483, 105.50000000000001, 103.94117647058825, 3.397058823529413], [3.397058823529413, 103.94117647058825, 102.38235294117648, 1.0588235294117658]], 'ys': [[0.8219476744186065, 0.8219476744186065, 106.32892441860464, 105.83125], [105.83125, 106.32892441860464, 211.33822674418604, 212.83124999999998]]}",dark,FALSE,1,"(1800, 3600)",0.265408107,0.738478623,1371.62999,139.1775947
52,1,4,21J_LD1_49_50_51_52_2024-05-26 16-00-01.mkv,98,TRUE,0.5,50,1860,"{'xs': [[1.8382352941176483, 105.50000000000001, 103.94117647058825, 3.397058823529413], [3.397058823529413, 103.94117647058825, 102.38235294117648, 1.0588235294117658]], 'ys': [[0.8219476744186065, 0.8219476744186065, 106.32892441860464, 105.83125], [105.83125, 106.32892441860464, 211.33822674418604, 212.83124999999998]]}",dark,FALSE,2,"(3600, 5400)",0.292615214,0.709050527,1489.036059,151.090643
52,1,4,21J_LD1_49_50_51_52_2024-05-26 16-00-01.mkv,98,TRUE,0.5,50,1860,"{'xs': [[1.8382352941176483, 105.50000000000001, 103.94117647058825, 3.397058823529413], [3.397058823529413, 103.94117647058825, 102.38235294117648, 1.0588235294117658]], 'ys': [[0.8219476744186065, 0.8219476744186065, 106.32892441860464, 105.83125], [105.83125, 106.32892441860464, 211.33822674418604, 212.83124999999998]]}",dark,FALSE,3,"(5400, 7200)",0.281510272,0.718489728,1242.019818,126.0262112
52,1,4,21J_LD1_49_50_51_52_2024-05-26 16-00-01.mkv,98,TRUE,0.5,50,1860,"{'xs': [[1.8382352941176483, 105.50000000000001, 103.94117647058825, 3.397058823529413], [3.397058823529413, 103.94117647058825, 102.38235294117648, 1.0588235294117658]], 'ys': [[0.8219476744186065, 0.8219476744186065, 106.32892441860464, 105.83125], [105.83125, 106.32892441860464, 211.33822674418604, 212.83124999999998]]}",dark,FALSE,4,"(7200, 9000)",0.273181566,0.728484175,1139.082439,115.581283
53,1,1,21J_LD1_53_54_55_56_2024-05-26 16-12-03.mkv,98,TRUE,0.5,50,3300,"{'xs': [[0.26595744680851, 105.20212765957447, 107.5, 0.26595744680851], [0.26595744680851, 107.5, 104.43617021276596, 0.26595744680851]], 'ys': [[1.3155172413793041, 1.3155172413793041, 110.55689655172414, 109.56379310344828], [109.56379310344828, 110.55689655172414, 214.83275862068965, 213.83965517241379]]}",dark,FALSE,0,"(0, 1800)",0.466962798,0.535813437,1602.702768,159.0604235
53,1,1,21J_LD1_53_54_55_56_2024-05-26 16-12-03.mkv,98,TRUE,0.5,50,3300,"{'xs': [[0.26595744680851, 105.20212765957447, 107.5, 0.26595744680851], [0.26595744680851, 107.5, 104.43617021276596, 0.26595744680851]], 'ys': [[1.3155172413793041, 1.3155172413793041, 110.55689655172414, 109.56379310344828], [109.56379310344828, 110.55689655172414, 214.83275862068965, 213.83965517241379]]}",dark,FALSE,1,"(1800, 3600)",0.614658523,0.388117712,1353.023076,134.2809332
53,1,1,21J_LD1_53_54_55_56_2024-05-26 16-12-03.mkv,98,TRUE,0.5,50,3300,"{'xs': [[0.26595744680851, 105.20212765957447, 107.5, 0.26595744680851], [0.26595744680851, 107.5, 104.43617021276596, 0.26595744680851]], 'ys': [[1.3155172413793041, 1.3155172413793041, 110.55689655172414, 109.56379310344828], [109.56379310344828, 110.55689655172414, 214.83275862068965, 213.83965517241379]]}",dark,FALSE,2,"(3600, 5400)",0.282620766,0.720155469,1156.834045,114.81013
53,1,1,21J_LD1_53_54_55_56_2024-05-26 16-12-03.mkv,98,TRUE,0.5,50,3300,"{'xs': [[0.26595744680851, 105.20212765957447, 107.5, 0.26595744680851], [0.26595744680851, 107.5, 104.43617021276596, 0.26595744680851]], 'ys': [[1.3155172413793041, 1.3155172413793041, 110.55689655172414, 109.56379310344828], [109.56379310344828, 110.55689655172414, 214.83275862068965, 213.83965517241379]]}",dark,FALSE,3,"(5400, 7200)",0.646307607,0.354802887,1323.312161,131.33227
53,1,1,21J_LD1_53_54_55_56_2024-05-26 16-12-03.mkv,98,TRUE,0.5,50,3300,"{'xs': [[0.26595744680851, 105.20212765957447, 107.5, 0.26595744680851], [0.26595744680851, 107.5, 104.43617021276596, 0.26595744680851]], 'ys': [[1.3155172413793041, 1.3155172413793041, 110.55689655172414, 109.56379310344828], [109.56379310344828, 110.55689655172414, 214.83275862068965, 213.83965517241379]]}",dark,FALSE,4,"(7200, 9000)",0.2476402,0.753470294,942.0316041,93.49203661
54,1,2,21J_LD1_53_54_55_56_2024-05-26 16-12-03.mkv,98,TRUE,0.5,50,3300,"{'xs': [[2.5489510489510514, 106.21328671328672, 104.68881118881119, 2.5489510489510514], [2.5489510489510514, 104.68881118881119, 105.45104895104896, 2.5489510489510514]], 'ys': [[1.806960227272709, 2.3024147727272544, 110.31150568181818, 110.31150568181818], [110.31150568181818, 110.31150568181818, 215.84332386363636, 215.84332386363636]]}",dark,FALSE,0,"(0, 1800)",0.40755136,0.595780122,1379.262992,137.890103
54,1,2,21J_LD1_53_54_55_56_2024-05-26 16-12-03.mkv,98,TRUE,0.5,50,3300,"{'xs': [[2.5489510489510514, 106.21328671328672, 104.68881118881119, 2.5489510489510514], [2.5489510489510514, 104.68881118881119, 105.45104895104896, 2.5489510489510514]], 'ys': [[1.806960227272709, 2.3024147727272544, 110.31150568181818, 110.31150568181818], [110.31150568181818, 110.31150568181818, 215.84332386363636, 215.84332386363636]]}",dark,FALSE,1,"(1800, 3600)",0.465852304,0.544142143,1697.913914,169.7468329
54,1,2,21J_LD1_53_54_55_56_2024-05-26 16-12-03.mkv,98,TRUE,0.5,50,3300,"{'xs': [[2.5489510489510514, 106.21328671328672, 104.68881118881119, 2.5489510489510514], [2.5489510489510514, 104.68881118881119, 105.45104895104896, 2.5489510489510514]], 'ys': [[1.806960227272709, 2.3024147727272544, 110.31150568181818, 110.31150568181818], [110.31150568181818, 110.31150568181818, 215.84332386363636, 215.84332386363636]]}",dark,FALSE,2,"(3600, 5400)",0.600222099,0.399777901,1426.831261,142.6456816
54,1,2,21J_LD1_53_54_55_56_2024-05-26 16-12-03.mkv,98,TRUE,0.5,50,3300,"{'xs': [[2.5489510489510514, 106.21328671328672, 104.68881118881119, 2.5489510489510514], [2.5489510489510514, 104.68881118881119, 105.45104895104896, 2.5489510489510514]], 'ys': [[1.806960227272709, 2.3024147727272544, 110.31150568181818, 110.31150568181818], [110.31150568181818, 110.31150568181818, 215.84332386363636, 215.84332386363636]]}",dark,FALSE,3,"(5400, 7200)",0.45530261,0.545807885,1635.186315,163.4757191
54,1,2,21J_LD1_53_54_55_56_2024-05-26 16-12-03.mkv,98,TRUE,0.5,50,3300,"{'xs': [[2.5489510489510514, 106.21328671328672, 104.68881118881119, 2.5489510489510514], [2.5489510489510514, 104.68881118881119, 105.45104895104896, 2.5489510489510514]], 'ys': [[1.806960227272709, 2.3024147727272544, 110.31150568181818, 110.31150568181818], [110.31150568181818, 110.31150568181818, 215.84332386363636, 215.84332386363636]]}",dark,FALSE,4,"(7200, 9000)",0.459189339,0.541921155,1303.493997,130.315192
55,1,3,21J_LD1_53_54_55_56_2024-05-26 16-12-03.mkv,98,TRUE,0.5,50,3300,"{'xs': [[2.4668874172185404, 107.79139072847681, 108.53311258278146, 3.2086092715231764], [3.2086092715231764, 108.53311258278146, 109.27483443708608, 2.4668874172185404]], 'ys': [[2.3024147727272544, 1.3115056818181636, 109.81605113636363, 109.32059659090908], [109.32059659090908, 109.81605113636363, 216.3387784090909, 215.84332386363636]]}",dark,FALSE,0,"(0, 1800)",0.483064964,0.529705719,1607.206716,162.6459935
55,1,3,21J_LD1_53_54_55_56_2024-05-26 16-12-03.mkv,98,TRUE,0.5,50,3300,"{'xs': [[2.4668874172185404, 107.79139072847681, 108.53311258278146, 3.2086092715231764], [3.2086092715231764, 108.53311258278146, 109.27483443708608, 2.4668874172185404]], 'ys': [[2.3024147727272544, 1.3115056818181636, 109.81605113636363, 109.32059659090908], [109.32059659090908, 109.81605113636363, 216.3387784090909, 215.84332386363636]]}",dark,FALSE,1,"(1800, 3600)",0.135480289,0.865630205,1176.157797,119.024735
55,1,3,21J_LD1_53_54_55_56_2024-05-26 16-12-03.mkv,98,TRUE,0.5,50,3300,"{'xs': [[2.4668874172185404, 107.79139072847681, 108.53311258278146, 3.2086092715231764], [3.2086092715231764, 108.53311258278146, 109.27483443708608, 2.4668874172185404]], 'ys': [[2.3024147727272544, 1.3115056818181636, 109.81605113636363, 109.32059659090908], [109.32059659090908, 109.81605113636363, 216.3387784090909, 215.84332386363636]]}",dark,FALSE,2,"(3600, 5400)",0.325374792,0.679067185,1029.466501,104.1798795
55,1,3,21J_LD1_53_54_55_56_2024-05-26 16-12-03.mkv,98,TRUE,0.5,50,3300,"{'xs': [[2.4668874172185404, 107.79139072847681, 108.53311258278146, 3.2086092715231764], [3.2086092715231764, 108.53311258278146, 109.27483443708608, 2.4668874172185404]], 'ys': [[2.3024147727272544, 1.3115056818181636, 109.81605113636363, 109.32059659090908], [109.32059659090908, 109.81605113636363, 216.3387784090909, 215.84332386363636]]}",dark,FALSE,3,"(5400, 7200)",0.520266519,0.487506941,955.4454613,96.68910339
55,1,3,21J_LD1_53_54_55_56_2024-05-26 16-12-03.mkv,98,TRUE,0.5,50,3300,"{'xs': [[2.4668874172185404, 107.79139072847681, 108.53311258278146, 3.2086092715231764], [3.2086092715231764, 108.53311258278146, 109.27483443708608, 2.4668874172185404]], 'ys': [[2.3024147727272544, 1.3115056818181636, 109.81605113636363, 109.32059659090908], [109.32059659090908, 109.81605113636363, 216.3387784090909, 215.84332386363636]]}",dark,FALSE,4,"(7200, 9000)",0.0094392,0.992781788,550.3951479,55.69884992
56,1,4,21J_LD1_53_54_55_56_2024-05-26 16-12-03.mkv,98,TRUE,0.5,50,3300,"{'xs': [[1.078947368421053, 100.55263157894738, 103.71052631578948, 1.078947368421053], [1.078947368421053, 103.71052631578948, 101.3421052631579, 2.6578947368421058]], 'ys': [[1.3115056818181636, 1.3115056818181636, 107.83423295454544, 106.34786931818181], [106.34786931818181, 107.83423295454544, 216.83423295454546, 214.85241477272726]]}",dark,FALSE,0,"(0, 1800)",0.372570794,0.634092171,1564.424816,156.3545322
56,1,4,21J_LD1_53_54_55_56_2024-05-26 16-12-03.mkv,98,TRUE,0.5,50,3300,"{'xs': [[1.078947368421053, 100.55263157894738, 103.71052631578948, 1.078947368421053], [1.078947368421053, 103.71052631578948, 101.3421052631579, 2.6578947368421058]], 'ys': [[1.3115056818181636, 1.3115056818181636, 107.83423295454544, 106.34786931818181], [106.34786931818181, 107.83423295454544, 216.83423295454546, 214.85241477272726]]}",dark,FALSE,1,"(1800, 3600)",0.463076069,0.538589672,1727.675213,172.6703942
56,1,4,21J_LD1_53_54_55_56_2024-05-26 16-12-03.mkv,98,TRUE,0.5,50,3300,"{'xs': [[1.078947368421053, 100.55263157894738, 103.71052631578948, 1.078947368421053], [1.078947368421053, 103.71052631578948, 101.3421052631579, 2.6578947368421058]], 'ys': [[1.3115056818181636, 1.3115056818181636, 107.83423295454544, 106.34786931818181], [106.34786931818181, 107.83423295454544, 216.83423295454546, 214.85241477272726]]}",dark,FALSE,2,"(3600, 5400)",0.561354803,0.439755691,1592.640015,159.1744659
56,1,4,21J_LD1_53_54_55_56_2024-05-26 16-12-03.mkv,98,TRUE,0.5,50,3300,"{'xs': [[1.078947368421053, 100.55263157894738, 103.71052631578948, 1.078947368421053], [1.078947368421053, 103.71052631578948, 101.3421052631579, 2.6578947368421058]], 'ys': [[1.3115056818181636, 1.3115056818181636, 107.83423295454544, 106.34786931818181], [106.34786931818181, 107.83423295454544, 216.83423295454546, 214.85241477272726]]}",dark,FALSE,3,"(5400, 7200)",0.357023876,0.643531371,1276.73982,127.6022058
56,1,4,21J_LD1_53_54_55_56_2024-05-26 16-12-03.mkv,98,TRUE,0.5,50,3300,"{'xs': [[1.078947368421053, 100.55263157894738, 103.71052631578948, 1.078947368421053], [1.078947368421053, 103.71052631578948, 101.3421052631579, 2.6578947368421058]], 'ys': [[1.3115056818181636, 1.3115056818181636, 107.83423295454544, 106.34786931818181], [106.34786931818181, 107.83423295454544, 216.83423295454546, 214.85241477272726]]}",dark,FALSE,4,"(7200, 9000)",0.310938368,0.691282621,1420.804322,142.0005569
57,1,1,21J_LD1_57_58_59_60_2024-05-26 16-24-58.mkv,98,TRUE,0.5,50,1860,"{'xs': [[1.7602739726027392, 106.48630136986301, 106.48630136986301, 2.513698630136986], [2.513698630136986, 106.48630136986301, 106.48630136986301, 2.513698630136986]], 'ys': [[2.3087099542334166, 2.3087099542334166, 110.06385869565217, 109.56729118993135], [109.56729118993135, 110.06385869565217, 214.839602402746, 215.33616990846681]]}",dark,FALSE,0,"(0, 1800)",0.283176013,0.717934481,1083.476617,108.1327479
57,1,1,21J_LD1_57_58_59_60_2024-05-26 16-24-58.mkv,98,TRUE,0.5,50,1860,"{'xs': [[1.7602739726027392, 106.48630136986301, 106.48630136986301, 2.513698630136986], [2.513698630136986, 106.48630136986301, 106.48630136986301, 2.513698630136986]], 'ys': [[2.3087099542334166, 2.3087099542334166, 110.06385869565217, 109.56729118993135], [109.56729118993135, 110.06385869565217, 214.839602402746, 215.33616990846681]]}",dark,FALSE,1,"(1800, 3600)",0.275957801,0.725152693,879.515512,87.77709422
57,1,1,21J_LD1_57_58_59_60_2024-05-26 16-24-58.mkv,98,TRUE,0.5,50,1860,"{'xs': [[1.7602739726027392, 106.48630136986301, 106.48630136986301, 2.513698630136986], [2.513698630136986, 106.48630136986301, 106.48630136986301, 2.513698630136986]], 'ys': [[2.3087099542334166, 2.3087099542334166, 110.06385869565217, 109.56729118993135], [109.56729118993135, 110.06385869565217, 214.839602402746, 215.33616990846681]]}",dark,FALSE,2,"(3600, 5400)",0.244308717,0.755691283,851.4461923,84.97572996
57,1,1,21J_LD1_57_58_59_60_2024-05-26 16-24-58.mkv,98,TRUE,0.5,50,1860,"{'xs': [[1.7602739726027392, 106.48630136986301, 106.48630136986301, 2.513698630136986], [2.513698630136986, 106.48630136986301, 106.48630136986301, 2.513698630136986]], 'ys': [[2.3087099542334166, 2.3087099542334166, 110.06385869565217, 109.56729118993135], [109.56729118993135, 110.06385869565217, 214.839602402746, 215.33616990846681]]}",dark,FALSE,3,"(5400, 7200)",0.467518046,0.532481954,983.2386851,98.12883744
57,1,1,21J_LD1_57_58_59_60_2024-05-26 16-24-58.mkv,98,TRUE,0.5,50,1860,"{'xs': [[1.7602739726027392, 106.48630136986301, 106.48630136986301, 2.513698630136986], [2.513698630136986, 106.48630136986301, 106.48630136986301, 2.513698630136986]], 'ys': [[2.3087099542334166, 2.3087099542334166, 110.06385869565217, 109.56729118993135], [109.56729118993135, 110.06385869565217, 214.839602402746, 215.33616990846681]]}",dark,FALSE,4,"(7200, 9000)",0.123264853,0.877845641,841.9815626,84.03114436
58,1,2,21J_LD1_57_58_59_60_2024-05-26 16-24-58.mkv,98,TRUE,0.5,50,1860,"{'xs': [[1.8260869565217406, 102.62318840579711, 104.17391304347827, 2.60144927536232], [2.60144927536232, 104.17391304347827, 103.39855072463769, 2.60144927536232]], 'ys': [[1.3155172413793041, 1.3155172413793041, 106.58448275862068, 107.08103448275861], [107.08103448275861, 106.58448275862068, 213.83965517241379, 213.83965517241379]]}",dark,FALSE,0,"(0, 1800)",0.193781233,0.810660744,1573.537787,157.4984804
58,1,2,21J_LD1_57_58_59_60_2024-05-26 16-24-58.mkv,98,TRUE,0.5,50,1860,"{'xs': [[1.8260869565217406, 102.62318840579711, 104.17391304347827, 2.60144927536232], [2.60144927536232, 104.17391304347827, 103.39855072463769, 2.60144927536232]], 'ys': [[1.3155172413793041, 1.3155172413793041, 106.58448275862068, 107.08103448275861], [107.08103448275861, 106.58448275862068, 213.83965517241379, 213.83965517241379]]}",dark,FALSE,1,"(1800, 3600)",0.334813992,0.666851749,1723.595985,172.5180996
58,1,2,21J_LD1_57_58_59_60_2024-05-26 16-24-58.mkv,98,TRUE,0.5,50,1860,"{'xs': [[1.8260869565217406, 102.62318840579711, 104.17391304347827, 2.60144927536232], [2.60144927536232, 104.17391304347827, 103.39855072463769, 2.60144927536232]], 'ys': [[1.3155172413793041, 1.3155172413793041, 106.58448275862068, 107.08103448275861], [107.08103448275861, 106.58448275862068, 213.83965517241379, 213.83965517241379]]}",dark,FALSE,2,"(3600, 5400)",0.300388673,0.701277068,1682.812003,168.4359508
58,1,2,21J_LD1_57_58_59_60_2024-05-26 16-24-58.mkv,98,TRUE,0.5,50,1860,"{'xs': [[1.8260869565217406, 102.62318840579711, 104.17391304347827, 2.60144927536232], [2.60144927536232, 104.17391304347827, 103.39855072463769, 2.60144927536232]], 'ys': [[1.3155172413793041, 1.3155172413793041, 106.58448275862068, 107.08103448275861], [107.08103448275861, 106.58448275862068, 213.83965517241379, 213.83965517241379]]}",dark,FALSE,3,"(5400, 7200)",0.253747918,0.746807329,1294.265351,129.5455551
58,1,2,21J_LD1_57_58_59_60_2024-05-26 16-24-58.mkv,98,TRUE,0.5,50,1860,"{'xs': [[1.8260869565217406, 102.62318840579711, 104.17391304347827, 2.60144927536232], [2.60144927536232, 104.17391304347827, 103.39855072463769, 2.60144927536232]], 'ys': [[1.3155172413793041, 1.3155172413793041, 106.58448275862068, 107.08103448275861], [107.08103448275861, 106.58448275862068, 213.83965517241379, 213.83965517241379]]}",dark,FALSE,4,"(7200, 9000)",0.43420322,0.56579678,1343.650956,134.4886571
59,1,3,21J_LD1_57_58_59_60_2024-05-26 16-24-58.mkv,98,TRUE,0.5,50,1860,"{'xs': [[4.000000000000002, 109.00000000000001, 106.00000000000001, 1.0000000000000018], [1.0000000000000018, 106.00000000000001, 108.25000000000001, 2.5000000000000018]], 'ys': [[2.8051724137930973, 1.812068965517235, 110.55689655172414, 110.0603448275862], [110.0603448275862, 110.55689655172414, 215.32931034482758, 214.83275862068965]]}",dark,FALSE,0,"(0, 1800)",0.410882843,0.591893393,1501.802437,152.1660101
59,1,3,21J_LD1_57_58_59_60_2024-05-26 16-24-58.mkv,98,TRUE,0.5,50,1860,"{'xs': [[4.000000000000002, 109.00000000000001, 106.00000000000001, 1.0000000000000018], [1.0000000000000018, 106.00000000000001, 108.25000000000001, 2.5000000000000018]], 'ys': [[2.8051724137930973, 1.812068965517235, 110.55689655172414, 110.0603448275862], [110.0603448275862, 110.55689655172414, 215.32931034482758, 214.83275862068965]]}",dark,FALSE,1,"(1800, 3600)",0.320377568,0.68573015,1220.028429,123.6160321
59,1,3,21J_LD1_57_58_59_60_2024-05-26 16-24-58.mkv,98,TRUE,0.5,50,1860,"{'xs': [[4.000000000000002, 109.00000000000001, 106.00000000000001, 1.0000000000000018], [1.0000000000000018, 106.00000000000001, 108.25000000000001, 2.5000000000000018]], 'ys': [[2.8051724137930973, 1.812068965517235, 110.55689655172414, 110.0603448275862], [110.0603448275862, 110.55689655172414, 215.32931034482758, 214.83275862068965]]}",dark,FALSE,2,"(3600, 5400)",0.42087729,0.588006663,1432.177722,145.1114769
59,1,3,21J_LD1_57_58_59_60_2024-05-26 16-24-58.mkv,98,TRUE,0.5,50,1860,"{'xs': [[4.000000000000002, 109.00000000000001, 106.00000000000001, 1.0000000000000018], [1.0000000000000018, 106.00000000000001, 108.25000000000001, 2.5000000000000018]], 'ys': [[2.8051724137930973, 1.812068965517235, 110.55689655172414, 110.0603448275862], [110.0603448275862, 110.55689655172414, 215.32931034482758, 214.83275862068965]]}",dark,FALSE,3,"(5400, 7200)",0.178234314,0.826207662,1344.531904,136.231005
59,1,3,21J_LD1_57_58_59_60_2024-05-26 16-24-58.mkv,98,TRUE,0.5,50,1860,"{'xs': [[4.000000000000002, 109.00000000000001, 106.00000000000001, 1.0000000000000018], [1.0000000000000018, 106.00000000000001, 108.25000000000001, 2.5000000000000018]], 'ys': [[2.8051724137930973, 1.812068965517235, 110.55689655172414, 110.0603448275862], [110.0603448275862, 110.55689655172414, 215.32931034482758, 214.83275862068965]]}",dark,FALSE,4,"(7200, 9000)",0.299833426,0.702387562,1235.520169,125.1856902
60,1,4,21J_LD1_57_58_59_60_2024-05-26 16-24-58.mkv,98,TRUE,0.5,50,1860,"{'xs': [[1.8382352941176483, 105.50000000000001, 103.94117647058825, 3.397058823529413], [3.397058823529413, 103.94117647058825, 102.38235294117648, 1.0588235294117658]], 'ys': [[0.8219476744186065, 0.8219476744186065, 106.32892441860464, 105.83125], [105.83125, 106.32892441860464, 211.33822674418604, 212.83124999999998]]}",light,FALSE,0,"(0, 1800)",0.604108828,0.405330372,1814.259717,184.0906844
60,1,4,21J_LD1_57_58_59_60_2024-05-26 16-24-58.mkv,98,TRUE,0.5,50,1860,"{'xs': [[1.8382352941176483, 105.50000000000001, 103.94117647058825, 3.397058823529413], [3.397058823529413, 103.94117647058825, 102.38235294117648, 1.0588235294117658]], 'ys': [[0.8219476744186065, 0.8219476744186065, 106.32892441860464, 105.83125], [105.83125, 106.32892441860464, 211.33822674418604, 212.83124999999998]]}",light,FALSE,1,"(1800, 3600)",0.511937812,0.492504164,1311.76886,133.10356
60,1,4,21J_LD1_57_58_59_60_2024-05-26 16-24-58.mkv,98,TRUE,0.5,50,1860,"{'xs': [[1.8382352941176483, 105.50000000000001, 103.94117647058825, 3.397058823529413], [3.397058823529413, 103.94117647058825, 102.38235294117648, 1.0588235294117658]], 'ys': [[0.8219476744186065, 0.8219476744186065, 106.32892441860464, 105.83125], [105.83125, 106.32892441860464, 211.33822674418604, 212.83124999999998]]}",light,FALSE,2,"(3600, 5400)",0.543586896,0.461965575,1421.134726,144.2007788
60,1,4,21J_LD1_57_58_59_60_2024-05-26 16-24-58.mkv,98,TRUE,0.5,50,1860,"{'xs': [[1.8382352941176483, 105.50000000000001, 103.94117647058825, 3.397058823529413], [3.397058823529413, 103.94117647058825, 102.38235294117648, 1.0588235294117658]], 'ys': [[0.8219476744186065, 0.8219476744186065, 106.32892441860464, 105.83125], [105.83125, 106.32892441860464, 211.33822674418604, 212.83124999999998]]}",light,FALSE,3,"(5400, 7200)",0.373681288,0.626318712,1331.28402,135.0837392
60,1,4,21J_LD1_57_58_59_60_2024-05-26 16-24-58.mkv,98,TRUE,0.5,50,1860,"{'xs': [[1.8382352941176483, 105.50000000000001, 103.94117647058825, 3.397058823529413], [3.397058823529413, 103.94117647058825, 102.38235294117648, 1.0588235294117658]], 'ys': [[0.8219476744186065, 0.8219476744186065, 106.32892441860464, 105.83125], [105.83125, 106.32892441860464, 211.33822674418604, 212.83124999999998]]}",light,FALSE,4,"(7200, 9000)",0.525263742,0.476401999,1063.945493,107.9572302
1,2,1,21J_LD2_01_02_03_04_2024-05-28 11-45-17.mkv,99,TRUE,0.5,50,1950,"{'xs': [[2.8813040597098185, 100.53065470906046, 100.53065470906046, 1.5436417220474807], [1.5436417220474807, 2.8813040597098185, 99.19299237139812, 100.53065470906046, 100.53065470906046]], 'ys': [[0.6902615582501296, 1.3507553854106236, 106.36927390392914, 106.36927390392914], [105.04828624960815, 212.04828624960817, 212.70878007676865, 106.36927390392914, 106.36927390392914]]}",dark,FALSE,0,"(0, 1800)",0.066074403,0.934480844,946.0897351,94.65985318
5,2,1,21J_LD2_05_06_07_08_2024-05-28 11-54-42.mkv,99,TRUE,0.5,50,1950,"{'xs': [[2.8813040597098185, 100.53065470906046, 100.53065470906046, 1.5436417220474807], [1.5436417220474807, 2.8813040597098185, 99.19299237139812, 100.53065470906046, 100.53065470906046]], 'ys': [[0.6902615582501296, 1.3507553854106236, 106.36927390392914, 106.36927390392914], [105.04828624960815, 212.04828624960817, 212.70878007676865, 106.36927390392914, 106.36927390392914]]}",dark,FALSE,0,"(0, 1800)",0,1,813.6380454,81.4075611
9,2,1,21J_LD2_09_10_11_12_2024-05-28 12-06-47.mkv,99,TRUE,0.5,50,1950,"{'xs': [[2.8813040597098185, 100.53065470906046, 100.53065470906046, 1.5436417220474807], [1.5436417220474807, 2.8813040597098185, 99.19299237139812, 100.53065470906046, 100.53065470906046]], 'ys': [[0.6902615582501296, 1.3507553854106236, 106.36927390392914, 106.36927390392914], [105.04828624960815, 212.04828624960817, 212.70878007676865, 106.36927390392914, 106.36927390392914]]}",dark,FALSE,0,"(0, 1800)",0.252082177,0.751804553,1412.9871,141.3746989
13,2,1,21J_LD2_13_14_15_16_2024-05-28 12-14-02.mkv,99,TRUE,0.5,50,1950,"{'xs': [[2.8813040597098185, 100.53065470906046, 100.53065470906046, 1.5436417220474807], [1.5436417220474807, 2.8813040597098185, 99.19299237139812, 100.53065470906046, 100.53065470906046]], 'ys': [[0.6902615582501296, 1.3507553854106236, 106.36927390392914, 106.36927390392914], [105.04828624960815, 212.04828624960817, 212.70878007676865, 106.36927390392914, 106.36927390392914]]}",dark,FALSE,0,"(0, 1800)",0.433092726,0.568017768,1475.817076,147.6610754
17,2,1,21J_LD2_17_18_19_20_2024-05-28 12-22-01.mkv,99,TRUE,0.5,50,1950,"{'xs': [[2.8813040597098185, 100.53065470906046, 100.53065470906046, 1.5436417220474807], [1.5436417220474807, 2.8813040597098185, 99.19299237139812, 100.53065470906046, 100.53065470906046]], 'ys': [[0.6902615582501296, 1.3507553854106236, 106.36927390392914, 106.36927390392914], [105.04828624960815, 212.04828624960817, 212.70878007676865, 106.36927390392914, 106.36927390392914]]}",dark,FALSE,0,"(0, 1800)",0.243198223,0.756801777,1372.106557,137.2844461
21,2,1,21J_LD2_21_22_23_24_2024-05-28 12-30-22.mkv,99,TRUE,0.5,50,1950,"{'xs': [[2.8813040597098185, 100.53065470906046, 100.53065470906046, 1.5436417220474807], [1.5436417220474807, 2.8813040597098185, 99.19299237139812, 100.53065470906046, 100.53065470906046]], 'ys': [[0.6902615582501296, 1.3507553854106236, 106.36927390392914, 106.36927390392914], [105.04828624960815, 212.04828624960817, 212.70878007676865, 106.36927390392914, 106.36927390392914]]}",light,FALSE,0,"(0, 1800)",0.156024431,0.843975569,1011.342466,101.1886355
25,2,1,21J_LD2_25_26_27_28_2024-05-28 12-39-35.mkv,99,TRUE,0.5,50,1950,"{'xs': [[2.8813040597098185, 100.53065470906046, 100.53065470906046, 1.5436417220474807], [1.5436417220474807, 2.8813040597098185, 99.19299237139812, 100.53065470906046, 100.53065470906046]], 'ys': [[0.6902615582501296, 1.3507553854106236, 106.36927390392914, 106.36927390392914], [105.04828624960815, 212.04828624960817, 212.70878007676865, 106.36927390392914, 106.36927390392914]]}",light,FALSE,0,"(0, 1800)",0.074403109,0.926707385,1462.926718,146.3713464
29,2,1,21J_LD2_29_31_32_2024-05-28 12-48-10.mkv,99,TRUE,0.5,50,1950,"{'xs': [[2.8813040597098185, 100.53065470906046, 100.53065470906046, 1.5436417220474807], [1.5436417220474807, 2.8813040597098185, 99.19299237139812, 100.53065470906046, 100.53065470906046]], 'ys': [[0.6902615582501296, 1.3507553854106236, 106.36927390392914, 106.36927390392914], [105.04828624960815, 212.04828624960817, 212.70878007676865, 106.36927390392914, 106.36927390392914]]}",light,FALSE,0,"(0, 1800)",0.14103276,0.860632982,1256.216209,125.6891788
33,2,1,21J_LD2_33_34_35_36_2024-05-28 14-47-01.mkv,99,TRUE,0.5,50,1950,"{'xs': [[2.8813040597098185, 100.53065470906046, 100.53065470906046, 1.5436417220474807], [1.5436417220474807, 2.8813040597098185, 99.19299237139812, 100.53065470906046, 100.53065470906046]], 'ys': [[0.6902615582501296, 1.3507553854106236, 106.36927390392914, 106.36927390392914], [105.04828624960815, 212.04828624960817, 212.70878007676865, 106.36927390392914, 106.36927390392914]]}",light,FALSE,0,"(0, 1800)",0.31815658,0.682398667,1359.953775,136.0685143
37,2,1,21J_LD2_37_38_39_40_2024-05-28 14-56-56.mkv,99,TRUE,0.5,50,1950,"{'xs': [[2.8813040597098185, 100.53065470906046, 100.53065470906046, 1.5436417220474807], [1.5436417220474807, 2.8813040597098185, 99.19299237139812, 100.53065470906046, 100.53065470906046]], 'ys': [[0.6902615582501296, 1.3507553854106236, 106.36927390392914, 106.36927390392914], [105.04828624960815, 212.04828624960817, 212.70878007676865, 106.36927390392914, 106.36927390392914]]}",light,FALSE,0,"(0, 1800)",0.160466408,0.842309828,1116.939087,111.7539765
41,2,1,21J_LD2_41_42_43_44_2024-05-28 15-06-29.mkv,99,TRUE,0.5,50,1950,"{'xs': [[2.8813040597098185, 100.53065470906046, 100.53065470906046, 1.5436417220474807], [1.5436417220474807, 2.8813040597098185, 99.19299237139812, 100.53065470906046, 100.53065470906046]], 'ys': [[0.6902615582501296, 1.3507553854106236, 106.36927390392914, 106.36927390392914], [105.04828624960815, 212.04828624960817, 212.70878007676865, 106.36927390392914, 106.36927390392914]]}",dark,FALSE,0,"(0, 1800)",0,1,727.7375637,72.8128933
45,2,1,21J_LD2_45_46_47_48_2024-05-28 15-16-42.mkv,99,TRUE,0.5,50,1950,"{'xs': [[2.8813040597098185, 100.53065470906046, 100.53065470906046, 1.5436417220474807], [1.5436417220474807, 2.8813040597098185, 99.19299237139812, 100.53065470906046, 100.53065470906046]], 'ys': [[0.6902615582501296, 1.3507553854106236, 106.36927390392914, 106.36927390392914], [105.04828624960815, 212.04828624960817, 212.70878007676865, 106.36927390392914, 106.36927390392914]]}",dark,FALSE,0,"(0, 1800)",0.086063298,0.918378679,891.2820001,89.17613218
49,2,1,21J_LD2_49_50_51_52_2024-05-28 15-27-25.mkv,99,TRUE,0.5,50,1950,"{'xs': [[2.8813040597098185, 100.53065470906046, 100.53065470906046, 1.5436417220474807], [1.5436417220474807, 2.8813040597098185, 99.19299237139812, 100.53065470906046, 100.53065470906046]], 'ys': [[0.6902615582501296, 1.3507553854106236, 106.36927390392914, 106.36927390392914], [105.04828624960815, 212.04828624960817, 212.70878007676865, 106.36927390392914, 106.36927390392914]]}",light,FALSE,0,"(0, 1800)",0.285397002,0.715713493,1174.3261,117.495764
53,2,1,21J_LD2_53_54_55_56_2024-05-28 15-37-01.mkv,99,TRUE,0.5,50,1950,"{'xs': [[2.8813040597098185, 100.53065470906046, 100.53065470906046, 1.5436417220474807], [1.5436417220474807, 2.8813040597098185, 99.19299237139812, 100.53065470906046, 100.53065470906046]], 'ys': [[0.6902615582501296, 1.3507553854106236, 106.36927390392914, 106.36927390392914], [105.04828624960815, 212.04828624960817, 212.70878007676865, 106.36927390392914, 106.36927390392914]]}",dark,FALSE,0,"(0, 1800)",0.275957801,0.726263187,902.4204749,90.29057867
57,2,1,21J_LD2_57_58_59_60_2024-05-28 15-46-48.mkv,99,TRUE,0.5,50,1950,"{'xs': [[2.8813040597098185, 100.53065470906046, 100.53065470906046, 1.5436417220474807], [1.5436417220474807, 2.8813040597098185, 99.19299237139812, 100.53065470906046, 100.53065470906046]], 'ys': [[0.6902615582501296, 1.3507553854106236, 106.36927390392914, 106.36927390392914], [105.04828624960815, 212.04828624960817, 212.70878007676865, 106.36927390392914, 106.36927390392914]]}",dark,FALSE,0,"(0, 1800)",0.000555247,1,563.3444448,56.36474053
1,2,1,21J_LD2_01_02_03_04_2024-05-28 11-45-17.mkv,99,TRUE,0.5,50,1950,"{'xs': [[2.8813040597098185, 100.53065470906046, 100.53065470906046, 1.5436417220474807], [1.5436417220474807, 2.8813040597098185, 99.19299237139812, 100.53065470906046, 100.53065470906046]], 'ys': [[0.6902615582501296, 1.3507553854106236, 106.36927390392914, 106.36927390392914], [105.04828624960815, 212.04828624960817, 212.70878007676865, 106.36927390392914, 106.36927390392914]]}",dark,FALSE,1,"(1800, 3600)",0.049972238,0.957801222,900.6729848,90.11573569
5,2,1,21J_LD2_05_06_07_08_2024-05-28 11-54-42.mkv,99,TRUE,0.5,50,1950,"{'xs': [[2.8813040597098185, 100.53065470906046, 100.53065470906046, 1.5436417220474807], [1.5436417220474807, 2.8813040597098185, 99.19299237139812, 100.53065470906046, 100.53065470906046]], 'ys': [[0.6902615582501296, 1.3507553854106236, 106.36927390392914, 106.36927390392914], [105.04828624960815, 212.04828624960817, 212.70878007676865, 106.36927390392914, 106.36927390392914]]}",dark,FALSE,1,"(1800, 3600)",0.247084953,0.755691283,1141.703437,114.2317433
9,2,1,21J_LD2_09_10_11_12_2024-05-28 12-06-47.mkv,99,TRUE,0.5,50,1950,"{'xs': [[2.8813040597098185, 100.53065470906046, 100.53065470906046, 1.5436417220474807], [1.5436417220474807, 2.8813040597098185, 99.19299237139812, 100.53065470906046, 100.53065470906046]], 'ys': [[0.6902615582501296, 1.3507553854106236, 106.36927390392914, 106.36927390392914], [105.04828624960815, 212.04828624960817, 212.70878007676865, 106.36927390392914, 106.36927390392914]]}",dark,FALSE,1,"(1800, 3600)",0.134925042,0.866185453,1142.386785,114.3001148
13,2,1,21J_LD2_13_14_15_16_2024-05-28 12-14-02.mkv,99,TRUE,0.5,50,1950,"{'xs': [[2.8813040597098185, 100.53065470906046, 100.53065470906046, 1.5436417220474807], [1.5436417220474807, 2.8813040597098185, 99.19299237139812, 100.53065470906046, 100.53065470906046]], 'ys': [[0.6902615582501296, 1.3507553854106236, 106.36927390392914, 106.36927390392914], [105.04828624960815, 212.04828624960817, 212.70878007676865, 106.36927390392914, 106.36927390392914]]}",dark,FALSE,1,"(1800, 3600)",0.083287063,0.917823431,1115.744733,111.6344768
17,2,1,21J_LD2_17_18_19_20_2024-05-28 12-22-01.mkv,99,TRUE,0.5,50,1950,"{'xs': [[2.8813040597098185, 100.53065470906046, 100.53065470906046, 1.5436417220474807], [1.5436417220474807, 2.8813040597098185, 99.19299237139812, 100.53065470906046, 100.53065470906046]], 'ys': [[0.6902615582501296, 1.3507553854106236, 106.36927390392914, 106.36927390392914], [105.04828624960815, 212.04828624960817, 212.70878007676865, 106.36927390392914, 106.36927390392914]]}",dark,FALSE,1,"(1800, 3600)",0.369239311,0.631871183,1165.108,116.5734582
21,2,1,21J_LD2_21_22_23_24_2024-05-28 12-30-22.mkv,99,TRUE,0.5,50,1950,"{'xs': [[2.8813040597098185, 100.53065470906046, 100.53065470906046, 1.5436417220474807], [1.5436417220474807, 2.8813040597098185, 99.19299237139812, 100.53065470906046, 100.53065470906046]], 'ys': [[0.6902615582501296, 1.3507553854106236, 106.36927390392914, 106.36927390392914], [105.04828624960815, 212.04828624960817, 212.70878007676865, 106.36927390392914, 106.36927390392914]]}",light,FALSE,1,"(1800, 3600)",0.161576902,0.843420322,996.712401,99.7248422
25,2,1,21J_LD2_25_26_27_28_2024-05-28 12-39-35.mkv,99,TRUE,0.5,50,1950,"{'xs': [[2.8813040597098185, 100.53065470906046, 100.53065470906046, 1.5436417220474807], [1.5436417220474807, 2.8813040597098185, 99.19299237139812, 100.53065470906046, 100.53065470906046]], 'ys': [[0.6902615582501296, 1.3507553854106236, 106.36927390392914, 106.36927390392914], [105.04828624960815, 212.04828624960817, 212.70878007676865, 106.36927390392914, 106.36927390392914]]}",light,FALSE,1,"(1800, 3600)",0.258189895,0.744586341,1590.707838,159.1563303
29,2,1,21J_LD2_29_31_32_2024-05-28 12-48-10.mkv,99,TRUE,0.5,50,1950,"{'xs': [[2.8813040597098185, 100.53065470906046, 100.53065470906046, 1.5436417220474807], [1.5436417220474807, 2.8813040597098185, 99.19299237139812, 100.53065470906046, 100.53065470906046]], 'ys': [[0.6902615582501296, 1.3507553854106236, 106.36927390392914, 106.36927390392914], [105.04828624960815, 212.04828624960817, 212.70878007676865, 106.36927390392914, 106.36927390392914]]}",light,FALSE,1,"(1800, 3600)",0.292059967,0.70849528,1184.799033,118.5436205
33,2,1,21J_LD2_33_34_35_36_2024-05-28 14-47-01.mkv,99,TRUE,0.5,50,1950,"{'xs': [[2.8813040597098185, 100.53065470906046, 100.53065470906046, 1.5436417220474807], [1.5436417220474807, 2.8813040597098185, 99.19299237139812, 100.53065470906046, 100.53065470906046]], 'ys': [[0.6902615582501296, 1.3507553854106236, 106.36927390392914, 106.36927390392914], [105.04828624960815, 212.04828624960817, 212.70878007676865, 106.36927390392914, 106.36927390392914]]}",light,FALSE,1,"(1800, 3600)",0.23431427,0.775124931,1210.333938,121.0984843
37,2,1,21J_LD2_37_38_39_40_2024-05-28 14-56-56.mkv,99,TRUE,0.5,50,1950,"{'xs': [[2.8813040597098185, 100.53065470906046, 100.53065470906046, 1.5436417220474807], [1.5436417220474807, 2.8813040597098185, 99.19299237139812, 100.53065470906046, 100.53065470906046]], 'ys': [[0.6902615582501296, 1.3507553854106236, 106.36927390392914, 106.36927390392914], [105.04828624960815, 212.04828624960817, 212.70878007676865, 106.36927390392914, 106.36927390392914]]}",light,FALSE,1,"(1800, 3600)",0.014991671,0.987229317,1045.570318,104.6132614
41,2,1,21J_LD2_41_42_43_44_2024-05-28 15-06-29.mkv,99,TRUE,0.5,50,1950,"{'xs': [[2.8813040597098185, 100.53065470906046, 100.53065470906046, 1.5436417220474807], [1.5436417220474807, 2.8813040597098185, 99.19299237139812, 100.53065470906046, 100.53065470906046]], 'ys': [[0.6902615582501296, 1.3507553854106236, 106.36927390392914, 106.36927390392914], [105.04828624960815, 212.04828624960817, 212.70878007676865, 106.36927390392914, 106.36927390392914]]}",dark,FALSE,1,"(1800, 3600)",0,1,603.7600084,60.40847039
45,2,1,21J_LD2_45_46_47_48_2024-05-28 15-16-42.mkv,99,TRUE,0.5,50,1950,"{'xs': [[2.8813040597098185, 100.53065470906046, 100.53065470906046, 1.5436417220474807], [1.5436417220474807, 2.8813040597098185, 99.19299237139812, 100.53065470906046, 100.53065470906046]], 'ys': [[0.6902615582501296, 1.3507553854106236, 106.36927390392914, 106.36927390392914], [105.04828624960815, 212.04828624960817, 212.70878007676865, 106.36927390392914, 106.36927390392914]]}",dark,FALSE,1,"(1800, 3600)",0.01721266,0.983342587,742.529399,74.29287232
49,2,1,21J_LD2_49_50_51_52_2024-05-28 15-27-25.mkv,99,TRUE,0.5,50,1950,"{'xs': [[2.8813040597098185, 100.53065470906046, 100.53065470906046, 1.5436417220474807], [1.5436417220474807, 2.8813040597098185, 99.19299237139812, 100.53065470906046, 100.53065470906046]], 'ys': [[0.6902615582501296, 1.3507553854106236, 106.36927390392914, 106.36927390392914], [105.04828624960815, 212.04828624960817, 212.70878007676865, 106.36927390392914, 106.36927390392914]]}",light,FALSE,1,"(1800, 3600)",0.258189895,0.741810105,815.6227162,81.60613492
53,2,1,21J_LD2_53_54_55_56_2024-05-28 15-37-01.mkv,99,TRUE,0.5,50,1950,"{'xs': [[2.8813040597098185, 100.53065470906046, 100.53065470906046, 1.5436417220474807], [1.5436417220474807, 2.8813040597098185, 99.19299237139812, 100.53065470906046, 100.53065470906046]], 'ys': [[0.6902615582501296, 1.3507553854106236, 106.36927390392914, 106.36927390392914], [105.04828624960815, 212.04828624960817, 212.70878007676865, 106.36927390392914, 106.36927390392914]]}",dark,FALSE,1,"(1800, 3600)",0.099389228,0.901166019,1034.727063,103.5283528
57,2,1,21J_LD2_57_58_59_60_2024-05-28 15-46-48.mkv,99,TRUE,0.5,50,1950,"{'xs': [[2.8813040597098185, 100.53065470906046, 100.53065470906046, 1.5436417220474807], [1.5436417220474807, 2.8813040597098185, 99.19299237139812, 100.53065470906046, 100.53065470906046]], 'ys': [[0.6902615582501296, 1.3507553854106236, 106.36927390392914, 106.36927390392914], [105.04828624960815, 212.04828624960817, 212.70878007676865, 106.36927390392914, 106.36927390392914]]}",dark,FALSE,1,"(1800, 3600)",0.113270405,0.886729595,1205.628623,120.6276997
1,2,1,21J_LD2_01_02_03_04_2024-05-28 11-45-17.mkv,99,TRUE,0.5,50,1950,"{'xs': [[2.8813040597098185, 100.53065470906046, 100.53065470906046, 1.5436417220474807], [1.5436417220474807, 2.8813040597098185, 99.19299237139812, 100.53065470906046, 100.53065470906046]], 'ys': [[0.6902615582501296, 1.3507553854106236, 106.36927390392914, 106.36927390392914], [105.04828624960815, 212.04828624960817, 212.70878007676865, 106.36927390392914, 106.36927390392914]]}",dark,FALSE,2,"(3600, 5400)",0.135480289,0.865074958,926.0090904,92.6507088
5,2,1,21J_LD2_05_06_07_08_2024-05-28 11-54-42.mkv,99,TRUE,0.5,50,1950,"{'xs': [[2.8813040597098185, 100.53065470906046, 100.53065470906046, 1.5436417220474807], [1.5436417220474807, 2.8813040597098185, 99.19299237139812, 100.53065470906046, 100.53065470906046]], 'ys': [[0.6902615582501296, 1.3507553854106236, 106.36927390392914, 106.36927390392914], [105.04828624960815, 212.04828624960817, 212.70878007676865, 106.36927390392914, 106.36927390392914]]}",dark,FALSE,2,"(3600, 5400)",0.122709606,0.878956135,952.066425,95.25784359
9,2,1,21J_LD2_09_10_11_12_2024-05-28 12-06-47.mkv,99,TRUE,0.5,50,1950,"{'xs': [[2.8813040597098185, 100.53065470906046, 100.53065470906046, 1.5436417220474807], [1.5436417220474807, 2.8813040597098185, 99.19299237139812, 100.53065470906046, 100.53065470906046]], 'ys': [[0.6902615582501296, 1.3507553854106236, 106.36927390392914, 106.36927390392914], [105.04828624960815, 212.04828624960817, 212.70878007676865, 106.36927390392914, 106.36927390392914]]}",dark,FALSE,2,"(3600, 5400)",0.230982787,0.772903942,1400.041092,140.0794019
13,2,1,21J_LD2_13_14_15_16_2024-05-28 12-14-02.mkv,99,TRUE,0.5,50,1950,"{'xs': [[2.8813040597098185, 100.53065470906046, 100.53065470906046, 1.5436417220474807], [1.5436417220474807, 2.8813040597098185, 99.19299237139812, 100.53065470906046, 100.53065470906046]], 'ys': [[0.6902615582501296, 1.3507553854106236, 106.36927390392914, 106.36927390392914], [105.04828624960815, 212.04828624960817, 212.70878007676865, 106.36927390392914, 106.36927390392914]]}",dark,FALSE,2,"(3600, 5400)",0.309827873,0.691282621,954.4501903,95.49634831
17,2,1,21J_LD2_17_18_19_20_2024-05-28 12-22-01.mkv,99,TRUE,0.5,50,1950,"{'xs': [[2.8813040597098185, 100.53065470906046, 100.53065470906046, 1.5436417220474807], [1.5436417220474807, 2.8813040597098185, 99.19299237139812, 100.53065470906046, 100.53065470906046]], 'ys': [[0.6902615582501296, 1.3507553854106236, 106.36927390392914, 106.36927390392914], [105.04828624960815, 212.04828624960817, 212.70878007676865, 106.36927390392914, 106.36927390392914]]}",dark,FALSE,2,"(3600, 5400)",0.224319822,0.775680178,1197.263491,119.7907366
21,2,1,21J_LD2_21_22_23_24_2024-05-28 12-30-22.mkv,99,TRUE,0.5,50,1950,"{'xs': [[2.8813040597098185, 100.53065470906046, 100.53065470906046, 1.5436417220474807], [1.5436417220474807, 2.8813040597098185, 99.19299237139812, 100.53065470906046, 100.53065470906046]], 'ys': [[0.6902615582501296, 1.3507553854106236, 106.36927390392914, 106.36927390392914], [105.04828624960815, 212.04828624960817, 212.70878007676865, 106.36927390392914, 106.36927390392914]]}",light,FALSE,2,"(3600, 5400)",0.210993892,0.791782343,1158.762151,115.938532
25,2,1,21J_LD2_25_26_27_28_2024-05-28 12-39-35.mkv,99,TRUE,0.5,50,1950,"{'xs': [[2.8813040597098185, 100.53065470906046, 100.53065470906046, 1.5436417220474807], [1.5436417220474807, 2.8813040597098185, 99.19299237139812, 100.53065470906046, 100.53065470906046]], 'ys': [[0.6902615582501296, 1.3507553854106236, 106.36927390392914, 106.36927390392914], [105.04828624960815, 212.04828624960817, 212.70878007676865, 106.36927390392914, 106.36927390392914]]}",light,FALSE,2,"(3600, 5400)",0.227096058,0.776790672,1218.755393,121.9410826
29,2,1,21J_LD2_29_31_32_2024-05-28 12-48-10.mkv,99,TRUE,0.5,50,1950,"{'xs': [[2.8813040597098185, 100.53065470906046, 100.53065470906046, 1.5436417220474807], [1.5436417220474807, 2.8813040597098185, 99.19299237139812, 100.53065470906046, 100.53065470906046]], 'ys': [[0.6902615582501296, 1.3507553854106236, 106.36927390392914, 106.36927390392914], [105.04828624960815, 212.04828624960817, 212.70878007676865, 106.36927390392914, 106.36927390392914]]}",light,FALSE,2,"(3600, 5400)",0.309827873,0.692948362,1511.935697,151.2748799
33,2,1,21J_LD2_33_34_35_36_2024-05-28 14-47-01.mkv,99,TRUE,0.5,50,1950,"{'xs': [[2.8813040597098185, 100.53065470906046, 100.53065470906046, 1.5436417220474807], [1.5436417220474807, 2.8813040597098185, 99.19299237139812, 100.53065470906046, 100.53065470906046]], 'ys': [[0.6902615582501296, 1.3507553854106236, 106.36927390392914, 106.36927390392914], [105.04828624960815, 212.04828624960817, 212.70878007676865, 106.36927390392914, 106.36927390392914]]}",light,FALSE,2,"(3600, 5400)",0.295391449,0.70849528,775.3898066,77.58068028
37,2,1,21J_LD2_37_38_39_40_2024-05-28 14-56-56.mkv,99,TRUE,0.5,50,1950,"{'xs': [[2.8813040597098185, 100.53065470906046, 100.53065470906046, 1.5436417220474807], [1.5436417220474807, 2.8813040597098185, 99.19299237139812, 100.53065470906046, 100.53065470906046]], 'ys': [[0.6902615582501296, 1.3507553854106236, 106.36927390392914, 106.36927390392914], [105.04828624960815, 212.04828624960817, 212.70878007676865, 106.36927390392914, 106.36927390392914]]}",light,FALSE,2,"(3600, 5400)",0.298167685,0.702387562,1166.454909,116.7082216
41,2,1,21J_LD2_41_42_43_44_2024-05-28 15-06-29.mkv,99,TRUE,0.5,50,1950,"{'xs': [[2.8813040597098185, 100.53065470906046, 100.53065470906046, 1.5436417220474807], [1.5436417220474807, 2.8813040597098185, 99.19299237139812, 100.53065470906046, 100.53065470906046]], 'ys': [[0.6902615582501296, 1.3507553854106236, 106.36927390392914, 106.36927390392914], [105.04828624960815, 212.04828624960817, 212.70878007676865, 106.36927390392914, 106.36927390392914]]}",dark,FALSE,2,"(3600, 5400)",0,1,873.3161386,87.37857985
45,2,1,21J_LD2_45_46_47_48_2024-05-28 15-16-42.mkv,99,TRUE,0.5,50,1950,"{'xs': [[2.8813040597098185, 100.53065470906046, 100.53065470906046, 1.5436417220474807], [1.5436417220474807, 2.8813040597098185, 99.19299237139812, 100.53065470906046, 100.53065470906046]], 'ys': [[0.6902615582501296, 1.3507553854106236, 106.36927390392914, 106.36927390392914], [105.04828624960815, 212.04828624960817, 212.70878007676865, 106.36927390392914, 106.36927390392914]]}",dark,FALSE,2,"(3600, 5400)",0.20766241,0.792892837,1126.733163,112.7339107
49,2,1,21J_LD2_49_50_51_52_2024-05-28 15-27-25.mkv,99,TRUE,0.5,50,1950,"{'xs': [[2.8813040597098185, 100.53065470906046, 100.53065470906046, 1.5436417220474807], [1.5436417220474807, 2.8813040597098185, 99.19299237139812, 100.53065470906046, 100.53065470906046]], 'ys': [[0.6902615582501296, 1.3507553854106236, 106.36927390392914, 106.36927390392914], [105.04828624960815, 212.04828624960817, 212.70878007676865, 106.36927390392914, 106.36927390392914]]}",light,FALSE,2,"(3600, 5400)",0.419211549,0.599111605,1013.330341,101.3875299
53,2,1,21J_LD2_53_54_55_56_2024-05-28 15-37-01.mkv,99,TRUE,0.5,50,1950,"{'xs': [[2.8813040597098185, 100.53065470906046, 100.53065470906046, 1.5436417220474807], [1.5436417220474807, 2.8813040597098185, 99.19299237139812, 100.53065470906046, 100.53065470906046]], 'ys': [[0.6902615582501296, 1.3507553854106236, 106.36927390392914, 106.36927390392914], [105.04828624960815, 212.04828624960817, 212.70878007676865, 106.36927390392914, 106.36927390392914]]}",dark,FALSE,2,"(3600, 5400)",0.410327596,0.589672404,987.3621048,98.78930973
57,2,1,21J_LD2_57_58_59_60_2024-05-28 15-46-48.mkv,99,TRUE,0.5,50,1950,"{'xs': [[2.8813040597098185, 100.53065470906046, 100.53065470906046, 1.5436417220474807], [1.5436417220474807, 2.8813040597098185, 99.19299237139812, 100.53065470906046, 100.53065470906046]], 'ys': [[0.6902615582501296, 1.3507553854106236, 106.36927390392914, 106.36927390392914], [105.04828624960815, 212.04828624960817, 212.70878007676865, 106.36927390392914, 106.36927390392914]]}",dark,FALSE,2,"(3600, 5400)",0.097723487,0.902276513,877.2469774,87.77187512
1,2,1,21J_LD2_01_02_03_04_2024-05-28 11-45-17.mkv,99,TRUE,0.5,50,1950,"{'xs': [[2.8813040597098185, 100.53065470906046, 100.53065470906046, 1.5436417220474807], [1.5436417220474807, 2.8813040597098185, 99.19299237139812, 100.53065470906046, 100.53065470906046]], 'ys': [[0.6902615582501296, 1.3507553854106236, 106.36927390392914, 106.36927390392914], [105.04828624960815, 212.04828624960817, 212.70878007676865, 106.36927390392914, 106.36927390392914]]}",dark,FALSE,3,"(5400, 7200)",0.224875069,0.775124931,854.5566558,85.5016227
5,2,1,21J_LD2_05_06_07_08_2024-05-28 11-54-42.mkv,99,TRUE,0.5,50,1950,"{'xs': [[2.8813040597098185, 100.53065470906046, 100.53065470906046, 1.5436417220474807], [1.5436417220474807, 2.8813040597098185, 99.19299237139812, 100.53065470906046, 100.53065470906046]], 'ys': [[0.6902615582501296, 1.3507553854106236, 106.36927390392914, 106.36927390392914], [105.04828624960815, 212.04828624960817, 212.70878007676865, 106.36927390392914, 106.36927390392914]]}",dark,FALSE,3,"(5400, 7200)",0.198778456,0.801776791,1013.400077,101.3945072
9,2,1,21J_LD2_09_10_11_12_2024-05-28 12-06-47.mkv,99,TRUE,0.5,50,1950,"{'xs': [[2.8813040597098185, 100.53065470906046, 100.53065470906046, 1.5436417220474807], [1.5436417220474807, 2.8813040597098185, 99.19299237139812, 100.53065470906046, 100.53065470906046]], 'ys': [[0.6902615582501296, 1.3507553854106236, 106.36927390392914, 106.36927390392914], [105.04828624960815, 212.04828624960817, 212.70878007676865, 106.36927390392914, 106.36927390392914]]}",dark,FALSE,3,"(5400, 7200)",0.201554692,0.799000555,1200.08524,120.0730633
13,2,1,21J_LD2_13_14_15_16_2024-05-28 12-14-02.mkv,99,TRUE,0.5,50,1950,"{'xs': [[2.8813040597098185, 100.53065470906046, 100.53065470906046, 1.5436417220474807], [1.5436417220474807, 2.8813040597098185, 99.19299237139812, 100.53065470906046, 100.53065470906046]], 'ys': [[0.6902615582501296, 1.3507553854106236, 106.36927390392914, 106.36927390392914], [105.04828624960815, 212.04828624960817, 212.70878007676865, 106.36927390392914, 106.36927390392914]]}",dark,FALSE,3,"(5400, 7200)",0.255968906,0.749028318,963.6893291,96.42075907
17,2,1,21J_LD2_17_18_19_20_2024-05-28 12-22-01.mkv,99,TRUE,0.5,50,1950,"{'xs': [[2.8813040597098185, 100.53065470906046, 100.53065470906046, 1.5436417220474807], [1.5436417220474807, 2.8813040597098185, 99.19299237139812, 100.53065470906046, 100.53065470906046]], 'ys': [[0.6902615582501296, 1.3507553854106236, 106.36927390392914, 106.36927390392914], [105.04828624960815, 212.04828624960817, 212.70878007676865, 106.36927390392914, 106.36927390392914]]}",dark,FALSE,3,"(5400, 7200)",0.2476402,0.7523598,1415.615039,141.6376341
21,2,1,21J_LD2_21_22_23_24_2024-05-28 12-30-22.mkv,99,TRUE,0.5,50,1950,"{'xs': [[2.8813040597098185, 100.53065470906046, 100.53065470906046, 1.5436417220474807], [1.5436417220474807, 2.8813040597098185, 99.19299237139812, 100.53065470906046, 100.53065470906046]], 'ys': [[0.6902615582501296, 1.3507553854106236, 106.36927390392914, 106.36927390392914], [105.04828624960815, 212.04828624960817, 212.70878007676865, 106.36927390392914, 106.36927390392914]]}",light,FALSE,3,"(5400, 7200)",0.138256524,0.868406441,990.7948249,99.13276635
25,2,1,21J_LD2_25_26_27_28_2024-05-28 12-39-35.mkv,99,TRUE,0.5,50,1950,"{'xs': [[2.8813040597098185, 100.53065470906046, 100.53065470906046, 1.5436417220474807], [1.5436417220474807, 2.8813040597098185, 99.19299237139812, 100.53065470906046, 100.53065470906046]], 'ys': [[0.6902615582501296, 1.3507553854106236, 106.36927390392914, 106.36927390392914], [105.04828624960815, 212.04828624960817, 212.70878007676865, 106.36927390392914, 106.36927390392914]]}",light,FALSE,3,"(5400, 7200)",0.365907829,0.648528595,1156.146116,115.6767879
29,2,1,21J_LD2_29_31_32_2024-05-28 12-48-10.mkv,99,TRUE,0.5,50,1950,"{'xs': [[2.8813040597098185, 100.53065470906046, 100.53065470906046, 1.5436417220474807], [1.5436417220474807, 2.8813040597098185, 99.19299237139812, 100.53065470906046, 100.53065470906046]], 'ys': [[0.6902615582501296, 1.3507553854106236, 106.36927390392914, 106.36927390392914], [105.04828624960815, 212.04828624960817, 212.70878007676865, 106.36927390392914, 106.36927390392914]]}",light,FALSE,3,"(5400, 7200)",0.158800666,0.841199334,1481.057331,148.1853827
33,2,1,21J_LD2_33_34_35_36_2024-05-28 14-47-01.mkv,99,TRUE,0.5,50,1950,"{'xs': [[2.8813040597098185, 100.53065470906046, 100.53065470906046, 1.5436417220474807], [1.5436417220474807, 2.8813040597098185, 99.19299237139812, 100.53065470906046, 100.53065470906046]], 'ys': [[0.6902615582501296, 1.3507553854106236, 106.36927390392914, 106.36927390392914], [105.04828624960815, 212.04828624960817, 212.70878007676865, 106.36927390392914, 106.36927390392914]]}",light,FALSE,3,"(5400, 7200)",0.108828429,0.892282066,836.1439165,83.65935855
37,2,1,21J_LD2_37_38_39_40_2024-05-28 14-56-56.mkv,99,TRUE,0.5,50,1950,"{'xs': [[2.8813040597098185, 100.53065470906046, 100.53065470906046, 1.5436417220474807], [1.5436417220474807, 2.8813040597098185, 99.19299237139812, 100.53065470906046, 100.53065470906046]], 'ys': [[0.6902615582501296, 1.3507553854106236, 106.36927390392914, 106.36927390392914], [105.04828624960815, 212.04828624960817, 212.70878007676865, 106.36927390392914, 106.36927390392914]]}",light,FALSE,3,"(5400, 7200)",0.367018323,0.632981677,1386.198233,138.6943716
41,2,1,21J_LD2_41_42_43_44_2024-05-28 15-06-29.mkv,99,TRUE,0.5,50,1950,"{'xs': [[2.8813040597098185, 100.53065470906046, 100.53065470906046, 1.5436417220474807], [1.5436417220474807, 2.8813040597098185, 99.19299237139812, 100.53065470906046, 100.53065470906046]], 'ys': [[0.6902615582501296, 1.3507553854106236, 106.36927390392914, 106.36927390392914], [105.04828624960815, 212.04828624960817, 212.70878007676865, 106.36927390392914, 106.36927390392914]]}",dark,FALSE,3,"(5400, 7200)",0.16768462,0.83231538,814.9738743,81.54121583
45,2,1,21J_LD2_45_46_47_48_2024-05-28 15-16-42.mkv,99,TRUE,0.5,50,1950,"{'xs': [[2.8813040597098185, 100.53065470906046, 100.53065470906046, 1.5436417220474807], [1.5436417220474807, 2.8813040597098185, 99.19299237139812, 100.53065470906046, 100.53065470906046]], 'ys': [[0.6902615582501296, 1.3507553854106236, 106.36927390392914, 106.36927390392914], [105.04828624960815, 212.04828624960817, 212.70878007676865, 106.36927390392914, 106.36927390392914]]}",dark,FALSE,3,"(5400, 7200)",0.184342032,0.815657968,775.5885752,77.60056782
49,2,1,21J_LD2_49_50_51_52_2024-05-28 15-27-25.mkv,99,TRUE,0.5,50,1950,"{'xs': [[2.8813040597098185, 100.53065470906046, 100.53065470906046, 1.5436417220474807], [1.5436417220474807, 2.8813040597098185, 99.19299237139812, 100.53065470906046, 100.53065470906046]], 'ys': [[0.6902615582501296, 1.3507553854106236, 106.36927390392914, 106.36927390392914], [105.04828624960815, 212.04828624960817, 212.70878007676865, 106.36927390392914, 106.36927390392914]]}",light,FALSE,3,"(5400, 7200)",0.108828429,0.903387007,1063.103593,106.3675318
53,2,1,21J_LD2_53_54_55_56_2024-05-28 15-37-01.mkv,99,TRUE,0.5,50,1950,"{'xs': [[2.8813040597098185, 100.53065470906046, 100.53065470906046, 1.5436417220474807], [1.5436417220474807, 2.8813040597098185, 99.19299237139812, 100.53065470906046, 100.53065470906046]], 'ys': [[0.6902615582501296, 1.3507553854106236, 106.36927390392914, 106.36927390392914], [105.04828624960815, 212.04828624960817, 212.70878007676865, 106.36927390392914, 106.36927390392914]]}",dark,FALSE,3,"(5400, 7200)",0.271515825,0.729039423,1034.311268,103.4867509
57,2,1,21J_LD2_57_58_59_60_2024-05-28 15-46-48.mkv,99,TRUE,0.5,50,1950,"{'xs': [[2.8813040597098185, 100.53065470906046, 100.53065470906046, 1.5436417220474807], [1.5436417220474807, 2.8813040597098185, 99.19299237139812, 100.53065470906046, 100.53065470906046]], 'ys': [[0.6902615582501296, 1.3507553854106236, 106.36927390392914, 106.36927390392914], [105.04828624960815, 212.04828624960817, 212.70878007676865, 106.36927390392914, 106.36927390392914]]}",dark,FALSE,3,"(5400, 7200)",0.282620766,0.717934481,1114.953828,111.5553438
1,2,1,21J_LD2_01_02_03_04_2024-05-28 11-45-17.mkv,99,TRUE,0.5,50,1950,"{'xs': [[2.8813040597098185, 100.53065470906046, 100.53065470906046, 1.5436417220474807], [1.5436417220474807, 2.8813040597098185, 99.19299237139812, 100.53065470906046, 100.53065470906046]], 'ys': [[0.6902615582501296, 1.3507553854106236, 106.36927390392914, 106.36927390392914], [105.04828624960815, 212.04828624960817, 212.70878007676865, 106.36927390392914, 106.36927390392914]]}",dark,FALSE,4,"(7200, 9000)",0.142143254,0.857856746,1070.735681,107.1311511
5,2,1,21J_LD2_05_06_07_08_2024-05-28 11-54-42.mkv,99,TRUE,0.5,50,1950,"{'xs': [[2.8813040597098185, 100.53065470906046, 100.53065470906046, 1.5436417220474807], [1.5436417220474807, 2.8813040597098185, 99.19299237139812, 100.53065470906046, 100.53065470906046]], 'ys': [[0.6902615582501296, 1.3507553854106236, 106.36927390392914, 106.36927390392914], [105.04828624960815, 212.04828624960817, 212.70878007676865, 106.36927390392914, 106.36927390392914]]}",dark,FALSE,4,"(7200, 9000)",0.074403109,0.926707385,834.4758192,83.49245912
9,2,1,21J_LD2_09_10_11_12_2024-05-28 12-06-47.mkv,99,TRUE,0.5,50,1950,"{'xs': [[2.8813040597098185, 100.53065470906046, 100.53065470906046, 1.5436417220474807], [1.5436417220474807, 2.8813040597098185, 99.19299237139812, 100.53065470906046, 100.53065470906046]], 'ys': [[0.6902615582501296, 1.3507553854106236, 106.36927390392914, 106.36927390392914], [105.04828624960815, 212.04828624960817, 212.70878007676865, 106.36927390392914, 106.36927390392914]]}",dark,FALSE,4,"(7200, 9000)",0.325930039,0.674069961,1369.995948,137.0732717
13,2,1,21J_LD2_13_14_15_16_2024-05-28 12-14-02.mkv,99,TRUE,0.5,50,1950,"{'xs': [[2.8813040597098185, 100.53065470906046, 100.53065470906046, 1.5436417220474807], [1.5436417220474807, 2.8813040597098185, 99.19299237139812, 100.53065470906046, 100.53065470906046]], 'ys': [[0.6902615582501296, 1.3507553854106236, 106.36927390392914, 106.36927390392914], [105.04828624960815, 212.04828624960817, 212.70878007676865, 106.36927390392914, 106.36927390392914]]}",dark,FALSE,4,"(7200, 9000)",0.33182589,0.675522894,1110.320209,111.0917327
17,2,1,21J_LD2_17_18_19_20_2024-05-28 12-22-01.mkv,99,TRUE,0.5,50,1950,"{'xs': [[2.8813040597098185, 100.53065470906046, 100.53065470906046, 1.5436417220474807], [1.5436417220474807, 2.8813040597098185, 99.19299237139812, 100.53065470906046, 100.53065470906046]], 'ys': [[0.6902615582501296, 1.3507553854106236, 106.36927390392914, 106.36927390392914], [105.04828624960815, 212.04828624960817, 212.70878007676865, 106.36927390392914, 106.36927390392914]]}",dark,FALSE,4,"(7200, 9000)",0.206551916,0.795113826,1100.043593,110.0635184
21,2,1,21J_LD2_21_22_23_24_2024-05-28 12-30-22.mkv,99,TRUE,0.5,50,1950,"{'xs': [[2.8813040597098185, 100.53065470906046, 100.53065470906046, 1.5436417220474807], [1.5436417220474807, 2.8813040597098185, 99.19299237139812, 100.53065470906046, 100.53065470906046]], 'ys': [[0.6902615582501296, 1.3507553854106236, 106.36927390392914, 106.36927390392914], [105.04828624960815, 212.04828624960817, 212.70878007676865, 106.36927390392914, 106.36927390392914]]}",light,FALSE,4,"(7200, 9000)",0.271515825,0.72959467,870.2007132,87.06686976
25,2,1,21J_LD2_25_26_27_28_2024-05-28 12-39-35.mkv,99,TRUE,0.5,50,1950,"{'xs': [[2.8813040597098185, 100.53065470906046, 100.53065470906046, 1.5436417220474807], [1.5436417220474807, 2.8813040597098185, 99.19299237139812, 100.53065470906046, 100.53065470906046]], 'ys': [[0.6902615582501296, 1.3507553854106236, 106.36927390392914, 106.36927390392914], [105.04828624960815, 212.04828624960817, 212.70878007676865, 106.36927390392914, 106.36927390392914]]}",light,FALSE,4,"(7200, 9000)",0.224875069,0.776235425,1076.615215,107.7194207
29,2,1,21J_LD2_29_31_32_2024-05-28 12-48-10.mkv,99,TRUE,0.5,50,1950,"{'xs': [[2.8813040597098185, 100.53065470906046, 100.53065470906046, 1.5436417220474807], [1.5436417220474807, 2.8813040597098185, 99.19299237139812, 100.53065470906046, 100.53065470906046]], 'ys': [[0.6902615582501296, 1.3507553854106236, 106.36927390392914, 106.36927390392914], [105.04828624960815, 212.04828624960817, 212.70878007676865, 106.36927390392914, 106.36927390392914]]}",light,FALSE,4,"(7200, 9000)",0.358689617,0.64186563,1463.251167,146.4038087
33,2,1,21J_LD2_33_34_35_36_2024-05-28 14-47-01.mkv,99,TRUE,0.5,50,1950,"{'xs': [[2.8813040597098185, 100.53065470906046, 100.53065470906046, 1.5436417220474807], [1.5436417220474807, 2.8813040597098185, 99.19299237139812, 100.53065470906046, 100.53065470906046]], 'ys': [[0.6902615582501296, 1.3507553854106236, 106.36927390392914, 106.36927390392914], [105.04828624960815, 212.04828624960817, 212.70878007676865, 106.36927390392914, 106.36927390392914]]}",light,FALSE,4,"(7200, 9000)",0.227651305,0.772348695,616.7253663,61.70570344
37,2,1,21J_LD2_37_38_39_40_2024-05-28 14-56-56.mkv,99,TRUE,0.5,50,1950,"{'xs': [[2.8813040597098185, 100.53065470906046, 100.53065470906046, 1.5436417220474807], [1.5436417220474807, 2.8813040597098185, 99.19299237139812, 100.53065470906046, 100.53065470906046]], 'ys': [[0.6902615582501296, 1.3507553854106236, 106.36927390392914, 106.36927390392914], [105.04828624960815, 212.04828624960817, 212.70878007676865, 106.36927390392914, 106.36927390392914]]}",light,FALSE,4,"(7200, 9000)",0.193781233,0.806218767,1156.377771,115.6999658
41,2,1,21J_LD2_41_42_43_44_2024-05-28 15-06-29.mkv,99,TRUE,0.5,50,1950,"{'xs': [[2.8813040597098185, 100.53065470906046, 100.53065470906046, 1.5436417220474807], [1.5436417220474807, 2.8813040597098185, 99.19299237139812, 100.53065470906046, 100.53065470906046]], 'ys': [[0.6902615582501296, 1.3507553854106236, 106.36927390392914, 106.36927390392914], [105.04828624960815, 212.04828624960817, 212.70878007676865, 106.36927390392914, 106.36927390392914]]}",dark,FALSE,4,"(7200, 9000)",0,1,702.8748065,70.32528049
45,2,1,21J_LD2_45_46_47_48_2024-05-28 15-16-42.mkv,99,TRUE,0.5,50,1950,"{'xs': [[2.8813040597098185, 100.53065470906046, 100.53065470906046, 1.5436417220474807], [1.5436417220474807, 2.8813040597098185, 99.19299237139812, 100.53065470906046, 100.53065470906046]], 'ys': [[0.6902615582501296, 1.3507553854106236, 106.36927390392914, 106.36927390392914], [105.04828624960815, 212.04828624960817, 212.70878007676865, 106.36927390392914, 106.36927390392914]]}",dark,FALSE,4,"(7200, 9000)",0,1,774.1725119,77.45888534
49,2,1,21J_LD2_49_50_51_52_2024-05-28 15-27-25.mkv,99,TRUE,0.5,50,1950,"{'xs': [[2.8813040597098185, 100.53065470906046, 100.53065470906046, 1.5436417220474807], [1.5436417220474807, 2.8813040597098185, 99.19299237139812, 100.53065470906046, 100.53065470906046]], 'ys': [[0.6902615582501296, 1.3507553854106236, 106.36927390392914, 106.36927390392914], [105.04828624960815, 212.04828624960817, 212.70878007676865, 106.36927390392914, 106.36927390392914]]}",light,FALSE,4,"(7200, 9000)",0.509716824,0.49139367,1340.549518,134.1270451
53,2,1,21J_LD2_53_54_55_56_2024-05-28 15-37-01.mkv,99,TRUE,0.5,50,1950,"{'xs': [[2.8813040597098185, 100.53065470906046, 100.53065470906046, 1.5436417220474807], [1.5436417220474807, 2.8813040597098185, 99.19299237139812, 100.53065470906046, 100.53065470906046]], 'ys': [[0.6902615582501296, 1.3507553854106236, 106.36927390392914, 106.36927390392914], [105.04828624960815, 212.04828624960817, 212.70878007676865, 106.36927390392914, 106.36927390392914]]}",light,TRUE,4,"(7200, 9000)",0,1,893.6170819,89.40976594
57,2,1,21J_LD2_57_58_59_60_2024-05-28 15-46-48.mkv,99,TRUE,0.5,50,1950,"{'xs': [[2.8813040597098185, 100.53065470906046, 100.53065470906046, 1.5436417220474807], [1.5436417220474807, 2.8813040597098185, 99.19299237139812, 100.53065470906046, 100.53065470906046]], 'ys': [[0.6902615582501296, 1.3507553854106236, 106.36927390392914, 106.36927390392914], [105.04828624960815, 212.04828624960817, 212.70878007676865, 106.36927390392914, 106.36927390392914]]}",dark,FALSE,4,"(7200, 9000)",0.223209328,0.776790672,1201.771431,120.2417731
2,2,2,21J_LD2_01_02_03_04_2024-05-28 11-45-17.mkv,99,TRUE,0.5,50,1950,"{'xs': [[3.540848174652493, 98.51487414867846, 99.8525364863408, 3.540848174652493], [2.2031858369901554, 98.51487414867846, 99.8525364863408, 3.540848174652493]], 'ys': [[1.2002549081478675, 0.5367328955692512, 106.70025490814787, 106.70025490814787], [206.89207880751894, 208.8826448452548, 106.70025490814787, 106.70025490814787]]}",dark,FALSE,0,"(0, 1800)",0,1,695.7310992,69.61052558
6,2,2,21J_LD2_05_06_07_08_2024-05-28 11-54-42.mkv,99,TRUE,0.5,50,1950,"{'xs': [[3.540848174652493, 98.51487414867846, 99.8525364863408, 3.540848174652493], [2.2031858369901554, 98.51487414867846, 99.8525364863408, 3.540848174652493]], 'ys': [[1.2002549081478675, 0.5367328955692512, 106.70025490814787, 106.70025490814787], [206.89207880751894, 208.8826448452548, 106.70025490814787, 106.70025490814787]]}",light,FALSE,0,"(0, 1800)",0.457523598,0.547473626,1445.008018,144.5785128
10,2,2,21J_LD2_09_10_11_12_2024-05-28 12-06-47.mkv,99,TRUE,0.5,50,1950,"{'xs': [[3.540848174652493, 98.51487414867846, 99.8525364863408, 3.540848174652493], [2.2031858369901554, 98.51487414867846, 99.8525364863408, 3.540848174652493]], 'ys': [[1.2002549081478675, 0.5367328955692512, 106.70025490814787, 106.70025490814787], [206.89207880751894, 208.8826448452548, 106.70025490814787, 106.70025490814787]]}",dark,FALSE,0,"(0, 1800)",0.07995558,0.921154914,881.3415887,88.18155646
14,2,2,21J_LD2_13_14_15_16_2024-05-28 12-14-02.mkv,99,TRUE,0.5,50,1950,"{'xs': [[3.540848174652493, 98.51487414867846, 99.8525364863408, 3.540848174652493], [2.2031858369901554, 98.51487414867846, 99.8525364863408, 3.540848174652493]], 'ys': [[1.2002549081478675, 0.5367328955692512, 106.70025490814787, 106.70025490814787], [206.89207880751894, 208.8826448452548, 106.70025490814787, 106.70025490814787]]}",dark,FALSE,0,"(0, 1800)",0.436424209,0.567462521,1354.316762,135.5045099
18,2,2,21J_LD2_17_18_19_20_2024-05-28 12-22-01.mkv,99,TRUE,0.5,50,1950,"{'xs': [[3.540848174652493, 98.51487414867846, 99.8525364863408, 3.540848174652493], [2.2031858369901554, 98.51487414867846, 99.8525364863408, 3.540848174652493]], 'ys': [[1.2002549081478675, 0.5367328955692512, 106.70025490814787, 106.70025490814787], [206.89207880751894, 208.8826448452548, 106.70025490814787, 106.70025490814787]]}",dark,FALSE,0,"(0, 1800)",0.362021099,0.640199889,1264.029853,126.4709634
22,2,2,21J_LD2_21_22_23_24_2024-05-28 12-30-22.mkv,99,TRUE,0.5,50,1950,"{'xs': [[3.540848174652493, 98.51487414867846, 99.8525364863408, 3.540848174652493], [2.2031858369901554, 98.51487414867846, 99.8525364863408, 3.540848174652493]], 'ys': [[1.2002549081478675, 0.5367328955692512, 106.70025490814787, 106.70025490814787], [206.89207880751894, 208.8826448452548, 106.70025490814787, 106.70025490814787]]}",dark,FALSE,0,"(0, 1800)",0,1,1150.968602,115.158758
26,2,2,21J_LD2_25_26_27_28_2024-05-28 12-39-35.mkv,99,TRUE,0.5,50,1950,"{'xs': [[3.540848174652493, 98.51487414867846, 99.8525364863408, 3.540848174652493], [2.2031858369901554, 98.51487414867846, 99.8525364863408, 3.540848174652493]], 'ys': [[1.2002549081478675, 0.5367328955692512, 106.70025490814787, 106.70025490814787], [206.89207880751894, 208.8826448452548, 106.70025490814787, 106.70025490814787]]}",dark,FALSE,0,"(0, 1800)",0.435313715,0.568017768,1680.845442,168.1749382
34,2,2,21J_LD2_33_34_35_36_2024-05-28 14-47-01.mkv,99,TRUE,0.5,50,1950,"{'xs': [[3.540848174652493, 98.51487414867846, 99.8525364863408, 3.540848174652493], [2.2031858369901554, 98.51487414867846, 99.8525364863408, 3.540848174652493]], 'ys': [[1.2002549081478675, 0.5367328955692512, 106.70025490814787, 106.70025490814787], [206.89207880751894, 208.8826448452548, 106.70025490814787, 106.70025490814787]]}",dark,FALSE,0,"(0, 1800)",0,1,436.3330006,43.65676558
38,2,2,21J_LD2_37_38_39_40_2024-05-28 14-56-56.mkv,99,TRUE,0.5,50,1950,"{'xs': [[3.540848174652493, 98.51487414867846, 99.8525364863408, 3.540848174652493], [2.2031858369901554, 98.51487414867846, 99.8525364863408, 3.540848174652493]], 'ys': [[1.2002549081478675, 0.5367328955692512, 106.70025490814787, 106.70025490814787], [206.89207880751894, 208.8826448452548, 106.70025490814787, 106.70025490814787]]}",dark,FALSE,0,"(0, 1800)",0.011660189,0.989450305,630.0110593,63.03498724
42,2,2,21J_LD2_41_42_43_44_2024-05-28 15-06-29.mkv,99,TRUE,0.5,50,1950,"{'xs': [[3.540848174652493, 98.51487414867846, 99.8525364863408, 3.540848174652493], [2.2031858369901554, 98.51487414867846, 99.8525364863408, 3.540848174652493]], 'ys': [[1.2002549081478675, 0.5367328955692512, 106.70025490814787, 106.70025490814787], [206.89207880751894, 208.8826448452548, 106.70025490814787, 106.70025490814787]]}",dark,FALSE,0,"(0, 1800)",0.111049417,0.891171571,887.226185,88.77033256
46,2,2,21J_LD2_45_46_47_48_2024-05-28 15-16-42.mkv,99,TRUE,0.5,50,1950,"{'xs': [[3.540848174652493, 98.51487414867846, 99.8525364863408, 3.540848174652493], [2.2031858369901554, 98.51487414867846, 99.8525364863408, 3.540848174652493]], 'ys': [[1.2002549081478675, 0.5367328955692512, 106.70025490814787, 106.70025490814787], [206.89207880751894, 208.8826448452548, 106.70025490814787, 106.70025490814787]]}",light,FALSE,0,"(0, 1800)",0.40199889,0.599666852,1434.372178,143.5143568
50,2,2,21J_LD2_49_50_51_52_2024-05-28 15-27-25.mkv,99,TRUE,0.5,50,1950,"{'xs': [[3.540848174652493, 98.51487414867846, 99.8525364863408, 3.540848174652493], [2.2031858369901554, 98.51487414867846, 99.8525364863408, 3.540848174652493]], 'ys': [[1.2002549081478675, 0.5367328955692512, 106.70025490814787, 106.70025490814787], [206.89207880751894, 208.8826448452548, 106.70025490814787, 106.70025490814787]]}",dark,FALSE,0,"(0, 1800)",0.176013326,0.823986674,715.6275634,71.60124201
54,2,2,21J_LD2_53_54_55_56_2024-05-28 15-37-01.mkv,99,TRUE,0.5,50,1950,"{'xs': [[3.540848174652493, 98.51487414867846, 99.8525364863408, 3.540848174652493], [2.2031858369901554, 98.51487414867846, 99.8525364863408, 3.540848174652493]], 'ys': [[1.2002549081478675, 0.5367328955692512, 106.70025490814787, 106.70025490814787], [206.89207880751894, 208.8826448452548, 106.70025490814787, 106.70025490814787]]}",light,FALSE,0,"(0, 1800)",0.214325375,0.786229872,1534.982072,153.5807568
58,2,2,21J_LD2_57_58_59_60_2024-05-28 15-46-48.mkv,99,TRUE,0.5,50,1950,"{'xs': [[3.540848174652493, 98.51487414867846, 99.8525364863408, 3.540848174652493], [2.2031858369901554, 98.51487414867846, 99.8525364863408, 3.540848174652493]], 'ys': [[1.2002549081478675, 0.5367328955692512, 106.70025490814787, 106.70025490814787], [206.89207880751894, 208.8826448452548, 106.70025490814787, 106.70025490814787]]}",dark,FALSE,0,"(0, 1800)",0.138256524,0.864519711,1228.549817,122.9210518
2,2,2,21J_LD2_01_02_03_04_2024-05-28 11-45-17.mkv,99,TRUE,0.5,50,1950,"{'xs': [[3.540848174652493, 98.51487414867846, 99.8525364863408, 3.540848174652493], [2.2031858369901554, 98.51487414867846, 99.8525364863408, 3.540848174652493]], 'ys': [[1.2002549081478675, 0.5367328955692512, 106.70025490814787, 106.70025490814787], [206.89207880751894, 208.8826448452548, 106.70025490814787, 106.70025490814787]]}",dark,FALSE,1,"(1800, 3600)",0.153803443,0.847862299,1252.164994,125.2838394
6,2,2,21J_LD2_05_06_07_08_2024-05-28 11-54-42.mkv,99,TRUE,0.5,50,1950,"{'xs': [[3.540848174652493, 98.51487414867846, 99.8525364863408, 3.540848174652493], [2.2031858369901554, 98.51487414867846, 99.8525364863408, 3.540848174652493]], 'ys': [[1.2002549081478675, 0.5367328955692512, 106.70025490814787, 106.70025490814787], [206.89207880751894, 208.8826448452548, 106.70025490814787, 106.70025490814787]]}",light,FALSE,1,"(1800, 3600)",0.411993337,0.591338145,1614.238781,161.5106901
10,2,2,21J_LD2_09_10_11_12_2024-05-28 12-06-47.mkv,99,TRUE,0.5,50,1950,"{'xs': [[3.540848174652493, 98.51487414867846, 99.8525364863408, 3.540848174652493], [2.2031858369901554, 98.51487414867846, 99.8525364863408, 3.540848174652493]], 'ys': [[1.2002549081478675, 0.5367328955692512, 106.70025490814787, 106.70025490814787], [206.89207880751894, 208.8826448452548, 106.70025490814787, 106.70025490814787]]}",dark,FALSE,1,"(1800, 3600)",0.302054414,0.701277068,1249.33322,125.0005098
14,2,2,21J_LD2_13_14_15_16_2024-05-28 12-14-02.mkv,99,TRUE,0.5,50,1950,"{'xs': [[3.540848174652493, 98.51487414867846, 99.8525364863408, 3.540848174652493], [2.2031858369901554, 98.51487414867846, 99.8525364863408, 3.540848174652493]], 'ys': [[1.2002549081478675, 0.5367328955692512, 106.70025490814787, 106.70025490814787], [206.89207880751894, 208.8826448452548, 106.70025490814787, 106.70025490814787]]}",dark,FALSE,1,"(1800, 3600)",0.431982232,0.568573015,1267.553178,126.8234855
18,2,2,21J_LD2_17_18_19_20_2024-05-28 12-22-01.mkv,99,TRUE,0.5,50,1950,"{'xs': [[3.540848174652493, 98.51487414867846, 99.8525364863408, 3.540848174652493], [2.2031858369901554, 98.51487414867846, 99.8525364863408, 3.540848174652493]], 'ys': [[1.2002549081478675, 0.5367328955692512, 106.70025490814787, 106.70025490814787], [206.89207880751894, 208.8826448452548, 106.70025490814787, 106.70025490814787]]}",dark,FALSE,1,"(1800, 3600)",0.290394225,0.718489728,1329.709724,133.0424828
22,2,2,21J_LD2_21_22_23_24_2024-05-28 12-30-22.mkv,99,TRUE,0.5,50,1950,"{'xs': [[3.540848174652493, 98.51487414867846, 99.8525364863408, 3.540848174652493], [2.2031858369901554, 98.51487414867846, 99.8525364863408, 3.540848174652493]], 'ys': [[1.2002549081478675, 0.5367328955692512, 106.70025490814787, 106.70025490814787], [206.89207880751894, 208.8826448452548, 106.70025490814787, 106.70025490814787]]}",dark,FALSE,1,"(1800, 3600)",0.168239867,0.831760133,1008.802083,100.9344606
26,2,2,21J_LD2_25_26_27_28_2024-05-28 12-39-35.mkv,99,TRUE,0.5,50,1950,"{'xs': [[3.540848174652493, 98.51487414867846, 99.8525364863408, 3.540848174652493], [2.2031858369901554, 98.51487414867846, 99.8525364863408, 3.540848174652493]], 'ys': [[1.2002549081478675, 0.5367328955692512, 106.70025490814787, 106.70025490814787], [206.89207880751894, 208.8826448452548, 106.70025490814787, 106.70025490814787]]}",dark,FALSE,1,"(1800, 3600)",0.290394225,0.711826763,1519.354333,152.0171425
34,2,2,21J_LD2_33_34_35_36_2024-05-28 14-47-01.mkv,99,TRUE,0.5,50,1950,"{'xs': [[3.540848174652493, 98.51487414867846, 99.8525364863408, 3.540848174652493], [2.2031858369901554, 98.51487414867846, 99.8525364863408, 3.540848174652493]], 'ys': [[1.2002549081478675, 0.5367328955692512, 106.70025490814787, 106.70025490814787], [206.89207880751894, 208.8826448452548, 106.70025490814787, 106.70025490814787]]}",dark,FALSE,1,"(1800, 3600)",0.21710161,0.784564131,1202.144646,120.2791147
38,2,2,21J_LD2_37_38_39_40_2024-05-28 14-56-56.mkv,99,TRUE,0.5,50,1950,"{'xs': [[3.540848174652493, 98.51487414867846, 99.8525364863408, 3.540848174652493], [2.2031858369901554, 98.51487414867846, 99.8525364863408, 3.540848174652493]], 'ys': [[1.2002549081478675, 0.5367328955692512, 106.70025490814787, 106.70025490814787], [206.89207880751894, 208.8826448452548, 106.70025490814787, 106.70025490814787]]}",dark,FALSE,1,"(1800, 3600)",0.003331483,1,916.2901318,91.67829026
42,2,2,21J_LD2_41_42_43_44_2024-05-28 15-06-29.mkv,99,TRUE,0.5,50,1950,"{'xs': [[3.540848174652493, 98.51487414867846, 99.8525364863408, 3.540848174652493], [2.2031858369901554, 98.51487414867846, 99.8525364863408, 3.540848174652493]], 'ys': [[1.2002549081478675, 0.5367328955692512, 106.70025490814787, 106.70025490814787], [206.89207880751894, 208.8826448452548, 106.70025490814787, 106.70025490814787]]}",dark,FALSE,1,"(1800, 3600)",0.396446419,0.603553581,896.8896419,89.73719793
46,2,2,21J_LD2_45_46_47_48_2024-05-28 15-16-42.mkv,99,TRUE,0.5,50,1950,"{'xs': [[3.540848174652493, 98.51487414867846, 99.8525364863408, 3.540848174652493], [2.2031858369901554, 98.51487414867846, 99.8525364863408, 3.540848174652493]], 'ys': [[1.2002549081478675, 0.5367328955692512, 106.70025490814787, 106.70025490814787], [206.89207880751894, 208.8826448452548, 106.70025490814787, 106.70025490814787]]}",light,FALSE,1,"(1800, 3600)",0.373126041,0.627984453,1315.065342,131.577257
50,2,2,21J_LD2_49_50_51_52_2024-05-28 15-27-25.mkv,99,TRUE,0.5,50,1950,"{'xs': [[3.540848174652493, 98.51487414867846, 99.8525364863408, 3.540848174652493], [2.2031858369901554, 98.51487414867846, 99.8525364863408, 3.540848174652493]], 'ys': [[1.2002549081478675, 0.5367328955692512, 106.70025490814787, 106.70025490814787], [206.89207880751894, 208.8826448452548, 106.70025490814787, 106.70025490814787]]}",dark,FALSE,1,"(1800, 3600)",0,1,776.6395685,77.70572368
54,2,2,21J_LD2_53_54_55_56_2024-05-28 15-37-01.mkv,99,TRUE,0.5,50,1950,"{'xs': [[3.540848174652493, 98.51487414867846, 99.8525364863408, 3.540848174652493], [2.2031858369901554, 98.51487414867846, 99.8525364863408, 3.540848174652493]], 'ys': [[1.2002549081478675, 0.5367328955692512, 106.70025490814787, 106.70025490814787], [206.89207880751894, 208.8826448452548, 106.70025490814787, 106.70025490814787]]}",light,FALSE,1,"(1800, 3600)",0.254858412,0.746252082,1399.192825,139.9945295
58,2,2,21J_LD2_57_58_59_60_2024-05-28 15-46-48.mkv,99,TRUE,0.5,50,1950,"{'xs': [[3.540848174652493, 98.51487414867846, 99.8525364863408, 3.540848174652493], [2.2031858369901554, 98.51487414867846, 99.8525364863408, 3.540848174652493]], 'ys': [[1.2002549081478675, 0.5367328955692512, 106.70025490814787, 106.70025490814787], [206.89207880751894, 208.8826448452548, 106.70025490814787, 106.70025490814787]]}",dark,FALSE,1,"(1800, 3600)",0.140477512,0.859522488,1275.265829,127.5951653
2,2,2,21J_LD2_01_02_03_04_2024-05-28 11-45-17.mkv,99,TRUE,0.5,50,1950,"{'xs': [[3.540848174652493, 98.51487414867846, 99.8525364863408, 3.540848174652493], [2.2031858369901554, 98.51487414867846, 99.8525364863408, 3.540848174652493]], 'ys': [[1.2002549081478675, 0.5367328955692512, 106.70025490814787, 106.70025490814787], [206.89207880751894, 208.8826448452548, 106.70025490814787, 106.70025490814787]]}",dark,FALSE,2,"(3600, 5400)",0.122709606,0.878400888,960.8910609,96.14078176
6,2,2,21J_LD2_05_06_07_08_2024-05-28 11-54-42.mkv,99,TRUE,0.5,50,1950,"{'xs': [[3.540848174652493, 98.51487414867846, 99.8525364863408, 3.540848174652493], [2.2031858369901554, 98.51487414867846, 99.8525364863408, 3.540848174652493]], 'ys': [[1.2002549081478675, 0.5367328955692512, 106.70025490814787, 106.70025490814787], [206.89207880751894, 208.8826448452548, 106.70025490814787, 106.70025490814787]]}",light,FALSE,2,"(3600, 5400)",0.372015547,0.629094947,1247.991282,124.8662438
10,2,2,21J_LD2_09_10_11_12_2024-05-28 12-06-47.mkv,99,TRUE,0.5,50,1950,"{'xs': [[3.540848174652493, 98.51487414867846, 99.8525364863408, 3.540848174652493], [2.2031858369901554, 98.51487414867846, 99.8525364863408, 3.540848174652493]], 'ys': [[1.2002549081478675, 0.5367328955692512, 106.70025490814787, 106.70025490814787], [206.89207880751894, 208.8826448452548, 106.70025490814787, 106.70025490814787]]}",dark,FALSE,2,"(3600, 5400)",0.146029983,0.855080511,1100.450834,110.1042645
14,2,2,21J_LD2_13_14_15_16_2024-05-28 12-14-02.mkv,99,TRUE,0.5,50,1950,"{'xs': [[3.540848174652493, 98.51487414867846, 99.8525364863408, 3.540848174652493], [2.2031858369901554, 98.51487414867846, 99.8525364863408, 3.540848174652493]], 'ys': [[1.2002549081478675, 0.5367328955692512, 106.70025490814787, 106.70025490814787], [206.89207880751894, 208.8826448452548, 106.70025490814787, 106.70025490814787]]}",dark,FALSE,2,"(3600, 5400)",0.470849528,0.530260966,1411.031306,141.1790143
18,2,2,21J_LD2_17_18_19_20_2024-05-28 12-22-01.mkv,99,TRUE,0.5,50,1950,"{'xs': [[3.540848174652493, 98.51487414867846, 99.8525364863408, 3.540848174652493], [2.2031858369901554, 98.51487414867846, 99.8525364863408, 3.540848174652493]], 'ys': [[1.2002549081478675, 0.5367328955692512, 106.70025490814787, 106.70025490814787], [206.89207880751894, 208.8826448452548, 106.70025490814787, 106.70025490814787]]}",dark,FALSE,2,"(3600, 5400)",0.400333148,0.599666852,1396.310748,139.7061669
22,2,2,21J_LD2_21_22_23_24_2024-05-28 12-30-22.mkv,99,TRUE,0.5,50,1950,"{'xs': [[3.540848174652493, 98.51487414867846, 99.8525364863408, 3.540848174652493], [2.2031858369901554, 98.51487414867846, 99.8525364863408, 3.540848174652493]], 'ys': [[1.2002549081478675, 0.5367328955692512, 106.70025490814787, 106.70025490814787], [206.89207880751894, 208.8826448452548, 106.70025490814787, 106.70025490814787]]}",dark,FALSE,2,"(3600, 5400)",0.240977235,0.761243753,1112.760573,111.3359003
26,2,2,21J_LD2_25_26_27_28_2024-05-28 12-39-35.mkv,99,TRUE,0.5,50,1950,"{'xs': [[3.540848174652493, 98.51487414867846, 99.8525364863408, 3.540848174652493], [2.2031858369901554, 98.51487414867846, 99.8525364863408, 3.540848174652493]], 'ys': [[1.2002549081478675, 0.5367328955692512, 106.70025490814787, 106.70025490814787], [206.89207880751894, 208.8826448452548, 106.70025490814787, 106.70025490814787]]}",dark,FALSE,2,"(3600, 5400)",0.350916158,0.650194336,1571.791349,157.2636641
34,2,2,21J_LD2_33_34_35_36_2024-05-28 14-47-01.mkv,99,TRUE,0.5,50,1950,"{'xs': [[3.540848174652493, 98.51487414867846, 99.8525364863408, 3.540848174652493], [2.2031858369901554, 98.51487414867846, 99.8525364863408, 3.540848174652493]], 'ys': [[1.2002549081478675, 0.5367328955692512, 106.70025490814787, 106.70025490814787], [206.89207880751894, 208.8826448452548, 106.70025490814787, 106.70025490814787]]}",dark,FALSE,2,"(3600, 5400)",0.204886174,0.796779567,1047.493581,104.8056911
38,2,2,21J_LD2_37_38_39_40_2024-05-28 14-56-56.mkv,99,TRUE,0.5,50,1950,"{'xs': [[3.540848174652493, 98.51487414867846, 99.8525364863408, 3.540848174652493], [2.2031858369901554, 98.51487414867846, 99.8525364863408, 3.540848174652493]], 'ys': [[1.2002549081478675, 0.5367328955692512, 106.70025490814787, 106.70025490814787], [206.89207880751894, 208.8826448452548, 106.70025490814787, 106.70025490814787]]}",dark,FALSE,2,"(3600, 5400)",0.058300944,0.963353692,912.3512102,91.28418627
42,2,2,21J_LD2_41_42_43_44_2024-05-28 15-06-29.mkv,99,TRUE,0.5,50,1950,"{'xs': [[3.540848174652493, 98.51487414867846, 99.8525364863408, 3.540848174652493], [2.2031858369901554, 98.51487414867846, 99.8525364863408, 3.540848174652493]], 'ys': [[1.2002549081478675, 0.5367328955692512, 106.70025490814787, 106.70025490814787], [206.89207880751894, 208.8826448452548, 106.70025490814787, 106.70025490814787]]}",dark,FALSE,2,"(3600, 5400)",0.551915602,0.451971127,1015.183026,101.5728981
46,2,2,21J_LD2_45_46_47_48_2024-05-28 15-16-42.mkv,99,TRUE,0.5,50,1950,"{'xs': [[3.540848174652493, 98.51487414867846, 99.8525364863408, 3.540848174652493], [2.2031858369901554, 98.51487414867846, 99.8525364863408, 3.540848174652493]], 'ys': [[1.2002549081478675, 0.5367328955692512, 106.70025490814787, 106.70025490814787], [206.89207880751894, 208.8826448452548, 106.70025490814787, 106.70025490814787]]}",light,FALSE,2,"(3600, 5400)",0.523598001,0.49139367,1417.766608,141.8529068
50,2,2,21J_LD2_49_50_51_52_2024-05-28 15-27-25.mkv,99,TRUE,0.5,50,1950,"{'xs': [[3.540848174652493, 98.51487414867846, 99.8525364863408, 3.540848174652493], [2.2031858369901554, 98.51487414867846, 99.8525364863408, 3.540848174652493]], 'ys': [[1.2002549081478675, 0.5367328955692512, 106.70025490814787, 106.70025490814787], [206.89207880751894, 208.8826448452548, 106.70025490814787, 106.70025490814787]]}",dark,FALSE,2,"(3600, 5400)",0.212104386,0.787895614,1079.791659,108.0372359
54,2,2,21J_LD2_53_54_55_56_2024-05-28 15-37-01.mkv,99,TRUE,0.5,50,1950,"{'xs': [[3.540848174652493, 98.51487414867846, 99.8525364863408, 3.540848174652493], [2.2031858369901554, 98.51487414867846, 99.8525364863408, 3.540848174652493]], 'ys': [[1.2002549081478675, 0.5367328955692512, 106.70025490814787, 106.70025490814787], [206.89207880751894, 208.8826448452548, 106.70025490814787, 106.70025490814787]]}",light,FALSE,2,"(3600, 5400)",0.315935591,0.686285397,1670.363657,167.126196
58,2,2,21J_LD2_57_58_59_60_2024-05-28 15-46-48.mkv,99,TRUE,0.5,50,1950,"{'xs': [[3.540848174652493, 98.51487414867846, 99.8525364863408, 3.540848174652493], [2.2031858369901554, 98.51487414867846, 99.8525364863408, 3.540848174652493]], 'ys': [[1.2002549081478675, 0.5367328955692512, 106.70025490814787, 106.70025490814787], [206.89207880751894, 208.8826448452548, 106.70025490814787, 106.70025490814787]]}",dark,FALSE,2,"(3600, 5400)",0.091060522,0.910049972,1083.271786,108.3854357
2,2,2,21J_LD2_01_02_03_04_2024-05-28 11-45-17.mkv,99,TRUE,0.5,50,1950,"{'xs': [[3.540848174652493, 98.51487414867846, 99.8525364863408, 3.540848174652493], [2.2031858369901554, 98.51487414867846, 99.8525364863408, 3.540848174652493]], 'ys': [[1.2002549081478675, 0.5367328955692512, 106.70025490814787, 106.70025490814787], [206.89207880751894, 208.8826448452548, 106.70025490814787, 106.70025490814787]]}",dark,FALSE,3,"(5400, 7200)",0.232093282,0.769017213,1031.925469,103.2480427
6,2,2,21J_LD2_05_06_07_08_2024-05-28 11-54-42.mkv,99,TRUE,0.5,50,1950,"{'xs': [[3.540848174652493, 98.51487414867846, 99.8525364863408, 3.540848174652493], [2.2031858369901554, 98.51487414867846, 99.8525364863408, 3.540848174652493]], 'ys': [[1.2002549081478675, 0.5367328955692512, 106.70025490814787, 106.70025490814787], [206.89207880751894, 208.8826448452548, 106.70025490814787, 106.70025490814787]]}",light,FALSE,3,"(5400, 7200)",0.399777901,0.600222099,1263.547912,126.4227434
10,2,2,21J_LD2_09_10_11_12_2024-05-28 12-06-47.mkv,99,TRUE,0.5,50,1950,"{'xs': [[3.540848174652493, 98.51487414867846, 99.8525364863408, 3.540848174652493], [2.2031858369901554, 98.51487414867846, 99.8525364863408, 3.540848174652493]], 'ys': [[1.2002549081478675, 0.5367328955692512, 106.70025490814787, 106.70025490814787], [206.89207880751894, 208.8826448452548, 106.70025490814787, 106.70025490814787]]}",dark,FALSE,3,"(5400, 7200)",0.353692393,0.661299278,1050.363297,105.0928171
14,2,2,21J_LD2_13_14_15_16_2024-05-28 12-14-02.mkv,99,TRUE,0.5,50,1950,"{'xs': [[3.540848174652493, 98.51487414867846, 99.8525364863408, 3.540848174652493], [2.2031858369901554, 98.51487414867846, 99.8525364863408, 3.540848174652493]], 'ys': [[1.2002549081478675, 0.5367328955692512, 106.70025490814787, 106.70025490814787], [206.89207880751894, 208.8826448452548, 106.70025490814787, 106.70025490814787]]}",dark,FALSE,3,"(5400, 7200)",0.540810661,0.466407551,1544.962377,154.5793241
18,2,2,21J_LD2_17_18_19_20_2024-05-28 12-22-01.mkv,99,TRUE,0.5,50,1950,"{'xs': [[3.540848174652493, 98.51487414867846, 99.8525364863408, 3.540848174652493], [2.2031858369901554, 98.51487414867846, 99.8525364863408, 3.540848174652493]], 'ys': [[1.2002549081478675, 0.5367328955692512, 106.70025490814787, 106.70025490814787], [206.89207880751894, 208.8826448452548, 106.70025490814787, 106.70025490814787]]}",dark,FALSE,3,"(5400, 7200)",0.317046086,0.68961688,1565.942968,156.6785115
22,2,2,21J_LD2_21_22_23_24_2024-05-28 12-30-22.mkv,99,TRUE,0.5,50,1950,"{'xs': [[3.540848174652493, 98.51487414867846, 99.8525364863408, 3.540848174652493], [2.2031858369901554, 98.51487414867846, 99.8525364863408, 3.540848174652493]], 'ys': [[1.2002549081478675, 0.5367328955692512, 106.70025490814787, 106.70025490814787], [206.89207880751894, 208.8826448452548, 106.70025490814787, 106.70025490814787]]}",dark,FALSE,3,"(5400, 7200)",0.404219878,0.598556358,1259.097559,125.9774688
26,2,2,21J_LD2_25_26_27_28_2024-05-28 12-39-35.mkv,99,TRUE,0.5,50,1950,"{'xs': [[3.540848174652493, 98.51487414867846, 99.8525364863408, 3.540848174652493], [2.2031858369901554, 98.51487414867846, 99.8525364863408, 3.540848174652493]], 'ys': [[1.2002549081478675, 0.5367328955692512, 106.70025490814787, 106.70025490814787], [206.89207880751894, 208.8826448452548, 106.70025490814787, 106.70025490814787]]}",dark,FALSE,3,"(5400, 7200)",0.597445863,0.414214325,1348.020003,134.8744953
34,2,2,21J_LD2_33_34_35_36_2024-05-28 14-47-01.mkv,99,TRUE,0.5,50,1950,"{'xs': [[3.540848174652493, 98.51487414867846, 99.8525364863408, 3.540848174652493], [2.2031858369901554, 98.51487414867846, 99.8525364863408, 3.540848174652493]], 'ys': [[1.2002549081478675, 0.5367328955692512, 106.70025490814787, 106.70025490814787], [206.89207880751894, 208.8826448452548, 106.70025490814787, 106.70025490814787]]}",dark,FALSE,3,"(5400, 7200)",0.255968906,0.744031094,989.1708659,98.97028312
38,2,2,21J_LD2_37_38_39_40_2024-05-28 14-56-56.mkv,99,TRUE,0.5,50,1950,"{'xs': [[3.540848174652493, 98.51487414867846, 99.8525364863408, 3.540848174652493], [2.2031858369901554, 98.51487414867846, 99.8525364863408, 3.540848174652493]], 'ys': [[1.2002549081478675, 0.5367328955692512, 106.70025490814787, 106.70025490814787], [206.89207880751894, 208.8826448452548, 106.70025490814787, 106.70025490814787]]}",dark,FALSE,3,"(5400, 7200)",0.132148806,0.8761799,1232.570777,123.323364
42,2,2,21J_LD2_41_42_43_44_2024-05-28 15-06-29.mkv,99,TRUE,0.5,50,1950,"{'xs': [[3.540848174652493, 98.51487414867846, 99.8525364863408, 3.540848174652493], [2.2031858369901554, 98.51487414867846, 99.8525364863408, 3.540848174652493]], 'ys': [[1.2002549081478675, 0.5367328955692512, 106.70025490814787, 106.70025490814787], [206.89207880751894, 208.8826448452548, 106.70025490814787, 106.70025490814787]]}",dark,FALSE,3,"(5400, 7200)",0.653525819,0.346474181,883.3080754,88.37831088
46,2,2,21J_LD2_45_46_47_48_2024-05-28 15-16-42.mkv,99,TRUE,0.5,50,1950,"{'xs': [[3.540848174652493, 98.51487414867846, 99.8525364863408, 3.540848174652493], [2.2031858369901554, 98.51487414867846, 99.8525364863408, 3.540848174652493]], 'ys': [[1.2002549081478675, 0.5367328955692512, 106.70025490814787, 106.70025490814787], [206.89207880751894, 208.8826448452548, 106.70025490814787, 106.70025490814787]]}",light,FALSE,3,"(5400, 7200)",0.381454747,0.620766241,1411.842937,141.260221
50,2,2,21J_LD2_49_50_51_52_2024-05-28 15-27-25.mkv,99,TRUE,0.5,50,1950,"{'xs': [[3.540848174652493, 98.51487414867846, 99.8525364863408, 3.540848174652493], [2.2031858369901554, 98.51487414867846, 99.8525364863408, 3.540848174652493]], 'ys': [[1.2002549081478675, 0.5367328955692512, 106.70025490814787, 106.70025490814787], [206.89207880751894, 208.8826448452548, 106.70025490814787, 106.70025490814787]]}",dark,FALSE,3,"(5400, 7200)",0.477512493,0.522487507,1405.292524,140.6048275
54,2,2,21J_LD2_53_54_55_56_2024-05-28 15-37-01.mkv,99,TRUE,0.5,50,1950,"{'xs': [[3.540848174652493, 98.51487414867846, 99.8525364863408, 3.540848174652493], [2.2031858369901554, 98.51487414867846, 99.8525364863408, 3.540848174652493]], 'ys': [[1.2002549081478675, 0.5367328955692512, 106.70025490814787, 106.70025490814787], [206.89207880751894, 208.8826448452548, 106.70025490814787, 106.70025490814787]]}",light,FALSE,3,"(5400, 7200)",0.172681843,0.831760133,1495.654941,149.6459288
58,2,2,21J_LD2_57_58_59_60_2024-05-28 15-46-48.mkv,99,TRUE,0.5,50,1950,"{'xs': [[3.540848174652493, 98.51487414867846, 99.8525364863408, 3.540848174652493], [2.2031858369901554, 98.51487414867846, 99.8525364863408, 3.540848174652493]], 'ys': [[1.2002549081478675, 0.5367328955692512, 106.70025490814787, 106.70025490814787], [206.89207880751894, 208.8826448452548, 106.70025490814787, 106.70025490814787]]}",dark,FALSE,3,"(5400, 7200)",0.484175458,0.516935036,1475.12345,147.5916755
2,2,2,21J_LD2_01_02_03_04_2024-05-28 11-45-17.mkv,99,TRUE,0.5,50,1950,"{'xs': [[3.540848174652493, 98.51487414867846, 99.8525364863408, 3.540848174652493], [2.2031858369901554, 98.51487414867846, 99.8525364863408, 3.540848174652493]], 'ys': [[1.2002549081478675, 0.5367328955692512, 106.70025490814787, 106.70025490814787], [206.89207880751894, 208.8826448452548, 106.70025490814787, 106.70025490814787]]}",dark,FALSE,4,"(7200, 9000)",0.31815658,0.682398667,1292.793191,129.3488441
6,2,2,21J_LD2_05_06_07_08_2024-05-28 11-54-42.mkv,99,TRUE,0.5,50,1950,"{'xs': [[3.540848174652493, 98.51487414867846, 99.8525364863408, 3.540848174652493], [2.2031858369901554, 98.51487414867846, 99.8525364863408, 3.540848174652493]], 'ys': [[1.2002549081478675, 0.5367328955692512, 106.70025490814787, 106.70025490814787], [206.89207880751894, 208.8826448452548, 106.70025490814787, 106.70025490814787]]}",light,FALSE,4,"(7200, 9000)",0.339255969,0.665741255,1413.355088,141.4115175
10,2,2,21J_LD2_09_10_11_12_2024-05-28 12-06-47.mkv,99,TRUE,0.5,50,1950,"{'xs': [[3.540848174652493, 98.51487414867846, 99.8525364863408, 3.540848174652493], [2.2031858369901554, 98.51487414867846, 99.8525364863408, 3.540848174652493]], 'ys': [[1.2002549081478675, 0.5367328955692512, 106.70025490814787, 106.70025490814787], [206.89207880751894, 208.8826448452548, 106.70025490814787, 106.70025490814787]]}",dark,FALSE,4,"(7200, 9000)",0.288728484,0.714047751,1089.718538,109.0304576
14,2,2,21J_LD2_13_14_15_16_2024-05-28 12-14-02.mkv,99,TRUE,0.5,50,1950,"{'xs': [[3.540848174652493, 98.51487414867846, 99.8525364863408, 3.540848174652493], [2.2031858369901554, 98.51487414867846, 99.8525364863408, 3.540848174652493]], 'ys': [[1.2002549081478675, 0.5367328955692512, 106.70025490814787, 106.70025490814787], [206.89207880751894, 208.8826448452548, 106.70025490814787, 106.70025490814787]]}",dark,FALSE,4,"(7200, 9000)",0.543244771,0.459016393,1436.723392,143.7496046
18,2,2,21J_LD2_17_18_19_20_2024-05-28 12-22-01.mkv,99,TRUE,0.5,50,1950,"{'xs': [[3.540848174652493, 98.51487414867846, 99.8525364863408, 3.540848174652493], [2.2031858369901554, 98.51487414867846, 99.8525364863408, 3.540848174652493]], 'ys': [[1.2002549081478675, 0.5367328955692512, 106.70025490814787, 106.70025490814787], [206.89207880751894, 208.8826448452548, 106.70025490814787, 106.70025490814787]]}",dark,FALSE,4,"(7200, 9000)",0.204886174,0.79622432,1197.000282,119.7644015
22,2,2,21J_LD2_21_22_23_24_2024-05-28 12-30-22.mkv,99,TRUE,0.5,50,1950,"{'xs': [[3.540848174652493, 98.51487414867846, 99.8525364863408, 3.540848174652493], [2.2031858369901554, 98.51487414867846, 99.8525364863408, 3.540848174652493]], 'ys': [[1.2002549081478675, 0.5367328955692512, 106.70025490814787, 106.70025490814787], [206.89207880751894, 208.8826448452548, 106.70025490814787, 106.70025490814787]]}",dark,FALSE,4,"(7200, 9000)",0.345918934,0.674069961,1125.937367,112.6542884
26,2,2,21J_LD2_25_26_27_28_2024-05-28 12-39-35.mkv,99,TRUE,0.5,50,1950,"{'xs': [[3.540848174652493, 98.51487414867846, 99.8525364863408, 3.540848174652493], [2.2031858369901554, 98.51487414867846, 99.8525364863408, 3.540848174652493]], 'ys': [[1.2002549081478675, 0.5367328955692512, 106.70025490814787, 106.70025490814787], [206.89207880751894, 208.8826448452548, 106.70025490814787, 106.70025490814787]]}",dark,FALSE,4,"(7200, 9000)",0.435313715,0.572459745,1375.332763,137.6072402
34,2,2,21J_LD2_33_34_35_36_2024-05-28 14-47-01.mkv,99,TRUE,0.5,50,1950,"{'xs': [[3.540848174652493, 98.51487414867846, 99.8525364863408, 3.540848174652493], [2.2031858369901554, 98.51487414867846, 99.8525364863408, 3.540848174652493]], 'ys': [[1.2002549081478675, 0.5367328955692512, 106.70025490814787, 106.70025490814787], [206.89207880751894, 208.8826448452548, 106.70025490814787, 106.70025490814787]]}",dark,FALSE,4,"(7200, 9000)",0.178234314,0.823431427,1272.683192,127.3367627
38,2,2,21J_LD2_37_38_39_40_2024-05-28 14-56-56.mkv,99,TRUE,0.5,50,1950,"{'xs': [[3.540848174652493, 98.51487414867846, 99.8525364863408, 3.540848174652493], [2.2031858369901554, 98.51487414867846, 99.8525364863408, 3.540848174652493]], 'ys': [[1.2002549081478675, 0.5367328955692512, 106.70025490814787, 106.70025490814787], [206.89207880751894, 208.8826448452548, 106.70025490814787, 106.70025490814787]]}",dark,FALSE,4,"(7200, 9000)",0.250416435,0.751249306,1239.284304,123.9950777
42,2,2,21J_LD2_41_42_43_44_2024-05-28 15-06-29.mkv,99,TRUE,0.5,50,1950,"{'xs': [[3.540848174652493, 98.51487414867846, 99.8525364863408, 3.540848174652493], [2.2031858369901554, 98.51487414867846, 99.8525364863408, 3.540848174652493]], 'ys': [[1.2002549081478675, 0.5367328955692512, 106.70025490814787, 106.70025490814787], [206.89207880751894, 208.8826448452548, 106.70025490814787, 106.70025490814787]]}",dark,FALSE,4,"(7200, 9000)",0.459189339,0.549139367,989.3437191,98.98757773
46,2,2,21J_LD2_45_46_47_48_2024-05-28 15-16-42.mkv,99,TRUE,0.5,50,1950,"{'xs': [[3.540848174652493, 98.51487414867846, 99.8525364863408, 3.540848174652493], [2.2031858369901554, 98.51487414867846, 99.8525364863408, 3.540848174652493]], 'ys': [[1.2002549081478675, 0.5367328955692512, 106.70025490814787, 106.70025490814787], [206.89207880751894, 208.8826448452548, 106.70025490814787, 106.70025490814787]]}",light,FALSE,4,"(7200, 9000)",0.606885064,0.393670183,1097.027102,109.7617071
50,2,2,21J_LD2_49_50_51_52_2024-05-28 15-27-25.mkv,99,TRUE,0.5,50,1950,"{'xs': [[3.540848174652493, 98.51487414867846, 99.8525364863408, 3.540848174652493], [2.2031858369901554, 98.51487414867846, 99.8525364863408, 3.540848174652493]], 'ys': [[1.2002549081478675, 0.5367328955692512, 106.70025490814787, 106.70025490814787], [206.89207880751894, 208.8826448452548, 106.70025490814787, 106.70025490814787]]}",dark,FALSE,4,"(7200, 9000)",0.490838423,0.515269295,1422.404398,142.3169351
54,2,2,21J_LD2_53_54_55_56_2024-05-28 15-37-01.mkv,99,TRUE,0.5,50,1950,"{'xs': [[3.540848174652493, 98.51487414867846, 99.8525364863408, 3.540848174652493], [2.2031858369901554, 98.51487414867846, 99.8525364863408, 3.540848174652493]], 'ys': [[1.2002549081478675, 0.5367328955692512, 106.70025490814787, 106.70025490814787], [206.89207880751894, 208.8826448452548, 106.70025490814787, 106.70025490814787]]}",light,FALSE,4,"(7200, 9000)",0.142698501,0.859522488,1213.288153,121.3940647
58,2,2,21J_LD2_57_58_59_60_2024-05-28 15-46-48.mkv,99,TRUE,0.5,50,1950,"{'xs': [[3.540848174652493, 98.51487414867846, 99.8525364863408, 3.540848174652493], [2.2031858369901554, 98.51487414867846, 99.8525364863408, 3.540848174652493]], 'ys': [[1.2002549081478675, 0.5367328955692512, 106.70025490814787, 106.70025490814787], [206.89207880751894, 208.8826448452548, 106.70025490814787, 106.70025490814787]]}",dark,FALSE,4,"(7200, 9000)",0.58467518,0.417545808,1472.487388,147.3279276
3,2,3,21J_LD2_01_02_03_04_2024-05-28 11-45-17.mkv,99,TRUE,0.5,50,1950,"{'xs': [[0.8438751607001568, 99.57805237589004, 102.2109637682951, 2.1603308569026884, 2.1603308569026884], [2.1603308569026884, -0.4725805355023749, 99.57805237589004, 102.2109637682951]], 'ys': [[0.24646226415096306, 0.24646226415096306, 101.76533018867926, 102.42885220125788, 102.42885220125788], [102.42885220125788, 207.26533018867926, 209.2558962264151, 101.76533018867926]]}",dark,FALSE,0,"(0, 1800)",0,1,590.990571,59.13083992
7,2,3,21J_LD2_05_06_07_08_2024-05-28 11-54-42.mkv,99,TRUE,0.5,50,1950,"{'xs': [[0.8438751607001568, 99.57805237589004, 102.2109637682951, 2.1603308569026884, 2.1603308569026884], [2.1603308569026884, -0.4725805355023749, 99.57805237589004, 102.2109637682951]], 'ys': [[0.24646226415096306, 0.24646226415096306, 101.76533018867926, 102.42885220125788, 102.42885220125788], [102.42885220125788, 207.26533018867926, 209.2558962264151, 101.76533018867926]]}",dark,FALSE,0,"(0, 1800)",0.073847862,0.927262632,1129.037354,112.9644538
11,2,3,21J_LD2_09_10_11_12_2024-05-28 12-06-47.mkv,99,TRUE,0.5,50,1950,"{'xs': [[0.8438751607001568, 99.57805237589004, 102.2109637682951, 2.1603308569026884, 2.1603308569026884], [2.1603308569026884, -0.4725805355023749, 99.57805237589004, 102.2109637682951]], 'ys': [[0.24646226415096306, 0.24646226415096306, 101.76533018867926, 102.42885220125788, 102.42885220125788], [102.42885220125788, 207.26533018867926, 209.2558962264151, 101.76533018867926]]}",dark,FALSE,0,"(0, 1800)",0.237645752,0.763464742,1310.587045,131.1291864
15,2,3,21J_LD2_13_14_15_16_2024-05-28 12-14-02.mkv,99,TRUE,0.5,50,1950,"{'xs': [[0.8438751607001568, 99.57805237589004, 102.2109637682951, 2.1603308569026884, 2.1603308569026884], [2.1603308569026884, -0.4725805355023749, 99.57805237589004, 102.2109637682951]], 'ys': [[0.24646226415096306, 0.24646226415096306, 101.76533018867926, 102.42885220125788, 102.42885220125788], [102.42885220125788, 207.26533018867926, 209.2558962264151, 101.76533018867926]]}",dark,FALSE,0,"(0, 1800)",0.210993892,0.790671849,1206.441255,120.7090066
19,2,3,21J_LD2_17_18_19_20_2024-05-28 12-22-01.mkv,99,TRUE,0.5,50,1950,"{'xs': [[0.8438751607001568, 99.57805237589004, 102.2109637682951, 2.1603308569026884, 2.1603308569026884], [2.1603308569026884, -0.4725805355023749, 99.57805237589004, 102.2109637682951]], 'ys': [[0.24646226415096306, 0.24646226415096306, 101.76533018867926, 102.42885220125788, 102.42885220125788], [102.42885220125788, 207.26533018867926, 209.2558962264151, 101.76533018867926]]}",dark,FALSE,0,"(0, 1800)",0.076624098,0.926152138,1338.612354,133.9332246
23,2,3,21J_LD2_21_22_23_24_2024-05-28 12-30-22.mkv,99,TRUE,0.5,50,1950,"{'xs': [[0.8438751607001568, 99.57805237589004, 102.2109637682951, 2.1603308569026884, 2.1603308569026884], [2.1603308569026884, -0.4725805355023749, 99.57805237589004, 102.2109637682951]], 'ys': [[0.24646226415096306, 0.24646226415096306, 101.76533018867926, 102.42885220125788, 102.42885220125788], [102.42885220125788, 207.26533018867926, 209.2558962264151, 101.76533018867926]]}",dark,FALSE,0,"(0, 1800)",0.003331483,1,661.391337,66.17470261
27,2,3,21J_LD2_25_26_27_28_2024-05-28 12-39-35.mkv,99,TRUE,0.5,50,1950,"{'xs': [[0.8438751607001568, 99.57805237589004, 102.2109637682951, 2.1603308569026884, 2.1603308569026884], [2.1603308569026884, -0.4725805355023749, 99.57805237589004, 102.2109637682951]], 'ys': [[0.24646226415096306, 0.24646226415096306, 101.76533018867926, 102.42885220125788, 102.42885220125788], [102.42885220125788, 207.26533018867926, 209.2558962264151, 101.76533018867926]]}",dark,FALSE,0,"(0, 1800)",0,1,939.1130554,93.96181001
31,2,3,21J_LD2_29_31_32_2024-05-28 12-48-10.mkv,99,TRUE,0.5,50,1950,"{'xs': [[0.8438751607001568, 99.57805237589004, 102.2109637682951, 2.1603308569026884, 2.1603308569026884], [2.1603308569026884, -0.4725805355023749, 99.57805237589004, 102.2109637682951]], 'ys': [[0.24646226415096306, 0.24646226415096306, 101.76533018867926, 102.42885220125788, 102.42885220125788], [102.42885220125788, 207.26533018867926, 209.2558962264151, 101.76533018867926]]}",dark,FALSE,0,"(0, 1800)",0.252637424,0.749028318,1030.355838,103.0909952
35,2,3,21J_LD2_33_34_35_36_2024-05-28 14-47-01.mkv,99,TRUE,0.5,50,1950,"{'xs': [[0.8438751607001568, 99.57805237589004, 102.2109637682951, 2.1603308569026884, 2.1603308569026884], [2.1603308569026884, -0.4725805355023749, 99.57805237589004, 102.2109637682951]], 'ys': [[0.24646226415096306, 0.24646226415096306, 101.76533018867926, 102.42885220125788, 102.42885220125788], [102.42885220125788, 207.26533018867926, 209.2558962264151, 101.76533018867926]]}",dark,FALSE,0,"(0, 1800)",0.335924486,0.669072737,1343.247475,134.3969859
39,2,3,21J_LD2_37_38_39_40_2024-05-28 14-56-56.mkv,99,TRUE,0.5,50,1950,"{'xs': [[0.8438751607001568, 99.57805237589004, 102.2109637682951, 2.1603308569026884, 2.1603308569026884], [2.1603308569026884, -0.4725805355023749, 99.57805237589004, 102.2109637682951]], 'ys': [[0.24646226415096306, 0.24646226415096306, 101.76533018867926, 102.42885220125788, 102.42885220125788], [102.42885220125788, 207.26533018867926, 209.2558962264151, 101.76533018867926]]}",dark,FALSE,0,"(0, 1800)",0,1,624.8724745,62.5208524
34,2,3,21J_LD2_41_42_43_44_2024-05-28 15-06-29.mkv,99,TRUE,0.5,50,1950,"{'xs': [[0.8438751607001568, 99.57805237589004, 102.2109637682951, 2.1603308569026884, 2.1603308569026884], [2.1603308569026884, -0.4725805355023749, 99.57805237589004, 102.2109637682951]], 'ys': [[0.24646226415096306, 0.24646226415096306, 101.76533018867926, 102.42885220125788, 102.42885220125788], [102.42885220125788, 207.26533018867926, 209.2558962264151, 101.76533018867926]]}",light,FALSE,0,"(0, 1800)",0.233759023,0.767906718,1251.528905,125.2201964
37,2,3,21J_LD2_45_46_47_48_2024-05-28 15-16-42.mkv,99,TRUE,0.5,50,1950,"{'xs': [[0.8438751607001568, 99.57805237589004, 102.2109637682951, 2.1603308569026884, 2.1603308569026884], [2.1603308569026884, -0.4725805355023749, 99.57805237589004, 102.2109637682951]], 'ys': [[0.24646226415096306, 0.24646226415096306, 101.76533018867926, 102.42885220125788, 102.42885220125788], [102.42885220125788, 207.26533018867926, 209.2558962264151, 101.76533018867926]]}",light,FALSE,0,"(0, 1800)",0.218212104,0.78289839,873.3413847,87.38110581
51,2,3,21J_LD2_49_50_51_52_2024-05-28 15-27-25.mkv,99,TRUE,0.5,50,1950,"{'xs': [[0.8438751607001568, 99.57805237589004, 102.2109637682951, 2.1603308569026884, 2.1603308569026884], [2.1603308569026884, -0.4725805355023749, 99.57805237589004, 102.2109637682951]], 'ys': [[0.24646226415096306, 0.24646226415096306, 101.76533018867926, 102.42885220125788, 102.42885220125788], [102.42885220125788, 207.26533018867926, 209.2558962264151, 101.76533018867926]]}",light,FALSE,0,"(0, 1800)",0.031093837,0.968906163,1259.362253,126.0039525
55,2,3,21J_LD2_53_54_55_56_2024-05-28 15-37-01.mkv,99,TRUE,0.5,50,1950,"{'xs': [[0.8438751607001568, 99.57805237589004, 102.2109637682951, 2.1603308569026884, 2.1603308569026884], [2.1603308569026884, -0.4725805355023749, 99.57805237589004, 102.2109637682951]], 'ys': [[0.24646226415096306, 0.24646226415096306, 101.76533018867926, 102.42885220125788, 102.42885220125788], [102.42885220125788, 207.26533018867926, 209.2558962264151, 101.76533018867926]]}",dark,FALSE,0,"(0, 1800)",0.160466408,0.839533592,995.8182465,99.63537867
59,2,3,21J_LD2_57_58_59_60_2024-05-28 15-46-48.mkv,99,TRUE,0.5,50,1950,"{'xs': [[0.8438751607001568, 99.57805237589004, 102.2109637682951, 2.1603308569026884, 2.1603308569026884], [2.1603308569026884, -0.4725805355023749, 99.57805237589004, 102.2109637682951]], 'ys': [[0.24646226415096306, 0.24646226415096306, 101.76533018867926, 102.42885220125788, 102.42885220125788], [102.42885220125788, 207.26533018867926, 209.2558962264151, 101.76533018867926]]}",dark,FALSE,0,"(0, 1800)",0.003331483,0.997779012,972.3749261,97.28978587
3,2,3,21J_LD2_01_02_03_04_2024-05-28 11-45-17.mkv,99,TRUE,0.5,50,1950,"{'xs': [[0.8438751607001568, 99.57805237589004, 102.2109637682951, 2.1603308569026884, 2.1603308569026884], [2.1603308569026884, -0.4725805355023749, 99.57805237589004, 102.2109637682951]], 'ys': [[0.24646226415096306, 0.24646226415096306, 101.76533018867926, 102.42885220125788, 102.42885220125788], [102.42885220125788, 207.26533018867926, 209.2558962264151, 101.76533018867926]]}",dark,FALSE,1,"(1800, 3600)",0,1,538.606575,53.88962317
7,2,3,21J_LD2_05_06_07_08_2024-05-28 11-54-42.mkv,99,TRUE,0.5,50,1950,"{'xs': [[0.8438751607001568, 99.57805237589004, 102.2109637682951, 2.1603308569026884, 2.1603308569026884], [2.1603308569026884, -0.4725805355023749, 99.57805237589004, 102.2109637682951]], 'ys': [[0.24646226415096306, 0.24646226415096306, 101.76533018867926, 102.42885220125788, 102.42885220125788], [102.42885220125788, 207.26533018867926, 209.2558962264151, 101.76533018867926]]}",dark,FALSE,1,"(1800, 3600)",0.174902832,0.827873404,1471.072325,147.1863452
11,2,3,21J_LD2_09_10_11_12_2024-05-28 12-06-47.mkv,99,TRUE,0.5,50,1950,"{'xs': [[0.8438751607001568, 99.57805237589004, 102.2109637682951, 2.1603308569026884, 2.1603308569026884], [2.1603308569026884, -0.4725805355023749, 99.57805237589004, 102.2109637682951]], 'ys': [[0.24646226415096306, 0.24646226415096306, 101.76533018867926, 102.42885220125788, 102.42885220125788], [102.42885220125788, 207.26533018867926, 209.2558962264151, 101.76533018867926]]}",dark,FALSE,1,"(1800, 3600)",0.362021099,0.638534148,1375.40029,137.6139965
15,2,3,21J_LD2_13_14_15_16_2024-05-28 12-14-02.mkv,99,TRUE,0.5,50,1950,"{'xs': [[0.8438751607001568, 99.57805237589004, 102.2109637682951, 2.1603308569026884, 2.1603308569026884], [2.1603308569026884, -0.4725805355023749, 99.57805237589004, 102.2109637682951]], 'ys': [[0.24646226415096306, 0.24646226415096306, 101.76533018867926, 102.42885220125788, 102.42885220125788], [102.42885220125788, 207.26533018867926, 209.2558962264151, 101.76533018867926]]}",dark,FALSE,1,"(1800, 3600)",0.153803443,0.848417546,1235.098693,123.5762916
19,2,3,21J_LD2_17_18_19_20_2024-05-28 12-22-01.mkv,99,TRUE,0.5,50,1950,"{'xs': [[0.8438751607001568, 99.57805237589004, 102.2109637682951, 2.1603308569026884, 2.1603308569026884], [2.1603308569026884, -0.4725805355023749, 99.57805237589004, 102.2109637682951]], 'ys': [[0.24646226415096306, 0.24646226415096306, 101.76533018867926, 102.42885220125788, 102.42885220125788], [102.42885220125788, 207.26533018867926, 209.2558962264151, 101.76533018867926]]}",dark,FALSE,1,"(1800, 3600)",0,1,839.257796,83.97091397
23,2,3,21J_LD2_21_22_23_24_2024-05-28 12-30-22.mkv,99,TRUE,0.5,50,1950,"{'xs': [[0.8438751607001568, 99.57805237589004, 102.2109637682951, 2.1603308569026884, 2.1603308569026884], [2.1603308569026884, -0.4725805355023749, 99.57805237589004, 102.2109637682951]], 'ys': [[0.24646226415096306, 0.24646226415096306, 101.76533018867926, 102.42885220125788, 102.42885220125788], [102.42885220125788, 207.26533018867926, 209.2558962264151, 101.76533018867926]]}",dark,FALSE,1,"(1800, 3600)",0,1,754.5674633,75.49732615
27,2,3,21J_LD2_25_26_27_28_2024-05-28 12-39-35.mkv,99,TRUE,0.5,50,1950,"{'xs': [[0.8438751607001568, 99.57805237589004, 102.2109637682951, 2.1603308569026884, 2.1603308569026884], [2.1603308569026884, -0.4725805355023749, 99.57805237589004, 102.2109637682951]], 'ys': [[0.24646226415096306, 0.24646226415096306, 101.76533018867926, 102.42885220125788, 102.42885220125788], [102.42885220125788, 207.26533018867926, 209.2558962264151, 101.76533018867926]]}",dark,FALSE,1,"(1800, 3600)",0.275957801,0.724042199,1399.561463,140.0314131
31,2,3,21J_LD2_29_31_32_2024-05-28 12-48-10.mkv,99,TRUE,0.5,50,1950,"{'xs': [[0.8438751607001568, 99.57805237589004, 102.2109637682951, 2.1603308569026884, 2.1603308569026884], [2.1603308569026884, -0.4725805355023749, 99.57805237589004, 102.2109637682951]], 'ys': [[0.24646226415096306, 0.24646226415096306, 101.76533018867926, 102.42885220125788, 102.42885220125788], [102.42885220125788, 207.26533018867926, 209.2558962264151, 101.76533018867926]]}",dark,FALSE,1,"(1800, 3600)",0.325930039,0.685174903,1020.390663,102.0939418
35,2,3,21J_LD2_33_34_35_36_2024-05-28 14-47-01.mkv,99,TRUE,0.5,50,1950,"{'xs': [[0.8438751607001568, 99.57805237589004, 102.2109637682951, 2.1603308569026884, 2.1603308569026884], [2.1603308569026884, -0.4725805355023749, 99.57805237589004, 102.2109637682951]], 'ys': [[0.24646226415096306, 0.24646226415096306, 101.76533018867926, 102.42885220125788, 102.42885220125788], [102.42885220125788, 207.26533018867926, 209.2558962264151, 101.76533018867926]]}",dark,FALSE,1,"(1800, 3600)",0.284286507,0.716823987,1147.020429,114.7637284
39,2,3,21J_LD2_37_38_39_40_2024-05-28 14-56-56.mkv,99,TRUE,0.5,50,1950,"{'xs': [[0.8438751607001568, 99.57805237589004, 102.2109637682951, 2.1603308569026884, 2.1603308569026884], [2.1603308569026884, -0.4725805355023749, 99.57805237589004, 102.2109637682951]], 'ys': [[0.24646226415096306, 0.24646226415096306, 101.76533018867926, 102.42885220125788, 102.42885220125788], [102.42885220125788, 207.26533018867926, 209.2558962264151, 101.76533018867926]]}",dark,FALSE,1,"(1800, 3600)",0.317046086,0.684064409,893.0943178,89.35746142
34,2,3,21J_LD2_41_42_43_44_2024-05-28 15-06-29.mkv,99,TRUE,0.5,50,1950,"{'xs': [[0.8438751607001568, 99.57805237589004, 102.2109637682951, 2.1603308569026884, 2.1603308569026884], [2.1603308569026884, -0.4725805355023749, 99.57805237589004, 102.2109637682951]], 'ys': [[0.24646226415096306, 0.24646226415096306, 101.76533018867926, 102.42885220125788, 102.42885220125788], [102.42885220125788, 207.26533018867926, 209.2558962264151, 101.76533018867926]]}",light,FALSE,1,"(1800, 3600)",0.142143254,0.86285397,1067.505683,106.8079776
37,2,3,21J_LD2_45_46_47_48_2024-05-28 15-16-42.mkv,99,TRUE,0.5,50,1950,"{'xs': [[0.8438751607001568, 99.57805237589004, 102.2109637682951, 2.1603308569026884, 2.1603308569026884], [2.1603308569026884, -0.4725805355023749, 99.57805237589004, 102.2109637682951]], 'ys': [[0.24646226415096306, 0.24646226415096306, 101.76533018867926, 102.42885220125788, 102.42885220125788], [102.42885220125788, 207.26533018867926, 209.2558962264151, 101.76533018867926]]}",light,FALSE,1,"(1800, 3600)",0,1,818.4564956,81.88966525
51,2,3,21J_LD2_49_50_51_52_2024-05-28 15-27-25.mkv,99,TRUE,0.5,50,1950,"{'xs': [[0.8438751607001568, 99.57805237589004, 102.2109637682951, 2.1603308569026884, 2.1603308569026884], [2.1603308569026884, -0.4725805355023749, 99.57805237589004, 102.2109637682951]], 'ys': [[0.24646226415096306, 0.24646226415096306, 101.76533018867926, 102.42885220125788, 102.42885220125788], [102.42885220125788, 207.26533018867926, 209.2558962264151, 101.76533018867926]]}",light,FALSE,1,"(1800, 3600)",0.205996669,0.794003331,1090.404725,109.0991132
55,2,3,21J_LD2_53_54_55_56_2024-05-28 15-37-01.mkv,99,TRUE,0.5,50,1950,"{'xs': [[0.8438751607001568, 99.57805237589004, 102.2109637682951, 2.1603308569026884, 2.1603308569026884], [2.1603308569026884, -0.4725805355023749, 99.57805237589004, 102.2109637682951]], 'ys': [[0.24646226415096306, 0.24646226415096306, 101.76533018867926, 102.42885220125788, 102.42885220125788], [102.42885220125788, 207.26533018867926, 209.2558962264151, 101.76533018867926]]}",dark,FALSE,1,"(1800, 3600)",0.136590783,0.866185453,1027.750176,102.8302888
59,2,3,21J_LD2_57_58_59_60_2024-05-28 15-46-48.mkv,99,TRUE,0.5,50,1950,"{'xs': [[0.8438751607001568, 99.57805237589004, 102.2109637682951, 2.1603308569026884, 2.1603308569026884], [2.1603308569026884, -0.4725805355023749, 99.57805237589004, 102.2109637682951]], 'ys': [[0.24646226415096306, 0.24646226415096306, 101.76533018867926, 102.42885220125788, 102.42885220125788], [102.42885220125788, 207.26533018867926, 209.2558962264151, 101.76533018867926]]}",dark,FALSE,1,"(1800, 3600)",0.272626319,0.728484175,986.5324172,98.70629635
3,2,3,21J_LD2_01_02_03_04_2024-05-28 11-45-17.mkv,99,TRUE,0.5,50,1950,"{'xs': [[0.8438751607001568, 99.57805237589004, 102.2109637682951, 2.1603308569026884, 2.1603308569026884], [2.1603308569026884, -0.4725805355023749, 99.57805237589004, 102.2109637682951]], 'ys': [[0.24646226415096306, 0.24646226415096306, 101.76533018867926, 102.42885220125788, 102.42885220125788], [102.42885220125788, 207.26533018867926, 209.2558962264151, 101.76533018867926]]}",dark,FALSE,2,"(3600, 5400)",0,1,472.3763986,47.26304374
7,2,3,21J_LD2_05_06_07_08_2024-05-28 11-54-42.mkv,99,TRUE,0.5,50,1950,"{'xs': [[0.8438751607001568, 99.57805237589004, 102.2109637682951, 2.1603308569026884, 2.1603308569026884], [2.1603308569026884, -0.4725805355023749, 99.57805237589004, 102.2109637682951]], 'ys': [[0.24646226415096306, 0.24646226415096306, 101.76533018867926, 102.42885220125788, 102.42885220125788], [102.42885220125788, 207.26533018867926, 209.2558962264151, 101.76533018867926]]}",dark,FALSE,2,"(3600, 5400)",0.272071072,0.727928928,1441.725271,144.2500615
11,2,3,21J_LD2_09_10_11_12_2024-05-28 12-06-47.mkv,99,TRUE,0.5,50,1950,"{'xs': [[0.8438751607001568, 99.57805237589004, 102.2109637682951, 2.1603308569026884, 2.1603308569026884], [2.1603308569026884, -0.4725805355023749, 99.57805237589004, 102.2109637682951]], 'ys': [[0.24646226415096306, 0.24646226415096306, 101.76533018867926, 102.42885220125788, 102.42885220125788], [102.42885220125788, 207.26533018867926, 209.2558962264151, 101.76533018867926]]}",dark,FALSE,2,"(3600, 5400)",0.1332593,0.8667407,1210.561469,121.1212495
15,2,3,21J_LD2_13_14_15_16_2024-05-28 12-14-02.mkv,99,TRUE,0.5,50,1950,"{'xs': [[0.8438751607001568, 99.57805237589004, 102.2109637682951, 2.1603308569026884, 2.1603308569026884], [2.1603308569026884, -0.4725805355023749, 99.57805237589004, 102.2109637682951]], 'ys': [[0.24646226415096306, 0.24646226415096306, 101.76533018867926, 102.42885220125788, 102.42885220125788], [102.42885220125788, 207.26533018867926, 209.2558962264151, 101.76533018867926]]}",dark,FALSE,2,"(3600, 5400)",0.328151027,0.674625208,1382.361593,138.3105012
19,2,3,21J_LD2_17_18_19_20_2024-05-28 12-22-01.mkv,99,TRUE,0.5,50,1950,"{'xs': [[0.8438751607001568, 99.57805237589004, 102.2109637682951, 2.1603308569026884, 2.1603308569026884], [2.1603308569026884, -0.4725805355023749, 99.57805237589004, 102.2109637682951]], 'ys': [[0.24646226415096306, 0.24646226415096306, 101.76533018867926, 102.42885220125788, 102.42885220125788], [102.42885220125788, 207.26533018867926, 209.2558962264151, 101.76533018867926]]}",dark,FALSE,2,"(3600, 5400)",0.169350361,0.83231538,1022.706836,102.3256837
23,2,3,21J_LD2_21_22_23_24_2024-05-28 12-30-22.mkv,99,TRUE,0.5,50,1950,"{'xs': [[0.8438751607001568, 99.57805237589004, 102.2109637682951, 2.1603308569026884, 2.1603308569026884], [2.1603308569026884, -0.4725805355023749, 99.57805237589004, 102.2109637682951]], 'ys': [[0.24646226415096306, 0.24646226415096306, 101.76533018867926, 102.42885220125788, 102.42885220125788], [102.42885220125788, 207.26533018867926, 209.2558962264151, 101.76533018867926]]}",dark,FALSE,2,"(3600, 5400)",0.352581899,0.650194336,1429.222927,142.9991547
27,2,3,21J_LD2_25_26_27_28_2024-05-28 12-39-35.mkv,99,TRUE,0.5,50,1950,"{'xs': [[0.8438751607001568, 99.57805237589004, 102.2109637682951, 2.1603308569026884, 2.1603308569026884], [2.1603308569026884, -0.4725805355023749, 99.57805237589004, 102.2109637682951]], 'ys': [[0.24646226415096306, 0.24646226415096306, 101.76533018867926, 102.42885220125788, 102.42885220125788], [102.42885220125788, 207.26533018867926, 209.2558962264151, 101.76533018867926]]}",dark,FALSE,2,"(3600, 5400)",0.432537479,0.568573015,1309.328669,131.0032812
31,2,3,21J_LD2_29_31_32_2024-05-28 12-48-10.mkv,99,TRUE,0.5,50,1950,"{'xs': [[0.8438751607001568, 99.57805237589004, 102.2109637682951, 2.1603308569026884, 2.1603308569026884], [2.1603308569026884, -0.4725805355023749, 99.57805237589004, 102.2109637682951]], 'ys': [[0.24646226415096306, 0.24646226415096306, 101.76533018867926, 102.42885220125788, 102.42885220125788], [102.42885220125788, 207.26533018867926, 209.2558962264151, 101.76533018867926]]}",light,TRUE,2,"(3600, 5400)",0.255968906,0.750694059,1048.343255,104.8907042
35,2,3,21J_LD2_33_34_35_36_2024-05-28 14-47-01.mkv,99,TRUE,0.5,50,1950,"{'xs': [[0.8438751607001568, 99.57805237589004, 102.2109637682951, 2.1603308569026884, 2.1603308569026884], [2.1603308569026884, -0.4725805355023749, 99.57805237589004, 102.2109637682951]], 'ys': [[0.24646226415096306, 0.24646226415096306, 101.76533018867926, 102.42885220125788, 102.42885220125788], [102.42885220125788, 207.26533018867926, 209.2558962264151, 101.76533018867926]]}",dark,FALSE,2,"(3600, 5400)",0.566907274,0.451971127,1428.463245,142.9231457
39,2,3,21J_LD2_37_38_39_40_2024-05-28 14-56-56.mkv,99,TRUE,0.5,50,1950,"{'xs': [[0.8438751607001568, 99.57805237589004, 102.2109637682951, 2.1603308569026884, 2.1603308569026884], [2.1603308569026884, -0.4725805355023749, 99.57805237589004, 102.2109637682951]], 'ys': [[0.24646226415096306, 0.24646226415096306, 101.76533018867926, 102.42885220125788, 102.42885220125788], [102.42885220125788, 207.26533018867926, 209.2558962264151, 101.76533018867926]]}",dark,FALSE,2,"(3600, 5400)",0.164908384,0.843420322,899.2183989,89.97019888
34,2,3,21J_LD2_41_42_43_44_2024-05-28 15-06-29.mkv,99,TRUE,0.5,50,1950,"{'xs': [[0.8438751607001568, 99.57805237589004, 102.2109637682951, 2.1603308569026884, 2.1603308569026884], [2.1603308569026884, -0.4725805355023749, 99.57805237589004, 102.2109637682951]], 'ys': [[0.24646226415096306, 0.24646226415096306, 101.76533018867926, 102.42885220125788, 102.42885220125788], [102.42885220125788, 207.26533018867926, 209.2558962264151, 101.76533018867926]]}",light,FALSE,2,"(3600, 5400)",0.154913937,0.848417546,1296.688437,129.7385782
37,2,3,21J_LD2_45_46_47_48_2024-05-28 15-16-42.mkv,99,TRUE,0.5,50,1950,"{'xs': [[0.8438751607001568, 99.57805237589004, 102.2109637682951, 2.1603308569026884, 2.1603308569026884], [2.1603308569026884, -0.4725805355023749, 99.57805237589004, 102.2109637682951]], 'ys': [[0.24646226415096306, 0.24646226415096306, 101.76533018867926, 102.42885220125788, 102.42885220125788], [102.42885220125788, 207.26533018867926, 209.2558962264151, 101.76533018867926]]}",light,FALSE,2,"(3600, 5400)",0.489172682,0.511937812,1248.066661,124.8737858
51,2,3,21J_LD2_49_50_51_52_2024-05-28 15-27-25.mkv,99,TRUE,0.5,50,1950,"{'xs': [[0.8438751607001568, 99.57805237589004, 102.2109637682951, 2.1603308569026884, 2.1603308569026884], [2.1603308569026884, -0.4725805355023749, 99.57805237589004, 102.2109637682951]], 'ys': [[0.24646226415096306, 0.24646226415096306, 101.76533018867926, 102.42885220125788, 102.42885220125788], [102.42885220125788, 207.26533018867926, 209.2558962264151, 101.76533018867926]]}",light,FALSE,2,"(3600, 5400)",0.267073848,0.73514714,1186.500721,118.7138808
55,2,3,21J_LD2_53_54_55_56_2024-05-28 15-37-01.mkv,99,TRUE,0.5,50,1950,"{'xs': [[0.8438751607001568, 99.57805237589004, 102.2109637682951, 2.1603308569026884, 2.1603308569026884], [2.1603308569026884, -0.4725805355023749, 99.57805237589004, 102.2109637682951]], 'ys': [[0.24646226415096306, 0.24646226415096306, 101.76533018867926, 102.42885220125788, 102.42885220125788], [102.42885220125788, 207.26533018867926, 209.2558962264151, 101.76533018867926]]}",dark,FALSE,2,"(3600, 5400)",0.105496946,0.895613548,1196.691727,119.7335295
59,2,3,21J_LD2_57_58_59_60_2024-05-28 15-46-48.mkv,99,TRUE,0.5,50,1950,"{'xs': [[0.8438751607001568, 99.57805237589004, 102.2109637682951, 2.1603308569026884, 2.1603308569026884], [2.1603308569026884, -0.4725805355023749, 99.57805237589004, 102.2109637682951]], 'ys': [[0.24646226415096306, 0.24646226415096306, 101.76533018867926, 102.42885220125788, 102.42885220125788], [102.42885220125788, 207.26533018867926, 209.2558962264151, 101.76533018867926]]}",dark,FALSE,2,"(3600, 5400)",0.08384231,0.921710161,889.0179474,88.94960516
3,2,3,21J_LD2_01_02_03_04_2024-05-28 11-45-17.mkv,99,TRUE,0.5,50,1950,"{'xs': [[0.8438751607001568, 99.57805237589004, 102.2109637682951, 2.1603308569026884, 2.1603308569026884], [2.1603308569026884, -0.4725805355023749, 99.57805237589004, 102.2109637682951]], 'ys': [[0.24646226415096306, 0.24646226415096306, 101.76533018867926, 102.42885220125788, 102.42885220125788], [102.42885220125788, 207.26533018867926, 209.2558962264151, 101.76533018867926]]}",dark,FALSE,3,"(5400, 7200)",0.099944475,0.901166019,861.0172204,86.1480266
7,2,3,21J_LD2_05_06_07_08_2024-05-28 11-54-42.mkv,99,TRUE,0.5,50,1950,"{'xs': [[0.8438751607001568, 99.57805237589004, 102.2109637682951, 2.1603308569026884, 2.1603308569026884], [2.1603308569026884, -0.4725805355023749, 99.57805237589004, 102.2109637682951]], 'ys': [[0.24646226415096306, 0.24646226415096306, 101.76533018867926, 102.42885220125788, 102.42885220125788], [102.42885220125788, 207.26533018867926, 209.2558962264151, 101.76533018867926]]}",dark,FALSE,3,"(5400, 7200)",0.419211549,0.585230428,1811.483342,181.2457538
11,2,3,21J_LD2_09_10_11_12_2024-05-28 12-06-47.mkv,99,TRUE,0.5,50,1950,"{'xs': [[0.8438751607001568, 99.57805237589004, 102.2109637682951, 2.1603308569026884, 2.1603308569026884], [2.1603308569026884, -0.4725805355023749, 99.57805237589004, 102.2109637682951]], 'ys': [[0.24646226415096306, 0.24646226415096306, 101.76533018867926, 102.42885220125788, 102.42885220125788], [102.42885220125788, 207.26533018867926, 209.2558962264151, 101.76533018867926]]}",dark,FALSE,3,"(5400, 7200)",0.298167685,0.701832315,881.5487419,88.20228292
15,2,3,21J_LD2_13_14_15_16_2024-05-28 12-14-02.mkv,99,TRUE,0.5,50,1950,"{'xs': [[0.8438751607001568, 99.57805237589004, 102.2109637682951, 2.1603308569026884, 2.1603308569026884], [2.1603308569026884, -0.4725805355023749, 99.57805237589004, 102.2109637682951]], 'ys': [[0.24646226415096306, 0.24646226415096306, 101.76533018867926, 102.42885220125788, 102.42885220125788], [102.42885220125788, 207.26533018867926, 209.2558962264151, 101.76533018867926]]}",dark,FALSE,3,"(5400, 7200)",0,1,804.0029991,80.44353831
19,2,3,21J_LD2_17_18_19_20_2024-05-28 12-22-01.mkv,99,TRUE,0.5,50,1950,"{'xs': [[0.8438751607001568, 99.57805237589004, 102.2109637682951, 2.1603308569026884, 2.1603308569026884], [2.1603308569026884, -0.4725805355023749, 99.57805237589004, 102.2109637682951]], 'ys': [[0.24646226415096306, 0.24646226415096306, 101.76533018867926, 102.42885220125788, 102.42885220125788], [102.42885220125788, 207.26533018867926, 209.2558962264151, 101.76533018867926]]}",dark,FALSE,3,"(5400, 7200)",0.22098834,0.780122154,1284.529738,128.5220544
23,2,3,21J_LD2_21_22_23_24_2024-05-28 12-30-22.mkv,99,TRUE,0.5,50,1950,"{'xs': [[0.8438751607001568, 99.57805237589004, 102.2109637682951, 2.1603308569026884, 2.1603308569026884], [2.1603308569026884, -0.4725805355023749, 99.57805237589004, 102.2109637682951]], 'ys': [[0.24646226415096306, 0.24646226415096306, 101.76533018867926, 102.42885220125788, 102.42885220125788], [102.42885220125788, 207.26533018867926, 209.2558962264151, 101.76533018867926]]}",dark,FALSE,3,"(5400, 7200)",0.12770683,0.87229317,1294.973379,129.5669801
27,2,3,21J_LD2_25_26_27_28_2024-05-28 12-39-35.mkv,99,TRUE,0.5,50,1950,"{'xs': [[0.8438751607001568, 99.57805237589004, 102.2109637682951, 2.1603308569026884, 2.1603308569026884], [2.1603308569026884, -0.4725805355023749, 99.57805237589004, 102.2109637682951]], 'ys': [[0.24646226415096306, 0.24646226415096306, 101.76533018867926, 102.42885220125788, 102.42885220125788], [102.42885220125788, 207.26533018867926, 209.2558962264151, 101.76533018867926]]}",dark,FALSE,3,"(5400, 7200)",0.347584675,0.654081066,1103.928512,110.4522193
31,2,3,21J_LD2_29_31_32_2024-05-28 12-48-10.mkv,99,TRUE,0.5,50,1950,"{'xs': [[0.8438751607001568, 99.57805237589004, 102.2109637682951, 2.1603308569026884, 2.1603308569026884], [2.1603308569026884, -0.4725805355023749, 99.57805237589004, 102.2109637682951]], 'ys': [[0.24646226415096306, 0.24646226415096306, 101.76533018867926, 102.42885220125788, 102.42885220125788], [102.42885220125788, 207.26533018867926, 209.2558962264151, 101.76533018867926]]}",light,FALSE,3,"(5400, 7200)",0.315380344,0.684619656,1008.276606,100.8818846
35,2,3,21J_LD2_33_34_35_36_2024-05-28 14-47-01.mkv,99,TRUE,0.5,50,1950,"{'xs': [[0.8438751607001568, 99.57805237589004, 102.2109637682951, 2.1603308569026884, 2.1603308569026884], [2.1603308569026884, -0.4725805355023749, 99.57805237589004, 102.2109637682951]], 'ys': [[0.24646226415096306, 0.24646226415096306, 101.76533018867926, 102.42885220125788, 102.42885220125788], [102.42885220125788, 207.26533018867926, 209.2558962264151, 101.76533018867926]]}",dark,FALSE,3,"(5400, 7200)",0.353137146,0.651304831,1441.162884,144.1937926
39,2,3,21J_LD2_37_38_39_40_2024-05-28 14-56-56.mkv,99,TRUE,0.5,50,1950,"{'xs': [[0.8438751607001568, 99.57805237589004, 102.2109637682951, 2.1603308569026884, 2.1603308569026884], [2.1603308569026884, -0.4725805355023749, 99.57805237589004, 102.2109637682951]], 'ys': [[0.24646226415096306, 0.24646226415096306, 101.76533018867926, 102.42885220125788, 102.42885220125788], [102.42885220125788, 207.26533018867926, 209.2558962264151, 101.76533018867926]]}",dark,FALSE,3,"(5400, 7200)",0.225430316,0.783453637,946.3719701,94.68809186
34,2,3,21J_LD2_41_42_43_44_2024-05-28 15-06-29.mkv,99,TRUE,0.5,50,1950,"{'xs': [[0.8438751607001568, 99.57805237589004, 102.2109637682951, 2.1603308569026884, 2.1603308569026884], [2.1603308569026884, -0.4725805355023749, 99.57805237589004, 102.2109637682951]], 'ys': [[0.24646226415096306, 0.24646226415096306, 101.76533018867926, 102.42885220125788, 102.42885220125788], [102.42885220125788, 207.26533018867926, 209.2558962264151, 101.76533018867926]]}",light,FALSE,3,"(5400, 7200)",0.028872848,0.973903387,1031.466145,103.2020856
37,2,3,21J_LD2_45_46_47_48_2024-05-28 15-16-42.mkv,99,TRUE,0.5,50,1950,"{'xs': [[0.8438751607001568, 99.57805237589004, 102.2109637682951, 2.1603308569026884, 2.1603308569026884], [2.1603308569026884, -0.4725805355023749, 99.57805237589004, 102.2109637682951]], 'ys': [[0.24646226415096306, 0.24646226415096306, 101.76533018867926, 102.42885220125788, 102.42885220125788], [102.42885220125788, 207.26533018867926, 209.2558962264151, 101.76533018867926]]}",light,FALSE,3,"(5400, 7200)",0.252637424,0.750694059,922.081591,92.25774764
51,2,3,21J_LD2_49_50_51_52_2024-05-28 15-27-25.mkv,99,TRUE,0.5,50,1950,"{'xs': [[0.8438751607001568, 99.57805237589004, 102.2109637682951, 2.1603308569026884, 2.1603308569026884], [2.1603308569026884, -0.4725805355023749, 99.57805237589004, 102.2109637682951]], 'ys': [[0.24646226415096306, 0.24646226415096306, 101.76533018867926, 102.42885220125788, 102.42885220125788], [102.42885220125788, 207.26533018867926, 209.2558962264151, 101.76533018867926]]}",light,FALSE,3,"(5400, 7200)",0.14658523,0.855635758,1201.495878,120.214203
55,2,3,21J_LD2_53_54_55_56_2024-05-28 15-37-01.mkv,99,TRUE,0.5,50,1950,"{'xs': [[0.8438751607001568, 99.57805237589004, 102.2109637682951, 2.1603308569026884, 2.1603308569026884], [2.1603308569026884, -0.4725805355023749, 99.57805237589004, 102.2109637682951]], 'ys': [[0.24646226415096306, 0.24646226415096306, 101.76533018867926, 102.42885220125788, 102.42885220125788], [102.42885220125788, 207.26533018867926, 209.2558962264151, 101.76533018867926]]}",dark,FALSE,3,"(5400, 7200)",0.298722932,0.704053304,1165.867855,116.6494846
59,2,3,21J_LD2_57_58_59_60_2024-05-28 15-46-48.mkv,99,TRUE,0.5,50,1950,"{'xs': [[0.8438751607001568, 99.57805237589004, 102.2109637682951, 2.1603308569026884, 2.1603308569026884], [2.1603308569026884, -0.4725805355023749, 99.57805237589004, 102.2109637682951]], 'ys': [[0.24646226415096306, 0.24646226415096306, 101.76533018867926, 102.42885220125788, 102.42885220125788], [102.42885220125788, 207.26533018867926, 209.2558962264151, 101.76533018867926]]}",dark,FALSE,3,"(5400, 7200)",0.423653526,0.578567463,1206.451751,120.7100568
3,2,3,21J_LD2_01_02_03_04_2024-05-28 11-45-17.mkv,99,TRUE,0.5,50,1950,"{'xs': [[0.8438751607001568, 99.57805237589004, 102.2109637682951, 2.1603308569026884, 2.1603308569026884], [2.1603308569026884, -0.4725805355023749, 99.57805237589004, 102.2109637682951]], 'ys': [[0.24646226415096306, 0.24646226415096306, 101.76533018867926, 102.42885220125788, 102.42885220125788], [102.42885220125788, 207.26533018867926, 209.2558962264151, 101.76533018867926]]}",dark,FALSE,4,"(7200, 9000)",0.128817324,0.873958912,917.6092738,91.8102754
7,2,3,21J_LD2_05_06_07_08_2024-05-28 11-54-42.mkv,99,TRUE,0.5,50,1950,"{'xs': [[0.8438751607001568, 99.57805237589004, 102.2109637682951, 2.1603308569026884, 2.1603308569026884], [2.1603308569026884, -0.4725805355023749, 99.57805237589004, 102.2109637682951]], 'ys': [[0.24646226415096306, 0.24646226415096306, 101.76533018867926, 102.42885220125788, 102.42885220125788], [102.42885220125788, 207.26533018867926, 209.2558962264151, 101.76533018867926]]}",dark,FALSE,4,"(7200, 9000)",0.1143809,0.8856191,1076.15718,107.6735926
11,2,3,21J_LD2_09_10_11_12_2024-05-28 12-06-47.mkv,99,TRUE,0.5,50,1950,"{'xs': [[0.8438751607001568, 99.57805237589004, 102.2109637682951, 2.1603308569026884, 2.1603308569026884], [2.1603308569026884, -0.4725805355023749, 99.57805237589004, 102.2109637682951]], 'ys': [[0.24646226415096306, 0.24646226415096306, 101.76533018867926, 102.42885220125788, 102.42885220125788], [102.42885220125788, 207.26533018867926, 209.2558962264151, 101.76533018867926]]}",dark,FALSE,4,"(7200, 9000)",0.510827318,0.501388118,1276.59523,127.7281769
15,2,3,21J_LD2_13_14_15_16_2024-05-28 12-14-02.mkv,99,TRUE,0.5,50,1950,"{'xs': [[0.8438751607001568, 99.57805237589004, 102.2109637682951, 2.1603308569026884, 2.1603308569026884], [2.1603308569026884, -0.4725805355023749, 99.57805237589004, 102.2109637682951]], 'ys': [[0.24646226415096306, 0.24646226415096306, 101.76533018867926, 102.42885220125788, 102.42885220125788], [102.42885220125788, 207.26533018867926, 209.2558962264151, 101.76533018867926]]}",dark,FALSE,4,"(7200, 9000)",0.089881289,0.911249293,851.7608131,85.22188808
19,2,3,21J_LD2_17_18_19_20_2024-05-28 12-22-01.mkv,99,TRUE,0.5,50,1950,"{'xs': [[0.8438751607001568, 99.57805237589004, 102.2109637682951, 2.1603308569026884, 2.1603308569026884], [2.1603308569026884, -0.4725805355023749, 99.57805237589004, 102.2109637682951]], 'ys': [[0.24646226415096306, 0.24646226415096306, 101.76533018867926, 102.42885220125788, 102.42885220125788], [102.42885220125788, 207.26533018867926, 209.2558962264151, 101.76533018867926]]}",dark,FALSE,4,"(7200, 9000)",0.239311494,0.760688506,976.6121195,97.71373308
23,2,3,21J_LD2_21_22_23_24_2024-05-28 12-30-22.mkv,99,TRUE,0.5,50,1950,"{'xs': [[0.8438751607001568, 99.57805237589004, 102.2109637682951, 2.1603308569026884, 2.1603308569026884], [2.1603308569026884, -0.4725805355023749, 99.57805237589004, 102.2109637682951]], 'ys': [[0.24646226415096306, 0.24646226415096306, 101.76533018867926, 102.42885220125788, 102.42885220125788], [102.42885220125788, 207.26533018867926, 209.2558962264151, 101.76533018867926]]}",dark,FALSE,4,"(7200, 9000)",0.425319267,0.575791227,1331.718641,133.2434824
27,2,3,21J_LD2_25_26_27_28_2024-05-28 12-39-35.mkv,99,TRUE,0.5,50,1950,"{'xs': [[0.8438751607001568, 99.57805237589004, 102.2109637682951, 2.1603308569026884, 2.1603308569026884], [2.1603308569026884, -0.4725805355023749, 99.57805237589004, 102.2109637682951]], 'ys': [[0.24646226415096306, 0.24646226415096306, 101.76533018867926, 102.42885220125788, 102.42885220125788], [102.42885220125788, 207.26533018867926, 209.2558962264151, 101.76533018867926]]}",dark,FALSE,4,"(7200, 9000)",0,1,643.3689561,64.37149529
31,2,3,21J_LD2_29_31_32_2024-05-28 12-48-10.mkv,99,TRUE,0.5,50,1950,"{'xs': [[0.8438751607001568, 99.57805237589004, 102.2109637682951, 2.1603308569026884, 2.1603308569026884], [2.1603308569026884, -0.4725805355023749, 99.57805237589004, 102.2109637682951]], 'ys': [[0.24646226415096306, 0.24646226415096306, 101.76533018867926, 102.42885220125788, 102.42885220125788], [102.42885220125788, 207.26533018867926, 209.2558962264151, 101.76533018867926]]}",light,FALSE,4,"(7200, 9000)",0.101610217,0.898389783,826.9397233,82.73844424
35,2,3,21J_LD2_33_34_35_36_2024-05-28 14-47-01.mkv,99,TRUE,0.5,50,1950,"{'xs': [[0.8438751607001568, 99.57805237589004, 102.2109637682951, 2.1603308569026884, 2.1603308569026884], [2.1603308569026884, -0.4725805355023749, 99.57805237589004, 102.2109637682951]], 'ys': [[0.24646226415096306, 0.24646226415096306, 101.76533018867926, 102.42885220125788, 102.42885220125788], [102.42885220125788, 207.26533018867926, 209.2558962264151, 101.76533018867926]]}",dark,FALSE,4,"(7200, 9000)",0.186007773,0.823431427,884.9298119,88.54057174
39,2,3,21J_LD2_37_38_39_40_2024-05-28 14-56-56.mkv,99,TRUE,0.5,50,1950,"{'xs': [[0.8438751607001568, 99.57805237589004, 102.2109637682951, 2.1603308569026884, 2.1603308569026884], [2.1603308569026884, -0.4725805355023749, 99.57805237589004, 102.2109637682951]], 'ys': [[0.24646226415096306, 0.24646226415096306, 101.76533018867926, 102.42885220125788, 102.42885220125788], [102.42885220125788, 207.26533018867926, 209.2558962264151, 101.76533018867926]]}",dark,FALSE,4,"(7200, 9000)",0.103831205,0.897279289,873.87856,87.43485223
34,2,3,21J_LD2_41_42_43_44_2024-05-28 15-06-29.mkv,99,TRUE,0.5,50,1950,"{'xs': [[0.8438751607001568, 99.57805237589004, 102.2109637682951, 2.1603308569026884, 2.1603308569026884], [2.1603308569026884, -0.4725805355023749, 99.57805237589004, 102.2109637682951]], 'ys': [[0.24646226415096306, 0.24646226415096306, 101.76533018867926, 102.42885220125788, 102.42885220125788], [102.42885220125788, 207.26533018867926, 209.2558962264151, 101.76533018867926]]}",light,FALSE,4,"(7200, 9000)",0.305385897,0.712937257,1235.145341,123.5809589
37,2,3,21J_LD2_45_46_47_48_2024-05-28 15-16-42.mkv,99,TRUE,0.5,50,1950,"{'xs': [[0.8438751607001568, 99.57805237589004, 102.2109637682951, 2.1603308569026884, 2.1603308569026884], [2.1603308569026884, -0.4725805355023749, 99.57805237589004, 102.2109637682951]], 'ys': [[0.24646226415096306, 0.24646226415096306, 101.76533018867926, 102.42885220125788, 102.42885220125788], [102.42885220125788, 207.26533018867926, 209.2558962264151, 101.76533018867926]]}",light,FALSE,4,"(7200, 9000)",0.45530261,0.545807885,1075.889804,107.6468406
51,2,3,21J_LD2_49_50_51_52_2024-05-28 15-27-25.mkv,99,TRUE,0.5,50,1950,"{'xs': [[0.8438751607001568, 99.57805237589004, 102.2109637682951, 2.1603308569026884, 2.1603308569026884], [2.1603308569026884, -0.4725805355023749, 99.57805237589004, 102.2109637682951]], 'ys': [[0.24646226415096306, 0.24646226415096306, 101.76533018867926, 102.42885220125788, 102.42885220125788], [102.42885220125788, 207.26533018867926, 209.2558962264151, 101.76533018867926]]}",light,FALSE,4,"(7200, 9000)",0.303164908,0.699611327,1183.05907,118.3695307
55,2,3,21J_LD2_53_54_55_56_2024-05-28 15-37-01.mkv,99,TRUE,0.5,50,1950,"{'xs': [[0.8438751607001568, 99.57805237589004, 102.2109637682951, 2.1603308569026884, 2.1603308569026884], [2.1603308569026884, -0.4725805355023749, 99.57805237589004, 102.2109637682951]], 'ys': [[0.24646226415096306, 0.24646226415096306, 101.76533018867926, 102.42885220125788, 102.42885220125788], [102.42885220125788, 207.26533018867926, 209.2558962264151, 101.76533018867926]]}",dark,FALSE,4,"(7200, 9000)",0.530816213,0.475291505,1235.812465,123.6477071
59,2,3,21J_LD2_57_58_59_60_2024-05-28 15-46-48.mkv,99,TRUE,0.5,50,1950,"{'xs': [[0.8438751607001568, 99.57805237589004, 102.2109637682951, 2.1603308569026884, 2.1603308569026884], [2.1603308569026884, -0.4725805355023749, 99.57805237589004, 102.2109637682951]], 'ys': [[0.24646226415096306, 0.24646226415096306, 101.76533018867926, 102.42885220125788, 102.42885220125788], [102.42885220125788, 207.26533018867926, 209.2558962264151, 101.76533018867926]]}",dark,FALSE,4,"(7200, 9000)",0.067740144,0.938367574,938.7542338,93.92590855
4,2,4,21J_LD2_01_02_03_04_2024-05-28 11-45-17.mkv,99,TRUE,0.5,50,1950,"{'xs': [[2.1603308569026884, 102.2109637682951, 99.57805237589004, 0.8438751607001568], [0.8438751607001568, 2.1603308569026884, 99.57805237589004, 99.57805237589004]], 'ys': [[2.2282028198242365, 1.5657028198242364, 103.59070281982423, 104.25320281982422], [104.25320281982422, 210.25320281982422, 210.25320281982422, 103.59070281982423]]}",dark,FALSE,0,"(0, 1800)",0.129927818,0.870072182,722.323281,73.60693766
8,2,4,21J_LD2_05_06_07_08_2024-05-28 11-54-42.mkv,99,TRUE,0.5,50,1950,"{'xs': [[2.1603308569026884, 102.2109637682951, 99.57805237589004, 0.8438751607001568], [0.8438751607001568, 2.1603308569026884, 99.57805237589004, 99.57805237589004]], 'ys': [[2.2282028198242365, 1.5657028198242364, 103.59070281982423, 104.25320281982422], [104.25320281982422, 210.25320281982422, 210.25320281982422, 103.59070281982423]]}",light,FALSE,0,"(0, 1800)",0.193225986,0.808995003,1143.299526,116.5056965
12,2,4,21J_LD2_09_10_11_12_2024-05-28 12-06-47.mkv,99,TRUE,0.5,50,1950,"{'xs': [[2.1603308569026884, 102.2109637682951, 99.57805237589004, 0.8438751607001568], [0.8438751607001568, 2.1603308569026884, 99.57805237589004, 99.57805237589004]], 'ys': [[2.2282028198242365, 1.5657028198242364, 103.59070281982423, 104.25320281982422], [104.25320281982422, 210.25320281982422, 210.25320281982422, 103.59070281982423]]}",dark,FALSE,0,"(0, 1800)",0.078845086,0.922265408,769.5982175,78.42439738
16,2,4,21J_LD2_13_14_15_16_2024-05-28 12-14-02.mkv,99,TRUE,0.5,50,1950,"{'xs': [[2.1603308569026884, 102.2109637682951, 99.57805237589004, 0.8438751607001568], [0.8438751607001568, 2.1603308569026884, 99.57805237589004, 99.57805237589004]], 'ys': [[2.2282028198242365, 1.5657028198242364, 103.59070281982423, 104.25320281982422], [104.25320281982422, 210.25320281982422, 210.25320281982422, 103.59070281982423]]}",light,FALSE,0,"(0, 1800)",0.450305386,0.553026097,1216.729281,123.9884116
20,2,4,21J_LD2_17_18_19_20_2024-05-28 12-22-01.mkv,99,TRUE,0.5,50,1950,"{'xs': [[2.1603308569026884, 102.2109637682951, 99.57805237589004, 0.8438751607001568], [0.8438751607001568, 2.1603308569026884, 99.57805237589004, 99.57805237589004]], 'ys': [[2.2282028198242365, 1.5657028198242364, 103.59070281982423, 104.25320281982422], [104.25320281982422, 210.25320281982422, 210.25320281982422, 103.59070281982423]]}",dark,FALSE,0,"(0, 1800)",0.351471405,0.651304831,1812.792619,184.7290774
24,2,4,21J_LD2_21_22_23_24_2024-05-28 12-30-22.mkv,99,TRUE,0.5,50,1950,"{'xs': [[2.1603308569026884, 102.2109637682951, 99.57805237589004, 0.8438751607001568], [0.8438751607001568, 2.1603308569026884, 99.57805237589004, 99.57805237589004]], 'ys': [[2.2282028198242365, 1.5657028198242364, 103.59070281982423, 104.25320281982422], [104.25320281982422, 210.25320281982422, 210.25320281982422, 103.59070281982423]]}",light,FALSE,0,"(0, 1800)",0.310938368,0.693503609,978.2090502,99.68247524
28,2,4,21J_LD2_25_26_27_28_2024-05-28 12-39-35.mkv,99,TRUE,0.5,50,1950,"{'xs': [[2.1603308569026884, 102.2109637682951, 99.57805237589004, 0.8438751607001568], [0.8438751607001568, 2.1603308569026884, 99.57805237589004, 99.57805237589004]], 'ys': [[2.2282028198242365, 1.5657028198242364, 103.59070281982423, 104.25320281982422], [104.25320281982422, 210.25320281982422, 210.25320281982422, 103.59070281982423]]}",light,FALSE,0,"(0, 1800)",0.108828429,0.896168795,1309.684498,133.4608309
32,2,4,21J_LD2_29_31_32_2024-05-28 12-48-10.mkv,99,TRUE,0.5,50,1950,"{'xs': [[2.1603308569026884, 102.2109637682951, 99.57805237589004, 0.8438751607001568], [0.8438751607001568, 2.1603308569026884, 99.57805237589004, 99.57805237589004]], 'ys': [[2.2282028198242365, 1.5657028198242364, 103.59070281982423, 104.25320281982422], [104.25320281982422, 210.25320281982422, 210.25320281982422, 103.59070281982423]]}",dark,FALSE,0,"(0, 1800)",0.545807885,0.459189339,2122.970712,216.3371678
36,2,4,21J_LD2_33_34_35_36_2024-05-28 14-47-01.mkv,99,TRUE,0.5,50,1950,"{'xs': [[2.1603308569026884, 102.2109637682951, 99.57805237589004, 0.8438751607001568], [0.8438751607001568, 2.1603308569026884, 99.57805237589004, 99.57805237589004]], 'ys': [[2.2282028198242365, 1.5657028198242364, 103.59070281982423, 104.25320281982422], [104.25320281982422, 210.25320281982422, 210.25320281982422, 103.59070281982423]]}",dark,FALSE,0,"(0, 1800)",0.566907274,0.435868962,1220.044098,124.3262017
40,2,4,21J_LD2_37_38_39_40_2024-05-28 14-56-56.mkv,99,TRUE,0.5,50,1950,"{'xs': [[2.1603308569026884, 102.2109637682951, 99.57805237589004, 0.8438751607001568], [0.8438751607001568, 2.1603308569026884, 99.57805237589004, 99.57805237589004]], 'ys': [[2.2282028198242365, 1.5657028198242364, 103.59070281982423, 104.25320281982422], [104.25320281982422, 210.25320281982422, 210.25320281982422, 103.59070281982423]]}",light,FALSE,0,"(0, 1800)",0.038312049,0.961687951,824.5640471,84.02558246
44,2,4,21J_LD2_41_42_43_44_2024-05-28 15-06-29.mkv,99,TRUE,0.5,50,1950,"{'xs': [[2.1603308569026884, 102.2109637682951, 99.57805237589004, 0.8438751607001568], [0.8438751607001568, 2.1603308569026884, 99.57805237589004, 99.57805237589004]], 'ys': [[2.2282028198242365, 1.5657028198242364, 103.59070281982423, 104.25320281982422], [104.25320281982422, 210.25320281982422, 210.25320281982422, 103.59070281982423]]}",dark,FALSE,0,"(0, 1800)",0.249861188,0.751804553,1129.187968,115.0676858
48,2,4,21J_LD2_45_46_47_48_2024-05-28 15-16-42.mkv,99,TRUE,0.5,50,1950,"{'xs': [[2.1603308569026884, 102.2109637682951, 99.57805237589004, 0.8438751607001568], [0.8438751607001568, 2.1603308569026884, 99.57805237589004, 99.57805237589004]], 'ys': [[2.2282028198242365, 1.5657028198242364, 103.59070281982423, 104.25320281982422], [104.25320281982422, 210.25320281982422, 210.25320281982422, 103.59070281982423]]}",light,FALSE,0,"(0, 1800)",0.642976124,0.358689617,1097.279661,111.8161324
52,2,4,21J_LD2_49_50_51_52_2024-05-28 15-27-25.mkv,99,TRUE,0.5,50,1950,"{'xs': [[2.1603308569026884, 102.2109637682951, 99.57805237589004, 0.8438751607001568], [0.8438751607001568, 2.1603308569026884, 99.57805237589004, 99.57805237589004]], 'ys': [[2.2282028198242365, 1.5657028198242364, 103.59070281982423, 104.25320281982422], [104.25320281982422, 210.25320281982422, 210.25320281982422, 103.59070281982423]]}",dark,FALSE,0,"(0, 1800)",0,1,678.5418875,69.1454806
56,2,4,21J_LD2_53_54_55_56_2024-05-28 15-37-01.mkv,99,TRUE,0.5,50,1950,"{'xs': [[2.1603308569026884, 102.2109637682951, 99.57805237589004, 0.8438751607001568], [0.8438751607001568, 2.1603308569026884, 99.57805237589004, 99.57805237589004]], 'ys': [[2.2282028198242365, 1.5657028198242364, 103.59070281982423, 104.25320281982422], [104.25320281982422, 210.25320281982422, 210.25320281982422, 103.59070281982423]]}",dark,FALSE,0,"(0, 1800)",0.060521932,0.940588562,845.9434377,86.20420735
60,2,4,21J_LD2_57_58_59_60_2024-05-28 15-46-48.mkv,99,TRUE,0.5,50,1950,"{'xs': [[2.1603308569026884, 102.2109637682951, 99.57805237589004, 0.8438751607001568], [0.8438751607001568, 2.1603308569026884, 99.57805237589004, 99.57805237589004]], 'ys': [[2.2282028198242365, 1.5657028198242364, 103.59070281982423, 104.25320281982422], [104.25320281982422, 210.25320281982422, 210.25320281982422, 103.59070281982423]]}",dark,FALSE,0,"(0, 1800)",0.494169906,0.513603554,1141.513804,116.323726
4,2,4,21J_LD2_01_02_03_04_2024-05-28 11-45-17.mkv,99,TRUE,0.5,50,1950,"{'xs': [[2.1603308569026884, 102.2109637682951, 99.57805237589004, 0.8438751607001568], [0.8438751607001568, 2.1603308569026884, 99.57805237589004, 99.57805237589004]], 'ys': [[2.2282028198242365, 1.5657028198242364, 103.59070281982423, 104.25320281982422], [104.25320281982422, 210.25320281982422, 210.25320281982422, 103.59070281982423]]}",dark,FALSE,1,"(1800, 3600)",0.379789006,0.624097723,1089.804463,111.054387
8,2,4,21J_LD2_05_06_07_08_2024-05-28 11-54-42.mkv,99,TRUE,0.5,50,1950,"{'xs': [[2.1603308569026884, 102.2109637682951, 99.57805237589004, 0.8438751607001568], [0.8438751607001568, 2.1603308569026884, 99.57805237589004, 99.57805237589004]], 'ys': [[2.2282028198242365, 1.5657028198242364, 103.59070281982423, 104.25320281982422], [104.25320281982422, 210.25320281982422, 210.25320281982422, 103.59070281982423]]}",light,FALSE,1,"(1800, 3600)",0.304275403,0.695724597,1069.263147,108.9611645
12,2,4,21J_LD2_09_10_11_12_2024-05-28 12-06-47.mkv,99,TRUE,0.5,50,1950,"{'xs': [[2.1603308569026884, 102.2109637682951, 99.57805237589004, 0.8438751607001568], [0.8438751607001568, 2.1603308569026884, 99.57805237589004, 99.57805237589004]], 'ys': [[2.2282028198242365, 1.5657028198242364, 103.59070281982423, 104.25320281982422], [104.25320281982422, 210.25320281982422, 210.25320281982422, 103.59070281982423]]}",dark,FALSE,1,"(1800, 3600)",0.035535813,0.965574681,927.8971226,94.55553692
16,2,4,21J_LD2_13_14_15_16_2024-05-28 12-14-02.mkv,99,TRUE,0.5,50,1950,"{'xs': [[2.1603308569026884, 102.2109637682951, 99.57805237589004, 0.8438751607001568], [0.8438751607001568, 2.1603308569026884, 99.57805237589004, 99.57805237589004]], 'ys': [[2.2282028198242365, 1.5657028198242364, 103.59070281982423, 104.25320281982422], [104.25320281982422, 210.25320281982422, 210.25320281982422, 103.59070281982423]]}",light,FALSE,1,"(1800, 3600)",0.367018323,0.635202665,1037.861155,105.7612061
20,2,4,21J_LD2_17_18_19_20_2024-05-28 12-22-01.mkv,99,TRUE,0.5,50,1950,"{'xs': [[2.1603308569026884, 102.2109637682951, 99.57805237589004, 0.8438751607001568], [0.8438751607001568, 2.1603308569026884, 99.57805237589004, 99.57805237589004]], 'ys': [[2.2282028198242365, 1.5657028198242364, 103.59070281982423, 104.25320281982422], [104.25320281982422, 210.25320281982422, 210.25320281982422, 103.59070281982423]]}",dark,FALSE,1,"(1800, 3600)",0.480288728,0.520821766,1294.120091,131.8747704
24,2,4,21J_LD2_21_22_23_24_2024-05-28 12-30-22.mkv,99,TRUE,0.5,50,1950,"{'xs': [[2.1603308569026884, 102.2109637682951, 99.57805237589004, 0.8438751607001568], [0.8438751607001568, 2.1603308569026884, 99.57805237589004, 99.57805237589004]], 'ys': [[2.2282028198242365, 1.5657028198242364, 103.59070281982423, 104.25320281982422], [104.25320281982422, 210.25320281982422, 210.25320281982422, 103.59070281982423]]}",light,FALSE,1,"(1800, 3600)",0.044975014,0.95613548,679.5542751,69.24864597
28,2,4,21J_LD2_25_26_27_28_2024-05-28 12-39-35.mkv,99,TRUE,0.5,50,1950,"{'xs': [[2.1603308569026884, 102.2109637682951, 99.57805237589004, 0.8438751607001568], [0.8438751607001568, 2.1603308569026884, 99.57805237589004, 99.57805237589004]], 'ys': [[2.2282028198242365, 1.5657028198242364, 103.59070281982423, 104.25320281982422], [104.25320281982422, 210.25320281982422, 210.25320281982422, 103.59070281982423]]}",light,FALSE,1,"(1800, 3600)",0.161576902,0.839533592,1094.909212,111.5745764
32,2,4,21J_LD2_29_31_32_2024-05-28 12-48-10.mkv,99,TRUE,0.5,50,1950,"{'xs': [[2.1603308569026884, 102.2109637682951, 99.57805237589004, 0.8438751607001568], [0.8438751607001568, 2.1603308569026884, 99.57805237589004, 99.57805237589004]], 'ys': [[2.2282028198242365, 1.5657028198242364, 103.59070281982423, 104.25320281982422], [104.25320281982422, 210.25320281982422, 210.25320281982422, 103.59070281982423]]}",dark,FALSE,1,"(1800, 3600)",0.50860633,0.493614659,2046.206189,208.5146296
36,2,4,21J_LD2_33_34_35_36_2024-05-28 14-47-01.mkv,99,TRUE,0.5,50,1950,"{'xs': [[2.1603308569026884, 102.2109637682951, 99.57805237589004, 0.8438751607001568], [0.8438751607001568, 2.1603308569026884, 99.57805237589004, 99.57805237589004]], 'ys': [[2.2282028198242365, 1.5657028198242364, 103.59070281982423, 104.25320281982422], [104.25320281982422, 210.25320281982422, 210.25320281982422, 103.59070281982423]]}",dark,FALSE,1,"(1800, 3600)",0.417545808,0.593003887,1307.828691,133.2717184
40,2,4,21J_LD2_37_38_39_40_2024-05-28 14-56-56.mkv,99,TRUE,0.5,50,1950,"{'xs': [[2.1603308569026884, 102.2109637682951, 99.57805237589004, 0.8438751607001568], [0.8438751607001568, 2.1603308569026884, 99.57805237589004, 99.57805237589004]], 'ys': [[2.2282028198242365, 1.5657028198242364, 103.59070281982423, 104.25320281982422], [104.25320281982422, 210.25320281982422, 210.25320281982422, 103.59070281982423]]}",light,FALSE,1,"(1800, 3600)",0.179344808,0.825097168,686.7277801,69.97964794
44,2,4,21J_LD2_41_42_43_44_2024-05-28 15-06-29.mkv,99,TRUE,0.5,50,1950,"{'xs': [[2.1603308569026884, 102.2109637682951, 99.57805237589004, 0.8438751607001568], [0.8438751607001568, 2.1603308569026884, 99.57805237589004, 99.57805237589004]], 'ys': [[2.2282028198242365, 1.5657028198242364, 103.59070281982423, 104.25320281982422], [104.25320281982422, 210.25320281982422, 210.25320281982422, 103.59070281982423]]}",dark,FALSE,1,"(1800, 3600)",0.144364242,0.856746252,786.5568588,80.15253446
48,2,4,21J_LD2_45_46_47_48_2024-05-28 15-16-42.mkv,99,TRUE,0.5,50,1950,"{'xs': [[2.1603308569026884, 102.2109637682951, 99.57805237589004, 0.8438751607001568], [0.8438751607001568, 2.1603308569026884, 99.57805237589004, 99.57805237589004]], 'ys': [[2.2282028198242365, 1.5657028198242364, 103.59070281982423, 104.25320281982422], [104.25320281982422, 210.25320281982422, 210.25320281982422, 103.59070281982423]]}",light,FALSE,1,"(1800, 3600)",0.803442532,0.196557468,727.0116216,74.08469382
52,2,4,21J_LD2_49_50_51_52_2024-05-28 15-27-25.mkv,99,TRUE,0.5,50,1950,"{'xs': [[2.1603308569026884, 102.2109637682951, 99.57805237589004, 0.8438751607001568], [0.8438751607001568, 2.1603308569026884, 99.57805237589004, 99.57805237589004]], 'ys': [[2.2282028198242365, 1.5657028198242364, 103.59070281982423, 104.25320281982422], [104.25320281982422, 210.25320281982422, 210.25320281982422, 103.59070281982423]]}",dark,FALSE,1,"(1800, 3600)",0.205996669,0.79622432,1053.85036,107.3905546
56,2,4,21J_LD2_53_54_55_56_2024-05-28 15-37-01.mkv,99,TRUE,0.5,50,1950,"{'xs': [[2.1603308569026884, 102.2109637682951, 99.57805237589004, 0.8438751607001568], [0.8438751607001568, 2.1603308569026884, 99.57805237589004, 99.57805237589004]], 'ys': [[2.2282028198242365, 1.5657028198242364, 103.59070281982423, 104.25320281982422], [104.25320281982422, 210.25320281982422, 210.25320281982422, 103.59070281982423]]}",dark,FALSE,1,"(1800, 3600)",0.45530261,0.545252637,1401.454032,142.8124253
60,2,4,21J_LD2_57_58_59_60_2024-05-28 15-46-48.mkv,99,TRUE,0.5,50,1950,"{'xs': [[2.1603308569026884, 102.2109637682951, 99.57805237589004, 0.8438751607001568], [0.8438751607001568, 2.1603308569026884, 99.57805237589004, 99.57805237589004]], 'ys': [[2.2282028198242365, 1.5657028198242364, 103.59070281982423, 104.25320281982422], [104.25320281982422, 210.25320281982422, 210.25320281982422, 103.59070281982423]]}",dark,FALSE,1,"(1800, 3600)",0.134369795,0.865630205,689.5293016,70.26513149
4,2,4,21J_LD2_01_02_03_04_2024-05-28 11-45-17.mkv,99,TRUE,0.5,50,1950,"{'xs': [[2.1603308569026884, 102.2109637682951, 99.57805237589004, 0.8438751607001568], [0.8438751607001568, 2.1603308569026884, 99.57805237589004, 99.57805237589004]], 'ys': [[2.2282028198242365, 1.5657028198242364, 103.59070281982423, 104.25320281982422], [104.25320281982422, 210.25320281982422, 210.25320281982422, 103.59070281982423]]}",dark,FALSE,2,"(3600, 5400)",0.124930594,0.878400888,671.098854,68.38701286
8,2,4,21J_LD2_05_06_07_08_2024-05-28 11-54-42.mkv,99,TRUE,0.5,50,1950,"{'xs': [[2.1603308569026884, 102.2109637682951, 99.57805237589004, 0.8438751607001568], [0.8438751607001568, 2.1603308569026884, 99.57805237589004, 99.57805237589004]], 'ys': [[2.2282028198242365, 1.5657028198242364, 103.59070281982423, 104.25320281982422], [104.25320281982422, 210.25320281982422, 210.25320281982422, 103.59070281982423]]}",light,FALSE,2,"(3600, 5400)",0.4952804,0.509161577,1382.351417,140.8658107
12,2,4,21J_LD2_09_10_11_12_2024-05-28 12-06-47.mkv,99,TRUE,0.5,50,1950,"{'xs': [[2.1603308569026884, 102.2109637682951, 99.57805237589004, 0.8438751607001568], [0.8438751607001568, 2.1603308569026884, 99.57805237589004, 99.57805237589004]], 'ys': [[2.2282028198242365, 1.5657028198242364, 103.59070281982423, 104.25320281982422], [104.25320281982422, 210.25320281982422, 210.25320281982422, 103.59070281982423]]}",dark,FALSE,2,"(3600, 5400)",0.240977235,0.759578012,972.9565653,99.14723107
16,2,4,21J_LD2_13_14_15_16_2024-05-28 12-14-02.mkv,99,TRUE,0.5,50,1950,"{'xs': [[2.1603308569026884, 102.2109637682951, 99.57805237589004, 0.8438751607001568], [0.8438751607001568, 2.1603308569026884, 99.57805237589004, 99.57805237589004]], 'ys': [[2.2282028198242365, 1.5657028198242364, 103.59070281982423, 104.25320281982422], [104.25320281982422, 210.25320281982422, 210.25320281982422, 103.59070281982423]]}",light,FALSE,2,"(3600, 5400)",0.088839534,0.913381455,848.7758696,86.49284076
20,2,4,21J_LD2_17_18_19_20_2024-05-28 12-22-01.mkv,99,TRUE,0.5,50,1950,"{'xs': [[2.1603308569026884, 102.2109637682951, 99.57805237589004, 0.8438751607001568], [0.8438751607001568, 2.1603308569026884, 99.57805237589004, 99.57805237589004]], 'ys': [[2.2282028198242365, 1.5657028198242364, 103.59070281982423, 104.25320281982422], [104.25320281982422, 210.25320281982422, 210.25320281982422, 103.59070281982423]]}",dark,FALSE,2,"(3600, 5400)",0.554136591,0.453636868,1553.645965,158.3212458
24,2,4,21J_LD2_21_22_23_24_2024-05-28 12-30-22.mkv,99,TRUE,0.5,50,1950,"{'xs': [[2.1603308569026884, 102.2109637682951, 99.57805237589004, 0.8438751607001568], [0.8438751607001568, 2.1603308569026884, 99.57805237589004, 99.57805237589004]], 'ys': [[2.2282028198242365, 1.5657028198242364, 103.59070281982423, 104.25320281982422], [104.25320281982422, 210.25320281982422, 210.25320281982422, 103.59070281982423]]}",light,FALSE,2,"(3600, 5400)",0.24375347,0.757357024,1063.586304,108.3826769
28,2,4,21J_LD2_25_26_27_28_2024-05-28 12-39-35.mkv,99,TRUE,0.5,50,1950,"{'xs': [[2.1603308569026884, 102.2109637682951, 99.57805237589004, 0.8438751607001568], [0.8438751607001568, 2.1603308569026884, 99.57805237589004, 99.57805237589004]], 'ys': [[2.2282028198242365, 1.5657028198242364, 103.59070281982423, 104.25320281982422], [104.25320281982422, 210.25320281982422, 210.25320281982422, 103.59070281982423]]}",light,FALSE,2,"(3600, 5400)",0.261521377,0.740699611,1237.906088,126.1463926
32,2,4,21J_LD2_29_31_32_2024-05-28 12-48-10.mkv,99,TRUE,0.5,50,1950,"{'xs': [[2.1603308569026884, 102.2109637682951, 99.57805237589004, 0.8438751607001568], [0.8438751607001568, 2.1603308569026884, 99.57805237589004, 99.57805237589004]], 'ys': [[2.2282028198242365, 1.5657028198242364, 103.59070281982423, 104.25320281982422], [104.25320281982422, 210.25320281982422, 210.25320281982422, 103.59070281982423]]}",dark,FALSE,2,"(3600, 5400)",0.699611327,0.303164908,2004.447535,204.2592959
36,2,4,21J_LD2_33_34_35_36_2024-05-28 14-47-01.mkv,99,TRUE,0.5,50,1950,"{'xs': [[2.1603308569026884, 102.2109637682951, 99.57805237589004, 0.8438751607001568], [0.8438751607001568, 2.1603308569026884, 99.57805237589004, 99.57805237589004]], 'ys': [[2.2282028198242365, 1.5657028198242364, 103.59070281982423, 104.25320281982422], [104.25320281982422, 210.25320281982422, 210.25320281982422, 103.59070281982423]]}",dark,FALSE,2,"(3600, 5400)",0.276513048,0.723486952,974.9682696,99.35222985
40,2,4,21J_LD2_37_38_39_40_2024-05-28 14-56-56.mkv,99,TRUE,0.5,50,1950,"{'xs': [[2.1603308569026884, 102.2109637682951, 99.57805237589004, 0.8438751607001568], [0.8438751607001568, 2.1603308569026884, 99.57805237589004, 99.57805237589004]], 'ys': [[2.2282028198242365, 1.5657028198242364, 103.59070281982423, 104.25320281982422], [104.25320281982422, 210.25320281982422, 210.25320281982422, 103.59070281982423]]}",light,FALSE,2,"(3600, 5400)",0.260410883,0.742365353,928.1992726,94.58632691
44,2,4,21J_LD2_41_42_43_44_2024-05-28 15-06-29.mkv,99,TRUE,0.5,50,1950,"{'xs': [[2.1603308569026884, 102.2109637682951, 99.57805237589004, 0.8438751607001568], [0.8438751607001568, 2.1603308569026884, 99.57805237589004, 99.57805237589004]], 'ys': [[2.2282028198242365, 1.5657028198242364, 103.59070281982423, 104.25320281982422], [104.25320281982422, 210.25320281982422, 210.25320281982422, 103.59070281982423]]}",dark,FALSE,2,"(3600, 5400)",0.294280955,0.710161022,1158.277555,118.0320032
48,2,4,21J_LD2_45_46_47_48_2024-05-28 15-16-42.mkv,99,TRUE,0.5,50,1950,"{'xs': [[2.1603308569026884, 102.2109637682951, 99.57805237589004, 0.8438751607001568], [0.8438751607001568, 2.1603308569026884, 99.57805237589004, 99.57805237589004]], 'ys': [[2.2282028198242365, 1.5657028198242364, 103.59070281982423, 104.25320281982422], [104.25320281982422, 210.25320281982422, 210.25320281982422, 103.59070281982423]]}",light,FALSE,2,"(3600, 5400)",0.32759578,0.674625208,1018.714436,103.8100972
52,2,4,21J_LD2_49_50_51_52_2024-05-28 15-27-25.mkv,99,TRUE,0.5,50,1950,"{'xs': [[2.1603308569026884, 102.2109637682951, 99.57805237589004, 0.8438751607001568], [0.8438751607001568, 2.1603308569026884, 99.57805237589004, 99.57805237589004]], 'ys': [[2.2282028198242365, 1.5657028198242364, 103.59070281982423, 104.25320281982422], [104.25320281982422, 210.25320281982422, 210.25320281982422, 103.59070281982423]]}",dark,FALSE,2,"(3600, 5400)",0.299278179,0.700721821,1150.711066,117.260955
56,2,4,21J_LD2_53_54_55_56_2024-05-28 15-37-01.mkv,99,TRUE,0.5,50,1950,"{'xs': [[2.1603308569026884, 102.2109637682951, 99.57805237589004, 0.8438751607001568], [0.8438751607001568, 2.1603308569026884, 99.57805237589004, 99.57805237589004]], 'ys': [[2.2282028198242365, 1.5657028198242364, 103.59070281982423, 104.25320281982422], [104.25320281982422, 210.25320281982422, 210.25320281982422, 103.59070281982423]]}",dark,FALSE,2,"(3600, 5400)",0.411993337,0.589117157,1111.483095,113.2635054
60,2,4,21J_LD2_57_58_59_60_2024-05-28 15-46-48.mkv,99,TRUE,0.5,50,1950,"{'xs': [[2.1603308569026884, 102.2109637682951, 99.57805237589004, 0.8438751607001568], [0.8438751607001568, 2.1603308569026884, 99.57805237589004, 99.57805237589004]], 'ys': [[2.2282028198242365, 1.5657028198242364, 103.59070281982423, 104.25320281982422], [104.25320281982422, 210.25320281982422, 210.25320281982422, 103.59070281982423]]}",dark,FALSE,2,"(3600, 5400)",0.452526374,0.558578567,1107.067959,112.8135897
4,2,4,21J_LD2_01_02_03_04_2024-05-28 11-45-17.mkv,99,TRUE,0.5,50,1950,"{'xs': [[2.1603308569026884, 102.2109637682951, 99.57805237589004, 0.8438751607001568], [0.8438751607001568, 2.1603308569026884, 99.57805237589004, 99.57805237589004]], 'ys': [[2.2282028198242365, 1.5657028198242364, 103.59070281982423, 104.25320281982422], [104.25320281982422, 210.25320281982422, 210.25320281982422, 103.59070281982423]]}",dark,FALSE,3,"(5400, 7200)",0.528039978,0.473070516,885.4828244,90.23339101
8,2,4,21J_LD2_05_06_07_08_2024-05-28 11-54-42.mkv,99,TRUE,0.5,50,1950,"{'xs': [[2.1603308569026884, 102.2109637682951, 99.57805237589004, 0.8438751607001568], [0.8438751607001568, 2.1603308569026884, 99.57805237589004, 99.57805237589004]], 'ys': [[2.2282028198242365, 1.5657028198242364, 103.59070281982423, 104.25320281982422], [104.25320281982422, 210.25320281982422, 210.25320281982422, 103.59070281982423]]}",light,FALSE,3,"(5400, 7200)",0.436424209,0.586896169,1260.296702,128.4280643
12,2,4,21J_LD2_09_10_11_12_2024-05-28 12-06-47.mkv,99,TRUE,0.5,50,1950,"{'xs': [[2.1603308569026884, 102.2109637682951, 99.57805237589004, 0.8438751607001568], [0.8438751607001568, 2.1603308569026884, 99.57805237589004, 99.57805237589004]], 'ys': [[2.2282028198242365, 1.5657028198242364, 103.59070281982423, 104.25320281982422], [104.25320281982422, 210.25320281982422, 210.25320281982422, 103.59070281982423]]}",dark,FALSE,3,"(5400, 7200)",0.199333703,0.801221544,989.8645733,100.8702085
16,2,4,21J_LD2_13_14_15_16_2024-05-28 12-14-02.mkv,99,TRUE,0.5,50,1950,"{'xs': [[2.1603308569026884, 102.2109637682951, 99.57805237589004, 0.8438751607001568], [0.8438751607001568, 2.1603308569026884, 99.57805237589004, 99.57805237589004]], 'ys': [[2.2282028198242365, 1.5657028198242364, 103.59070281982423, 104.25320281982422], [104.25320281982422, 210.25320281982422, 210.25320281982422, 103.59070281982423]]}",light,FALSE,3,"(5400, 7200)",0.55247085,0.448639645,1076.818889,109.7311175
20,2,4,21J_LD2_17_18_19_20_2024-05-28 12-22-01.mkv,99,TRUE,0.5,50,1950,"{'xs': [[2.1603308569026884, 102.2109637682951, 99.57805237589004, 0.8438751607001568], [0.8438751607001568, 2.1603308569026884, 99.57805237589004, 99.57805237589004]], 'ys': [[2.2282028198242365, 1.5657028198242364, 103.59070281982423, 104.25320281982422], [104.25320281982422, 210.25320281982422, 210.25320281982422, 103.59070281982423]]}",dark,FALSE,3,"(5400, 7200)",0.209328151,0.790671849,1359.433727,138.5304284
24,2,4,21J_LD2_21_22_23_24_2024-05-28 12-30-22.mkv,99,TRUE,0.5,50,1950,"{'xs': [[2.1603308569026884, 102.2109637682951, 99.57805237589004, 0.8438751607001568], [0.8438751607001568, 2.1603308569026884, 99.57805237589004, 99.57805237589004]], 'ys': [[2.2282028198242365, 1.5657028198242364, 103.59070281982423, 104.25320281982422], [104.25320281982422, 210.25320281982422, 210.25320281982422, 103.59070281982423]]}",light,FALSE,3,"(5400, 7200)",0.18101055,0.819544697,967.1235327,98.55282732
28,2,4,21J_LD2_25_26_27_28_2024-05-28 12-39-35.mkv,99,TRUE,0.5,50,1950,"{'xs': [[2.1603308569026884, 102.2109637682951, 99.57805237589004, 0.8438751607001568], [0.8438751607001568, 2.1603308569026884, 99.57805237589004, 99.57805237589004]], 'ys': [[2.2282028198242365, 1.5657028198242364, 103.59070281982423, 104.25320281982422], [104.25320281982422, 210.25320281982422, 210.25320281982422, 103.59070281982423]]}",light,FALSE,3,"(5400, 7200)",0.163242643,0.836757357,961.4577895,97.97547087
32,2,4,21J_LD2_29_31_32_2024-05-28 12-48-10.mkv,99,TRUE,0.5,50,1950,"{'xs': [[2.1603308569026884, 102.2109637682951, 99.57805237589004, 0.8438751607001568], [0.8438751607001568, 2.1603308569026884, 99.57805237589004, 99.57805237589004]], 'ys': [[2.2282028198242365, 1.5657028198242364, 103.59070281982423, 104.25320281982422], [104.25320281982422, 210.25320281982422, 210.25320281982422, 103.59070281982423]]}",dark,FALSE,3,"(5400, 7200)",0.47806774,0.525263742,1815.779545,185.0334543
36,2,4,21J_LD2_33_34_35_36_2024-05-28 14-47-01.mkv,99,TRUE,0.5,50,1950,"{'xs': [[2.1603308569026884, 102.2109637682951, 99.57805237589004, 0.8438751607001568], [0.8438751607001568, 2.1603308569026884, 99.57805237589004, 99.57805237589004]], 'ys': [[2.2282028198242365, 1.5657028198242364, 103.59070281982423, 104.25320281982422], [104.25320281982422, 210.25320281982422, 210.25320281982422, 103.59070281982423]]}",dark,FALSE,3,"(5400, 7200)",0.15991116,0.840644087,904.9756353,92.21976769
40,2,4,21J_LD2_37_38_39_40_2024-05-28 14-56-56.mkv,99,TRUE,0.5,50,1950,"{'xs': [[2.1603308569026884, 102.2109637682951, 99.57805237589004, 0.8438751607001568], [0.8438751607001568, 2.1603308569026884, 99.57805237589004, 99.57805237589004]], 'ys': [[2.2282028198242365, 1.5657028198242364, 103.59070281982423, 104.25320281982422], [104.25320281982422, 210.25320281982422, 210.25320281982422, 103.59070281982423]]}",light,FALSE,3,"(5400, 7200)",0.128817324,0.871182676,767.3610647,78.1964247
44,2,4,21J_LD2_41_42_43_44_2024-05-28 15-06-29.mkv,99,TRUE,0.5,50,1950,"{'xs': [[2.1603308569026884, 102.2109637682951, 99.57805237589004, 0.8438751607001568], [0.8438751607001568, 2.1603308569026884, 99.57805237589004, 99.57805237589004]], 'ys': [[2.2282028198242365, 1.5657028198242364, 103.59070281982423, 104.25320281982422], [104.25320281982422, 210.25320281982422, 210.25320281982422, 103.59070281982423]]}",dark,FALSE,3,"(5400, 7200)",0.392004442,0.609106052,1117.196389,113.8457075
48,2,4,21J_LD2_45_46_47_48_2024-05-28 15-16-42.mkv,99,TRUE,0.5,50,1950,"{'xs': [[2.1603308569026884, 102.2109637682951, 99.57805237589004, 0.8438751607001568], [0.8438751607001568, 2.1603308569026884, 99.57805237589004, 99.57805237589004]], 'ys': [[2.2282028198242365, 1.5657028198242364, 103.59070281982423, 104.25320281982422], [104.25320281982422, 210.25320281982422, 210.25320281982422, 103.59070281982423]]}",light,FALSE,3,"(5400, 7200)",0.275957801,0.734036646,1036.214086,105.5933647
52,2,4,21J_LD2_49_50_51_52_2024-05-28 15-27-25.mkv,99,TRUE,0.5,50,1950,"{'xs': [[2.1603308569026884, 102.2109637682951, 99.57805237589004, 0.8438751607001568], [0.8438751607001568, 2.1603308569026884, 99.57805237589004, 99.57805237589004]], 'ys': [[2.2282028198242365, 1.5657028198242364, 103.59070281982423, 104.25320281982422], [104.25320281982422, 210.25320281982422, 210.25320281982422, 103.59070281982423]]}",dark,FALSE,3,"(5400, 7200)",0.29150472,0.709605775,1235.794067,125.9311713
56,2,4,21J_LD2_53_54_55_56_2024-05-28 15-37-01.mkv,99,TRUE,0.5,50,1950,"{'xs': [[2.1603308569026884, 102.2109637682951, 99.57805237589004, 0.8438751607001568], [0.8438751607001568, 2.1603308569026884, 99.57805237589004, 99.57805237589004]], 'ys': [[2.2282028198242365, 1.5657028198242364, 103.59070281982423, 104.25320281982422], [104.25320281982422, 210.25320281982422, 210.25320281982422, 103.59070281982423]]}",dark,FALSE,3,"(5400, 7200)",0.356468629,0.644641866,1312.346447,133.7320915
60,2,4,21J_LD2_57_58_59_60_2024-05-28 15-46-48.mkv,99,TRUE,0.5,50,1950,"{'xs': [[2.1603308569026884, 102.2109637682951, 99.57805237589004, 0.8438751607001568], [0.8438751607001568, 2.1603308569026884, 99.57805237589004, 99.57805237589004]], 'ys': [[2.2282028198242365, 1.5657028198242364, 103.59070281982423, 104.25320281982422], [104.25320281982422, 210.25320281982422, 210.25320281982422, 103.59070281982423]]}",dark,FALSE,3,"(5400, 7200)",0.555247085,0.445308162,1267.872244,129.200035
4,2,4,21J_LD2_01_02_03_04_2024-05-28 11-45-17.mkv,99,TRUE,0.5,50,1950,"{'xs': [[2.1603308569026884, 102.2109637682951, 99.57805237589004, 0.8438751607001568], [0.8438751607001568, 2.1603308569026884, 99.57805237589004, 99.57805237589004]], 'ys': [[2.2282028198242365, 1.5657028198242364, 103.59070281982423, 104.25320281982422], [104.25320281982422, 210.25320281982422, 210.25320281982422, 103.59070281982423]]}",dark,FALSE,4,"(7200, 9000)",0.363131594,0.639089395,1047.131973,106.7059306
8,2,4,21J_LD2_05_06_07_08_2024-05-28 11-54-42.mkv,99,TRUE,0.5,50,1950,"{'xs': [[2.1603308569026884, 102.2109637682951, 99.57805237589004, 0.8438751607001568], [0.8438751607001568, 2.1603308569026884, 99.57805237589004, 99.57805237589004]], 'ys': [[2.2282028198242365, 1.5657028198242364, 103.59070281982423, 104.25320281982422], [104.25320281982422, 210.25320281982422, 210.25320281982422, 103.59070281982423]]}",light,FALSE,4,"(7200, 9000)",0.231538034,0.773459189,1285.309185,130.9769124
12,2,4,21J_LD2_09_10_11_12_2024-05-28 12-06-47.mkv,99,TRUE,0.5,50,1950,"{'xs': [[2.1603308569026884, 102.2109637682951, 99.57805237589004, 0.8438751607001568], [0.8438751607001568, 2.1603308569026884, 99.57805237589004, 99.57805237589004]], 'ys': [[2.2282028198242365, 1.5657028198242364, 103.59070281982423, 104.25320281982422], [104.25320281982422, 210.25320281982422, 210.25320281982422, 103.59070281982423]]}",dark,FALSE,4,"(7200, 9000)",0.339811216,0.661854525,1162.354949,118.447502
16,2,4,21J_LD2_13_14_15_16_2024-05-28 12-14-02.mkv,99,TRUE,0.5,50,1950,"{'xs': [[2.1603308569026884, 102.2109637682951, 99.57805237589004, 0.8438751607001568], [0.8438751607001568, 2.1603308569026884, 99.57805237589004, 99.57805237589004]], 'ys': [[2.2282028198242365, 1.5657028198242364, 103.59070281982423, 104.25320281982422], [104.25320281982422, 210.25320281982422, 210.25320281982422, 103.59070281982423]]}",light,FALSE,4,"(7200, 9000)",0.058790277,0.941209723,928.5270194,94.61972531
20,2,4,21J_LD2_17_18_19_20_2024-05-28 12-22-01.mkv,99,TRUE,0.5,50,1950,"{'xs': [[2.1603308569026884, 102.2109637682951, 99.57805237589004, 0.8438751607001568], [0.8438751607001568, 2.1603308569026884, 99.57805237589004, 99.57805237589004]], 'ys': [[2.2282028198242365, 1.5657028198242364, 103.59070281982423, 104.25320281982422], [104.25320281982422, 210.25320281982422, 210.25320281982422, 103.59070281982423]]}",dark,FALSE,4,"(7200, 9000)",0.586340922,0.415880067,1351.478768,137.719794
24,2,4,21J_LD2_21_22_23_24_2024-05-28 12-30-22.mkv,99,TRUE,0.5,50,1950,"{'xs': [[2.1603308569026884, 102.2109637682951, 99.57805237589004, 0.8438751607001568], [0.8438751607001568, 2.1603308569026884, 99.57805237589004, 99.57805237589004]], 'ys': [[2.2282028198242365, 1.5657028198242364, 103.59070281982423, 104.25320281982422], [104.25320281982422, 210.25320281982422, 210.25320281982422, 103.59070281982423]]}",light,FALSE,4,"(7200, 9000)",0.096612993,0.903387007,882.3297713,89.91208533
28,2,4,21J_LD2_25_26_27_28_2024-05-28 12-39-35.mkv,99,TRUE,0.5,50,1950,"{'xs': [[2.1603308569026884, 102.2109637682951, 99.57805237589004, 0.8438751607001568], [0.8438751607001568, 2.1603308569026884, 99.57805237589004, 99.57805237589004]], 'ys': [[2.2282028198242365, 1.5657028198242364, 103.59070281982423, 104.25320281982422], [104.25320281982422, 210.25320281982422, 210.25320281982422, 103.59070281982423]]}",light,FALSE,4,"(7200, 9000)",0.230982787,0.76957246,1198.463765,122.1271001
32,2,4,21J_LD2_29_31_32_2024-05-28 12-48-10.mkv,99,TRUE,0.5,50,1950,"{'xs': [[2.1603308569026884, 102.2109637682951, 99.57805237589004, 0.8438751607001568], [0.8438751607001568, 2.1603308569026884, 99.57805237589004, 99.57805237589004]], 'ys': [[2.2282028198242365, 1.5657028198242364, 103.59070281982423, 104.25320281982422], [104.25320281982422, 210.25320281982422, 210.25320281982422, 103.59070281982423]]}",dark,FALSE,4,"(7200, 9000)",0.747917823,0.256524153,1500.03239,152.8578595
36,2,4,21J_LD2_33_34_35_36_2024-05-28 14-47-01.mkv,99,TRUE,0.5,50,1950,"{'xs': [[2.1603308569026884, 102.2109637682951, 99.57805237589004, 0.8438751607001568], [0.8438751607001568, 2.1603308569026884, 99.57805237589004, 99.57805237589004]], 'ys': [[2.2282028198242365, 1.5657028198242364, 103.59070281982423, 104.25320281982422], [104.25320281982422, 210.25320281982422, 210.25320281982422, 103.59070281982423]]}",dark,FALSE,4,"(7200, 9000)",0.121599112,0.879511383,999.5710202,101.8593249
40,2,4,21J_LD2_37_38_39_40_2024-05-28 14-56-56.mkv,99,TRUE,0.5,50,1950,"{'xs': [[2.1603308569026884, 102.2109637682951, 99.57805237589004, 0.8438751607001568], [0.8438751607001568, 2.1603308569026884, 99.57805237589004, 99.57805237589004]], 'ys': [[2.2282028198242365, 1.5657028198242364, 103.59070281982423, 104.25320281982422], [104.25320281982422, 210.25320281982422, 210.25320281982422, 103.59070281982423]]}",light,FALSE,4,"(7200, 9000)",0.278734037,0.721265963,913.9121519,93.13042589
44,2,4,21J_LD2_41_42_43_44_2024-05-28 15-06-29.mkv,99,TRUE,0.5,50,1950,"{'xs': [[2.1603308569026884, 102.2109637682951, 99.57805237589004, 0.8438751607001568], [0.8438751607001568, 2.1603308569026884, 99.57805237589004, 99.57805237589004]], 'ys': [[2.2282028198242365, 1.5657028198242364, 103.59070281982423, 104.25320281982422], [104.25320281982422, 210.25320281982422, 210.25320281982422, 103.59070281982423]]}",dark,FALSE,4,"(7200, 9000)",0.144364242,0.8667407,908.4862505,92.57751005
48,2,4,21J_LD2_45_46_47_48_2024-05-28 15-16-42.mkv,99,TRUE,0.5,50,1950,"{'xs': [[2.1603308569026884, 102.2109637682951, 99.57805237589004, 0.8438751607001568], [0.8438751607001568, 2.1603308569026884, 99.57805237589004, 99.57805237589004]], 'ys': [[2.2282028198242365, 1.5657028198242364, 103.59070281982423, 104.25320281982422], [104.25320281982422, 210.25320281982422, 210.25320281982422, 103.59070281982423]]}",light,FALSE,4,"(7200, 9000)",0.72959467,0.270960577,838.3354573,85.42893102
52,2,4,21J_LD2_49_50_51_52_2024-05-28 15-27-25.mkv,99,TRUE,0.5,50,1950,"{'xs': [[2.1603308569026884, 102.2109637682951, 99.57805237589004, 0.8438751607001568], [0.8438751607001568, 2.1603308569026884, 99.57805237589004, 99.57805237589004]], 'ys': [[2.2282028198242365, 1.5657028198242364, 103.59070281982423, 104.25320281982422], [104.25320281982422, 210.25320281982422, 210.25320281982422, 103.59070281982423]]}",dark,FALSE,4,"(7200, 9000)",0.131038312,0.885063853,1074.407445,109.485384
56,2,4,21J_LD2_53_54_55_56_2024-05-28 15-37-01.mkv,99,TRUE,0.5,50,1950,"{'xs': [[2.1603308569026884, 102.2109637682951, 99.57805237589004, 0.8438751607001568], [0.8438751607001568, 2.1603308569026884, 99.57805237589004, 99.57805237589004]], 'ys': [[2.2282028198242365, 1.5657028198242364, 103.59070281982423, 104.25320281982422], [104.25320281982422, 210.25320281982422, 210.25320281982422, 103.59070281982423]]}",dark,FALSE,4,"(7200, 9000)",0.474736258,0.526929484,1074.529185,109.4977897
60,2,4,21J_LD2_57_58_59_60_2024-05-28 15-46-48.mkv,99,TRUE,0.5,50,1950,"{'xs': [[2.1603308569026884, 102.2109637682951, 99.57805237589004, 0.8438751607001568], [0.8438751607001568, 2.1603308569026884, 99.57805237589004, 99.57805237589004]], 'ys': [[2.2282028198242365, 1.5657028198242364, 103.59070281982423, 104.25320281982422], [104.25320281982422, 210.25320281982422, 210.25320281982422, 103.59070281982423]]}",dark,FALSE,4,"(7200, 9000)",0.114936147,0.8856191,914.7722973,93.21807733
1,3,1,21J_LD3_01_02_03_04_2024-06-10 14-44-15.mkv,99,TRUE,0.5,50,1800,"{'xs': [[2.0896834407944294, 102.98124970585468, 102.98124970585468, 2.0896834407944294, 2.0896834407944294], [3.366791874529369, 97.87281597091491, 102.98124970585468, 2.0896834407944294, 2.0896834407944294]], 'ys': [[0.45990434477599396, -0.20465261724932252, 109.4472461169279, 106.12446130680131, 106.12446130680131], [209.13079042072536, 207.80167649667473, 109.4472461169279, 106.12446130680131, 106.12446130680131]]}",dark,FALSE,0,"(0, 1800)",0.197667962,0.802887285,1033.063104,104.9427616
2,3,2,21J_LD3_01_02_03_04_2024-06-10 14-44-15.mkv,99,TRUE,0.5,50,1800,"{'xs': [[5.657607174991223, 104.85985436600247, 104.85985436600247, 3.2081689727440317, 3.2081689727440317], [1.9834498716204363, 103.63513526487887, 104.85985436600247, 3.2081689727440317, 3.2081689727440317]], 'ys': [[1.7105523604380786, 0.3814384363874457, 104.05232451233681, 106.04599539841276, 106.04599539841276], [207.72321058828618, 207.72321058828618, 104.05232451233681, 106.04599539841276, 106.04599539841276]]}",dark,FALSE,0,"(0, 1800)",0.390893948,0.612992782,1760.407187,176.5947848
3,3,3,21J_LD3_01_02_03_04_2024-06-10 14-44-15.mkv,99,TRUE,0.5,50,1800,"{'xs': [[2.0896834407944294, 104.25835813958962, 101.70414127211973, -0.4645334266754499, -0.4645334266754499], [-0.4645334266754499, 0.8125750070594898, 102.98124970585468, 101.70414127211973, 101.70414127211973]], 'ys': [[1.403495317623924, 2.0639891447844176, 107.08250766330293, 107.74300149046343, 107.74300149046343], [107.74300149046343, 210.11954470034, 212.10102618182145, 107.08250766330293, 107.08250766330293]]}",dark,FALSE,0,"(0, 1800)",0.236535258,0.767351471,1478.570863,148.6000867
4,3,4,21J_LD3_01_02_03_04_2024-06-10 14-44-15.mkv,99,TRUE,0.5,50,1800,"{'xs': [[0.8977685546875005, 100.17776855468749, 98.81776855468749, 2.2577685546875004, 2.2577685546875004], [2.2577685546875004, 2.2577685546875004, 96.09776855468749, 98.81776855468749]], 'ys': [[2.0740818023681817, 2.0740818023681817, 104.76158180236817, 105.42408180236818, 105.42408180236818], [105.42408180236818, 209.43658180236815, 210.09908180236818, 104.76158180236817]]}",dark,FALSE,0,"(0, 1800)",0.107162687,0.901166019,630.5065184,65.35354747
5,3,1,21J_LD3_05_06_07_08_2024-06-10 14-55-01.mkv,99,TRUE,0.5,50,1800,"{'xs': [[2.0896834407944294, 102.98124970585468, 102.98124970585468, 2.0896834407944294, 2.0896834407944294], [3.366791874529369, 97.87281597091491, 102.98124970585468, 2.0896834407944294, 2.0896834407944294]], 'ys': [[0.45990434477599396, -0.20465261724932252, 109.4472461169279, 106.12446130680131, 106.12446130680131], [209.13079042072536, 207.80167649667473, 109.4472461169279, 106.12446130680131, 106.12446130680131]]}",light,FALSE,0,"(0, 1800)",0.423653526,0.579677957,1353.095714,137.4529788
6,3,2,21J_LD3_05_06_07_08_2024-06-10 14-55-01.mkv,99,TRUE,0.5,50,1800,"{'xs': [[5.657607174991223, 104.85985436600247, 104.85985436600247, 3.2081689727440317, 3.2081689727440317], [1.9834498716204363, 103.63513526487887, 104.85985436600247, 3.2081689727440317, 3.2081689727440317]], 'ys': [[1.7105523604380786, 0.3814384363874457, 104.05232451233681, 106.04599539841276, 106.04599539841276], [207.72321058828618, 207.72321058828618, 104.05232451233681, 106.04599539841276, 106.04599539841276]]}",light,FALSE,0,"(0, 1800)",0.466962798,0.534147696,1519.646238,152.4429135
7,3,3,21J_LD3_05_06_07_08_2024-06-10 14-55-01.mkv,99,TRUE,0.5,50,1800,"{'xs': [[2.0896834407944294, 104.25835813958962, 101.70414127211973, -0.4645334266754499, -0.4645334266754499], [-0.4645334266754499, 0.8125750070594898, 102.98124970585468, 101.70414127211973, 101.70414127211973]], 'ys': [[1.403495317623924, 2.0639891447844176, 107.08250766330293, 107.74300149046343, 107.74300149046343], [107.74300149046343, 210.11954470034, 212.10102618182145, 107.08250766330293, 107.08250766330293]]}",dark,FALSE,0,"(0, 1800)",0.213214881,0.791782343,1813.777289,182.2891748
8,3,4,21J_LD3_05_06_07_08_2024-06-10 14-55-01.mkv,99,TRUE,0.5,50,1800,"{'xs': [[0.8977685546875005, 100.17776855468749, 98.81776855468749, 2.2577685546875004, 2.2577685546875004], [2.2577685546875004, 2.2577685546875004, 96.09776855468749, 98.81776855468749]], 'ys': [[2.0740818023681817, 2.0740818023681817, 104.76158180236817, 105.42408180236818, 105.42408180236818], [105.42408180236818, 209.43658180236815, 210.09908180236818, 104.76158180236817]]}",light,FALSE,0,"(0, 1800)",0.350916158,0.653525819,1255.418331,130.12719
9,3,1,21J_LD3_09_10_11_12_2024-06-10 15-10-32.mkv,99,TRUE,0.5,50,1800,"{'xs': [[2.0896834407944294, 102.98124970585468, 102.98124970585468, 2.0896834407944294, 2.0896834407944294], [3.366791874529369, 97.87281597091491, 102.98124970585468, 2.0896834407944294, 2.0896834407944294]], 'ys': [[0.45990434477599396, -0.20465261724932252, 109.4472461169279, 106.12446130680131, 106.12446130680131], [209.13079042072536, 207.80167649667473, 109.4472461169279, 106.12446130680131, 106.12446130680131]]}",light,FALSE,0,"(0, 1800)",0.496946141,0.505274847,1916.486376,194.684499
10,3,2,21J_LD3_09_10_11_12_2024-06-10 15-10-32.mkv,99,TRUE,0.5,50,1800,"{'xs': [[5.657607174991223, 104.85985436600247, 104.85985436600247, 3.2081689727440317, 3.2081689727440317], [1.9834498716204363, 103.63513526487887, 104.85985436600247, 3.2081689727440317, 3.2081689727440317]], 'ys': [[1.7105523604380786, 0.3814384363874457, 104.05232451233681, 106.04599539841276, 106.04599539841276], [207.72321058828618, 207.72321058828618, 104.05232451233681, 106.04599539841276, 106.04599539841276]]}",dark,FALSE,0,"(0, 1800)",0,1,234.9163202,23.56556899
11,3,3,21J_LD3_09_10_11_12_2024-06-10 15-10-32.mkv,99,TRUE,0.5,50,1800,"{'xs': [[2.0896834407944294, 104.25835813958962, 101.70414127211973, -0.4645334266754499, -0.4645334266754499], [-0.4645334266754499, 0.8125750070594898, 102.98124970585468, 101.70414127211973, 101.70414127211973]], 'ys': [[1.403495317623924, 2.0639891447844176, 107.08250766330293, 107.74300149046343, 107.74300149046343], [107.74300149046343, 210.11954470034, 212.10102618182145, 107.08250766330293, 107.08250766330293]]}",dark,FALSE,0,"(0, 1800)",0.219322599,0.784008884,1304.050498,131.0603515
12,3,4,21J_LD3_09_10_11_12_2024-06-10 15-10-32.mkv,99,TRUE,0.5,50,1800,"{'xs': [[0.8977685546875005, 100.17776855468749, 98.81776855468749, 2.2577685546875004, 2.2577685546875004], [2.2577685546875004, 2.2577685546875004, 96.09776855468749, 98.81776855468749]], 'ys': [[2.0740818023681817, 2.0740818023681817, 104.76158180236817, 105.42408180236818, 105.42408180236818], [105.42408180236818, 209.43658180236815, 210.09908180236818, 104.76158180236817]]}",dark,FALSE,0,"(0, 1800)",0.109938923,0.890616324,954.682117,98.95514357
13,3,1,21J_LD3_13_14_16_2024-06-10 15-19-37.mkv,99,TRUE,0.5,50,1800,"{'xs': [[2.0896834407944294, 102.98124970585468, 102.98124970585468, 2.0896834407944294, 2.0896834407944294], [3.366791874529369, 97.87281597091491, 102.98124970585468, 2.0896834407944294, 2.0896834407944294]], 'ys': [[0.45990434477599396, -0.20465261724932252, 109.4472461169279, 106.12446130680131, 106.12446130680131], [209.13079042072536, 207.80167649667473, 109.4472461169279, 106.12446130680131, 106.12446130680131]]}",dark,FALSE,0,"(0, 1800)",0.317046086,0.689061632,1598.858579,162.4185725
14,3,2,21J_LD3_13_14_16_2024-06-10 15-19-37.mkv,99,TRUE,0.5,50,1800,"{'xs': [[5.657607174991223, 104.85985436600247, 104.85985436600247, 3.2081689727440317, 3.2081689727440317], [1.9834498716204363, 103.63513526487887, 104.85985436600247, 3.2081689727440317, 3.2081689727440317]], 'ys': [[1.7105523604380786, 0.3814384363874457, 104.05232451233681, 106.04599539841276, 106.04599539841276], [207.72321058828618, 207.72321058828618, 104.05232451233681, 106.04599539841276, 106.04599539841276]]}",dark,FALSE,0,"(0, 1800)",0.293725708,0.70849528,1212.373142,121.6188935
16,3,4,21J_LD3_13_14_16_2024-06-10 15-19-37.mkv,99,TRUE,0.5,50,1800,"{'xs': [[0.8977685546875005, 100.17776855468749, 98.81776855468749, 2.2577685546875004, 2.2577685546875004], [2.2577685546875004, 2.2577685546875004, 96.09776855468749, 98.81776855468749]], 'ys': [[2.0740818023681817, 2.0740818023681817, 104.76158180236817, 105.42408180236818, 105.42408180236818], [105.42408180236818, 209.43658180236815, 210.09908180236818, 104.76158180236817]]}",dark,FALSE,0,"(0, 1800)",0.458634092,0.574125486,1358.018733,140.7619733
17,3,1,21J_LD3_17_18_19_20_2024-06-10 15-29-03.mkv,99,TRUE,0.5,50,1800,"{'xs': [[2.0896834407944294, 102.98124970585468, 102.98124970585468, 2.0896834407944294, 2.0896834407944294], [3.366791874529369, 97.87281597091491, 102.98124970585468, 2.0896834407944294, 2.0896834407944294]], 'ys': [[0.45990434477599396, -0.20465261724932252, 109.4472461169279, 106.12446130680131, 106.12446130680131], [209.13079042072536, 207.80167649667473, 109.4472461169279, 106.12446130680131, 106.12446130680131]]}",light,FALSE,0,"(0, 1800)",0.208772904,0.791227096,1259.739295,127.9694532
18,3,2,21J_LD3_17_18_19_20_2024-06-10 15-29-03.mkv,99,TRUE,0.5,50,1800,"{'xs': [[5.657607174991223, 104.85985436600247, 104.85985436600247, 3.2081689727440317, 3.2081689727440317], [1.9834498716204363, 103.63513526487887, 104.85985436600247, 3.2081689727440317, 3.2081689727440317]], 'ys': [[1.7105523604380786, 0.3814384363874457, 104.05232451233681, 106.04599539841276, 106.04599539841276], [207.72321058828618, 207.72321058828618, 104.05232451233681, 106.04599539841276, 106.04599539841276]]}",dark,FALSE,0,"(0, 1800)",0.479178234,0.539700167,1238.609335,124.2507702
19,3,3,21J_LD3_17_18_19_20_2024-06-10 15-29-03.mkv,99,TRUE,0.5,50,1800,"{'xs': [[2.0896834407944294, 104.25835813958962, 101.70414127211973, -0.4645334266754499, -0.4645334266754499], [-0.4645334266754499, 0.8125750070594898, 102.98124970585468, 101.70414127211973, 101.70414127211973]], 'ys': [[1.403495317623924, 2.0639891447844176, 107.08250766330293, 107.74300149046343, 107.74300149046343], [107.74300149046343, 210.11954470034, 212.10102618182145, 107.08250766330293, 107.08250766330293]]}",dark,FALSE,0,"(0, 1800)",0.092171016,0.907828984,971.5332128,97.64152892
20,3,4,21J_LD3_17_18_19_20_2024-06-10 15-29-03.mkv,99,TRUE,0.5,50,1800,"{'xs': [[0.8977685546875005, 100.17776855468749, 98.81776855468749, 2.2577685546875004, 2.2577685546875004], [2.2577685546875004, 2.2577685546875004, 96.09776855468749, 98.81776855468749]], 'ys': [[2.0740818023681817, 2.0740818023681817, 104.76158180236817, 105.42408180236818, 105.42408180236818], [105.42408180236818, 209.43658180236815, 210.09908180236818, 104.76158180236817]]}",light,FALSE,0,"(0, 1800)",0.42087729,0.585785675,1397.438681,144.8479476
21,3,1,21J_LD3_21_22_23_24_2024-06-10 15-40-08.mkv,99,TRUE,0.5,50,1800,"{'xs': [[2.0896834407944294, 102.98124970585468, 102.98124970585468, 2.0896834407944294, 2.0896834407944294], [3.366791874529369, 97.87281597091491, 102.98124970585468, 2.0896834407944294, 2.0896834407944294]], 'ys': [[0.45990434477599396, -0.20465261724932252, 109.4472461169279, 106.12446130680131, 106.12446130680131], [209.13079042072536, 207.80167649667473, 109.4472461169279, 106.12446130680131, 106.12446130680131]]}",dark,FALSE,0,"(0, 1800)",0.088839534,0.911715713,829.2423411,84.23781758
22,3,2,21J_LD3_21_22_23_24_2024-06-10 15-40-08.mkv,99,TRUE,0.5,50,1800,"{'xs': [[5.657607174991223, 104.85985436600247, 104.85985436600247, 3.2081689727440317, 3.2081689727440317], [1.9834498716204363, 103.63513526487887, 104.85985436600247, 3.2081689727440317, 3.2081689727440317]], 'ys': [[1.7105523604380786, 0.3814384363874457, 104.05232451233681, 106.04599539841276, 106.04599539841276], [207.72321058828618, 207.72321058828618, 104.05232451233681, 106.04599539841276, 106.04599539841276]]}",dark,FALSE,0,"(0, 1800)",0.062187674,0.938922821,962.2122643,96.5240707
23,3,3,21J_LD3_21_22_23_24_2024-06-10 15-40-08.mkv,99,TRUE,0.5,50,1800,"{'xs': [[2.0896834407944294, 104.25835813958962, 101.70414127211973, -0.4645334266754499, -0.4645334266754499], [-0.4645334266754499, 0.8125750070594898, 102.98124970585468, 101.70414127211973, 101.70414127211973]], 'ys': [[1.403495317623924, 2.0639891447844176, 107.08250766330293, 107.74300149046343, 107.74300149046343], [107.74300149046343, 210.11954470034, 212.10102618182145, 107.08250766330293, 107.08250766330293]]}",dark,FALSE,0,"(0, 1800)",0.097723487,0.902276513,926.8060683,93.14633853
24,3,4,21J_LD3_21_22_23_24_2024-06-10 15-40-08.mkv,99,TRUE,0.5,50,1800,"{'xs': [[0.8977685546875005, 100.17776855468749, 98.81776855468749, 2.2577685546875004, 2.2577685546875004], [2.2577685546875004, 2.2577685546875004, 96.09776855468749, 98.81776855468749]], 'ys': [[2.0740818023681817, 2.0740818023681817, 104.76158180236817, 105.42408180236818, 105.42408180236818], [105.42408180236818, 209.43658180236815, 210.09908180236818, 104.76158180236817]]}",light,FALSE,0,"(0, 1800)",0.115491394,0.884508606,790.3461501,81.92131744
25,3,1,21J_LD3_25_26_27_28_2024-06-10 15-52-07.mkv,99,TRUE,0.5,50,2850,"{'xs': [[2.1694706784018973, 100.90364789359178, 99.58719219738924, 0.8530149821993657, 0.8530149821993657], [0.8530149821993657, 2.1694706784018973, 99.58719219738924, 99.58719219738924]], 'ys': [[-0.45169944763181813, 0.21080055236818182, 105.54830055236818, 106.21080055236817, 106.21080055236817], [106.21080055236817, 208.23580055236818, 210.22330055236816, 105.54830055236818]]}",dark,FALSE,0,"(0, 1800)",0.287062743,0.715158245,1250.302637,126.8739
26,3,2,21J_LD3_25_26_27_28_2024-06-10 15-52-07.mkv,99,TRUE,0.5,50,2850,"{'xs': [[0.8322957356770828, 103.23970314308448, 101.94340684678819, 0.8322957356770828, 0.8322957356770828, 0.8322957356770828], [0.8322957356770828, 3.424888328269675, 103.23970314308448, 101.94340684678819]], 'ys': [[0.5006957258914665, 1.1602049283454543, 106.0221681185295, 106.6816773209835, 106.6816773209835, 106.6816773209835], [106.6816773209835, 210.88413130871356, 212.86265891607553, 106.0221681185295]]}",dark,FALSE,0,"(0, 1800)",0.235424764,0.766796224,1279.730582,127.2374666
27,3,3,21J_LD3_25_26_27_28_2024-06-10 15-52-07.mkv,99,TRUE,0.5,50,2850,"{'xs': [[3.25861227101293, 105.0517157192888, 103.81033640894397, 3.25861227101293], [3.25861227101293, 2.0172329606681023, 105.0517157192888, 103.81033640894397]], 'ys': [[0.4368249434458911, 1.1013819054712075, 106.76593886749653, 106.76593886749653], [106.76593886749653, 209.10771101939525, 207.77859709534462, 106.76593886749653]]}",dark,FALSE,0,"(0, 1800)",0.139367018,0.860632982,1067.19533,108.8697097
28,3,4,21J_LD3_25_26_27_28_2024-06-10 15-52-07.mkv,99,TRUE,0.5,50,2850,"{'xs': [[0.8530149821993657, 100.90364789359178, 99.58719219738924, 2.1694706784018973], [2.1694706784018973, 0.8530149821993657, 100.90364789359178, 99.58719219738924]], 'ys': [[0.949146006842099, 0.28562399426348273, 105.12210198168486, 105.78562399426347], [105.78562399426347, 209.95857996910624, 209.29505795652764, 105.12210198168486]]}",dark,FALSE,0,"(0, 1800)",0.196002221,0.808439756,1088.906189,110.3220474
29,3,1,21J_LD3_29_31_32_2024-06-10 16-02-15.mkv,99,TRUE,0.5,50,1800,"{'xs': [[2.0896834407944294, 102.98124970585468, 102.98124970585468, 2.0896834407944294, 2.0896834407944294], [3.366791874529369, 97.87281597091491, 102.98124970585468, 2.0896834407944294, 2.0896834407944294]], 'ys': [[0.45990434477599396, -0.20465261724932252, 109.4472461169279, 106.12446130680131, 106.12446130680131], [209.13079042072536, 207.80167649667473, 109.4472461169279, 106.12446130680131, 106.12446130680131]]}",dark,FALSE,0,"(0, 1800)",0.076068851,0.926152138,990.5667545,100.6258092
31,3,3,21J_LD3_29_31_32_2024-06-10 16-02-15.mkv,99,TRUE,0.5,50,1800,"{'xs': [[2.0896834407944294, 104.25835813958962, 101.70414127211973, -0.4645334266754499, -0.4645334266754499], [-0.4645334266754499, 0.8125750070594898, 102.98124970585468, 101.70414127211973, 101.70414127211973]], 'ys': [[1.403495317623924, 2.0639891447844176, 107.08250766330293, 107.74300149046343, 107.74300149046343], [107.74300149046343, 210.11954470034, 212.10102618182145, 107.08250766330293, 107.08250766330293]]}",dark,FALSE,0,"(0, 1800)",0.392559689,0.609661299,1200.910921,120.6945649
32,3,4,21J_LD3_29_31_32_2024-06-10 16-02-15.mkv,99,TRUE,0.5,50,1800,"{'xs': [[0.8977685546875005, 100.17776855468749, 98.81776855468749, 2.2577685546875004, 2.2577685546875004], [2.2577685546875004, 2.2577685546875004, 96.09776855468749, 98.81776855468749]], 'ys': [[2.0740818023681817, 2.0740818023681817, 104.76158180236817, 105.42408180236818, 105.42408180236818], [105.42408180236818, 209.43658180236815, 210.09908180236818, 104.76158180236817]]}",dark,FALSE,0,"(0, 1800)",0.496946141,0.504164353,1395.729528,144.6707897
33,3,1,21J_LD3_33_34_35_36_2024-06-10 16-17-34.mkv,99,TRUE,0.5,50,1800,"{'xs': [[2.0896834407944294, 102.98124970585468, 102.98124970585468, 2.0896834407944294, 2.0896834407944294], [3.366791874529369, 97.87281597091491, 102.98124970585468, 2.0896834407944294, 2.0896834407944294]], 'ys': [[0.45990434477599396, -0.20465261724932252, 109.4472461169279, 106.12446130680131, 106.12446130680131], [209.13079042072536, 207.80167649667473, 109.4472461169279, 106.12446130680131, 106.12446130680131]]}",light,FALSE,0,"(0, 1800)",0.545252637,0.454747363,1682.923916,170.9582722
34,3,2,21J_LD3_33_34_35_36_2024-06-10 16-17-34.mkv,99,TRUE,0.5,50,1800,"{'xs': [[5.657607174991223, 104.85985436600247, 104.85985436600247, 3.2081689727440317, 3.2081689727440317], [1.9834498716204363, 103.63513526487887, 104.85985436600247, 3.2081689727440317, 3.2081689727440317]], 'ys': [[1.7105523604380786, 0.3814384363874457, 104.05232451233681, 106.04599539841276, 106.04599539841276], [207.72321058828618, 207.72321058828618, 104.05232451233681, 106.04599539841276, 106.04599539841276]]}",dark,FALSE,0,"(0, 1800)",0,1,411.9181161,41.32145769
35,3,3,21J_LD3_33_34_35_36_2024-06-10 16-17-34.mkv,99,TRUE,0.5,50,1800,"{'xs': [[2.0896834407944294, 104.25835813958962, 101.70414127211973, -0.4645334266754499, -0.4645334266754499], [-0.4645334266754499, 0.8125750070594898, 102.98124970585468, 101.70414127211973, 101.70414127211973]], 'ys': [[1.403495317623924, 2.0639891447844176, 107.08250766330293, 107.74300149046343, 107.74300149046343], [107.74300149046343, 210.11954470034, 212.10102618182145, 107.08250766330293, 107.08250766330293]]}",dark,FALSE,0,"(0, 1800)",0.096612993,0.903387007,971.1774655,97.60577543
36,3,4,21J_LD3_33_34_35_36_2024-06-10 16-17-34.mkv,99,TRUE,0.5,50,1800,"{'xs': [[0.8977685546875005, 100.17776855468749, 98.81776855468749, 2.2577685546875004, 2.2577685546875004], [2.2577685546875004, 2.2577685546875004, 96.09776855468749, 98.81776855468749]], 'ys': [[2.0740818023681817, 2.0740818023681817, 104.76158180236817, 105.42408180236818, 105.42408180236818], [105.42408180236818, 209.43658180236815, 210.09908180236818, 104.76158180236817]]}",dark,FALSE,0,"(0, 1800)",0.406440866,0.596335369,1445.542437,149.83402
37,3,1,21J_LD3_37_38_39_40_2024-06-10 16-28-02.mkv,99,TRUE,0.5,50,1350,"{'xs': [[0.8748105532163118, 101.19948587789163, 99.8618235402293, 0.8748105532163118, 0.8748105532163118], [0.8748105532163118, 0.8748105532163118, 99.8618235402293, 99.8618235402293]], 'ys': [[-0.15455440398185172, -0.15455440398185172, 105.34867140246976, 105.34867140246976, 105.34867140246976], [105.34867140246976, 205.5099617250504, 205.5099617250504, 105.34867140246976]]}",dark,FALSE,0,"(0, 1800)",0.121599112,0.883398112,1003.707299,102.3414423
38,3,2,21J_LD3_37_38_39_40_2024-06-10 16-28-02.mkv,99,TRUE,0.5,50,1350,"{'xs': [[2.0896834407944294, 104.25835813958962, 102.98124970585468, 0.8125750070594898], [0.8125750070594898, 2.0896834407944294, 104.25835813958962, 102.98124970585468]], 'ys': [[0.4374796549479167, 0.4374796549479167, 100.43747965494792, 101.77081298828125], [101.77081298828125, 206.4374796549479, 206.4374796549479, 100.43747965494792]]}",dark,FALSE,0,"(0, 1800)",0.052748473,0.949472515,1313.984952,131.9485557
39,3,3,21J_LD3_37_38_39_40_2024-06-10 16-28-02.mkv,99,TRUE,0.5,50,1350,"{'xs': [[0.8530149821993657, 99.58719219738924, 100.90364789359178, -0.463440714003166], [-0.463440714003166, 2.1694706784018973, 99.58719219738924, 100.90364789359178]], 'ys': [[0.05871507141485603, 0.05871507141485603, 108.87773347632285, 108.87773347632285], [108.87773347632285, 213.7396966665069, 213.0801874640529, 108.87773347632285]]}",dark,FALSE,0,"(0, 1800)",0.311493615,0.701277068,1515.315563,155.0651023
40,3,4,21J_LD3_37_38_39_40_2024-06-10 16-28-02.mkv,99,TRUE,0.5,50,1350,"{'xs': [[0.8530149821993657, 99.58719219738924, 100.90364789359178, 0.8530149821993657], [0.8530149821993657, 4.802382070806961, 98.27073650118672, 100.90364789359178]], 'ys': [[1.2390625000000177, 1.2390625000000177, 101.9390625, 103.26406250000001], [103.26406250000001, 206.61406250000002, 208.6015625, 101.9390625]]}",dark,FALSE,0,"(0, 1800)",0.235980011,0.774014436,1088.02984,111.3387235
41,3,1,21J_LD3_41_42_43_44_2024-06-10 16-38-48.mkv,99,TRUE,0.5,50,2850,"{'xs': [[2.1694706784018973, 100.90364789359178, 99.58719219738924, 0.8530149821993657, 0.8530149821993657], [0.8530149821993657, 2.1694706784018973, 99.58719219738924, 99.58719219738924]], 'ys': [[-0.45169944763181813, 0.21080055236818182, 105.54830055236818, 106.21080055236817, 106.21080055236817], [106.21080055236817, 208.23580055236818, 210.22330055236816, 105.54830055236818]]}",dark,FALSE,0,"(0, 1800)",0.079400333,0.920599667,652.4272531,66.20476328
42,3,2,21J_LD3_41_42_43_44_2024-06-10 16-38-48.mkv,99,TRUE,0.5,50,2850,"{'xs': [[0.8322957356770828, 103.23970314308448, 101.94340684678819, 0.8322957356770828, 0.8322957356770828, 0.8322957356770828], [0.8322957356770828, 3.424888328269675, 103.23970314308448, 101.94340684678819]], 'ys': [[0.5006957258914665, 1.1602049283454543, 106.0221681185295, 106.6816773209835, 106.6816773209835, 106.6816773209835], [106.6816773209835, 210.88413130871356, 212.86265891607553, 106.0221681185295]]}",dark,FALSE,0,"(0, 1800)",0.196557468,0.808439756,991.3872316,98.56887187
43,3,3,21J_LD3_41_42_43_44_2024-06-10 16-38-48.mkv,99,TRUE,0.5,50,2850,"{'xs': [[3.25861227101293, 105.0517157192888, 103.81033640894397, 3.25861227101293], [3.25861227101293, 2.0172329606681023, 105.0517157192888, 103.81033640894397]], 'ys': [[0.4368249434458911, 1.1013819054712075, 106.76593886749653, 106.76593886749653], [106.76593886749653, 209.10771101939525, 207.77859709534462, 106.76593886749653]]}",light,FALSE,0,"(0, 1800)",0.580233204,0.421432537,1353.961502,138.1241012
44,3,4,21J_LD3_41_42_43_44_2024-06-10 16-38-48.mkv,99,TRUE,0.5,50,2850,"{'xs': [[0.8530149821993657, 100.90364789359178, 99.58719219738924, 2.1694706784018973], [2.1694706784018973, 0.8530149821993657, 100.90364789359178, 99.58719219738924]], 'ys': [[0.949146006842099, 0.28562399426348273, 105.12210198168486, 105.78562399426347], [105.78562399426347, 209.95857996910624, 209.29505795652764, 105.12210198168486]]}",dark,FALSE,0,"(0, 1800)",0.212104386,0.789561355,1143.274606,115.8303595
45,3,1,21J_LD3_45_46_47_48_2024-06-10 16-52-43.mkv,99,TRUE,0.5,50,1800,"{'xs': [[2.0896834407944294, 102.98124970585468, 102.98124970585468, 2.0896834407944294, 2.0896834407944294], [3.366791874529369, 97.87281597091491, 102.98124970585468, 2.0896834407944294, 2.0896834407944294]], 'ys': [[0.45990434477599396, -0.20465261724932252, 109.4472461169279, 106.12446130680131, 106.12446130680131], [209.13079042072536, 207.80167649667473, 109.4472461169279, 106.12446130680131, 106.12446130680131]]}",dark,FALSE,0,"(0, 1800)",0,1,741.741365,75.34911171
46,3,2,21J_LD3_45_46_47_48_2024-06-10 16-52-43.mkv,99,TRUE,0.5,50,1800,"{'xs': [[5.657607174991223, 104.85985436600247, 104.85985436600247, 3.2081689727440317, 3.2081689727440317], [1.9834498716204363, 103.63513526487887, 104.85985436600247, 3.2081689727440317, 3.2081689727440317]], 'ys': [[1.7105523604380786, 0.3814384363874457, 104.05232451233681, 106.04599539841276, 106.04599539841276], [207.72321058828618, 207.72321058828618, 104.05232451233681, 106.04599539841276, 106.04599539841276]]}",light,FALSE,0,"(0, 1800)",0.526929484,0.474181011,1542.624229,154.7479446
47,3,3,21J_LD3_45_46_47_48_2024-06-10 16-52-43.mkv,99,TRUE,0.5,50,1800,"{'xs': [[2.0896834407944294, 104.25835813958962, 101.70414127211973, -0.4645334266754499, -0.4645334266754499], [-0.4645334266754499, 0.8125750070594898, 102.98124970585468, 101.70414127211973, 101.70414127211973]], 'ys': [[1.403495317623924, 2.0639891447844176, 107.08250766330293, 107.74300149046343, 107.74300149046343], [107.74300149046343, 210.11954470034, 212.10102618182145, 107.08250766330293, 107.08250766330293]]}",light,FALSE,0,"(0, 1800)",0.405885619,0.594114381,1133.470872,113.9166705
48,3,4,21J_LD3_45_46_47_48_2024-06-10 16-52-43.mkv,99,TRUE,0.5,50,1800,"{'xs': [[0.8977685546875005, 100.17776855468749, 98.81776855468749, 2.2577685546875004, 2.2577685546875004], [2.2577685546875004, 2.2577685546875004, 96.09776855468749, 98.81776855468749]], 'ys': [[2.0740818023681817, 2.0740818023681817, 104.76158180236817, 105.42408180236818, 105.42408180236818], [105.42408180236818, 209.43658180236815, 210.09908180236818, 104.76158180236817]]}",light,FALSE,0,"(0, 1800)",0.587451416,0.414214325,1377.052775,142.7348985
49,3,1,21J_LD3_49_50_51_52_2024-06-10 17-13-13.mkv,99,TRUE,0.5,50,1800,"{'xs': [[2.0896834407944294, 102.98124970585468, 102.98124970585468, 2.0896834407944294, 2.0896834407944294], [3.366791874529369, 97.87281597091491, 102.98124970585468, 2.0896834407944294, 2.0896834407944294]], 'ys': [[0.45990434477599396, -0.20465261724932252, 109.4472461169279, 106.12446130680131, 106.12446130680131], [209.13079042072536, 207.80167649667473, 109.4472461169279, 106.12446130680131, 106.12446130680131]]}",light,FALSE,0,"(0, 1800)",0.34092171,0.660188784,1492.301998,151.5941207
50,3,2,21J_LD3_49_50_51_52_2024-06-10 17-13-13.mkv,99,TRUE,0.5,50,1800,"{'xs': [[5.657607174991223, 104.85985436600247, 104.85985436600247, 3.2081689727440317, 3.2081689727440317], [1.9834498716204363, 103.63513526487887, 104.85985436600247, 3.2081689727440317, 3.2081689727440317]], 'ys': [[1.7105523604380786, 0.3814384363874457, 104.05232451233681, 106.04599539841276, 106.04599539841276], [207.72321058828618, 207.72321058828618, 104.05232451233681, 106.04599539841276, 106.04599539841276]]}",dark,FALSE,0,"(0, 1800)",0.665186008,0.339811216,1813.02413,181.8730396
51,3,3,21J_LD3_49_50_51_52_2024-06-10 17-13-13.mkv,99,TRUE,0.5,50,1800,"{'xs': [[2.0896834407944294, 104.25835813958962, 101.70414127211973, -0.4645334266754499, -0.4645334266754499], [-0.4645334266754499, 0.8125750070594898, 102.98124970585468, 101.70414127211973, 101.70414127211973]], 'ys': [[1.403495317623924, 2.0639891447844176, 107.08250766330293, 107.74300149046343, 107.74300149046343], [107.74300149046343, 210.11954470034, 212.10102618182145, 107.08250766330293, 107.08250766330293]]}",dark,FALSE,0,"(0, 1800)",0.209883398,0.790116602,1248.712382,125.4987318
52,3,4,21J_LD3_49_50_51_52_2024-06-10 17-13-13.mkv,99,TRUE,0.5,50,1800,"{'xs': [[0.8977685546875005, 100.17776855468749, 98.81776855468749, 2.2577685546875004, 2.2577685546875004], [2.2577685546875004, 2.2577685546875004, 96.09776855468749, 98.81776855468749]], 'ys': [[2.0740818023681817, 2.0740818023681817, 104.76158180236817, 105.42408180236818, 105.42408180236818], [105.42408180236818, 209.43658180236815, 210.09908180236818, 104.76158180236817]]}",dark,FALSE,0,"(0, 1800)",0.235980011,0.776790672,1322.869585,137.1186779
53,3,1,21J_LD3_53_54_55_56_2024-06-10 17-24-13.mkv,99,TRUE,0.5,50,1800,"{'xs': [[2.0896834407944294, 102.98124970585468, 102.98124970585468, 2.0896834407944294, 2.0896834407944294], [3.366791874529369, 97.87281597091491, 102.98124970585468, 2.0896834407944294, 2.0896834407944294]], 'ys': [[0.45990434477599396, -0.20465261724932252, 109.4472461169279, 106.12446130680131, 106.12446130680131], [209.13079042072536, 207.80167649667473, 109.4472461169279, 106.12446130680131, 106.12446130680131]]}",light,FALSE,0,"(0, 1800)",0.158800666,0.841199334,733.26763,74.48831516
54,3,2,21J_LD3_53_54_55_56_2024-06-10 17-24-13.mkv,99,TRUE,0.5,50,1800,"{'xs': [[5.657607174991223, 104.85985436600247, 104.85985436600247, 3.2081689727440317, 3.2081689727440317], [1.9834498716204363, 103.63513526487887, 104.85985436600247, 3.2081689727440317, 3.2081689727440317]], 'ys': [[1.7105523604380786, 0.3814384363874457, 104.05232451233681, 106.04599539841276, 106.04599539841276], [207.72321058828618, 207.72321058828618, 104.05232451233681, 106.04599539841276, 106.04599539841276]]}",dark,FALSE,0,"(0, 1800)",0.621876735,0.381454747,1542.637522,154.7492781
55,3,3,21J_LD3_53_54_55_56_2024-06-10 17-24-13.mkv,99,TRUE,0.5,50,1800,"{'xs': [[2.0896834407944294, 104.25835813958962, 101.70414127211973, -0.4645334266754499, -0.4645334266754499], [-0.4645334266754499, 0.8125750070594898, 102.98124970585468, 101.70414127211973, 101.70414127211973]], 'ys': [[1.403495317623924, 2.0639891447844176, 107.08250766330293, 107.74300149046343, 107.74300149046343], [107.74300149046343, 210.11954470034, 212.10102618182145, 107.08250766330293, 107.08250766330293]]}",dark,FALSE,0,"(0, 1800)",0,1,813.1559577,81.72421685
56,3,4,21J_LD3_53_54_55_56_2024-06-10 17-24-13.mkv,99,TRUE,0.5,50,1800,"{'xs': [[0.8977685546875005, 100.17776855468749, 98.81776855468749, 2.2577685546875004, 2.2577685546875004], [2.2577685546875004, 2.2577685546875004, 96.09776855468749, 98.81776855468749]], 'ys': [[2.0740818023681817, 2.0740818023681817, 104.76158180236817, 105.42408180236818, 105.42408180236818], [105.42408180236818, 209.43658180236815, 210.09908180236818, 104.76158180236817]]}",light,FALSE,0,"(0, 1800)",0.152137701,0.850083287,1450.362723,150.3336545
57,3,1,21J_LD3_57_58_59_60_2024-06-10 17-34-36.mkv,99,TRUE,0.5,50,1800,"{'xs': [[2.0896834407944294, 102.98124970585468, 102.98124970585468, 2.0896834407944294, 2.0896834407944294], [3.366791874529369, 97.87281597091491, 102.98124970585468, 2.0896834407944294, 2.0896834407944294]], 'ys': [[0.45990434477599396, -0.20465261724932252, 109.4472461169279, 106.12446130680131, 106.12446130680131], [209.13079042072536, 207.80167649667473, 109.4472461169279, 106.12446130680131, 106.12446130680131]]}",light,FALSE,0,"(0, 1800)",0.369794559,0.630760689,1533.76461,155.8060618
58,3,2,21J_LD3_57_58_59_60_2024-06-10 17-34-36.mkv,99,TRUE,0.5,50,1800,"{'xs': [[5.657607174991223, 104.85985436600247, 104.85985436600247, 3.2081689727440317, 3.2081689727440317], [1.9834498716204363, 103.63513526487887, 104.85985436600247, 3.2081689727440317, 3.2081689727440317]], 'ys': [[1.7105523604380786, 0.3814384363874457, 104.05232451233681, 106.04599539841276, 106.04599539841276], [207.72321058828618, 207.72321058828618, 104.05232451233681, 106.04599539841276, 106.04599539841276]]}",dark,FALSE,0,"(0, 1800)",0.335924486,0.666851749,1592.147618,159.7158704
59,3,3,21J_LD3_57_58_59_60_2024-06-10 17-34-36.mkv,99,TRUE,0.5,50,1800,"{'xs': [[2.0896834407944294, 104.25835813958962, 101.70414127211973, -0.4645334266754499, -0.4645334266754499], [-0.4645334266754499, 0.8125750070594898, 102.98124970585468, 101.70414127211973, 101.70414127211973]], 'ys': [[1.403495317623924, 2.0639891447844176, 107.08250766330293, 107.74300149046343, 107.74300149046343], [107.74300149046343, 210.11954470034, 212.10102618182145, 107.08250766330293, 107.08250766330293]]}",dark,FALSE,0,"(0, 1800)",0.253747918,0.748473071,961.0885747,96.59181656
60,3,4,21J_LD3_57_58_59_60_2024-06-10 17-34-36.mkv,99,TRUE,0.5,50,1800,"{'xs': [[0.8977685546875005, 100.17776855468749, 98.81776855468749, 2.2577685546875004, 2.2577685546875004], [2.2577685546875004, 2.2577685546875004, 96.09776855468749, 98.81776855468749]], 'ys': [[2.0740818023681817, 2.0740818023681817, 104.76158180236817, 105.42408180236818, 105.42408180236818], [105.42408180236818, 209.43658180236815, 210.09908180236818, 104.76158180236817]]}",dark,FALSE,0,"(0, 1800)",0.47806774,0.523042754,1674.991981,173.6170281
1,3,1,21J_LD3_01_02_03_04_2024-06-10 14-44-15.mkv,99,TRUE,0.5,50,1800,"{'xs': [[2.0896834407944294, 102.98124970585468, 102.98124970585468, 2.0896834407944294, 2.0896834407944294], [3.366791874529369, 97.87281597091491, 102.98124970585468, 2.0896834407944294, 2.0896834407944294]], 'ys': [[0.45990434477599396, -0.20465261724932252, 109.4472461169279, 106.12446130680131, 106.12446130680131], [209.13079042072536, 207.80167649667473, 109.4472461169279, 106.12446130680131, 106.12446130680131]]}",dark,FALSE,1,"(1800, 3600)",0.143808995,0.856191005,836.3805262,84.96294352
2,3,2,21J_LD3_01_02_03_04_2024-06-10 14-44-15.mkv,99,TRUE,0.5,50,1800,"{'xs': [[5.657607174991223, 104.85985436600247, 104.85985436600247, 3.2081689727440317, 3.2081689727440317], [1.9834498716204363, 103.63513526487887, 104.85985436600247, 3.2081689727440317, 3.2081689727440317]], 'ys': [[1.7105523604380786, 0.3814384363874457, 104.05232451233681, 106.04599539841276, 106.04599539841276], [207.72321058828618, 207.72321058828618, 104.05232451233681, 106.04599539841276, 106.04599539841276]]}",dark,FALSE,1,"(1800, 3600)",0.028872848,0.972237646,956.5671304,95.95778058
3,3,3,21J_LD3_01_02_03_04_2024-06-10 14-44-15.mkv,99,TRUE,0.5,50,1800,"{'xs': [[2.0896834407944294, 104.25835813958962, 101.70414127211973, -0.4645334266754499, -0.4645334266754499], [-0.4645334266754499, 0.8125750070594898, 102.98124970585468, 101.70414127211973, 101.70414127211973]], 'ys': [[1.403495317623924, 2.0639891447844176, 107.08250766330293, 107.74300149046343, 107.74300149046343], [107.74300149046343, 210.11954470034, 212.10102618182145, 107.08250766330293, 107.08250766330293]]}",dark,FALSE,1,"(1800, 3600)",0.268184342,0.731815658,1128.400348,113.4070701
4,3,4,21J_LD3_01_02_03_04_2024-06-10 14-44-15.mkv,99,TRUE,0.5,50,1800,"{'xs': [[0.8977685546875005, 100.17776855468749, 98.81776855468749, 2.2577685546875004, 2.2577685546875004], [2.2577685546875004, 2.2577685546875004, 96.09776855468749, 98.81776855468749]], 'ys': [[2.0740818023681817, 2.0740818023681817, 104.76158180236817, 105.42408180236818, 105.42408180236818], [105.42408180236818, 209.43658180236815, 210.09908180236818, 104.76158180236817]]}",dark,FALSE,1,"(1800, 3600)",0.123264853,0.877845641,731.3318856,75.80434414
5,3,1,21J_LD3_05_06_07_08_2024-06-10 14-55-01.mkv,99,TRUE,0.5,50,1800,"{'xs': [[2.0896834407944294, 102.98124970585468, 102.98124970585468, 2.0896834407944294, 2.0896834407944294], [3.366791874529369, 97.87281597091491, 102.98124970585468, 2.0896834407944294, 2.0896834407944294]], 'ys': [[0.45990434477599396, -0.20465261724932252, 109.4472461169279, 106.12446130680131, 106.12446130680131], [209.13079042072536, 207.80167649667473, 109.4472461169279, 106.12446130680131, 106.12446130680131]]}",light,FALSE,1,"(1800, 3600)",0,1,811.9356117,82.47972945
6,3,2,21J_LD3_05_06_07_08_2024-06-10 14-55-01.mkv,99,TRUE,0.5,50,1800,"{'xs': [[5.657607174991223, 104.85985436600247, 104.85985436600247, 3.2081689727440317, 3.2081689727440317], [1.9834498716204363, 103.63513526487887, 104.85985436600247, 3.2081689727440317, 3.2081689727440317]], 'ys': [[1.7105523604380786, 0.3814384363874457, 104.05232451233681, 106.04599539841276, 106.04599539841276], [207.72321058828618, 207.72321058828618, 104.05232451233681, 106.04599539841276, 106.04599539841276]]}",light,FALSE,1,"(1800, 3600)",0.317601333,0.684064409,1305.572065,130.968119
7,3,3,21J_LD3_05_06_07_08_2024-06-10 14-55-01.mkv,99,TRUE,0.5,50,1800,"{'xs': [[2.0896834407944294, 104.25835813958962, 101.70414127211973, -0.4645334266754499, -0.4645334266754499], [-0.4645334266754499, 0.8125750070594898, 102.98124970585468, 101.70414127211973, 101.70414127211973]], 'ys': [[1.403495317623924, 2.0639891447844176, 107.08250766330293, 107.74300149046343, 107.74300149046343], [107.74300149046343, 210.11954470034, 212.10102618182145, 107.08250766330293, 107.08250766330293]]}",dark,FALSE,1,"(1800, 3600)",0.268184342,0.731815658,1259.752111,126.6082524
8,3,4,21J_LD3_05_06_07_08_2024-06-10 14-55-01.mkv,99,TRUE,0.5,50,1800,"{'xs': [[0.8977685546875005, 100.17776855468749, 98.81776855468749, 2.2577685546875004, 2.2577685546875004], [2.2577685546875004, 2.2577685546875004, 96.09776855468749, 98.81776855468749]], 'ys': [[2.0740818023681817, 2.0740818023681817, 104.76158180236817, 105.42408180236818, 105.42408180236818], [105.42408180236818, 209.43658180236815, 210.09908180236818, 104.76158180236817]]}",light,FALSE,1,"(1800, 3600)",0.139922265,0.861188229,907.5716742,94.0720306
9,3,1,21J_LD3_09_10_11_12_2024-06-10 15-10-32.mkv,99,TRUE,0.5,50,1800,"{'xs': [[2.0896834407944294, 102.98124970585468, 102.98124970585468, 2.0896834407944294, 2.0896834407944294], [3.366791874529369, 97.87281597091491, 102.98124970585468, 2.0896834407944294, 2.0896834407944294]], 'ys': [[0.45990434477599396, -0.20465261724932252, 109.4472461169279, 106.12446130680131, 106.12446130680131], [209.13079042072536, 207.80167649667473, 109.4472461169279, 106.12446130680131, 106.12446130680131]]}",light,FALSE,1,"(1800, 3600)",0.367018323,0.632981677,1504.863507,152.8701699
10,3,2,21J_LD3_09_10_11_12_2024-06-10 15-10-32.mkv,99,TRUE,0.5,50,1800,"{'xs': [[5.657607174991223, 104.85985436600247, 104.85985436600247, 3.2081689727440317, 3.2081689727440317], [1.9834498716204363, 103.63513526487887, 104.85985436600247, 3.2081689727440317, 3.2081689727440317]], 'ys': [[1.7105523604380786, 0.3814384363874457, 104.05232451233681, 106.04599539841276, 106.04599539841276], [207.72321058828618, 207.72321058828618, 104.05232451233681, 106.04599539841276, 106.04599539841276]]}",dark,FALSE,1,"(1800, 3600)",0.158800666,0.84564131,1298.464169,130.2550923
11,3,3,21J_LD3_09_10_11_12_2024-06-10 15-10-32.mkv,99,TRUE,0.5,50,1800,"{'xs': [[2.0896834407944294, 104.25835813958962, 101.70414127211973, -0.4645334266754499, -0.4645334266754499], [-0.4645334266754499, 0.8125750070594898, 102.98124970585468, 101.70414127211973, 101.70414127211973]], 'ys': [[1.403495317623924, 2.0639891447844176, 107.08250766330293, 107.74300149046343, 107.74300149046343], [107.74300149046343, 210.11954470034, 212.10102618182145, 107.08250766330293, 107.08250766330293]]}",dark,FALSE,1,"(1800, 3600)",0.274847307,0.73903387,1214.717102,122.0821208
12,3,4,21J_LD3_09_10_11_12_2024-06-10 15-10-32.mkv,99,TRUE,0.5,50,1800,"{'xs': [[0.8977685546875005, 100.17776855468749, 98.81776855468749, 2.2577685546875004, 2.2577685546875004], [2.2577685546875004, 2.2577685546875004, 96.09776855468749, 98.81776855468749]], 'ys': [[2.0740818023681817, 2.0740818023681817, 104.76158180236817, 105.42408180236818, 105.42408180236818], [105.42408180236818, 209.43658180236815, 210.09908180236818, 104.76158180236817]]}",dark,FALSE,1,"(1800, 3600)",0,1,442.5511263,45.87150997
13,3,1,21J_LD3_13_14_16_2024-06-10 15-19-37.mkv,99,TRUE,0.5,50,1800,"{'xs': [[2.0896834407944294, 102.98124970585468, 102.98124970585468, 2.0896834407944294, 2.0896834407944294], [3.366791874529369, 97.87281597091491, 102.98124970585468, 2.0896834407944294, 2.0896834407944294]], 'ys': [[0.45990434477599396, -0.20465261724932252, 109.4472461169279, 106.12446130680131, 106.12446130680131], [209.13079042072536, 207.80167649667473, 109.4472461169279, 106.12446130680131, 106.12446130680131]]}",dark,FALSE,1,"(1800, 3600)",0.066074403,0.934480844,869.2458311,88.30153518
14,3,2,21J_LD3_13_14_16_2024-06-10 15-19-37.mkv,99,TRUE,0.5,50,1800,"{'xs': [[5.657607174991223, 104.85985436600247, 104.85985436600247, 3.2081689727440317, 3.2081689727440317], [1.9834498716204363, 103.63513526487887, 104.85985436600247, 3.2081689727440317, 3.2081689727440317]], 'ys': [[1.7105523604380786, 0.3814384363874457, 104.05232451233681, 106.04599539841276, 106.04599539841276], [207.72321058828618, 207.72321058828618, 104.05232451233681, 106.04599539841276, 106.04599539841276]]}",dark,FALSE,1,"(1800, 3600)",0.197667962,0.803997779,975.7631271,97.88342195
16,3,4,21J_LD3_13_14_16_2024-06-10 15-19-37.mkv,99,TRUE,0.5,50,1800,"{'xs': [[0.8977685546875005, 100.17776855468749, 98.81776855468749, 2.2577685546875004, 2.2577685546875004], [2.2577685546875004, 2.2577685546875004, 96.09776855468749, 98.81776855468749]], 'ys': [[2.0740818023681817, 2.0740818023681817, 104.76158180236817, 105.42408180236818, 105.42408180236818], [105.42408180236818, 209.43658180236815, 210.09908180236818, 104.76158180236817]]}",dark,FALSE,1,"(1800, 3600)",0.251526929,0.749583565,806.4265441,83.58808972
17,3,1,21J_LD3_17_18_19_20_2024-06-10 15-29-03.mkv,99,TRUE,0.5,50,1800,"{'xs': [[2.0896834407944294, 102.98124970585468, 102.98124970585468, 2.0896834407944294, 2.0896834407944294], [3.366791874529369, 97.87281597091491, 102.98124970585468, 2.0896834407944294, 2.0896834407944294]], 'ys': [[0.45990434477599396, -0.20465261724932252, 109.4472461169279, 106.12446130680131, 106.12446130680131], [209.13079042072536, 207.80167649667473, 109.4472461169279, 106.12446130680131, 106.12446130680131]]}",light,FALSE,1,"(1800, 3600)",0.142143254,0.857856746,1028.656956,104.4951671
18,3,2,21J_LD3_17_18_19_20_2024-06-10 15-29-03.mkv,99,TRUE,0.5,50,1800,"{'xs': [[5.657607174991223, 104.85985436600247, 104.85985436600247, 3.2081689727440317, 3.2081689727440317], [1.9834498716204363, 103.63513526487887, 104.85985436600247, 3.2081689727440317, 3.2081689727440317]], 'ys': [[1.7105523604380786, 0.3814384363874457, 104.05232451233681, 106.04599539841276, 106.04599539841276], [207.72321058828618, 207.72321058828618, 104.05232451233681, 106.04599539841276, 106.04599539841276]]}",dark,FALSE,1,"(1800, 3600)",0,1,666.50789,66.86056402
19,3,3,21J_LD3_17_18_19_20_2024-06-10 15-29-03.mkv,99,TRUE,0.5,50,1800,"{'xs': [[2.0896834407944294, 104.25835813958962, 101.70414127211973, -0.4645334266754499, -0.4645334266754499], [-0.4645334266754499, 0.8125750070594898, 102.98124970585468, 101.70414127211973, 101.70414127211973]], 'ys': [[1.403495317623924, 2.0639891447844176, 107.08250766330293, 107.74300149046343, 107.74300149046343], [107.74300149046343, 210.11954470034, 212.10102618182145, 107.08250766330293, 107.08250766330293]]}",dark,FALSE,1,"(1800, 3600)",0.096057746,0.907273737,943.7062322,94.84484746
20,3,4,21J_LD3_17_18_19_20_2024-06-10 15-29-03.mkv,99,TRUE,0.5,50,1800,"{'xs': [[0.8977685546875005, 100.17776855468749, 98.81776855468749, 2.2577685546875004, 2.2577685546875004], [2.2577685546875004, 2.2577685546875004, 96.09776855468749, 98.81776855468749]], 'ys': [[2.0740818023681817, 2.0740818023681817, 104.76158180236817, 105.42408180236818, 105.42408180236818], [105.42408180236818, 209.43658180236815, 210.09908180236818, 104.76158180236817]]}",light,FALSE,1,"(1800, 3600)",0.459744586,0.545807885,1112.547621,115.3182903
21,3,1,21J_LD3_21_22_23_24_2024-06-10 15-40-08.mkv,99,TRUE,0.5,50,1800,"{'xs': [[2.0896834407944294, 102.98124970585468, 102.98124970585468, 2.0896834407944294, 2.0896834407944294], [3.366791874529369, 97.87281597091491, 102.98124970585468, 2.0896834407944294, 2.0896834407944294]], 'ys': [[0.45990434477599396, -0.20465261724932252, 109.4472461169279, 106.12446130680131, 106.12446130680131], [209.13079042072536, 207.80167649667473, 109.4472461169279, 106.12446130680131, 106.12446130680131]]}",dark,FALSE,1,"(1800, 3600)",0.037756802,0.968350916,873.2244302,88.70569749
22,3,2,21J_LD3_21_22_23_24_2024-06-10 15-40-08.mkv,99,TRUE,0.5,50,1800,"{'xs': [[5.657607174991223, 104.85985436600247, 104.85985436600247, 3.2081689727440317, 3.2081689727440317], [1.9834498716204363, 103.63513526487887, 104.85985436600247, 3.2081689727440317, 3.2081689727440317]], 'ys': [[1.7105523604380786, 0.3814384363874457, 104.05232451233681, 106.04599539841276, 106.04599539841276], [207.72321058828618, 207.72321058828618, 104.05232451233681, 106.04599539841276, 106.04599539841276]]}",dark,FALSE,1,"(1800, 3600)",0.108828429,0.892837313,816.8937463,81.94648172
23,3,3,21J_LD3_21_22_23_24_2024-06-10 15-40-08.mkv,99,TRUE,0.5,50,1800,"{'xs': [[2.0896834407944294, 104.25835813958962, 101.70414127211973, -0.4645334266754499, -0.4645334266754499], [-0.4645334266754499, 0.8125750070594898, 102.98124970585468, 101.70414127211973, 101.70414127211973]], 'ys': [[1.403495317623924, 2.0639891447844176, 107.08250766330293, 107.74300149046343, 107.74300149046343], [107.74300149046343, 210.11954470034, 212.10102618182145, 107.08250766330293, 107.08250766330293]]}",dark,FALSE,1,"(1800, 3600)",0.138256524,0.861743476,1176.144255,118.2054527
24,3,4,21J_LD3_21_22_23_24_2024-06-10 15-40-08.mkv,99,TRUE,0.5,50,1800,"{'xs': [[0.8977685546875005, 100.17776855468749, 98.81776855468749, 2.2577685546875004, 2.2577685546875004], [2.2577685546875004, 2.2577685546875004, 96.09776855468749, 98.81776855468749]], 'ys': [[2.0740818023681817, 2.0740818023681817, 104.76158180236817, 105.42408180236818, 105.42408180236818], [105.42408180236818, 209.43658180236815, 210.09908180236818, 104.76158180236817]]}",light,FALSE,1,"(1800, 3600)",0,1,495.7378389,51.38444321
25,3,1,21J_LD3_25_26_27_28_2024-06-10 15-52-07.mkv,99,TRUE,0.5,50,2850,"{'xs': [[2.1694706784018973, 100.90364789359178, 99.58719219738924, 0.8530149821993657, 0.8530149821993657], [0.8530149821993657, 2.1694706784018973, 99.58719219738924, 99.58719219738924]], 'ys': [[-0.45169944763181813, 0.21080055236818182, 105.54830055236818, 106.21080055236817, 106.21080055236817], [106.21080055236817, 208.23580055236818, 210.22330055236816, 105.54830055236818]]}",dark,FALSE,1,"(1800, 3600)",0.143808995,0.861188229,1200.020423,121.7715349
26,3,2,21J_LD3_25_26_27_28_2024-06-10 15-52-07.mkv,99,TRUE,0.5,50,2850,"{'xs': [[0.8322957356770828, 103.23970314308448, 101.94340684678819, 0.8322957356770828, 0.8322957356770828, 0.8322957356770828], [0.8322957356770828, 3.424888328269675, 103.23970314308448, 101.94340684678819]], 'ys': [[0.5006957258914665, 1.1602049283454543, 106.0221681185295, 106.6816773209835, 106.6816773209835, 106.6816773209835], [106.6816773209835, 210.88413130871356, 212.86265891607553, 106.0221681185295]]}",dark,FALSE,1,"(1800, 3600)",0.094947252,0.905052748,888.0917659,88.29869973
27,3,3,21J_LD3_25_26_27_28_2024-06-10 15-52-07.mkv,99,TRUE,0.5,50,2850,"{'xs': [[3.25861227101293, 105.0517157192888, 103.81033640894397, 3.25861227101293], [3.25861227101293, 2.0172329606681023, 105.0517157192888, 103.81033640894397]], 'ys': [[0.4368249434458911, 1.1013819054712075, 106.76593886749653, 106.76593886749653], [106.76593886749653, 209.10771101939525, 207.77859709534462, 106.76593886749653]]}",dark,FALSE,1,"(1800, 3600)",0.088839534,0.912270961,761.8656278,77.72156366
28,3,4,21J_LD3_25_26_27_28_2024-06-10 15-52-07.mkv,99,TRUE,0.5,50,2850,"{'xs': [[0.8530149821993657, 100.90364789359178, 99.58719219738924, 2.1694706784018973], [2.1694706784018973, 0.8530149821993657, 100.90364789359178, 99.58719219738924]], 'ys': [[0.949146006842099, 0.28562399426348273, 105.12210198168486, 105.78562399426347], [105.78562399426347, 209.95857996910624, 209.29505795652764, 105.12210198168486]]}",dark,FALSE,1,"(1800, 3600)",0.051637979,0.949472515,596.9990489,60.48469379
29,3,1,21J_LD3_29_31_32_2024-06-10 16-02-15.mkv,99,TRUE,0.5,50,1800,"{'xs': [[2.0896834407944294, 102.98124970585468, 102.98124970585468, 2.0896834407944294, 2.0896834407944294], [3.366791874529369, 97.87281597091491, 102.98124970585468, 2.0896834407944294, 2.0896834407944294]], 'ys': [[0.45990434477599396, -0.20465261724932252, 109.4472461169279, 106.12446130680131, 106.12446130680131], [209.13079042072536, 207.80167649667473, 109.4472461169279, 106.12446130680131, 106.12446130680131]]}",dark,FALSE,1,"(1800, 3600)",0,1,450.1515155,45.72822608
31,3,3,21J_LD3_29_31_32_2024-06-10 16-02-15.mkv,99,TRUE,0.5,50,1800,"{'xs': [[2.0896834407944294, 104.25835813958962, 101.70414127211973, -0.4645334266754499, -0.4645334266754499], [-0.4645334266754499, 0.8125750070594898, 102.98124970585468, 101.70414127211973, 101.70414127211973]], 'ys': [[1.403495317623924, 2.0639891447844176, 107.08250766330293, 107.74300149046343, 107.74300149046343], [107.74300149046343, 210.11954470034, 212.10102618182145, 107.08250766330293, 107.08250766330293]]}",dark,FALSE,1,"(1800, 3600)",0.249305941,0.751804553,1019.417845,102.4540548
32,3,4,21J_LD3_29_31_32_2024-06-10 16-02-15.mkv,99,TRUE,0.5,50,1800,"{'xs': [[0.8977685546875005, 100.17776855468749, 98.81776855468749, 2.2577685546875004, 2.2577685546875004], [2.2577685546875004, 2.2577685546875004, 96.09776855468749, 98.81776855468749]], 'ys': [[2.0740818023681817, 2.0740818023681817, 104.76158180236817, 105.42408180236818, 105.42408180236818], [105.42408180236818, 209.43658180236815, 210.09908180236818, 104.76158180236817]]}",dark,FALSE,1,"(1800, 3600)",0.342032204,0.660188784,782.0247445,81.05878333
33,3,1,21J_LD3_33_34_35_36_2024-06-10 16-17-34.mkv,99,TRUE,0.5,50,1800,"{'xs': [[2.0896834407944294, 102.98124970585468, 102.98124970585468, 2.0896834407944294, 2.0896834407944294], [3.366791874529369, 97.87281597091491, 102.98124970585468, 2.0896834407944294, 2.0896834407944294]], 'ys': [[0.45990434477599396, -0.20465261724932252, 109.4472461169279, 106.12446130680131, 106.12446130680131], [209.13079042072536, 207.80167649667473, 109.4472461169279, 106.12446130680131, 106.12446130680131]]}",light,FALSE,1,"(1800, 3600)",0.245419212,0.759578012,1261.170358,128.1148264
34,3,2,21J_LD3_33_34_35_36_2024-06-10 16-17-34.mkv,99,TRUE,0.5,50,1800,"{'xs': [[5.657607174991223, 104.85985436600247, 104.85985436600247, 3.2081689727440317, 3.2081689727440317], [1.9834498716204363, 103.63513526487887, 104.85985436600247, 3.2081689727440317, 3.2081689727440317]], 'ys': [[1.7105523604380786, 0.3814384363874457, 104.05232451233681, 106.04599539841276, 106.04599539841276], [207.72321058828618, 207.72321058828618, 104.05232451233681, 106.04599539841276, 106.04599539841276]]}",dark,FALSE,1,"(1800, 3600)",0,1,483.2885431,48.48096333
35,3,3,21J_LD3_33_34_35_36_2024-06-10 16-17-34.mkv,99,TRUE,0.5,50,1800,"{'xs': [[2.0896834407944294, 104.25835813958962, 101.70414127211973, -0.4645334266754499, -0.4645334266754499], [-0.4645334266754499, 0.8125750070594898, 102.98124970585468, 101.70414127211973, 101.70414127211973]], 'ys': [[1.403495317623924, 2.0639891447844176, 107.08250766330293, 107.74300149046343, 107.74300149046343], [107.74300149046343, 210.11954470034, 212.10102618182145, 107.08250766330293, 107.08250766330293]]}",dark,FALSE,1,"(1800, 3600)",0,1,823.4857478,82.76238671
36,3,4,21J_LD3_33_34_35_36_2024-06-10 16-17-34.mkv,99,TRUE,0.5,50,1800,"{'xs': [[0.8977685546875005, 100.17776855468749, 98.81776855468749, 2.2577685546875004, 2.2577685546875004], [2.2577685546875004, 2.2577685546875004, 96.09776855468749, 98.81776855468749]], 'ys': [[2.0740818023681817, 2.0740818023681817, 104.76158180236817, 105.42408180236818, 105.42408180236818], [105.42408180236818, 209.43658180236815, 210.09908180236818, 104.76158180236817]]}",dark,FALSE,1,"(1800, 3600)",0.15435869,0.856191005,937.4039026,97.16421426
37,3,1,21J_LD3_37_38_39_40_2024-06-10 16-28-02.mkv,99,TRUE,0.5,50,1350,"{'xs': [[0.8748105532163118, 101.19948587789163, 99.8618235402293, 0.8748105532163118, 0.8748105532163118], [0.8748105532163118, 0.8748105532163118, 99.8618235402293, 99.8618235402293]], 'ys': [[-0.15455440398185172, -0.15455440398185172, 105.34867140246976, 105.34867140246976, 105.34867140246976], [105.34867140246976, 205.5099617250504, 205.5099617250504, 105.34867140246976]]}",dark,FALSE,1,"(1800, 3600)",0.047751249,0.952248751,839.9105654,85.64016497
38,3,2,21J_LD3_37_38_39_40_2024-06-10 16-28-02.mkv,99,TRUE,0.5,50,1350,"{'xs': [[2.0896834407944294, 104.25835813958962, 102.98124970585468, 0.8125750070594898], [0.8125750070594898, 2.0896834407944294, 104.25835813958962, 102.98124970585468]], 'ys': [[0.4374796549479167, 0.4374796549479167, 100.43747965494792, 101.77081298828125], [101.77081298828125, 206.4374796549479, 206.4374796549479, 100.43747965494792]]}",dark,FALSE,1,"(1800, 3600)",0.034980566,0.966129928,902.6783961,90.64571895
39,3,3,21J_LD3_37_38_39_40_2024-06-10 16-28-02.mkv,99,TRUE,0.5,50,1350,"{'xs': [[0.8530149821993657, 99.58719219738924, 100.90364789359178, -0.463440714003166], [-0.463440714003166, 2.1694706784018973, 99.58719219738924, 100.90364789359178]], 'ys': [[0.05871507141485603, 0.05871507141485603, 108.87773347632285, 108.87773347632285], [108.87773347632285, 213.7396966665069, 213.0801874640529, 108.87773347632285]]}",dark,FALSE,1,"(1800, 3600)",0.279289284,0.720710716,1348.072694,137.9508238
40,3,4,21J_LD3_37_38_39_40_2024-06-10 16-28-02.mkv,99,TRUE,0.5,50,1350,"{'xs': [[0.8530149821993657, 99.58719219738924, 100.90364789359178, 0.8530149821993657], [0.8530149821993657, 4.802382070806961, 98.27073650118672, 100.90364789359178]], 'ys': [[1.2390625000000177, 1.2390625000000177, 101.9390625, 103.26406250000001], [103.26406250000001, 206.61406250000002, 208.6015625, 101.9390625]]}",dark,FALSE,1,"(1800, 3600)",0.430871738,0.573014992,1324.426885,135.5293699
41,3,1,21J_LD3_41_42_43_44_2024-06-10 16-38-48.mkv,99,TRUE,0.5,50,2850,"{'xs': [[2.1694706784018973, 100.90364789359178, 99.58719219738924, 0.8530149821993657, 0.8530149821993657], [0.8530149821993657, 2.1694706784018973, 99.58719219738924, 99.58719219738924]], 'ys': [[-0.45169944763181813, 0.21080055236818182, 105.54830055236818, 106.21080055236817, 106.21080055236817], [106.21080055236817, 208.23580055236818, 210.22330055236816, 105.54830055236818]]}",dark,FALSE,1,"(1800, 3600)",0,1,796.3213263,80.80634991
42,3,2,21J_LD3_41_42_43_44_2024-06-10 16-38-48.mkv,99,TRUE,0.5,50,2850,"{'xs': [[0.8322957356770828, 103.23970314308448, 101.94340684678819, 0.8322957356770828, 0.8322957356770828, 0.8322957356770828], [0.8322957356770828, 3.424888328269675, 103.23970314308448, 101.94340684678819]], 'ys': [[0.5006957258914665, 1.1602049283454543, 106.0221681185295, 106.6816773209835, 106.6816773209835, 106.6816773209835], [106.6816773209835, 210.88413130871356, 212.86265891607553, 106.0221681185295]]}",dark,FALSE,1,"(1800, 3600)",0.2476402,0.764019989,1125.349177,111.8880648
43,3,3,21J_LD3_41_42_43_44_2024-06-10 16-38-48.mkv,99,TRUE,0.5,50,2850,"{'xs': [[3.25861227101293, 105.0517157192888, 103.81033640894397, 3.25861227101293], [3.25861227101293, 2.0172329606681023, 105.0517157192888, 103.81033640894397]], 'ys': [[0.4368249434458911, 1.1013819054712075, 106.76593886749653, 106.76593886749653], [106.76593886749653, 209.10771101939525, 207.77859709534462, 106.76593886749653]]}",light,FALSE,1,"(1800, 3600)",0.131593559,0.888950583,969.5027841,98.903625
44,3,4,21J_LD3_41_42_43_44_2024-06-10 16-38-48.mkv,99,TRUE,0.5,50,2850,"{'xs': [[0.8530149821993657, 100.90364789359178, 99.58719219738924, 2.1694706784018973], [2.1694706784018973, 0.8530149821993657, 100.90364789359178, 99.58719219738924]], 'ys': [[0.949146006842099, 0.28562399426348273, 105.12210198168486, 105.78562399426347], [105.78562399426347, 209.95857996910624, 209.29505795652764, 105.12210198168486]]}",dark,FALSE,1,"(1800, 3600)",0.132704053,0.869516935,927.5092029,93.97018342
45,3,1,21J_LD3_45_46_47_48_2024-06-10 16-52-43.mkv,99,TRUE,0.5,50,1800,"{'xs': [[2.0896834407944294, 102.98124970585468, 102.98124970585468, 2.0896834407944294, 2.0896834407944294], [3.366791874529369, 97.87281597091491, 102.98124970585468, 2.0896834407944294, 2.0896834407944294]], 'ys': [[0.45990434477599396, -0.20465261724932252, 109.4472461169279, 106.12446130680131, 106.12446130680131], [209.13079042072536, 207.80167649667473, 109.4472461169279, 106.12446130680131, 106.12446130680131]]}",dark,FALSE,1,"(1800, 3600)",0,1,673.7107376,68.43828324
46,3,2,21J_LD3_45_46_47_48_2024-06-10 16-52-43.mkv,99,TRUE,0.5,50,1800,"{'xs': [[5.657607174991223, 104.85985436600247, 104.85985436600247, 3.2081689727440317, 3.2081689727440317], [1.9834498716204363, 103.63513526487887, 104.85985436600247, 3.2081689727440317, 3.2081689727440317]], 'ys': [[1.7105523604380786, 0.3814384363874457, 104.05232451233681, 106.04599539841276, 106.04599539841276], [207.72321058828618, 207.72321058828618, 104.05232451233681, 106.04599539841276, 106.04599539841276]]}",light,FALSE,1,"(1800, 3600)",0.493059411,0.507495836,1184.772145,118.8501067
47,3,3,21J_LD3_45_46_47_48_2024-06-10 16-52-43.mkv,99,TRUE,0.5,50,1800,"{'xs': [[2.0896834407944294, 104.25835813958962, 101.70414127211973, -0.4645334266754499, -0.4645334266754499], [-0.4645334266754499, 0.8125750070594898, 102.98124970585468, 101.70414127211973, 101.70414127211973]], 'ys': [[1.403495317623924, 2.0639891447844176, 107.08250766330293, 107.74300149046343, 107.74300149046343], [107.74300149046343, 210.11954470034, 212.10102618182145, 107.08250766330293, 107.08250766330293]]}",light,FALSE,1,"(1800, 3600)",0.184342032,0.830649639,902.8698594,90.74068938
48,3,4,21J_LD3_45_46_47_48_2024-06-10 16-52-43.mkv,99,TRUE,0.5,50,1800,"{'xs': [[0.8977685546875005, 100.17776855468749, 98.81776855468749, 2.2577685546875004, 2.2577685546875004], [2.2577685546875004, 2.2577685546875004, 96.09776855468749, 98.81776855468749]], 'ys': [[2.0740818023681817, 2.0740818023681817, 104.76158180236817, 105.42408180236818, 105.42408180236818], [105.42408180236818, 209.43658180236815, 210.09908180236818, 104.76158180236817]]}",light,FALSE,1,"(1800, 3600)",0.348139922,0.651860078,1053.064351,109.1527035
49,3,1,21J_LD3_49_50_51_52_2024-06-10 17-13-13.mkv,99,TRUE,0.5,50,1800,"{'xs': [[2.0896834407944294, 102.98124970585468, 102.98124970585468, 2.0896834407944294, 2.0896834407944294], [3.366791874529369, 97.87281597091491, 102.98124970585468, 2.0896834407944294, 2.0896834407944294]], 'ys': [[0.45990434477599396, -0.20465261724932252, 109.4472461169279, 106.12446130680131, 106.12446130680131], [209.13079042072536, 207.80167649667473, 109.4472461169279, 106.12446130680131, 106.12446130680131]]}",light,FALSE,1,"(1800, 3600)",0.197112715,0.803442532,1306.571738,132.7268837
50,3,2,21J_LD3_49_50_51_52_2024-06-10 17-13-13.mkv,99,TRUE,0.5,50,1800,"{'xs': [[5.657607174991223, 104.85985436600247, 104.85985436600247, 3.2081689727440317, 3.2081689727440317], [1.9834498716204363, 103.63513526487887, 104.85985436600247, 3.2081689727440317, 3.2081689727440317]], 'ys': [[1.7105523604380786, 0.3814384363874457, 104.05232451233681, 106.04599539841276, 106.04599539841276], [207.72321058828618, 207.72321058828618, 104.05232451233681, 106.04599539841276, 106.04599539841276]]}",dark,FALSE,1,"(1800, 3600)",0.614103276,0.385896724,1098.2544,110.1711019
51,3,3,21J_LD3_49_50_51_52_2024-06-10 17-13-13.mkv,99,TRUE,0.5,50,1800,"{'xs': [[2.0896834407944294, 104.25835813958962, 101.70414127211973, -0.4645334266754499, -0.4645334266754499], [-0.4645334266754499, 0.8125750070594898, 102.98124970585468, 101.70414127211973, 101.70414127211973]], 'ys': [[1.403495317623924, 2.0639891447844176, 107.08250766330293, 107.74300149046343, 107.74300149046343], [107.74300149046343, 210.11954470034, 212.10102618182145, 107.08250766330293, 107.08250766330293]]}",dark,FALSE,1,"(1800, 3600)",0.275402554,0.72570794,1057.485385,106.2799381
52,3,4,21J_LD3_49_50_51_52_2024-06-10 17-13-13.mkv,99,TRUE,0.5,50,1800,"{'xs': [[0.8977685546875005, 100.17776855468749, 98.81776855468749, 2.2577685546875004, 2.2577685546875004], [2.2577685546875004, 2.2577685546875004, 96.09776855468749, 98.81776855468749]], 'ys': [[2.0740818023681817, 2.0740818023681817, 104.76158180236817, 105.42408180236818, 105.42408180236818], [105.42408180236818, 209.43658180236815, 210.09908180236818, 104.76158180236817]]}",dark,FALSE,1,"(1800, 3600)",0.1332593,0.879511383,1083.167201,112.2729378
53,3,1,21J_LD3_53_54_55_56_2024-06-10 17-24-13.mkv,99,TRUE,0.5,50,1800,"{'xs': [[2.0896834407944294, 102.98124970585468, 102.98124970585468, 2.0896834407944294, 2.0896834407944294], [3.366791874529369, 97.87281597091491, 102.98124970585468, 2.0896834407944294, 2.0896834407944294]], 'ys': [[0.45990434477599396, -0.20465261724932252, 109.4472461169279, 106.12446130680131, 106.12446130680131], [209.13079042072536, 207.80167649667473, 109.4472461169279, 106.12446130680131, 106.12446130680131]]}",light,FALSE,1,"(1800, 3600)",0.041643531,0.964464187,904.4563905,91.87836734
54,3,2,21J_LD3_53_54_55_56_2024-06-10 17-24-13.mkv,99,TRUE,0.5,50,1800,"{'xs': [[5.657607174991223, 104.85985436600247, 104.85985436600247, 3.2081689727440317, 3.2081689727440317], [1.9834498716204363, 103.63513526487887, 104.85985436600247, 3.2081689727440317, 3.2081689727440317]], 'ys': [[1.7105523604380786, 0.3814384363874457, 104.05232451233681, 106.04599539841276, 106.04599539841276], [207.72321058828618, 207.72321058828618, 104.05232451233681, 106.04599539841276, 106.04599539841276]]}",dark,FALSE,1,"(1800, 3600)",0.109938923,0.891171571,849.9790863,85.26542891
55,3,3,21J_LD3_53_54_55_56_2024-06-10 17-24-13.mkv,99,TRUE,0.5,50,1800,"{'xs': [[2.0896834407944294, 104.25835813958962, 101.70414127211973, -0.4645334266754499, -0.4645334266754499], [-0.4645334266754499, 0.8125750070594898, 102.98124970585468, 101.70414127211973, 101.70414127211973]], 'ys': [[1.403495317623924, 2.0639891447844176, 107.08250766330293, 107.74300149046343, 107.74300149046343], [107.74300149046343, 210.11954470034, 212.10102618182145, 107.08250766330293, 107.08250766330293]]}",dark,FALSE,1,"(1800, 3600)",0.232648529,0.767351471,957.887669,96.27011748
56,3,4,21J_LD3_53_54_55_56_2024-06-10 17-24-13.mkv,99,TRUE,0.5,50,1800,"{'xs': [[0.8977685546875005, 100.17776855468749, 98.81776855468749, 2.2577685546875004, 2.2577685546875004], [2.2577685546875004, 2.2577685546875004, 96.09776855468749, 98.81776855468749]], 'ys': [[2.0740818023681817, 2.0740818023681817, 104.76158180236817, 105.42408180236818, 105.42408180236818], [105.42408180236818, 209.43658180236815, 210.09908180236818, 104.76158180236817]]}",light,FALSE,1,"(1800, 3600)",0.35813437,0.648528595,1505.600328,156.0591677
57,3,1,21J_LD3_57_58_59_60_2024-06-10 17-34-36.mkv,99,TRUE,0.5,50,1800,"{'xs': [[2.0896834407944294, 102.98124970585468, 102.98124970585468, 2.0896834407944294, 2.0896834407944294], [3.366791874529369, 97.87281597091491, 102.98124970585468, 2.0896834407944294, 2.0896834407944294]], 'ys': [[0.45990434477599396, -0.20465261724932252, 109.4472461169279, 106.12446130680131, 106.12446130680131], [209.13079042072536, 207.80167649667473, 109.4472461169279, 106.12446130680131, 106.12446130680131]]}",light,FALSE,1,"(1800, 3600)",0.101610217,0.898945031,964.3192675,97.95948243
58,3,2,21J_LD3_57_58_59_60_2024-06-10 17-34-36.mkv,99,TRUE,0.5,50,1800,"{'xs': [[5.657607174991223, 104.85985436600247, 104.85985436600247, 3.2081689727440317, 3.2081689727440317], [1.9834498716204363, 103.63513526487887, 104.85985436600247, 3.2081689727440317, 3.2081689727440317]], 'ys': [[1.7105523604380786, 0.3814384363874457, 104.05232451233681, 106.04599539841276, 106.04599539841276], [207.72321058828618, 207.72321058828618, 104.05232451233681, 106.04599539841276, 106.04599539841276]]}",dark,FALSE,1,"(1800, 3600)",0.113270405,0.89339256,1319.233819,132.3385942
59,3,3,21J_LD3_57_58_59_60_2024-06-10 17-34-36.mkv,99,TRUE,0.5,50,1800,"{'xs': [[2.0896834407944294, 104.25835813958962, 101.70414127211973, -0.4645334266754499, -0.4645334266754499], [-0.4645334266754499, 0.8125750070594898, 102.98124970585468, 101.70414127211973, 101.70414127211973]], 'ys': [[1.403495317623924, 2.0639891447844176, 107.08250766330293, 107.74300149046343, 107.74300149046343], [107.74300149046343, 210.11954470034, 212.10102618182145, 107.08250766330293, 107.08250766330293]]}",dark,FALSE,1,"(1800, 3600)",0.28761799,0.713492504,1005.345831,101.039782
60,3,4,21J_LD3_57_58_59_60_2024-06-10 17-34-36.mkv,99,TRUE,0.5,50,1800,"{'xs': [[0.8977685546875005, 100.17776855468749, 98.81776855468749, 2.2577685546875004, 2.2577685546875004], [2.2577685546875004, 2.2577685546875004, 96.09776855468749, 98.81776855468749]], 'ys': [[2.0740818023681817, 2.0740818023681817, 104.76158180236817, 105.42408180236818, 105.42408180236818], [105.42408180236818, 209.43658180236815, 210.09908180236818, 104.76158180236817]]}",dark,FALSE,1,"(1800, 3600)",0.252082177,0.7523598,1173.046388,121.589136
1,3,1,21J_LD3_01_02_03_04_2024-06-10 14-44-15.mkv,99,TRUE,0.5,50,1800,"{'xs': [[2.0896834407944294, 102.98124970585468, 102.98124970585468, 2.0896834407944294, 2.0896834407944294], [3.366791874529369, 97.87281597091491, 102.98124970585468, 2.0896834407944294, 2.0896834407944294]], 'ys': [[0.45990434477599396, -0.20465261724932252, 109.4472461169279, 106.12446130680131, 106.12446130680131], [209.13079042072536, 207.80167649667473, 109.4472461169279, 106.12446130680131, 106.12446130680131]]}",dark,FALSE,2,"(3600, 5400)",0.337590228,0.667406996,861.5705536,87.52184919
2,3,2,21J_LD3_01_02_03_04_2024-06-10 14-44-15.mkv,99,TRUE,0.5,50,1800,"{'xs': [[5.657607174991223, 104.85985436600247, 104.85985436600247, 3.2081689727440317, 3.2081689727440317], [1.9834498716204363, 103.63513526487887, 104.85985436600247, 3.2081689727440317, 3.2081689727440317]], 'ys': [[1.7105523604380786, 0.3814384363874457, 104.05232451233681, 106.04599539841276, 106.04599539841276], [207.72321058828618, 207.72321058828618, 104.05232451233681, 106.04599539841276, 106.04599539841276]]}",dark,FALSE,2,"(3600, 5400)",0.22098834,0.77901166,1172.509547,117.6199874
3,3,3,21J_LD3_01_02_03_04_2024-06-10 14-44-15.mkv,99,TRUE,0.5,50,1800,"{'xs': [[2.0896834407944294, 104.25835813958962, 101.70414127211973, -0.4645334266754499, -0.4645334266754499], [-0.4645334266754499, 0.8125750070594898, 102.98124970585468, 101.70414127211973, 101.70414127211973]], 'ys': [[1.403495317623924, 2.0639891447844176, 107.08250766330293, 107.74300149046343, 107.74300149046343], [107.74300149046343, 210.11954470034, 212.10102618182145, 107.08250766330293, 107.08250766330293]]}",dark,FALSE,2,"(3600, 5400)",0.068850639,0.932259856,1126.387784,113.2048024
4,3,4,21J_LD3_01_02_03_04_2024-06-10 14-44-15.mkv,99,TRUE,0.5,50,1800,"{'xs': [[0.8977685546875005, 100.17776855468749, 98.81776855468749, 2.2577685546875004, 2.2577685546875004], [2.2577685546875004, 2.2577685546875004, 96.09776855468749, 98.81776855468749]], 'ys': [[2.0740818023681817, 2.0740818023681817, 104.76158180236817, 105.42408180236818, 105.42408180236818], [105.42408180236818, 209.43658180236815, 210.09908180236818, 104.76158180236817]]}",dark,FALSE,2,"(3600, 5400)",0.215435869,0.784564131,1034.353772,107.213306
5,3,1,21J_LD3_05_06_07_08_2024-06-10 14-55-01.mkv,99,TRUE,0.5,50,1800,"{'xs': [[2.0896834407944294, 102.98124970585468, 102.98124970585468, 2.0896834407944294, 2.0896834407944294], [3.366791874529369, 97.87281597091491, 102.98124970585468, 2.0896834407944294, 2.0896834407944294]], 'ys': [[0.45990434477599396, -0.20465261724932252, 109.4472461169279, 106.12446130680131, 106.12446130680131], [209.13079042072536, 207.80167649667473, 109.4472461169279, 106.12446130680131, 106.12446130680131]]}",light,FALSE,2,"(3600, 5400)",0.134369795,0.8667407,954.743562,96.98674323
6,3,2,21J_LD3_05_06_07_08_2024-06-10 14-55-01.mkv,99,TRUE,0.5,50,1800,"{'xs': [[5.657607174991223, 104.85985436600247, 104.85985436600247, 3.2081689727440317, 3.2081689727440317], [1.9834498716204363, 103.63513526487887, 104.85985436600247, 3.2081689727440317, 3.2081689727440317]], 'ys': [[1.7105523604380786, 0.3814384363874457, 104.05232451233681, 106.04599539841276, 106.04599539841276], [207.72321058828618, 207.72321058828618, 104.05232451233681, 106.04599539841276, 106.04599539841276]]}",light,FALSE,2,"(3600, 5400)",0.267073848,0.736812882,991.7809527,99.49024592
7,3,3,21J_LD3_05_06_07_08_2024-06-10 14-55-01.mkv,99,TRUE,0.5,50,1800,"{'xs': [[2.0896834407944294, 104.25835813958962, 101.70414127211973, -0.4645334266754499, -0.4645334266754499], [-0.4645334266754499, 0.8125750070594898, 102.98124970585468, 101.70414127211973, 101.70414127211973]], 'ys': [[1.403495317623924, 2.0639891447844176, 107.08250766330293, 107.74300149046343, 107.74300149046343], [107.74300149046343, 210.11954470034, 212.10102618182145, 107.08250766330293, 107.08250766330293]]}",dark,FALSE,2,"(3600, 5400)",0.095502499,0.90671849,1277.127864,128.3545592
8,3,4,21J_LD3_05_06_07_08_2024-06-10 14-55-01.mkv,99,TRUE,0.5,50,1800,"{'xs': [[0.8977685546875005, 100.17776855468749, 98.81776855468749, 2.2577685546875004, 2.2577685546875004], [2.2577685546875004, 2.2577685546875004, 96.09776855468749, 98.81776855468749]], 'ys': [[2.0740818023681817, 2.0740818023681817, 104.76158180236817, 105.42408180236818, 105.42408180236818], [105.42408180236818, 209.43658180236815, 210.09908180236818, 104.76158180236817]]}",light,FALSE,2,"(3600, 5400)",0.335924486,0.677401444,1171.103459,121.3877466
9,3,1,21J_LD3_09_10_11_12_2024-06-10 15-10-32.mkv,99,TRUE,0.5,50,1800,"{'xs': [[2.0896834407944294, 102.98124970585468, 102.98124970585468, 2.0896834407944294, 2.0896834407944294], [3.366791874529369, 97.87281597091491, 102.98124970585468, 2.0896834407944294, 2.0896834407944294]], 'ys': [[0.45990434477599396, -0.20465261724932252, 109.4472461169279, 106.12446130680131, 106.12446130680131], [209.13079042072536, 207.80167649667473, 109.4472461169279, 106.12446130680131, 106.12446130680131]]}",light,FALSE,2,"(3600, 5400)",0.353692393,0.646307607,1253.632557,127.3491058
10,3,2,21J_LD3_09_10_11_12_2024-06-10 15-10-32.mkv,99,TRUE,0.5,50,1800,"{'xs': [[5.657607174991223, 104.85985436600247, 104.85985436600247, 3.2081689727440317, 3.2081689727440317], [1.9834498716204363, 103.63513526487887, 104.85985436600247, 3.2081689727440317, 3.2081689727440317]], 'ys': [[1.7105523604380786, 0.3814384363874457, 104.05232451233681, 106.04599539841276, 106.04599539841276], [207.72321058828618, 207.72321058828618, 104.05232451233681, 106.04599539841276, 106.04599539841276]]}",dark,FALSE,2,"(3600, 5400)",0.086063298,0.915047196,1098.949622,110.2408428
11,3,3,21J_LD3_09_10_11_12_2024-06-10 15-10-32.mkv,99,TRUE,0.5,50,1800,"{'xs': [[2.0896834407944294, 104.25835813958962, 101.70414127211973, -0.4645334266754499, -0.4645334266754499], [-0.4645334266754499, 0.8125750070594898, 102.98124970585468, 101.70414127211973, 101.70414127211973]], 'ys': [[1.403495317623924, 2.0639891447844176, 107.08250766330293, 107.74300149046343, 107.74300149046343], [107.74300149046343, 210.11954470034, 212.10102618182145, 107.08250766330293, 107.08250766330293]]}",dark,FALSE,2,"(3600, 5400)",0.404219878,0.59800111,1127.371265,113.3036447
12,3,4,21J_LD3_09_10_11_12_2024-06-10 15-10-32.mkv,99,TRUE,0.5,50,1800,"{'xs': [[0.8977685546875005, 100.17776855468749, 98.81776855468749, 2.2577685546875004, 2.2577685546875004], [2.2577685546875004, 2.2577685546875004, 96.09776855468749, 98.81776855468749]], 'ys': [[2.0740818023681817, 2.0740818023681817, 104.76158180236817, 105.42408180236818, 105.42408180236818], [105.42408180236818, 209.43658180236815, 210.09908180236818, 104.76158180236817]]}",dark,FALSE,2,"(3600, 5400)",0.15991116,0.84008884,770.5039015,79.86461969
13,3,1,21J_LD3_13_14_16_2024-06-10 15-19-37.mkv,99,TRUE,0.5,50,1800,"{'xs': [[2.0896834407944294, 102.98124970585468, 102.98124970585468, 2.0896834407944294, 2.0896834407944294], [3.366791874529369, 97.87281597091491, 102.98124970585468, 2.0896834407944294, 2.0896834407944294]], 'ys': [[0.45990434477599396, -0.20465261724932252, 109.4472461169279, 106.12446130680131, 106.12446130680131], [209.13079042072536, 207.80167649667473, 109.4472461169279, 106.12446130680131, 106.12446130680131]]}",dark,FALSE,2,"(3600, 5400)",0.199333703,0.804553026,848.1292415,86.15642591
14,3,2,21J_LD3_13_14_16_2024-06-10 15-19-37.mkv,99,TRUE,0.5,50,1800,"{'xs': [[5.657607174991223, 104.85985436600247, 104.85985436600247, 3.2081689727440317, 3.2081689727440317], [1.9834498716204363, 103.63513526487887, 104.85985436600247, 3.2081689727440317, 3.2081689727440317]], 'ys': [[1.7105523604380786, 0.3814384363874457, 104.05232451233681, 106.04599539841276, 106.04599539841276], [207.72321058828618, 207.72321058828618, 104.05232451233681, 106.04599539841276, 106.04599539841276]]}",dark,FALSE,2,"(3600, 5400)",0.181565797,0.819544697,909.3424922,91.22045339
16,3,4,21J_LD3_13_14_16_2024-06-10 15-19-37.mkv,99,TRUE,0.5,50,1800,"{'xs': [[0.8977685546875005, 100.17776855468749, 98.81776855468749, 2.2577685546875004, 2.2577685546875004], [2.2577685546875004, 2.2577685546875004, 96.09776855468749, 98.81776855468749]], 'ys': [[2.0740818023681817, 2.0740818023681817, 104.76158180236817, 105.42408180236818, 105.42408180236818], [105.42408180236818, 209.43658180236815, 210.09908180236818, 104.76158180236817]]}",dark,FALSE,2,"(3600, 5400)",0.014436424,0.98667407,449.3581525,46.57707492
17,3,1,21J_LD3_17_18_19_20_2024-06-10 15-29-03.mkv,99,TRUE,0.5,50,1800,"{'xs': [[2.0896834407944294, 102.98124970585468, 102.98124970585468, 2.0896834407944294, 2.0896834407944294], [3.366791874529369, 97.87281597091491, 102.98124970585468, 2.0896834407944294, 2.0896834407944294]], 'ys': [[0.45990434477599396, -0.20465261724932252, 109.4472461169279, 106.12446130680131, 106.12446130680131], [209.13079042072536, 207.80167649667473, 109.4472461169279, 106.12446130680131, 106.12446130680131]]}",light,FALSE,2,"(3600, 5400)",0.118822876,0.883953359,967.3099018,98.26328326
18,3,2,21J_LD3_17_18_19_20_2024-06-10 15-29-03.mkv,99,TRUE,0.5,50,1800,"{'xs': [[5.657607174991223, 104.85985436600247, 104.85985436600247, 3.2081689727440317, 3.2081689727440317], [1.9834498716204363, 103.63513526487887, 104.85985436600247, 3.2081689727440317, 3.2081689727440317]], 'ys': [[1.7105523604380786, 0.3814384363874457, 104.05232451233681, 106.04599539841276, 106.04599539841276], [207.72321058828618, 207.72321058828618, 104.05232451233681, 106.04599539841276, 106.04599539841276]]}",dark,FALSE,2,"(3600, 5400)",0.304275403,0.695724597,1289.464676,129.3523105
19,3,3,21J_LD3_17_18_19_20_2024-06-10 15-29-03.mkv,99,TRUE,0.5,50,1800,"{'xs': [[2.0896834407944294, 104.25835813958962, 101.70414127211973, -0.4645334266754499, -0.4645334266754499], [-0.4645334266754499, 0.8125750070594898, 102.98124970585468, 101.70414127211973, 101.70414127211973]], 'ys': [[1.403495317623924, 2.0639891447844176, 107.08250766330293, 107.74300149046343, 107.74300149046343], [107.74300149046343, 210.11954470034, 212.10102618182145, 107.08250766330293, 107.08250766330293]]}",dark,FALSE,2,"(3600, 5400)",0.2476402,0.754025541,945.2911707,95.00413776
20,3,4,21J_LD3_17_18_19_20_2024-06-10 15-29-03.mkv,99,TRUE,0.5,50,1800,"{'xs': [[0.8977685546875005, 100.17776855468749, 98.81776855468749, 2.2577685546875004, 2.2577685546875004], [2.2577685546875004, 2.2577685546875004, 96.09776855468749, 98.81776855468749]], 'ys': [[2.0740818023681817, 2.0740818023681817, 104.76158180236817, 105.42408180236818, 105.42408180236818], [105.42408180236818, 209.43658180236815, 210.09908180236818, 104.76158180236817]]}",light,FALSE,2,"(3600, 5400)",0.28761799,0.714602998,1008.918394,104.5768668
21,3,1,21J_LD3_21_22_23_24_2024-06-10 15-40-08.mkv,99,TRUE,0.5,50,1800,"{'xs': [[2.0896834407944294, 102.98124970585468, 102.98124970585468, 2.0896834407944294, 2.0896834407944294], [3.366791874529369, 97.87281597091491, 102.98124970585468, 2.0896834407944294, 2.0896834407944294]], 'ys': [[0.45990434477599396, -0.20465261724932252, 109.4472461169279, 106.12446130680131, 106.12446130680131], [209.13079042072536, 207.80167649667473, 109.4472461169279, 106.12446130680131, 106.12446130680131]]}",dark,FALSE,2,"(3600, 5400)",0.31815658,0.683509162,1151.215031,116.945116
22,3,2,21J_LD3_21_22_23_24_2024-06-10 15-40-08.mkv,99,TRUE,0.5,50,1800,"{'xs': [[5.657607174991223, 104.85985436600247, 104.85985436600247, 3.2081689727440317, 3.2081689727440317], [1.9834498716204363, 103.63513526487887, 104.85985436600247, 3.2081689727440317, 3.2081689727440317]], 'ys': [[1.7105523604380786, 0.3814384363874457, 104.05232451233681, 106.04599539841276, 106.04599539841276], [207.72321058828618, 207.72321058828618, 104.05232451233681, 106.04599539841276, 106.04599539841276]]}",dark,FALSE,2,"(3600, 5400)",0.086063298,0.915602443,927.1753222,93.00934906
23,3,3,21J_LD3_21_22_23_24_2024-06-10 15-40-08.mkv,99,TRUE,0.5,50,1800,"{'xs': [[2.0896834407944294, 104.25835813958962, 101.70414127211973, -0.4645334266754499, -0.4645334266754499], [-0.4645334266754499, 0.8125750070594898, 102.98124970585468, 101.70414127211973, 101.70414127211973]], 'ys': [[1.403495317623924, 2.0639891447844176, 107.08250766330293, 107.74300149046343, 107.74300149046343], [107.74300149046343, 210.11954470034, 212.10102618182145, 107.08250766330293, 107.08250766330293]]}",dark,FALSE,2,"(3600, 5400)",0,1,1016.924311,102.2034484
24,3,4,21J_LD3_21_22_23_24_2024-06-10 15-40-08.mkv,99,TRUE,0.5,50,1800,"{'xs': [[0.8977685546875005, 100.17776855468749, 98.81776855468749, 2.2577685546875004, 2.2577685546875004], [2.2577685546875004, 2.2577685546875004, 96.09776855468749, 98.81776855468749]], 'ys': [[2.0740818023681817, 2.0740818023681817, 104.76158180236817, 105.42408180236818, 105.42408180236818], [105.42408180236818, 209.43658180236815, 210.09908180236818, 104.76158180236817]]}",light,FALSE,2,"(3600, 5400)",0.004441977,0.99611327,560.6784783,58.1156998
25,3,1,21J_LD3_25_26_27_28_2024-06-10 15-52-07.mkv,99,TRUE,0.5,50,2850,"{'xs': [[2.1694706784018973, 100.90364789359178, 99.58719219738924, 0.8530149821993657, 0.8530149821993657], [0.8530149821993657, 2.1694706784018973, 99.58719219738924, 99.58719219738924]], 'ys': [[-0.45169944763181813, 0.21080055236818182, 105.54830055236818, 106.21080055236817, 106.21080055236817], [106.21080055236817, 208.23580055236818, 210.22330055236816, 105.54830055236818]]}",dark,FALSE,2,"(3600, 5400)",0.127151582,0.873958912,1031.308465,104.6515645
26,3,2,21J_LD3_25_26_27_28_2024-06-10 15-52-07.mkv,99,TRUE,0.5,50,2850,"{'xs': [[0.8322957356770828, 103.23970314308448, 101.94340684678819, 0.8322957356770828, 0.8322957356770828, 0.8322957356770828], [0.8322957356770828, 3.424888328269675, 103.23970314308448, 101.94340684678819]], 'ys': [[0.5006957258914665, 1.1602049283454543, 106.0221681185295, 106.6816773209835, 106.6816773209835, 106.6816773209835], [106.6816773209835, 210.88413130871356, 212.86265891607553, 106.0221681185295]]}",dark,FALSE,2,"(3600, 5400)",0.084952804,0.915047196,806.2239218,80.15897312
27,3,3,21J_LD3_25_26_27_28_2024-06-10 15-52-07.mkv,99,TRUE,0.5,50,2850,"{'xs': [[3.25861227101293, 105.0517157192888, 103.81033640894397, 3.25861227101293], [3.25861227101293, 2.0172329606681023, 105.0517157192888, 103.81033640894397]], 'ys': [[0.4368249434458911, 1.1013819054712075, 106.76593886749653, 106.76593886749653], [106.76593886749653, 209.10771101939525, 207.77859709534462, 106.76593886749653]]}",dark,FALSE,2,"(3600, 5400)",0.029428096,0.971127152,771.2448019,78.67837816
28,3,4,21J_LD3_25_26_27_28_2024-06-10 15-52-07.mkv,99,TRUE,0.5,50,2850,"{'xs': [[0.8530149821993657, 100.90364789359178, 99.58719219738924, 2.1694706784018973], [2.1694706784018973, 0.8530149821993657, 100.90364789359178, 99.58719219738924]], 'ys': [[0.949146006842099, 0.28562399426348273, 105.12210198168486, 105.78562399426347], [105.78562399426347, 209.95857996910624, 209.29505795652764, 105.12210198168486]]}",dark,FALSE,2,"(3600, 5400)",0.227651305,0.774569684,962.0332675,97.46797371
29,3,1,21J_LD3_29_31_32_2024-06-10 16-02-15.mkv,99,TRUE,0.5,50,1800,"{'xs': [[2.0896834407944294, 102.98124970585468, 102.98124970585468, 2.0896834407944294, 2.0896834407944294], [3.366791874529369, 97.87281597091491, 102.98124970585468, 2.0896834407944294, 2.0896834407944294]], 'ys': [[0.45990434477599396, -0.20465261724932252, 109.4472461169279, 106.12446130680131, 106.12446130680131], [209.13079042072536, 207.80167649667473, 109.4472461169279, 106.12446130680131, 106.12446130680131]]}",dark,FALSE,2,"(3600, 5400)",0.229872293,0.771238201,1125.520176,114.3349279
31,3,3,21J_LD3_29_31_32_2024-06-10 16-02-15.mkv,99,TRUE,0.5,50,1800,"{'xs': [[2.0896834407944294, 104.25835813958962, 101.70414127211973, -0.4645334266754499, -0.4645334266754499], [-0.4645334266754499, 0.8125750070594898, 102.98124970585468, 101.70414127211973, 101.70414127211973]], 'ys': [[1.403495317623924, 2.0639891447844176, 107.08250766330293, 107.74300149046343, 107.74300149046343], [107.74300149046343, 210.11954470034, 212.10102618182145, 107.08250766330293, 107.08250766330293]]}",dark,FALSE,2,"(3600, 5400)",0.108273182,0.896168795,754.2869245,75.80773111
32,3,4,21J_LD3_29_31_32_2024-06-10 16-02-15.mkv,99,TRUE,0.5,50,1800,"{'xs': [[0.8977685546875005, 100.17776855468749, 98.81776855468749, 2.2577685546875004, 2.2577685546875004], [2.2577685546875004, 2.2577685546875004, 96.09776855468749, 98.81776855468749]], 'ys': [[2.0740818023681817, 2.0740818023681817, 104.76158180236817, 105.42408180236818, 105.42408180236818], [105.42408180236818, 209.43658180236815, 210.09908180236818, 104.76158180236817]]}",dark,FALSE,2,"(3600, 5400)",0.302054414,0.69905608,1146.04052,118.7899116
33,3,1,21J_LD3_33_34_35_36_2024-06-10 16-17-34.mkv,99,TRUE,0.5,50,1800,"{'xs': [[2.0896834407944294, 102.98124970585468, 102.98124970585468, 2.0896834407944294, 2.0896834407944294], [3.366791874529369, 97.87281597091491, 102.98124970585468, 2.0896834407944294, 2.0896834407944294]], 'ys': [[0.45990434477599396, -0.20465261724932252, 109.4472461169279, 106.12446130680131, 106.12446130680131], [209.13079042072536, 207.80167649667473, 109.4472461169279, 106.12446130680131, 106.12446130680131]]}",light,FALSE,2,"(3600, 5400)",0.225985564,0.774569684,1033.793057,105.0169132
34,3,2,21J_LD3_33_34_35_36_2024-06-10 16-17-34.mkv,99,TRUE,0.5,50,1800,"{'xs': [[5.657607174991223, 104.85985436600247, 104.85985436600247, 3.2081689727440317, 3.2081689727440317], [1.9834498716204363, 103.63513526487887, 104.85985436600247, 3.2081689727440317, 3.2081689727440317]], 'ys': [[1.7105523604380786, 0.3814384363874457, 104.05232451233681, 106.04599539841276, 106.04599539841276], [207.72321058828618, 207.72321058828618, 104.05232451233681, 106.04599539841276, 106.04599539841276]]}",dark,FALSE,2,"(3600, 5400)",0.047196002,0.952803998,487.6698141,48.92046938
35,3,3,21J_LD3_33_34_35_36_2024-06-10 16-17-34.mkv,99,TRUE,0.5,50,1800,"{'xs': [[2.0896834407944294, 104.25835813958962, 101.70414127211973, -0.4645334266754499, -0.4645334266754499], [-0.4645334266754499, 0.8125750070594898, 102.98124970585468, 101.70414127211973, 101.70414127211973]], 'ys': [[1.403495317623924, 2.0639891447844176, 107.08250766330293, 107.74300149046343, 107.74300149046343], [107.74300149046343, 210.11954470034, 212.10102618182145, 107.08250766330293, 107.08250766330293]]}",dark,FALSE,2,"(3600, 5400)",0,1,669.4289062,67.27928705
36,3,4,21J_LD3_33_34_35_36_2024-06-10 16-17-34.mkv,99,TRUE,0.5,50,1800,"{'xs': [[0.8977685546875005, 100.17776855468749, 98.81776855468749, 2.2577685546875004, 2.2577685546875004], [2.2577685546875004, 2.2577685546875004, 96.09776855468749, 98.81776855468749]], 'ys': [[2.0740818023681817, 2.0740818023681817, 104.76158180236817, 105.42408180236818, 105.42408180236818], [105.42408180236818, 209.43658180236815, 210.09908180236818, 104.76158180236817]]}",dark,FALSE,2,"(3600, 5400)",0.007218212,0.992781788,873.9906328,90.59127327
37,3,1,21J_LD3_37_38_39_40_2024-06-10 16-28-02.mkv,99,TRUE,0.5,50,1350,"{'xs': [[0.8748105532163118, 101.19948587789163, 99.8618235402293, 0.8748105532163118, 0.8748105532163118], [0.8748105532163118, 0.8748105532163118, 99.8618235402293, 99.8618235402293]], 'ys': [[-0.15455440398185172, -0.15455440398185172, 105.34867140246976, 105.34867140246976, 105.34867140246976], [105.34867140246976, 205.5099617250504, 205.5099617250504, 105.34867140246976]]}",dark,FALSE,2,"(3600, 5400)",0,1,601.8657471,61.368298
38,3,2,21J_LD3_37_38_39_40_2024-06-10 16-28-02.mkv,99,TRUE,0.5,50,1350,"{'xs': [[2.0896834407944294, 104.25835813958962, 102.98124970585468, 0.8125750070594898], [0.8125750070594898, 2.0896834407944294, 104.25835813958962, 102.98124970585468]], 'ys': [[0.4374796549479167, 0.4374796549479167, 100.43747965494792, 101.77081298828125], [101.77081298828125, 206.4374796549479, 206.4374796549479, 100.43747965494792]]}",dark,FALSE,2,"(3600, 5400)",0.148250972,0.852859522,1031.547265,103.5865529
39,3,3,21J_LD3_37_38_39_40_2024-06-10 16-28-02.mkv,99,TRUE,0.5,50,1350,"{'xs': [[0.8530149821993657, 99.58719219738924, 100.90364789359178, -0.463440714003166], [-0.463440714003166, 2.1694706784018973, 99.58719219738924, 100.90364789359178]], 'ys': [[0.05871507141485603, 0.05871507141485603, 108.87773347632285, 108.87773347632285], [108.87773347632285, 213.7396966665069, 213.0801874640529, 108.87773347632285]]}",dark,FALSE,2,"(3600, 5400)",0.178789561,0.822320933,869.1174407,88.93842851
40,3,4,21J_LD3_37_38_39_40_2024-06-10 16-28-02.mkv,99,TRUE,0.5,50,1350,"{'xs': [[0.8530149821993657, 99.58719219738924, 100.90364789359178, 0.8530149821993657], [0.8530149821993657, 4.802382070806961, 98.27073650118672, 100.90364789359178]], 'ys': [[1.2390625000000177, 1.2390625000000177, 101.9390625, 103.26406250000001], [103.26406250000001, 206.61406250000002, 208.6015625, 101.9390625]]}",dark,FALSE,2,"(3600, 5400)",0.09716824,0.908939478,797.7857809,81.63788083
41,3,1,21J_LD3_41_42_43_44_2024-06-10 16-38-48.mkv,99,TRUE,0.5,50,2850,"{'xs': [[2.1694706784018973, 100.90364789359178, 99.58719219738924, 0.8530149821993657, 0.8530149821993657], [0.8530149821993657, 2.1694706784018973, 99.58719219738924, 99.58719219738924]], 'ys': [[-0.45169944763181813, 0.21080055236818182, 105.54830055236818, 106.21080055236817, 106.21080055236817], [106.21080055236817, 208.23580055236818, 210.22330055236816, 105.54830055236818]]}",dark,FALSE,2,"(3600, 5400)",0.03997779,0.96002221,423.5873682,42.98333846
42,3,2,21J_LD3_41_42_43_44_2024-06-10 16-38-48.mkv,99,TRUE,0.5,50,2850,"{'xs': [[0.8322957356770828, 103.23970314308448, 101.94340684678819, 0.8322957356770828, 0.8322957356770828, 0.8322957356770828], [0.8322957356770828, 3.424888328269675, 103.23970314308448, 101.94340684678819]], 'ys': [[0.5006957258914665, 1.1602049283454543, 106.0221681185295, 106.6816773209835, 106.6816773209835, 106.6816773209835], [106.6816773209835, 210.88413130871356, 212.86265891607553, 106.0221681185295]]}",dark,FALSE,2,"(3600, 5400)",0,1,705.5894685,70.15337267
43,3,3,21J_LD3_41_42_43_44_2024-06-10 16-38-48.mkv,99,TRUE,0.5,50,2850,"{'xs': [[3.25861227101293, 105.0517157192888, 103.81033640894397, 3.25861227101293], [3.25861227101293, 2.0172329606681023, 105.0517157192888, 103.81033640894397]], 'ys': [[0.4368249434458911, 1.1013819054712075, 106.76593886749653, 106.76593886749653], [106.76593886749653, 209.10771101939525, 207.77859709534462, 106.76593886749653]]}",light,FALSE,2,"(3600, 5400)",0.044419767,0.955580233,906.8518567,92.51230367
44,3,4,21J_LD3_41_42_43_44_2024-06-10 16-38-48.mkv,99,TRUE,0.5,50,2850,"{'xs': [[0.8530149821993657, 100.90364789359178, 99.58719219738924, 2.1694706784018973], [2.1694706784018973, 0.8530149821993657, 100.90364789359178, 99.58719219738924]], 'ys': [[0.949146006842099, 0.28562399426348273, 105.12210198168486, 105.78562399426347], [105.78562399426347, 209.95857996910624, 209.29505795652764, 105.12210198168486]]}",dark,FALSE,2,"(3600, 5400)",0,1,687.1090197,69.61414551
45,3,1,21J_LD3_45_46_47_48_2024-06-10 16-52-43.mkv,99,TRUE,0.5,50,1800,"{'xs': [[2.0896834407944294, 102.98124970585468, 102.98124970585468, 2.0896834407944294, 2.0896834407944294], [3.366791874529369, 97.87281597091491, 102.98124970585468, 2.0896834407944294, 2.0896834407944294]], 'ys': [[0.45990434477599396, -0.20465261724932252, 109.4472461169279, 106.12446130680131, 106.12446130680131], [209.13079042072536, 207.80167649667473, 109.4472461169279, 106.12446130680131, 106.12446130680131]]}",dark,FALSE,2,"(3600, 5400)",0,1,439.5627829,44.65257945
46,3,2,21J_LD3_45_46_47_48_2024-06-10 16-52-43.mkv,99,TRUE,0.5,50,1800,"{'xs': [[5.657607174991223, 104.85985436600247, 104.85985436600247, 3.2081689727440317, 3.2081689727440317], [1.9834498716204363, 103.63513526487887, 104.85985436600247, 3.2081689727440317, 3.2081689727440317]], 'ys': [[1.7105523604380786, 0.3814384363874457, 104.05232451233681, 106.04599539841276, 106.04599539841276], [207.72321058828618, 207.72321058828618, 104.05232451233681, 106.04599539841276, 106.04599539841276]]}",light,FALSE,2,"(3600, 5400)",0.27429206,0.732370905,1047.045826,105.0341272
47,3,3,21J_LD3_45_46_47_48_2024-06-10 16-52-43.mkv,99,TRUE,0.5,50,1800,"{'xs': [[2.0896834407944294, 104.25835813958962, 101.70414127211973, -0.4645334266754499, -0.4645334266754499], [-0.4645334266754499, 0.8125750070594898, 102.98124970585468, 101.70414127211973, 101.70414127211973]], 'ys': [[1.403495317623924, 2.0639891447844176, 107.08250766330293, 107.74300149046343, 107.74300149046343], [107.74300149046343, 210.11954470034, 212.10102618182145, 107.08250766330293, 107.08250766330293]]}",light,FALSE,2,"(3600, 5400)",0.16768462,0.83231538,872.2927995,87.66761804
48,3,4,21J_LD3_45_46_47_48_2024-06-10 16-52-43.mkv,99,TRUE,0.5,50,1800,"{'xs': [[0.8977685546875005, 100.17776855468749, 98.81776855468749, 2.2577685546875004, 2.2577685546875004], [2.2577685546875004, 2.2577685546875004, 96.09776855468749, 98.81776855468749]], 'ys': [[2.0740818023681817, 2.0740818023681817, 104.76158180236817, 105.42408180236818, 105.42408180236818], [105.42408180236818, 209.43658180236815, 210.09908180236818, 104.76158180236817]]}",light,FALSE,2,"(3600, 5400)",0.318711827,0.68573015,1235.009409,128.0117551
49,3,1,21J_LD3_49_50_51_52_2024-06-10 17-13-13.mkv,99,TRUE,0.5,50,1800,"{'xs': [[2.0896834407944294, 102.98124970585468, 102.98124970585468, 2.0896834407944294, 2.0896834407944294], [3.366791874529369, 97.87281597091491, 102.98124970585468, 2.0896834407944294, 2.0896834407944294]], 'ys': [[0.45990434477599396, -0.20465261724932252, 109.4472461169279, 106.12446130680131, 106.12446130680131], [209.13079042072536, 207.80167649667473, 109.4472461169279, 106.12446130680131, 106.12446130680131]]}",light,FALSE,2,"(3600, 5400)",0.46862854,0.536368684,1246.9536,126.6706301
50,3,2,21J_LD3_49_50_51_52_2024-06-10 17-13-13.mkv,99,TRUE,0.5,50,1800,"{'xs': [[5.657607174991223, 104.85985436600247, 104.85985436600247, 3.2081689727440317, 3.2081689727440317], [1.9834498716204363, 103.63513526487887, 104.85985436600247, 3.2081689727440317, 3.2081689727440317]], 'ys': [[1.7105523604380786, 0.3814384363874457, 104.05232451233681, 106.04599539841276, 106.04599539841276], [207.72321058828618, 207.72321058828618, 104.05232451233681, 106.04599539841276, 106.04599539841276]]}",dark,FALSE,2,"(3600, 5400)",0.59800111,0.403109384,924.1222133,92.70307723
51,3,3,21J_LD3_49_50_51_52_2024-06-10 17-13-13.mkv,99,TRUE,0.5,50,1800,"{'xs': [[2.0896834407944294, 104.25835813958962, 101.70414127211973, -0.4645334266754499, -0.4645334266754499], [-0.4645334266754499, 0.8125750070594898, 102.98124970585468, 101.70414127211973, 101.70414127211973]], 'ys': [[1.403495317623924, 2.0639891447844176, 107.08250766330293, 107.74300149046343, 107.74300149046343], [107.74300149046343, 210.11954470034, 212.10102618182145, 107.08250766330293, 107.08250766330293]]}",dark,FALSE,2,"(3600, 5400)",0.154913937,0.845086063,900.4049737,90.49296219
52,3,4,21J_LD3_49_50_51_52_2024-06-10 17-13-13.mkv,99,TRUE,0.5,50,1800,"{'xs': [[0.8977685546875005, 100.17776855468749, 98.81776855468749, 2.2577685546875004, 2.2577685546875004], [2.2577685546875004, 2.2577685546875004, 96.09776855468749, 98.81776855468749]], 'ys': [[2.0740818023681817, 2.0740818023681817, 104.76158180236817, 105.42408180236818, 105.42408180236818], [105.42408180236818, 209.43658180236815, 210.09908180236818, 104.76158180236817]]}",dark,FALSE,2,"(3600, 5400)",0.276513048,0.724597446,953.3161424,98.81355696
53,3,1,21J_LD3_53_54_55_56_2024-06-10 17-24-13.mkv,99,TRUE,0.5,50,1800,"{'xs': [[2.0896834407944294, 102.98124970585468, 102.98124970585468, 2.0896834407944294, 2.0896834407944294], [3.366791874529369, 97.87281597091491, 102.98124970585468, 2.0896834407944294, 2.0896834407944294]], 'ys': [[0.45990434477599396, -0.20465261724932252, 109.4472461169279, 106.12446130680131, 106.12446130680131], [209.13079042072536, 207.80167649667473, 109.4472461169279, 106.12446130680131, 106.12446130680131]]}",light,FALSE,2,"(3600, 5400)",0,1,531.737681,54.01608137
54,3,2,21J_LD3_53_54_55_56_2024-06-10 17-24-13.mkv,99,TRUE,0.5,50,1800,"{'xs': [[5.657607174991223, 104.85985436600247, 104.85985436600247, 3.2081689727440317, 3.2081689727440317], [1.9834498716204363, 103.63513526487887, 104.85985436600247, 3.2081689727440317, 3.2081689727440317]], 'ys': [[1.7105523604380786, 0.3814384363874457, 104.05232451233681, 106.04599539841276, 106.04599539841276], [207.72321058828618, 207.72321058828618, 104.05232451233681, 106.04599539841276, 106.04599539841276]]}",dark,FALSE,2,"(3600, 5400)",0,1,832.4172962,83.50372255
55,3,3,21J_LD3_53_54_55_56_2024-06-10 17-24-13.mkv,99,TRUE,0.5,50,1800,"{'xs': [[2.0896834407944294, 104.25835813958962, 101.70414127211973, -0.4645334266754499, -0.4645334266754499], [-0.4645334266754499, 0.8125750070594898, 102.98124970585468, 101.70414127211973, 101.70414127211973]], 'ys': [[1.403495317623924, 2.0639891447844176, 107.08250766330293, 107.74300149046343, 107.74300149046343], [107.74300149046343, 210.11954470034, 212.10102618182145, 107.08250766330293, 107.08250766330293]]}",dark,FALSE,2,"(3600, 5400)",0.214880622,0.785119378,878.3176064,88.27312627
56,3,4,21J_LD3_53_54_55_56_2024-06-10 17-24-13.mkv,99,TRUE,0.5,50,1800,"{'xs': [[0.8977685546875005, 100.17776855468749, 98.81776855468749, 2.2577685546875004, 2.2577685546875004], [2.2577685546875004, 2.2577685546875004, 96.09776855468749, 98.81776855468749]], 'ys': [[2.0740818023681817, 2.0740818023681817, 104.76158180236817, 105.42408180236818, 105.42408180236818], [105.42408180236818, 209.43658180236815, 210.09908180236818, 104.76158180236817]]}",light,FALSE,2,"(3600, 5400)",0.059411438,0.940588562,979.862337,101.5651351
57,3,1,21J_LD3_57_58_59_60_2024-06-10 17-34-36.mkv,99,TRUE,0.5,50,1800,"{'xs': [[2.0896834407944294, 102.98124970585468, 102.98124970585468, 2.0896834407944294, 2.0896834407944294], [3.366791874529369, 97.87281597091491, 102.98124970585468, 2.0896834407944294, 2.0896834407944294]], 'ys': [[0.45990434477599396, -0.20465261724932252, 109.4472461169279, 106.12446130680131, 106.12446130680131], [209.13079042072536, 207.80167649667473, 109.4472461169279, 106.12446130680131, 106.12446130680131]]}",light,FALSE,2,"(3600, 5400)",0.094392004,0.905607996,639.8272655,64.99626201
58,3,2,21J_LD3_57_58_59_60_2024-06-10 17-34-36.mkv,99,TRUE,0.5,50,1800,"{'xs': [[5.657607174991223, 104.85985436600247, 104.85985436600247, 3.2081689727440317, 3.2081689727440317], [1.9834498716204363, 103.63513526487887, 104.85985436600247, 3.2081689727440317, 3.2081689727440317]], 'ys': [[1.7105523604380786, 0.3814384363874457, 104.05232451233681, 106.04599539841276, 106.04599539841276], [207.72321058828618, 207.72321058828618, 104.05232451233681, 106.04599539841276, 106.04599539841276]]}",dark,FALSE,2,"(3600, 5400)",0.27040533,0.746807329,1217.896145,122.1729321
59,3,3,21J_LD3_57_58_59_60_2024-06-10 17-34-36.mkv,99,TRUE,0.5,50,1800,"{'xs': [[2.0896834407944294, 104.25835813958962, 101.70414127211973, -0.4645334266754499, -0.4645334266754499], [-0.4645334266754499, 0.8125750070594898, 102.98124970585468, 101.70414127211973, 101.70414127211973]], 'ys': [[1.403495317623924, 2.0639891447844176, 107.08250766330293, 107.74300149046343, 107.74300149046343], [107.74300149046343, 210.11954470034, 212.10102618182145, 107.08250766330293, 107.08250766330293]]}",dark,FALSE,2,"(3600, 5400)",0.487506941,0.520266519,796.0903587,80.00908128
60,3,4,21J_LD3_57_58_59_60_2024-06-10 17-34-36.mkv,99,TRUE,0.5,50,1800,"{'xs': [[0.8977685546875005, 100.17776855468749, 98.81776855468749, 2.2577685546875004, 2.2577685546875004], [2.2577685546875004, 2.2577685546875004, 96.09776855468749, 98.81776855468749]], 'ys': [[2.0740818023681817, 2.0740818023681817, 104.76158180236817, 105.42408180236818, 105.42408180236818], [105.42408180236818, 209.43658180236815, 210.09908180236818, 104.76158180236817]]}",dark,FALSE,2,"(3600, 5400)",0.078845086,0.921154914,1062.473871,110.1280233
1,3,1,21J_LD3_01_02_03_04_2024-06-10 14-44-15.mkv,99,TRUE,0.5,50,1800,"{'xs': [[2.0896834407944294, 102.98124970585468, 102.98124970585468, 2.0896834407944294, 2.0896834407944294], [3.366791874529369, 97.87281597091491, 102.98124970585468, 2.0896834407944294, 2.0896834407944294]], 'ys': [[0.45990434477599396, -0.20465261724932252, 109.4472461169279, 106.12446130680131, 106.12446130680131], [209.13079042072536, 207.80167649667473, 109.4472461169279, 106.12446130680131, 106.12446130680131]]}",dark,FALSE,3,"(5400, 7200)",0.074403109,0.925596891,713.2715589,72.45703274
2,3,2,21J_LD3_01_02_03_04_2024-06-10 14-44-15.mkv,99,TRUE,0.5,50,1800,"{'xs': [[5.657607174991223, 104.85985436600247, 104.85985436600247, 3.2081689727440317, 3.2081689727440317], [1.9834498716204363, 103.63513526487887, 104.85985436600247, 3.2081689727440317, 3.2081689727440317]], 'ys': [[1.7105523604380786, 0.3814384363874457, 104.05232451233681, 106.04599539841276, 106.04599539841276], [207.72321058828618, 207.72321058828618, 104.05232451233681, 106.04599539841276, 106.04599539841276]]}",dark,FALSE,3,"(5400, 7200)",0.177679067,0.823431427,849.2079032,85.18806789
3,3,3,21J_LD3_01_02_03_04_2024-06-10 14-44-15.mkv,99,TRUE,0.5,50,1800,"{'xs': [[2.0896834407944294, 104.25835813958962, 101.70414127211973, -0.4645334266754499, -0.4645334266754499], [-0.4645334266754499, 0.8125750070594898, 102.98124970585468, 101.70414127211973, 101.70414127211973]], 'ys': [[1.403495317623924, 2.0639891447844176, 107.08250766330293, 107.74300149046343, 107.74300149046343], [107.74300149046343, 210.11954470034, 212.10102618182145, 107.08250766330293, 107.08250766330293]]}",dark,FALSE,3,"(5400, 7200)",0.107717934,0.892282066,1013.347521,101.843972
4,3,4,21J_LD3_01_02_03_04_2024-06-10 14-44-15.mkv,99,TRUE,0.5,50,1800,"{'xs': [[0.8977685546875005, 100.17776855468749, 98.81776855468749, 2.2577685546875004, 2.2577685546875004], [2.2577685546875004, 2.2577685546875004, 96.09776855468749, 98.81776855468749]], 'ys': [[2.0740818023681817, 2.0740818023681817, 104.76158180236817, 105.42408180236818, 105.42408180236818], [105.42408180236818, 209.43658180236815, 210.09908180236818, 104.76158180236817]]}",dark,FALSE,3,"(5400, 7200)",0.066074403,0.935591338,651.3686103,67.51595448
5,3,1,21J_LD3_05_06_07_08_2024-06-10 14-55-01.mkv,99,TRUE,0.5,50,1800,"{'xs': [[2.0896834407944294, 102.98124970585468, 102.98124970585468, 2.0896834407944294, 2.0896834407944294], [3.366791874529369, 97.87281597091491, 102.98124970585468, 2.0896834407944294, 2.0896834407944294]], 'ys': [[0.45990434477599396, -0.20465261724932252, 109.4472461169279, 106.12446130680131, 106.12446130680131], [209.13079042072536, 207.80167649667473, 109.4472461169279, 106.12446130680131, 106.12446130680131]]}",light,FALSE,3,"(5400, 7200)",0.006107718,0.998889506,681.7341581,69.25333501
6,3,2,21J_LD3_05_06_07_08_2024-06-10 14-55-01.mkv,99,TRUE,0.5,50,1800,"{'xs': [[5.657607174991223, 104.85985436600247, 104.85985436600247, 3.2081689727440317, 3.2081689727440317], [1.9834498716204363, 103.63513526487887, 104.85985436600247, 3.2081689727440317, 3.2081689727440317]], 'ys': [[1.7105523604380786, 0.3814384363874457, 104.05232451233681, 106.04599539841276, 106.04599539841276], [207.72321058828618, 207.72321058828618, 104.05232451233681, 106.04599539841276, 106.04599539841276]]}",light,FALSE,3,"(5400, 7200)",0.117712382,0.883398112,959.8550525,96.28760762
7,3,3,21J_LD3_05_06_07_08_2024-06-10 14-55-01.mkv,99,TRUE,0.5,50,1800,"{'xs': [[2.0896834407944294, 104.25835813958962, 101.70414127211973, -0.4645334266754499, -0.4645334266754499], [-0.4645334266754499, 0.8125750070594898, 102.98124970585468, 101.70414127211973, 101.70414127211973]], 'ys': [[1.403495317623924, 2.0639891447844176, 107.08250766330293, 107.74300149046343, 107.74300149046343], [107.74300149046343, 210.11954470034, 212.10102618182145, 107.08250766330293, 107.08250766330293]]}",dark,FALSE,3,"(5400, 7200)",0.162132149,0.837867851,1043.543891,104.878783
8,3,4,21J_LD3_05_06_07_08_2024-06-10 14-55-01.mkv,99,TRUE,0.5,50,1800,"{'xs': [[0.8977685546875005, 100.17776855468749, 98.81776855468749, 2.2577685546875004, 2.2577685546875004], [2.2577685546875004, 2.2577685546875004, 96.09776855468749, 98.81776855468749]], 'ys': [[2.0740818023681817, 2.0740818023681817, 104.76158180236817, 105.42408180236818, 105.42408180236818], [105.42408180236818, 209.43658180236815, 210.09908180236818, 104.76158180236817]]}",light,FALSE,3,"(5400, 7200)",0.405885619,0.626318712,1221.040003,126.5637919
9,3,1,21J_LD3_09_10_11_12_2024-06-10 15-10-32.mkv,99,TRUE,0.5,50,1800,"{'xs': [[2.0896834407944294, 102.98124970585468, 102.98124970585468, 2.0896834407944294, 2.0896834407944294], [3.366791874529369, 97.87281597091491, 102.98124970585468, 2.0896834407944294, 2.0896834407944294]], 'ys': [[0.45990434477599396, -0.20465261724932252, 109.4472461169279, 106.12446130680131, 106.12446130680131], [209.13079042072536, 207.80167649667473, 109.4472461169279, 106.12446130680131, 106.12446130680131]]}",light,FALSE,3,"(5400, 7200)",0.274847307,0.725152693,1432.449505,145.5140604
10,3,2,21J_LD3_09_10_11_12_2024-06-10 15-10-32.mkv,99,TRUE,0.5,50,1800,"{'xs': [[5.657607174991223, 104.85985436600247, 104.85985436600247, 3.2081689727440317, 3.2081689727440317], [1.9834498716204363, 103.63513526487887, 104.85985436600247, 3.2081689727440317, 3.2081689727440317]], 'ys': [[1.7105523604380786, 0.3814384363874457, 104.05232451233681, 106.04599539841276, 106.04599539841276], [207.72321058828618, 207.72321058828618, 104.05232451233681, 106.04599539841276, 106.04599539841276]]}",dark,FALSE,3,"(5400, 7200)",0.074403109,0.927817879,800.0475082,80.25655576
11,3,3,21J_LD3_09_10_11_12_2024-06-10 15-10-32.mkv,99,TRUE,0.5,50,1800,"{'xs': [[2.0896834407944294, 104.25835813958962, 101.70414127211973, -0.4645334266754499, -0.4645334266754499], [-0.4645334266754499, 0.8125750070594898, 102.98124970585468, 101.70414127211973, 101.70414127211973]], 'ys': [[1.403495317623924, 2.0639891447844176, 107.08250766330293, 107.74300149046343, 107.74300149046343], [107.74300149046343, 210.11954470034, 212.10102618182145, 107.08250766330293, 107.08250766330293]]}",dark,FALSE,3,"(5400, 7200)",0.232093282,0.768461966,956.1005697,96.09050951
12,3,4,21J_LD3_09_10_11_12_2024-06-10 15-10-32.mkv,99,TRUE,0.5,50,1800,"{'xs': [[0.8977685546875005, 100.17776855468749, 98.81776855468749, 2.2577685546875004, 2.2577685546875004], [2.2577685546875004, 2.2577685546875004, 96.09776855468749, 98.81776855468749]], 'ys': [[2.0740818023681817, 2.0740818023681817, 104.76158180236817, 105.42408180236818, 105.42408180236818], [105.42408180236818, 209.43658180236815, 210.09908180236818, 104.76158180236817]]}",dark,FALSE,3,"(5400, 7200)",0,1,662.3950233,68.65886924
13,3,1,21J_LD3_13_14_16_2024-06-10 15-19-37.mkv,99,TRUE,0.5,50,1800,"{'xs': [[2.0896834407944294, 102.98124970585468, 102.98124970585468, 2.0896834407944294, 2.0896834407944294], [3.366791874529369, 97.87281597091491, 102.98124970585468, 2.0896834407944294, 2.0896834407944294]], 'ys': [[0.45990434477599396, -0.20465261724932252, 109.4472461169279, 106.12446130680131, 106.12446130680131], [209.13079042072536, 207.80167649667473, 109.4472461169279, 106.12446130680131, 106.12446130680131]]}",dark,FALSE,3,"(5400, 7200)",0,1,674.1777504,68.4857243
14,3,2,21J_LD3_13_14_16_2024-06-10 15-19-37.mkv,99,TRUE,0.5,50,1800,"{'xs': [[5.657607174991223, 104.85985436600247, 104.85985436600247, 3.2081689727440317, 3.2081689727440317], [1.9834498716204363, 103.63513526487887, 104.85985436600247, 3.2081689727440317, 3.2081689727440317]], 'ys': [[1.7105523604380786, 0.3814384363874457, 104.05232451233681, 106.04599539841276, 106.04599539841276], [207.72321058828618, 207.72321058828618, 104.05232451233681, 106.04599539841276, 106.04599539841276]]}",dark,FALSE,3,"(5400, 7200)",0,1,771.4269452,77.3854915
16,3,4,21J_LD3_13_14_16_2024-06-10 15-19-37.mkv,99,TRUE,0.5,50,1800,"{'xs': [[0.8977685546875005, 100.17776855468749, 98.81776855468749, 2.2577685546875004, 2.2577685546875004], [2.2577685546875004, 2.2577685546875004, 96.09776855468749, 98.81776855468749]], 'ys': [[2.0740818023681817, 2.0740818023681817, 104.76158180236817, 105.42408180236818, 105.42408180236818], [105.42408180236818, 209.43658180236815, 210.09908180236818, 104.76158180236817]]}",dark,FALSE,3,"(5400, 7200)",0.306496391,0.698500833,747.6056406,77.49115877
17,3,1,21J_LD3_17_18_19_20_2024-06-10 15-29-03.mkv,99,TRUE,0.5,50,1800,"{'xs': [[2.0896834407944294, 102.98124970585468, 102.98124970585468, 2.0896834407944294, 2.0896834407944294], [3.366791874529369, 97.87281597091491, 102.98124970585468, 2.0896834407944294, 2.0896834407944294]], 'ys': [[0.45990434477599396, -0.20465261724932252, 109.4472461169279, 106.12446130680131, 106.12446130680131], [209.13079042072536, 207.80167649667473, 109.4472461169279, 106.12446130680131, 106.12446130680131]]}",light,FALSE,3,"(5400, 7200)",0.077734592,0.925596891,980.7334244,99.6268994
18,3,2,21J_LD3_17_18_19_20_2024-06-10 15-29-03.mkv,99,TRUE,0.5,50,1800,"{'xs': [[5.657607174991223, 104.85985436600247, 104.85985436600247, 3.2081689727440317, 3.2081689727440317], [1.9834498716204363, 103.63513526487887, 104.85985436600247, 3.2081689727440317, 3.2081689727440317]], 'ys': [[1.7105523604380786, 0.3814384363874457, 104.05232451233681, 106.04599539841276, 106.04599539841276], [207.72321058828618, 207.72321058828618, 104.05232451233681, 106.04599539841276, 106.04599539841276]]}",dark,FALSE,3,"(5400, 7200)",0.141588007,0.863409217,887.8841642,89.06786685
19,3,3,21J_LD3_17_18_19_20_2024-06-10 15-29-03.mkv,99,TRUE,0.5,50,1800,"{'xs': [[2.0896834407944294, 104.25835813958962, 101.70414127211973, -0.4645334266754499, -0.4645334266754499], [-0.4645334266754499, 0.8125750070594898, 102.98124970585468, 101.70414127211973, 101.70414127211973]], 'ys': [[1.403495317623924, 2.0639891447844176, 107.08250766330293, 107.74300149046343, 107.74300149046343], [107.74300149046343, 210.11954470034, 212.10102618182145, 107.08250766330293, 107.08250766330293]]}",dark,FALSE,3,"(5400, 7200)",0.095502499,0.904497501,823.8319423,82.79718013
20,3,4,21J_LD3_17_18_19_20_2024-06-10 15-29-03.mkv,99,TRUE,0.5,50,1800,"{'xs': [[0.8977685546875005, 100.17776855468749, 98.81776855468749, 2.2577685546875004, 2.2577685546875004], [2.2577685546875004, 2.2577685546875004, 96.09776855468749, 98.81776855468749]], 'ys': [[2.0740818023681817, 2.0740818023681817, 104.76158180236817, 105.42408180236818, 105.42408180236818], [105.42408180236818, 209.43658180236815, 210.09908180236818, 104.76158180236817]]}",light,FALSE,3,"(5400, 7200)",0.265963354,0.73514714,977.1340682,101.2823434
21,3,1,21J_LD3_21_22_23_24_2024-06-10 15-40-08.mkv,99,TRUE,0.5,50,1800,"{'xs': [[2.0896834407944294, 102.98124970585468, 102.98124970585468, 2.0896834407944294, 2.0896834407944294], [3.366791874529369, 97.87281597091491, 102.98124970585468, 2.0896834407944294, 2.0896834407944294]], 'ys': [[0.45990434477599396, -0.20465261724932252, 109.4472461169279, 106.12446130680131, 106.12446130680131], [209.13079042072536, 207.80167649667473, 109.4472461169279, 106.12446130680131, 106.12446130680131]]}",dark,FALSE,3,"(5400, 7200)",0,1,734.5467065,74.61824897
22,3,2,21J_LD3_21_22_23_24_2024-06-10 15-40-08.mkv,99,TRUE,0.5,50,1800,"{'xs': [[5.657607174991223, 104.85985436600247, 104.85985436600247, 3.2081689727440317, 3.2081689727440317], [1.9834498716204363, 103.63513526487887, 104.85985436600247, 3.2081689727440317, 3.2081689727440317]], 'ys': [[1.7105523604380786, 0.3814384363874457, 104.05232451233681, 106.04599539841276, 106.04599539841276], [207.72321058828618, 207.72321058828618, 104.05232451233681, 106.04599539841276, 106.04599539841276]]}",dark,FALSE,3,"(5400, 7200)",0.166574125,0.833981122,949.4371533,95.24253879
23,3,3,21J_LD3_21_22_23_24_2024-06-10 15-40-08.mkv,99,TRUE,0.5,50,1800,"{'xs': [[2.0896834407944294, 104.25835813958962, 101.70414127211973, -0.4645334266754499, -0.4645334266754499], [-0.4645334266754499, 0.8125750070594898, 102.98124970585468, 101.70414127211973, 101.70414127211973]], 'ys': [[1.403495317623924, 2.0639891447844176, 107.08250766330293, 107.74300149046343, 107.74300149046343], [107.74300149046343, 210.11954470034, 212.10102618182145, 107.08250766330293, 107.08250766330293]]}",dark,FALSE,3,"(5400, 7200)",0.149916713,0.850083287,1032.521771,103.7710322
24,3,4,21J_LD3_21_22_23_24_2024-06-10 15-40-08.mkv,99,TRUE,0.5,50,1800,"{'xs': [[0.8977685546875005, 100.17776855468749, 98.81776855468749, 2.2577685546875004, 2.2577685546875004], [2.2577685546875004, 2.2577685546875004, 96.09776855468749, 98.81776855468749]], 'ys': [[2.0740818023681817, 2.0740818023681817, 104.76158180236817, 105.42408180236818, 105.42408180236818], [105.42408180236818, 209.43658180236815, 210.09908180236818, 104.76158180236817]]}",light,FALSE,3,"(5400, 7200)",0.202109939,0.799000555,626.3903872,64.92690038
25,3,1,21J_LD3_25_26_27_28_2024-06-10 15-52-07.mkv,99,TRUE,0.5,50,2850,"{'xs': [[2.1694706784018973, 100.90364789359178, 99.58719219738924, 0.8530149821993657, 0.8530149821993657], [0.8530149821993657, 2.1694706784018973, 99.58719219738924, 99.58719219738924]], 'ys': [[-0.45169944763181813, 0.21080055236818182, 105.54830055236818, 106.21080055236817, 106.21080055236817], [106.21080055236817, 208.23580055236818, 210.22330055236816, 105.54830055236818]]}",dark,FALSE,3,"(5400, 7200)",0,1,877.4186665,89.03566618
26,3,2,21J_LD3_25_26_27_28_2024-06-10 15-52-07.mkv,99,TRUE,0.5,50,2850,"{'xs': [[0.8322957356770828, 103.23970314308448, 101.94340684678819, 0.8322957356770828, 0.8322957356770828, 0.8322957356770828], [0.8322957356770828, 3.424888328269675, 103.23970314308448, 101.94340684678819]], 'ys': [[0.5006957258914665, 1.1602049283454543, 106.0221681185295, 106.6816773209835, 106.6816773209835, 106.6816773209835], [106.6816773209835, 210.88413130871356, 212.86265891607553, 106.0221681185295]]}",dark,FALSE,3,"(5400, 7200)",0.418656302,0.583564686,1019.729834,101.3868407
27,3,3,21J_LD3_25_26_27_28_2024-06-10 15-52-07.mkv,99,TRUE,0.5,50,2850,"{'xs': [[3.25861227101293, 105.0517157192888, 103.81033640894397, 3.25861227101293], [3.25861227101293, 2.0172329606681023, 105.0517157192888, 103.81033640894397]], 'ys': [[0.4368249434458911, 1.1013819054712075, 106.76593886749653, 106.76593886749653], [106.76593886749653, 209.10771101939525, 207.77859709534462, 106.76593886749653]]}",dark,FALSE,3,"(5400, 7200)",0.232648529,0.768461966,1078.177001,109.9900027
28,3,4,21J_LD3_25_26_27_28_2024-06-10 15-52-07.mkv,99,TRUE,0.5,50,2850,"{'xs': [[0.8530149821993657, 100.90364789359178, 99.58719219738924, 2.1694706784018973], [2.1694706784018973, 0.8530149821993657, 100.90364789359178, 99.58719219738924]], 'ys': [[0.949146006842099, 0.28562399426348273, 105.12210198168486, 105.78562399426347], [105.78562399426347, 209.95857996910624, 209.29505795652764, 105.12210198168486]]}",dark,FALSE,3,"(5400, 7200)",0.167129373,0.832870627,991.4283204,100.4461205
29,3,1,21J_LD3_29_31_32_2024-06-10 16-02-15.mkv,99,TRUE,0.5,50,1800,"{'xs': [[2.0896834407944294, 102.98124970585468, 102.98124970585468, 2.0896834407944294, 2.0896834407944294], [3.366791874529369, 97.87281597091491, 102.98124970585468, 2.0896834407944294, 2.0896834407944294]], 'ys': [[0.45990434477599396, -0.20465261724932252, 109.4472461169279, 106.12446130680131, 106.12446130680131], [209.13079042072536, 207.80167649667473, 109.4472461169279, 106.12446130680131, 106.12446130680131]]}",dark,FALSE,3,"(5400, 7200)",0.059966685,0.940033315,1157.358276,117.5691719
31,3,3,21J_LD3_29_31_32_2024-06-10 16-02-15.mkv,99,TRUE,0.5,50,1800,"{'xs': [[2.0896834407944294, 104.25835813958962, 101.70414127211973, -0.4645334266754499, -0.4645334266754499], [-0.4645334266754499, 0.8125750070594898, 102.98124970585468, 101.70414127211973, 101.70414127211973]], 'ys': [[1.403495317623924, 2.0639891447844176, 107.08250766330293, 107.74300149046343, 107.74300149046343], [107.74300149046343, 210.11954470034, 212.10102618182145, 107.08250766330293, 107.08250766330293]]}",dark,FALSE,3,"(5400, 7200)",0.07995558,0.921154914,727.5957569,73.1252017
32,3,4,21J_LD3_29_31_32_2024-06-10 16-02-15.mkv,99,TRUE,0.5,50,1800,"{'xs': [[0.8977685546875005, 100.17776855468749, 98.81776855468749, 2.2577685546875004, 2.2577685546875004], [2.2577685546875004, 2.2577685546875004, 96.09776855468749, 98.81776855468749]], 'ys': [[2.0740818023681817, 2.0740818023681817, 104.76158180236817, 105.42408180236818, 105.42408180236818], [105.42408180236818, 209.43658180236815, 210.09908180236818, 104.76158180236817]]}",dark,FALSE,3,"(5400, 7200)",0.449750139,0.551360355,1049.198299,108.7519777
33,3,1,21J_LD3_33_34_35_36_2024-06-10 16-17-34.mkv,99,TRUE,0.5,50,1800,"{'xs': [[2.0896834407944294, 102.98124970585468, 102.98124970585468, 2.0896834407944294, 2.0896834407944294], [3.366791874529369, 97.87281597091491, 102.98124970585468, 2.0896834407944294, 2.0896834407944294]], 'ys': [[0.45990434477599396, -0.20465261724932252, 109.4472461169279, 106.12446130680131, 106.12446130680131], [209.13079042072536, 207.80167649667473, 109.4472461169279, 106.12446130680131, 106.12446130680131]]}",light,FALSE,3,"(5400, 7200)",0.066074403,0.933925597,1040.890868,105.7379378
34,3,2,21J_LD3_33_34_35_36_2024-06-10 16-17-34.mkv,99,TRUE,0.5,50,1800,"{'xs': [[5.657607174991223, 104.85985436600247, 104.85985436600247, 3.2081689727440317, 3.2081689727440317], [1.9834498716204363, 103.63513526487887, 104.85985436600247, 3.2081689727440317, 3.2081689727440317]], 'ys': [[1.7105523604380786, 0.3814384363874457, 104.05232451233681, 106.04599539841276, 106.04599539841276], [207.72321058828618, 207.72321058828618, 104.05232451233681, 106.04599539841276, 106.04599539841276]]}",dark,FALSE,3,"(5400, 7200)",0.152137701,0.850083287,1008.294588,101.1468069
35,3,3,21J_LD3_33_34_35_36_2024-06-10 16-17-34.mkv,99,TRUE,0.5,50,1800,"{'xs': [[2.0896834407944294, 104.25835813958962, 101.70414127211973, -0.4645334266754499, -0.4645334266754499], [-0.4645334266754499, 0.8125750070594898, 102.98124970585468, 101.70414127211973, 101.70414127211973]], 'ys': [[1.403495317623924, 2.0639891447844176, 107.08250766330293, 107.74300149046343, 107.74300149046343], [107.74300149046343, 210.11954470034, 212.10102618182145, 107.08250766330293, 107.08250766330293]]}",dark,FALSE,3,"(5400, 7200)",0,1,832.7448954,83.69295431
36,3,4,21J_LD3_33_34_35_36_2024-06-10 16-17-34.mkv,99,TRUE,0.5,50,1800,"{'xs': [[0.8977685546875005, 100.17776855468749, 98.81776855468749, 2.2577685546875004, 2.2577685546875004], [2.2577685546875004, 2.2577685546875004, 96.09776855468749, 98.81776855468749]], 'ys': [[2.0740818023681817, 2.0740818023681817, 104.76158180236817, 105.42408180236818, 105.42408180236818], [105.42408180236818, 209.43658180236815, 210.09908180236818, 104.76158180236817]]}",dark,FALSE,3,"(5400, 7200)",0.177679067,0.824541921,931.2544629,96.52680975
37,3,1,21J_LD3_37_38_39_40_2024-06-10 16-28-02.mkv,99,TRUE,0.5,50,1350,"{'xs': [[0.8748105532163118, 101.19948587789163, 99.8618235402293, 0.8748105532163118, 0.8748105532163118], [0.8748105532163118, 0.8748105532163118, 99.8618235402293, 99.8618235402293]], 'ys': [[-0.15455440398185172, -0.15455440398185172, 105.34867140246976, 105.34867140246976, 105.34867140246976], [105.34867140246976, 205.5099617250504, 205.5099617250504, 105.34867140246976]]}",dark,FALSE,3,"(5400, 7200)",0.012215436,0.988895058,826.4007725,84.2626601
38,3,2,21J_LD3_37_38_39_40_2024-06-10 16-28-02.mkv,99,TRUE,0.5,50,1350,"{'xs': [[2.0896834407944294, 104.25835813958962, 102.98124970585468, 0.8125750070594898], [0.8125750070594898, 2.0896834407944294, 104.25835813958962, 102.98124970585468]], 'ys': [[0.4374796549479167, 0.4374796549479167, 100.43747965494792, 101.77081298828125], [101.77081298828125, 206.4374796549479, 206.4374796549479, 100.43747965494792]]}",dark,FALSE,3,"(5400, 7200)",0.091615769,0.910049972,961.8152583,96.58416106
39,3,3,21J_LD3_37_38_39_40_2024-06-10 16-28-02.mkv,99,TRUE,0.5,50,1350,"{'xs': [[0.8530149821993657, 99.58719219738924, 100.90364789359178, -0.463440714003166], [-0.463440714003166, 2.1694706784018973, 99.58719219738924, 100.90364789359178]], 'ys': [[0.05871507141485603, 0.05871507141485603, 108.87773347632285, 108.87773347632285], [108.87773347632285, 213.7396966665069, 213.0801874640529, 108.87773347632285]]}",dark,FALSE,3,"(5400, 7200)",0.457523598,0.548028873,1251.627303,128.0813849
40,3,4,21J_LD3_37_38_39_40_2024-06-10 16-28-02.mkv,99,TRUE,0.5,50,1350,"{'xs': [[0.8530149821993657, 99.58719219738924, 100.90364789359178, 0.8530149821993657], [0.8530149821993657, 4.802382070806961, 98.27073650118672, 100.90364789359178]], 'ys': [[1.2390625000000177, 1.2390625000000177, 101.9390625, 103.26406250000001], [103.26406250000001, 206.61406250000002, 208.6015625, 101.9390625]]}",dark,FALSE,3,"(5400, 7200)",0.218212104,0.78289839,950.486479,97.26383167
41,3,1,21J_LD3_41_42_43_44_2024-06-10 16-38-48.mkv,99,TRUE,0.5,50,2850,"{'xs': [[2.1694706784018973, 100.90364789359178, 99.58719219738924, 0.8530149821993657, 0.8530149821993657], [0.8530149821993657, 2.1694706784018973, 99.58719219738924, 99.58719219738924]], 'ys': [[-0.45169944763181813, 0.21080055236818182, 105.54830055236818, 106.21080055236817, 106.21080055236817], [106.21080055236817, 208.23580055236818, 210.22330055236816, 105.54830055236818]]}",dark,FALSE,3,"(5400, 7200)",0.138256524,0.861743476,790.0086104,80.16576988
42,3,2,21J_LD3_41_42_43_44_2024-06-10 16-38-48.mkv,99,TRUE,0.5,50,2850,"{'xs': [[0.8322957356770828, 103.23970314308448, 101.94340684678819, 0.8322957356770828, 0.8322957356770828, 0.8322957356770828], [0.8322957356770828, 3.424888328269675, 103.23970314308448, 101.94340684678819]], 'ys': [[0.5006957258914665, 1.1602049283454543, 106.0221681185295, 106.6816773209835, 106.6816773209835, 106.6816773209835], [106.6816773209835, 210.88413130871356, 212.86265891607553, 106.0221681185295]]}",dark,FALSE,3,"(5400, 7200)",0,1,462.3946074,45.97367543
43,3,3,21J_LD3_41_42_43_44_2024-06-10 16-38-48.mkv,99,TRUE,0.5,50,2850,"{'xs': [[3.25861227101293, 105.0517157192888, 103.81033640894397, 3.25861227101293], [3.25861227101293, 2.0172329606681023, 105.0517157192888, 103.81033640894397]], 'ys': [[0.4368249434458911, 1.1013819054712075, 106.76593886749653, 106.76593886749653], [106.76593886749653, 209.10771101939525, 207.77859709534462, 106.76593886749653]]}",light,FALSE,3,"(5400, 7200)",0.164353137,0.837312604,951.7227389,97.08979738
44,3,4,21J_LD3_41_42_43_44_2024-06-10 16-38-48.mkv,99,TRUE,0.5,50,2850,"{'xs': [[0.8530149821993657, 100.90364789359178, 99.58719219738924, 2.1694706784018973], [2.1694706784018973, 0.8530149821993657, 100.90364789359178, 99.58719219738924]], 'ys': [[0.949146006842099, 0.28562399426348273, 105.12210198168486, 105.78562399426347], [105.78562399426347, 209.95857996910624, 209.29505795652764, 105.12210198168486]]}",dark,FALSE,3,"(5400, 7200)",0.377012771,0.623542476,1077.207097,109.1367591
45,3,1,21J_LD3_45_46_47_48_2024-06-10 16-52-43.mkv,99,TRUE,0.5,50,1800,"{'xs': [[2.0896834407944294, 102.98124970585468, 102.98124970585468, 2.0896834407944294, 2.0896834407944294], [3.366791874529369, 97.87281597091491, 102.98124970585468, 2.0896834407944294, 2.0896834407944294]], 'ys': [[0.45990434477599396, -0.20465261724932252, 109.4472461169279, 106.12446130680131, 106.12446130680131], [209.13079042072536, 207.80167649667473, 109.4472461169279, 106.12446130680131, 106.12446130680131]]}",dark,FALSE,3,"(5400, 7200)",0,1,671.3807687,68.2015955
46,3,2,21J_LD3_45_46_47_48_2024-06-10 16-52-43.mkv,99,TRUE,0.5,50,1800,"{'xs': [[5.657607174991223, 104.85985436600247, 104.85985436600247, 3.2081689727440317, 3.2081689727440317], [1.9834498716204363, 103.63513526487887, 104.85985436600247, 3.2081689727440317, 3.2081689727440317]], 'ys': [[1.7105523604380786, 0.3814384363874457, 104.05232451233681, 106.04599539841276, 106.04599539841276], [207.72321058828618, 207.72321058828618, 104.05232451233681, 106.04599539841276, 106.04599539841276]]}",light,FALSE,3,"(5400, 7200)",0.3808995,0.624097723,1089.051749,109.2479403
47,3,3,21J_LD3_45_46_47_48_2024-06-10 16-52-43.mkv,99,TRUE,0.5,50,1800,"{'xs': [[2.0896834407944294, 104.25835813958962, 101.70414127211973, -0.4645334266754499, -0.4645334266754499], [-0.4645334266754499, 0.8125750070594898, 102.98124970585468, 101.70414127211973, 101.70414127211973]], 'ys': [[1.403495317623924, 2.0639891447844176, 107.08250766330293, 107.74300149046343, 107.74300149046343], [107.74300149046343, 210.11954470034, 212.10102618182145, 107.08250766330293, 107.08250766330293]]}",light,FALSE,3,"(5400, 7200)",0.382009994,0.617990006,683.5658405,68.70008448
48,3,4,21J_LD3_45_46_47_48_2024-06-10 16-52-43.mkv,99,TRUE,0.5,50,1800,"{'xs': [[0.8977685546875005, 100.17776855468749, 98.81776855468749, 2.2577685546875004, 2.2577685546875004], [2.2577685546875004, 2.2577685546875004, 96.09776855468749, 98.81776855468749]], 'ys': [[2.0740818023681817, 2.0740818023681817, 104.76158180236817, 105.42408180236818, 105.42408180236818], [105.42408180236818, 209.43658180236815, 210.09908180236818, 104.76158180236817]]}",light,FALSE,3,"(5400, 7200)",0.006107718,0.993892282,710.3589179,73.63044458
49,3,1,21J_LD3_49_50_51_52_2024-06-10 17-13-13.mkv,99,TRUE,0.5,50,1800,"{'xs': [[2.0896834407944294, 102.98124970585468, 102.98124970585468, 2.0896834407944294, 2.0896834407944294], [3.366791874529369, 97.87281597091491, 102.98124970585468, 2.0896834407944294, 2.0896834407944294]], 'ys': [[0.45990434477599396, -0.20465261724932252, 109.4472461169279, 106.12446130680131, 106.12446130680131], [209.13079042072536, 207.80167649667473, 109.4472461169279, 106.12446130680131, 106.12446130680131]]}",light,FALSE,3,"(5400, 7200)",0.080510827,0.919489173,719.7203129,73.11212347
50,3,2,21J_LD3_49_50_51_52_2024-06-10 17-13-13.mkv,99,TRUE,0.5,50,1800,"{'xs': [[5.657607174991223, 104.85985436600247, 104.85985436600247, 3.2081689727440317, 3.2081689727440317], [1.9834498716204363, 103.63513526487887, 104.85985436600247, 3.2081689727440317, 3.2081689727440317]], 'ys': [[1.7105523604380786, 0.3814384363874457, 104.05232451233681, 106.04599539841276, 106.04599539841276], [207.72321058828618, 207.72321058828618, 104.05232451233681, 106.04599539841276, 106.04599539841276]]}",dark,FALSE,3,"(5400, 7200)",0.358689617,0.642420877,986.4490117,98.95537366
51,3,3,21J_LD3_49_50_51_52_2024-06-10 17-13-13.mkv,99,TRUE,0.5,50,1800,"{'xs': [[2.0896834407944294, 104.25835813958962, 101.70414127211973, -0.4645334266754499, -0.4645334266754499], [-0.4645334266754499, 0.8125750070594898, 102.98124970585468, 101.70414127211973, 101.70414127211973]], 'ys': [[1.403495317623924, 2.0639891447844176, 107.08250766330293, 107.74300149046343, 107.74300149046343], [107.74300149046343, 210.11954470034, 212.10102618182145, 107.08250766330293, 107.08250766330293]]}",dark,FALSE,3,"(5400, 7200)",0.182676291,0.818434203,712.7623306,71.63440508
52,3,4,21J_LD3_49_50_51_52_2024-06-10 17-13-13.mkv,99,TRUE,0.5,50,1800,"{'xs': [[0.8977685546875005, 100.17776855468749, 98.81776855468749, 2.2577685546875004, 2.2577685546875004], [2.2577685546875004, 2.2577685546875004, 96.09776855468749, 98.81776855468749]], 'ys': [[2.0740818023681817, 2.0740818023681817, 104.76158180236817, 105.42408180236818, 105.42408180236818], [105.42408180236818, 209.43658180236815, 210.09908180236818, 104.76158180236817]]}",dark,FALSE,3,"(5400, 7200)",0.159355913,0.840644087,953.108224,98.7920057
53,3,1,21J_LD3_53_54_55_56_2024-06-10 17-24-13.mkv,99,TRUE,0.5,50,1800,"{'xs': [[2.0896834407944294, 102.98124970585468, 102.98124970585468, 2.0896834407944294, 2.0896834407944294], [3.366791874529369, 97.87281597091491, 102.98124970585468, 2.0896834407944294, 2.0896834407944294]], 'ys': [[0.45990434477599396, -0.20465261724932252, 109.4472461169279, 106.12446130680131, 106.12446130680131], [209.13079042072536, 207.80167649667473, 109.4472461169279, 106.12446130680131, 106.12446130680131]]}",light,FALSE,3,"(5400, 7200)",0.10660744,0.894503054,575.8820677,58.50044813
54,3,2,21J_LD3_53_54_55_56_2024-06-10 17-24-13.mkv,99,TRUE,0.5,50,1800,"{'xs': [[5.657607174991223, 104.85985436600247, 104.85985436600247, 3.2081689727440317, 3.2081689727440317], [1.9834498716204363, 103.63513526487887, 104.85985436600247, 3.2081689727440317, 3.2081689727440317]], 'ys': [[1.7105523604380786, 0.3814384363874457, 104.05232451233681, 106.04599539841276, 106.04599539841276], [207.72321058828618, 207.72321058828618, 104.05232451233681, 106.04599539841276, 106.04599539841276]]}",dark,FALSE,3,"(5400, 7200)",0.128262077,0.871737923,948.1514313,95.11356194
55,3,3,21J_LD3_53_54_55_56_2024-06-10 17-24-13.mkv,99,TRUE,0.5,50,1800,"{'xs': [[2.0896834407944294, 104.25835813958962, 101.70414127211973, -0.4645334266754499, -0.4645334266754499], [-0.4645334266754499, 0.8125750070594898, 102.98124970585468, 101.70414127211973, 101.70414127211973]], 'ys': [[1.403495317623924, 2.0639891447844176, 107.08250766330293, 107.74300149046343, 107.74300149046343], [107.74300149046343, 210.11954470034, 212.10102618182145, 107.08250766330293, 107.08250766330293]]}",dark,FALSE,3,"(5400, 7200)",0,1,475.1091654,47.74966486
56,3,4,21J_LD3_53_54_55_56_2024-06-10 17-24-13.mkv,99,TRUE,0.5,50,1800,"{'xs': [[0.8977685546875005, 100.17776855468749, 98.81776855468749, 2.2577685546875004, 2.2577685546875004], [2.2577685546875004, 2.2577685546875004, 96.09776855468749, 98.81776855468749]], 'ys': [[2.0740818023681817, 2.0740818023681817, 104.76158180236817, 105.42408180236818, 105.42408180236818], [105.42408180236818, 209.43658180236815, 210.09908180236818, 104.76158180236817]]}",light,FALSE,3,"(5400, 7200)",0.250971682,0.753470294,914.4322736,94.78314856
57,3,1,21J_LD3_57_58_59_60_2024-06-10 17-34-36.mkv,99,TRUE,0.5,50,1800,"{'xs': [[2.0896834407944294, 102.98124970585468, 102.98124970585468, 2.0896834407944294, 2.0896834407944294], [3.366791874529369, 97.87281597091491, 102.98124970585468, 2.0896834407944294, 2.0896834407944294]], 'ys': [[0.45990434477599396, -0.20465261724932252, 109.4472461169279, 106.12446130680131, 106.12446130680131], [209.13079042072536, 207.80167649667473, 109.4472461169279, 106.12446130680131, 106.12446130680131]]}",light,FALSE,3,"(5400, 7200)",0.028872848,0.972237646,717.1473637,72.8507528
58,3,2,21J_LD3_57_58_59_60_2024-06-10 17-34-36.mkv,99,TRUE,0.5,50,1800,"{'xs': [[5.657607174991223, 104.85985436600247, 104.85985436600247, 3.2081689727440317, 3.2081689727440317], [1.9834498716204363, 103.63513526487887, 104.85985436600247, 3.2081689727440317, 3.2081689727440317]], 'ys': [[1.7105523604380786, 0.3814384363874457, 104.05232451233681, 106.04599539841276, 106.04599539841276], [207.72321058828618, 207.72321058828618, 104.05232451233681, 106.04599539841276, 106.04599539841276]]}",dark,FALSE,3,"(5400, 7200)",0.116601888,0.900055525,1266.09214,127.0077006
59,3,3,21J_LD3_57_58_59_60_2024-06-10 17-34-36.mkv,99,TRUE,0.5,50,1800,"{'xs': [[2.0896834407944294, 104.25835813958962, 101.70414127211973, -0.4645334266754499, -0.4645334266754499], [-0.4645334266754499, 0.8125750070594898, 102.98124970585468, 101.70414127211973, 101.70414127211973]], 'ys': [[1.403495317623924, 2.0639891447844176, 107.08250766330293, 107.74300149046343, 107.74300149046343], [107.74300149046343, 210.11954470034, 212.10102618182145, 107.08250766330293, 107.08250766330293]]}",dark,FALSE,3,"(5400, 7200)",0.100499722,0.900610772,818.7578522,82.28722132
60,3,4,21J_LD3_57_58_59_60_2024-06-10 17-34-36.mkv,99,TRUE,0.5,50,1800,"{'xs': [[0.8977685546875005, 100.17776855468749, 98.81776855468749, 2.2577685546875004, 2.2577685546875004], [2.2577685546875004, 2.2577685546875004, 96.09776855468749, 98.81776855468749]], 'ys': [[2.0740818023681817, 2.0740818023681817, 104.76158180236817, 105.42408180236818, 105.42408180236818], [105.42408180236818, 209.43658180236815, 210.09908180236818, 104.76158180236817]]}",dark,FALSE,3,"(5400, 7200)",0.212659634,0.791227096,952.3252735,98.71085096
1,3,1,21J_LD3_01_02_03_04_2024-06-10 14-44-15.mkv,99,TRUE,0.5,50,1800,"{'xs': [[2.0896834407944294, 102.98124970585468, 102.98124970585468, 2.0896834407944294, 2.0896834407944294], [3.366791874529369, 97.87281597091491, 102.98124970585468, 2.0896834407944294, 2.0896834407944294]], 'ys': [[0.45990434477599396, -0.20465261724932252, 109.4472461169279, 106.12446130680131, 106.12446130680131], [209.13079042072536, 207.80167649667473, 109.4472461169279, 106.12446130680131, 106.12446130680131]]}",dark,FALSE,4,"(7200, 9000)",0.117157135,0.882842865,601.0505358,61.05716373
2,3,2,21J_LD3_01_02_03_04_2024-06-10 14-44-15.mkv,99,TRUE,0.5,50,1800,"{'xs': [[5.657607174991223, 104.85985436600247, 104.85985436600247, 3.2081689727440317, 3.2081689727440317], [1.9834498716204363, 103.63513526487887, 104.85985436600247, 3.2081689727440317, 3.2081689727440317]], 'ys': [[1.7105523604380786, 0.3814384363874457, 104.05232451233681, 106.04599539841276, 106.04599539841276], [207.72321058828618, 207.72321058828618, 104.05232451233681, 106.04599539841276, 106.04599539841276]]}",dark,FALSE,4,"(7200, 9000)",0.002220988,0.997779012,943.7777476,94.67481699
3,3,3,21J_LD3_01_02_03_04_2024-06-10 14-44-15.mkv,99,TRUE,0.5,50,1800,"{'xs': [[2.0896834407944294, 104.25835813958962, 101.70414127211973, -0.4645334266754499, -0.4645334266754499], [-0.4645334266754499, 0.8125750070594898, 102.98124970585468, 101.70414127211973, 101.70414127211973]], 'ys': [[1.403495317623924, 2.0639891447844176, 107.08250766330293, 107.74300149046343, 107.74300149046343], [107.74300149046343, 210.11954470034, 212.10102618182145, 107.08250766330293, 107.08250766330293]]}",dark,FALSE,4,"(7200, 9000)",0.168239867,0.831760133,1019.811715,102.4936397
4,3,4,21J_LD3_01_02_03_04_2024-06-10 14-44-15.mkv,99,TRUE,0.5,50,1800,"{'xs': [[0.8977685546875005, 100.17776855468749, 98.81776855468749, 2.2577685546875004, 2.2577685546875004], [2.2577685546875004, 2.2577685546875004, 96.09776855468749, 98.81776855468749]], 'ys': [[2.0740818023681817, 2.0740818023681817, 104.76158180236817, 105.42408180236818, 105.42408180236818], [105.42408180236818, 209.43658180236815, 210.09908180236818, 104.76158180236817]]}",dark,FALSE,4,"(7200, 9000)",0,1,709.4170162,73.53281416
5,3,1,21J_LD3_05_06_07_08_2024-06-10 14-55-01.mkv,99,TRUE,0.5,50,1800,"{'xs': [[2.0896834407944294, 102.98124970585468, 102.98124970585468, 2.0896834407944294, 2.0896834407944294], [3.366791874529369, 97.87281597091491, 102.98124970585468, 2.0896834407944294, 2.0896834407944294]], 'ys': [[0.45990434477599396, -0.20465261724932252, 109.4472461169279, 106.12446130680131, 106.12446130680131], [209.13079042072536, 207.80167649667473, 109.4472461169279, 106.12446130680131, 106.12446130680131]]}",light,FALSE,4,"(7200, 9000)",0.129372571,0.870627429,767.9061365,78.00703586
6,3,2,21J_LD3_05_06_07_08_2024-06-10 14-55-01.mkv,99,TRUE,0.5,50,1800,"{'xs': [[5.657607174991223, 104.85985436600247, 104.85985436600247, 3.2081689727440317, 3.2081689727440317], [1.9834498716204363, 103.63513526487887, 104.85985436600247, 3.2081689727440317, 3.2081689727440317]], 'ys': [[1.7105523604380786, 0.3814384363874457, 104.05232451233681, 106.04599539841276, 106.04599539841276], [207.72321058828618, 207.72321058828618, 104.05232451233681, 106.04599539841276, 106.04599539841276]]}",light,FALSE,4,"(7200, 9000)",0.117157135,0.887284842,975.5673597,97.86378359
7,3,3,21J_LD3_05_06_07_08_2024-06-10 14-55-01.mkv,99,TRUE,0.5,50,1800,"{'xs': [[2.0896834407944294, 104.25835813958962, 101.70414127211973, -0.4645334266754499, -0.4645334266754499], [-0.4645334266754499, 0.8125750070594898, 102.98124970585468, 101.70414127211973, 101.70414127211973]], 'ys': [[1.403495317623924, 2.0639891447844176, 107.08250766330293, 107.74300149046343, 107.74300149046343], [107.74300149046343, 210.11954470034, 212.10102618182145, 107.08250766330293, 107.08250766330293]]}",dark,FALSE,4,"(7200, 9000)",0.365352582,0.637978901,1304.156668,131.0710219
8,3,4,21J_LD3_05_06_07_08_2024-06-10 14-55-01.mkv,99,TRUE,0.5,50,1800,"{'xs': [[0.8977685546875005, 100.17776855468749, 98.81776855468749, 2.2577685546875004, 2.2577685546875004], [2.2577685546875004, 2.2577685546875004, 96.09776855468749, 98.81776855468749]], 'ys': [[2.0740818023681817, 2.0740818023681817, 104.76158180236817, 105.42408180236818, 105.42408180236818], [105.42408180236818, 209.43658180236815, 210.09908180236818, 104.76158180236817]]}",light,FALSE,4,"(7200, 9000)",0.324819545,0.680177679,1234.226804,127.9306362
9,3,1,21J_LD3_09_10_11_12_2024-06-10 15-10-32.mkv,99,TRUE,0.5,50,1800,"{'xs': [[2.0896834407944294, 102.98124970585468, 102.98124970585468, 2.0896834407944294, 2.0896834407944294], [3.366791874529369, 97.87281597091491, 102.98124970585468, 2.0896834407944294, 2.0896834407944294]], 'ys': [[0.45990434477599396, -0.20465261724932252, 109.4472461169279, 106.12446130680131, 106.12446130680131], [209.13079042072536, 207.80167649667473, 109.4472461169279, 106.12446130680131, 106.12446130680131]]}",light,FALSE,4,"(7200, 9000)",0,1,923.4296551,93.8057489
10,3,2,21J_LD3_09_10_11_12_2024-06-10 15-10-32.mkv,99,TRUE,0.5,50,1800,"{'xs': [[5.657607174991223, 104.85985436600247, 104.85985436600247, 3.2081689727440317, 3.2081689727440317], [1.9834498716204363, 103.63513526487887, 104.85985436600247, 3.2081689727440317, 3.2081689727440317]], 'ys': [[1.7105523604380786, 0.3814384363874457, 104.05232451233681, 106.04599539841276, 106.04599539841276], [207.72321058828618, 207.72321058828618, 104.05232451233681, 106.04599539841276, 106.04599539841276]]}",dark,FALSE,4,"(7200, 9000)",0.073847862,0.928373126,777.2759557,77.97223345
11,3,3,21J_LD3_09_10_11_12_2024-06-10 15-10-32.mkv,99,TRUE,0.5,50,1800,"{'xs': [[2.0896834407944294, 104.25835813958962, 101.70414127211973, -0.4645334266754499, -0.4645334266754499], [-0.4645334266754499, 0.8125750070594898, 102.98124970585468, 101.70414127211973, 101.70414127211973]], 'ys': [[1.403495317623924, 2.0639891447844176, 107.08250766330293, 107.74300149046343, 107.74300149046343], [107.74300149046343, 210.11954470034, 212.10102618182145, 107.08250766330293, 107.08250766330293]]}",dark,FALSE,4,"(7200, 9000)",0.113825652,0.888395336,703.1242972,70.66575851
12,3,4,21J_LD3_09_10_11_12_2024-06-10 15-10-32.mkv,99,TRUE,0.5,50,1800,"{'xs': [[0.8977685546875005, 100.17776855468749, 98.81776855468749, 2.2577685546875004, 2.2577685546875004], [2.2577685546875004, 2.2577685546875004, 96.09776855468749, 98.81776855468749]], 'ys': [[2.0740818023681817, 2.0740818023681817, 104.76158180236817, 105.42408180236818, 105.42408180236818], [105.42408180236818, 209.43658180236815, 210.09908180236818, 104.76158180236817]]}",dark,FALSE,4,"(7200, 9000)",0.093836757,0.906163243,724.6837812,75.11525181
13,3,1,21J_LD3_13_14_16_2024-06-10 15-19-37.mkv,99,TRUE,0.5,50,1800,"{'xs': [[2.0896834407944294, 102.98124970585468, 102.98124970585468, 2.0896834407944294, 2.0896834407944294], [3.366791874529369, 97.87281597091491, 102.98124970585468, 2.0896834407944294, 2.0896834407944294]], 'ys': [[0.45990434477599396, -0.20465261724932252, 109.4472461169279, 106.12446130680131, 106.12446130680131], [209.13079042072536, 207.80167649667473, 109.4472461169279, 106.12446130680131, 106.12446130680131]]}",dark,FALSE,4,"(7200, 9000)",0.016657413,0.983342587,688.1280362,69.90285121
14,3,2,21J_LD3_13_14_16_2024-06-10 15-19-37.mkv,99,TRUE,0.5,50,1800,"{'xs': [[5.657607174991223, 104.85985436600247, 104.85985436600247, 3.2081689727440317, 3.2081689727440317], [1.9834498716204363, 103.63513526487887, 104.85985436600247, 3.2081689727440317, 3.2081689727440317]], 'ys': [[1.7105523604380786, 0.3814384363874457, 104.05232451233681, 106.04599539841276, 106.04599539841276], [207.72321058828618, 207.72321058828618, 104.05232451233681, 106.04599539841276, 106.04599539841276]]}",dark,FALSE,4,"(7200, 9000)",0.34480844,0.657967796,1298.291586,130.2377796
16,3,4,21J_LD3_13_14_16_2024-06-10 15-19-37.mkv,99,TRUE,0.5,50,1800,"{'xs': [[0.8977685546875005, 100.17776855468749, 98.81776855468749, 2.2577685546875004, 2.2577685546875004], [2.2577685546875004, 2.2577685546875004, 96.09776855468749, 98.81776855468749]], 'ys': [[2.0740818023681817, 2.0740818023681817, 104.76158180236817, 105.42408180236818, 105.42408180236818], [105.42408180236818, 209.43658180236815, 210.09908180236818, 104.76158180236817]]}",dark,FALSE,4,"(7200, 9000)",0.173792338,0.828428651,711.2348696,73.72123912
17,3,1,21J_LD3_17_18_19_20_2024-06-10 15-29-03.mkv,99,TRUE,0.5,50,1800,"{'xs': [[2.0896834407944294, 102.98124970585468, 102.98124970585468, 2.0896834407944294, 2.0896834407944294], [3.366791874529369, 97.87281597091491, 102.98124970585468, 2.0896834407944294, 2.0896834407944294]], 'ys': [[0.45990434477599396, -0.20465261724932252, 109.4472461169279, 106.12446130680131, 106.12446130680131], [209.13079042072536, 207.80167649667473, 109.4472461169279, 106.12446130680131, 106.12446130680131]]}",light,FALSE,4,"(7200, 9000)",0.395891172,0.604108828,1081.583519,109.8716632
18,3,2,21J_LD3_17_18_19_20_2024-06-10 15-29-03.mkv,99,TRUE,0.5,50,1800,"{'xs': [[5.657607174991223, 104.85985436600247, 104.85985436600247, 3.2081689727440317, 3.2081689727440317], [1.9834498716204363, 103.63513526487887, 104.85985436600247, 3.2081689727440317, 3.2081689727440317]], 'ys': [[1.7105523604380786, 0.3814384363874457, 104.05232451233681, 106.04599539841276, 106.04599539841276], [207.72321058828618, 207.72321058828618, 104.05232451233681, 106.04599539841276, 106.04599539841276]]}",dark,FALSE,4,"(7200, 9000)",0.146029983,0.853970017,931.0778625,93.40083136
19,3,3,21J_LD3_17_18_19_20_2024-06-10 15-29-03.mkv,99,TRUE,0.5,50,1800,"{'xs': [[2.0896834407944294, 104.25835813958962, 101.70414127211973, -0.4645334266754499, -0.4645334266754499], [-0.4645334266754499, 0.8125750070594898, 102.98124970585468, 101.70414127211973, 101.70414127211973]], 'ys': [[1.403495317623924, 2.0639891447844176, 107.08250766330293, 107.74300149046343, 107.74300149046343], [107.74300149046343, 210.11954470034, 212.10102618182145, 107.08250766330293, 107.08250766330293]]}",dark,FALSE,4,"(7200, 9000)",0.28761799,0.713492504,873.0430148,87.74301656
20,3,4,21J_LD3_17_18_19_20_2024-06-10 15-29-03.mkv,99,TRUE,0.5,50,1800,"{'xs': [[0.8977685546875005, 100.17776855468749, 98.81776855468749, 2.2577685546875004, 2.2577685546875004], [2.2577685546875004, 2.2577685546875004, 96.09776855468749, 98.81776855468749]], 'ys': [[2.0740818023681817, 2.0740818023681817, 104.76158180236817, 105.42408180236818, 105.42408180236818], [105.42408180236818, 209.43658180236815, 210.09908180236818, 104.76158180236817]]}",light,FALSE,4,"(7200, 9000)",0.245419212,0.755691283,1163.780484,120.6287023
21,3,1,21J_LD3_21_22_23_24_2024-06-10 15-40-08.mkv,99,TRUE,0.5,50,1800,"{'xs': [[2.0896834407944294, 102.98124970585468, 102.98124970585468, 2.0896834407944294, 2.0896834407944294], [3.366791874529369, 97.87281597091491, 102.98124970585468, 2.0896834407944294, 2.0896834407944294]], 'ys': [[0.45990434477599396, -0.20465261724932252, 109.4472461169279, 106.12446130680131, 106.12446130680131], [209.13079042072536, 207.80167649667473, 109.4472461169279, 106.12446130680131, 106.12446130680131]]}",dark,FALSE,4,"(7200, 9000)",0.038312049,0.982232093,678.8399089,68.95932537
22,3,2,21J_LD3_21_22_23_24_2024-06-10 15-40-08.mkv,99,TRUE,0.5,50,1800,"{'xs': [[5.657607174991223, 104.85985436600247, 104.85985436600247, 3.2081689727440317, 3.2081689727440317], [1.9834498716204363, 103.63513526487887, 104.85985436600247, 3.2081689727440317, 3.2081689727440317]], 'ys': [[1.7105523604380786, 0.3814384363874457, 104.05232451233681, 106.04599539841276, 106.04599539841276], [207.72321058828618, 207.72321058828618, 104.05232451233681, 106.04599539841276, 106.04599539841276]]}",dark,FALSE,4,"(7200, 9000)",0.14103276,0.860077735,677.0164187,67.91472432
23,3,3,21J_LD3_21_22_23_24_2024-06-10 15-40-08.mkv,99,TRUE,0.5,50,1800,"{'xs': [[2.0896834407944294, 104.25835813958962, 101.70414127211973, -0.4645334266754499, -0.4645334266754499], [-0.4645334266754499, 0.8125750070594898, 102.98124970585468, 101.70414127211973, 101.70414127211973]], 'ys': [[1.403495317623924, 2.0639891447844176, 107.08250766330293, 107.74300149046343, 107.74300149046343], [107.74300149046343, 210.11954470034, 212.10102618182145, 107.08250766330293, 107.08250766330293]]}",dark,FALSE,4,"(7200, 9000)",0.185452526,0.815657968,1038.768169,104.398811
24,3,4,21J_LD3_21_22_23_24_2024-06-10 15-40-08.mkv,99,TRUE,0.5,50,1800,"{'xs': [[0.8977685546875005, 100.17776855468749, 98.81776855468749, 2.2577685546875004, 2.2577685546875004], [2.2577685546875004, 2.2577685546875004, 96.09776855468749, 98.81776855468749]], 'ys': [[2.0740818023681817, 2.0740818023681817, 104.76158180236817, 105.42408180236818, 105.42408180236818], [105.42408180236818, 209.43658180236815, 210.09908180236818, 104.76158180236817]]}",light,FALSE,4,"(7200, 9000)",0,1,410.9558794,42.59658511
25,3,1,21J_LD3_25_26_27_28_2024-06-10 15-52-07.mkv,99,TRUE,0.5,50,2850,"{'xs': [[2.1694706784018973, 100.90364789359178, 99.58719219738924, 0.8530149821993657, 0.8530149821993657], [0.8530149821993657, 2.1694706784018973, 99.58719219738924, 99.58719219738924]], 'ys': [[-0.45169944763181813, 0.21080055236818182, 105.54830055236818, 106.21080055236817, 106.21080055236817], [106.21080055236817, 208.23580055236818, 210.22330055236816, 105.54830055236818]]}",dark,FALSE,4,"(7200, 9000)",0.569128262,0.433092726,1242.219798,126.0536976
26,3,2,21J_LD3_25_26_27_28_2024-06-10 15-52-07.mkv,99,TRUE,0.5,50,2850,"{'xs': [[0.8322957356770828, 103.23970314308448, 101.94340684678819, 0.8322957356770828, 0.8322957356770828, 0.8322957356770828], [0.8322957356770828, 3.424888328269675, 103.23970314308448, 101.94340684678819]], 'ys': [[0.5006957258914665, 1.1602049283454543, 106.0221681185295, 106.6816773209835, 106.6816773209835, 106.6816773209835], [106.6816773209835, 210.88413130871356, 212.86265891607553, 106.0221681185295]]}",dark,FALSE,4,"(7200, 9000)",0.237090505,0.763464742,857.8648003,85.29337769
27,3,3,21J_LD3_25_26_27_28_2024-06-10 15-52-07.mkv,99,TRUE,0.5,50,2850,"{'xs': [[3.25861227101293, 105.0517157192888, 103.81033640894397, 3.25861227101293], [3.25861227101293, 2.0172329606681023, 105.0517157192888, 103.81033640894397]], 'ys': [[0.4368249434458911, 1.1013819054712075, 106.76593886749653, 106.76593886749653], [106.76593886749653, 209.10771101939525, 207.77859709534462, 106.76593886749653]]}",dark,FALSE,4,"(7200, 9000)",0.253747918,0.747917823,916.9832364,93.54585426
28,3,4,21J_LD3_25_26_27_28_2024-06-10 15-52-07.mkv,99,TRUE,0.5,50,2850,"{'xs': [[0.8530149821993657, 100.90364789359178, 99.58719219738924, 2.1694706784018973], [2.1694706784018973, 0.8530149821993657, 100.90364789359178, 99.58719219738924]], 'ys': [[0.949146006842099, 0.28562399426348273, 105.12210198168486, 105.78562399426347], [105.78562399426347, 209.95857996910624, 209.29505795652764, 105.12210198168486]]}",dark,FALSE,4,"(7200, 9000)",0.30483065,0.699611327,870.6842323,88.21298673
29,3,1,21J_LD3_29_31_32_2024-06-10 16-02-15.mkv,99,TRUE,0.5,50,1800,"{'xs': [[2.0896834407944294, 102.98124970585468, 102.98124970585468, 2.0896834407944294, 2.0896834407944294], [3.366791874529369, 97.87281597091491, 102.98124970585468, 2.0896834407944294, 2.0896834407944294]], 'ys': [[0.45990434477599396, -0.20465261724932252, 109.4472461169279, 106.12446130680131, 106.12446130680131], [209.13079042072536, 207.80167649667473, 109.4472461169279, 106.12446130680131, 106.12446130680131]]}",dark,FALSE,4,"(7200, 9000)",0.286507496,0.713492504,1273.27266,129.3442275
31,3,3,21J_LD3_29_31_32_2024-06-10 16-02-15.mkv,99,TRUE,0.5,50,1800,"{'xs': [[2.0896834407944294, 104.25835813958962, 101.70414127211973, -0.4645334266754499, -0.4645334266754499], [-0.4645334266754499, 0.8125750070594898, 102.98124970585468, 101.70414127211973, 101.70414127211973]], 'ys': [[1.403495317623924, 2.0639891447844176, 107.08250766330293, 107.74300149046343, 107.74300149046343], [107.74300149046343, 210.11954470034, 212.10102618182145, 107.08250766330293, 107.08250766330293]]}",dark,FALSE,4,"(7200, 9000)",0.117157135,0.8856191,733.6748026,73.73616106
32,3,4,21J_LD3_29_31_32_2024-06-10 16-02-15.mkv,99,TRUE,0.5,50,1800,"{'xs': [[0.8977685546875005, 100.17776855468749, 98.81776855468749, 2.2577685546875004, 2.2577685546875004], [2.2577685546875004, 2.2577685546875004, 96.09776855468749, 98.81776855468749]], 'ys': [[2.0740818023681817, 2.0740818023681817, 104.76158180236817, 105.42408180236818, 105.42408180236818], [105.42408180236818, 209.43658180236815, 210.09908180236818, 104.76158180236817]]}",light,TRUE,4,"(7200, 9000)",0.355913381,0.644641866,1529.438813,158.5300852
33,3,1,21J_LD3_33_34_35_36_2024-06-10 16-17-34.mkv,99,TRUE,0.5,50,1800,"{'xs': [[2.0896834407944294, 102.98124970585468, 102.98124970585468, 2.0896834407944294, 2.0896834407944294], [3.366791874529369, 97.87281597091491, 102.98124970585468, 2.0896834407944294, 2.0896834407944294]], 'ys': [[0.45990434477599396, -0.20465261724932252, 109.4472461169279, 106.12446130680131, 106.12446130680131], [209.13079042072536, 207.80167649667473, 109.4472461169279, 106.12446130680131, 106.12446130680131]]}",light,FALSE,4,"(7200, 9000)",0.200999445,0.799000555,909.6746756,92.40846201
34,3,2,21J_LD3_33_34_35_36_2024-06-10 16-17-34.mkv,99,TRUE,0.5,50,1800,"{'xs': [[5.657607174991223, 104.85985436600247, 104.85985436600247, 3.2081689727440317, 3.2081689727440317], [1.9834498716204363, 103.63513526487887, 104.85985436600247, 3.2081689727440317, 3.2081689727440317]], 'ys': [[1.7105523604380786, 0.3814384363874457, 104.05232451233681, 106.04599539841276, 106.04599539841276], [207.72321058828618, 207.72321058828618, 104.05232451233681, 106.04599539841276, 106.04599539841276]]}",dark,FALSE,4,"(7200, 9000)",0.263187118,0.73903387,853.9931376,85.66809742
35,3,3,21J_LD3_33_34_35_36_2024-06-10 16-17-34.mkv,99,TRUE,0.5,50,1800,"{'xs': [[2.0896834407944294, 104.25835813958962, 101.70414127211973, -0.4645334266754499, -0.4645334266754499], [-0.4645334266754499, 0.8125750070594898, 102.98124970585468, 101.70414127211973, 101.70414127211973]], 'ys': [[1.403495317623924, 2.0639891447844176, 107.08250766330293, 107.74300149046343, 107.74300149046343], [107.74300149046343, 210.11954470034, 212.10102618182145, 107.08250766330293, 107.08250766330293]]}",dark,FALSE,4,"(7200, 9000)",0.268184342,0.731815658,1016.5376,102.1645829
36,3,4,21J_LD3_33_34_35_36_2024-06-10 16-17-34.mkv,99,TRUE,0.5,50,1800,"{'xs': [[0.8977685546875005, 100.17776855468749, 98.81776855468749, 2.2577685546875004, 2.2577685546875004], [2.2577685546875004, 2.2577685546875004, 96.09776855468749, 98.81776855468749]], 'ys': [[2.0740818023681817, 2.0740818023681817, 104.76158180236817, 105.42408180236818, 105.42408180236818], [105.42408180236818, 209.43658180236815, 210.09908180236818, 104.76158180236817]]}",dark,FALSE,4,"(7200, 9000)",0.303164908,0.715713493,1048.876093,108.7185802
37,3,1,21J_LD3_37_38_39_40_2024-06-10 16-28-02.mkv,99,TRUE,0.5,50,1350,"{'xs': [[0.8748105532163118, 101.19948587789163, 99.8618235402293, 0.8748105532163118, 0.8748105532163118], [0.8748105532163118, 0.8748105532163118, 99.8618235402293, 99.8618235402293]], 'ys': [[-0.15455440398185172, -0.15455440398185172, 105.34867140246976, 105.34867140246976, 105.34867140246976], [105.34867140246976, 205.5099617250504, 205.5099617250504, 105.34867140246976]]}",dark,FALSE,4,"(7200, 9000)",0.42087729,0.57912271,1281.405703,130.656525
38,3,2,21J_LD3_37_38_39_40_2024-06-10 16-28-02.mkv,99,TRUE,0.5,50,1350,"{'xs': [[2.0896834407944294, 104.25835813958962, 102.98124970585468, 0.8125750070594898], [0.8125750070594898, 2.0896834407944294, 104.25835813958962, 102.98124970585468]], 'ys': [[0.4374796549479167, 0.4374796549479167, 100.43747965494792, 101.77081298828125], [101.77081298828125, 206.4374796549479, 206.4374796549479, 100.43747965494792]]}",dark,FALSE,4,"(7200, 9000)",0,1,667.5705656,67.03651503
39,3,3,21J_LD3_37_38_39_40_2024-06-10 16-28-02.mkv,99,TRUE,0.5,50,1350,"{'xs': [[0.8530149821993657, 99.58719219738924, 100.90364789359178, -0.463440714003166], [-0.463440714003166, 2.1694706784018973, 99.58719219738924, 100.90364789359178]], 'ys': [[0.05871507141485603, 0.05871507141485603, 108.87773347632285, 108.87773347632285], [108.87773347632285, 213.7396966665069, 213.0801874640529, 108.87773347632285]]}",dark,FALSE,4,"(7200, 9000)",0.139367018,0.861743476,1048.743195,107.319871
40,3,4,21J_LD3_37_38_39_40_2024-06-10 16-28-02.mkv,99,TRUE,0.5,50,1350,"{'xs': [[0.8530149821993657, 99.58719219738924, 100.90364789359178, 0.8530149821993657], [0.8530149821993657, 4.802382070806961, 98.27073650118672, 100.90364789359178]], 'ys': [[1.2390625000000177, 1.2390625000000177, 101.9390625, 103.26406250000001], [103.26406250000001, 206.61406250000002, 208.6015625, 101.9390625]]}",dark,FALSE,4,"(7200, 9000)",0.418101055,0.584119933,772.5499444,79.05548307
41,3,1,21J_LD3_41_42_43_44_2024-06-10 16-38-48.mkv,99,TRUE,0.5,50,2850,"{'xs': [[2.1694706784018973, 100.90364789359178, 99.58719219738924, 0.8530149821993657, 0.8530149821993657], [0.8530149821993657, 2.1694706784018973, 99.58719219738924, 99.58719219738924]], 'ys': [[-0.45169944763181813, 0.21080055236818182, 105.54830055236818, 106.21080055236817, 106.21080055236817], [106.21080055236817, 208.23580055236818, 210.22330055236816, 105.54830055236818]]}",dark,FALSE,4,"(7200, 9000)",0.062742921,0.938922821,628.7341405,63.80051529
42,3,2,21J_LD3_41_42_43_44_2024-06-10 16-38-48.mkv,99,TRUE,0.5,50,2850,"{'xs': [[0.8322957356770828, 103.23970314308448, 101.94340684678819, 0.8322957356770828, 0.8322957356770828, 0.8322957356770828], [0.8322957356770828, 3.424888328269675, 103.23970314308448, 101.94340684678819]], 'ys': [[0.5006957258914665, 1.1602049283454543, 106.0221681185295, 106.6816773209835, 106.6816773209835, 106.6816773209835], [106.6816773209835, 210.88413130871356, 212.86265891607553, 106.0221681185295]]}",dark,FALSE,4,"(7200, 9000)",0.430316491,0.570794003,819.3609697,81.46512671
43,3,3,21J_LD3_41_42_43_44_2024-06-10 16-38-48.mkv,99,TRUE,0.5,50,2850,"{'xs': [[3.25861227101293, 105.0517157192888, 103.81033640894397, 3.25861227101293], [3.25861227101293, 2.0172329606681023, 105.0517157192888, 103.81033640894397]], 'ys': [[0.4368249434458911, 1.1013819054712075, 106.76593886749653, 106.76593886749653], [106.76593886749653, 209.10771101939525, 207.77859709534462, 106.76593886749653]]}",light,FALSE,4,"(7200, 9000)",0.05719045,0.94280955,836.8694581,85.37306382
44,3,4,21J_LD3_41_42_43_44_2024-06-10 16-38-48.mkv,99,TRUE,0.5,50,2850,"{'xs': [[0.8530149821993657, 100.90364789359178, 99.58719219738924, 2.1694706784018973], [2.1694706784018973, 0.8530149821993657, 100.90364789359178, 99.58719219738924]], 'ys': [[0.949146006842099, 0.28562399426348273, 105.12210198168486, 105.78562399426347], [105.78562399426347, 209.95857996910624, 209.29505795652764, 105.12210198168486]]}",dark,FALSE,4,"(7200, 9000)",0,1,696.3678573,70.55220054
45,3,1,21J_LD3_45_46_47_48_2024-06-10 16-52-43.mkv,99,TRUE,0.5,50,1800,"{'xs': [[2.0896834407944294, 102.98124970585468, 102.98124970585468, 2.0896834407944294, 2.0896834407944294], [3.366791874529369, 97.87281597091491, 102.98124970585468, 2.0896834407944294, 2.0896834407944294]], 'ys': [[0.45990434477599396, -0.20465261724932252, 109.4472461169279, 106.12446130680131, 106.12446130680131], [209.13079042072536, 207.80167649667473, 109.4472461169279, 106.12446130680131, 106.12446130680131]]}",dark,FALSE,4,"(7200, 9000)",0,1,480.8398332,48.84567049
46,3,2,21J_LD3_45_46_47_48_2024-06-10 16-52-43.mkv,99,TRUE,0.5,50,1800,"{'xs': [[5.657607174991223, 104.85985436600247, 104.85985436600247, 3.2081689727440317, 3.2081689727440317], [1.9834498716204363, 103.63513526487887, 104.85985436600247, 3.2081689727440317, 3.2081689727440317]], 'ys': [[1.7105523604380786, 0.3814384363874457, 104.05232451233681, 106.04599539841276, 106.04599539841276], [207.72321058828618, 207.72321058828618, 104.05232451233681, 106.04599539841276, 106.04599539841276]]}",light,FALSE,4,"(7200, 9000)",0.157690172,0.848417546,930.4222569,93.33506445
47,3,3,21J_LD3_45_46_47_48_2024-06-10 16-52-43.mkv,99,TRUE,0.5,50,1800,"{'xs': [[2.0896834407944294, 104.25835813958962, 101.70414127211973, -0.4645334266754499, -0.4645334266754499], [-0.4645334266754499, 0.8125750070594898, 102.98124970585468, 101.70414127211973, 101.70414127211973]], 'ys': [[1.403495317623924, 2.0639891447844176, 107.08250766330293, 107.74300149046343, 107.74300149046343], [107.74300149046343, 210.11954470034, 212.10102618182145, 107.08250766330293, 107.08250766330293]]}",light,FALSE,4,"(7200, 9000)",0.258745142,0.751804553,955.95588,96.07596784
48,3,4,21J_LD3_45_46_47_48_2024-06-10 16-52-43.mkv,99,TRUE,0.5,50,1800,"{'xs': [[0.8977685546875005, 100.17776855468749, 98.81776855468749, 2.2577685546875004, 2.2577685546875004], [2.2577685546875004, 2.2577685546875004, 96.09776855468749, 98.81776855468749]], 'ys': [[2.0740818023681817, 2.0740818023681817, 104.76158180236817, 105.42408180236818, 105.42408180236818], [105.42408180236818, 209.43658180236815, 210.09908180236818, 104.76158180236817]]}",light,FALSE,4,"(7200, 9000)",0.389783454,0.614658523,1130.188851,117.1468471
49,3,1,21J_LD3_49_50_51_52_2024-06-10 17-13-13.mkv,99,TRUE,0.5,50,1800,"{'xs': [[2.0896834407944294, 102.98124970585468, 102.98124970585468, 2.0896834407944294, 2.0896834407944294], [3.366791874529369, 97.87281597091491, 102.98124970585468, 2.0896834407944294, 2.0896834407944294]], 'ys': [[0.45990434477599396, -0.20465261724932252, 109.4472461169279, 106.12446130680131, 106.12446130680131], [209.13079042072536, 207.80167649667473, 109.4472461169279, 106.12446130680131, 106.12446130680131]]}",light,FALSE,4,"(7200, 9000)",0.113270405,0.890616324,1005.853393,102.1786882
50,3,2,21J_LD3_49_50_51_52_2024-06-10 17-13-13.mkv,99,TRUE,0.5,50,1800,"{'xs': [[5.657607174991223, 104.85985436600247, 104.85985436600247, 3.2081689727440317, 3.2081689727440317], [1.9834498716204363, 103.63513526487887, 104.85985436600247, 3.2081689727440317, 3.2081689727440317]], 'ys': [[1.7105523604380786, 0.3814384363874457, 104.05232451233681, 106.04599539841276, 106.04599539841276], [207.72321058828618, 207.72321058828618, 104.05232451233681, 106.04599539841276, 106.04599539841276]]}",dark,FALSE,4,"(7200, 9000)",0.302609661,0.69905608,759.2655584,76.16552517
51,3,3,21J_LD3_49_50_51_52_2024-06-10 17-13-13.mkv,99,TRUE,0.5,50,1800,"{'xs': [[2.0896834407944294, 104.25835813958962, 101.70414127211973, -0.4645334266754499, -0.4645334266754499], [-0.4645334266754499, 0.8125750070594898, 102.98124970585468, 101.70414127211973, 101.70414127211973]], 'ys': [[1.403495317623924, 2.0639891447844176, 107.08250766330293, 107.74300149046343, 107.74300149046343], [107.74300149046343, 210.11954470034, 212.10102618182145, 107.08250766330293, 107.08250766330293]]}",dark,FALSE,4,"(7200, 9000)",0,1,744.4368168,74.81777053
52,3,4,21J_LD3_49_50_51_52_2024-06-10 17-13-13.mkv,99,TRUE,0.5,50,1800,"{'xs': [[0.8977685546875005, 100.17776855468749, 98.81776855468749, 2.2577685546875004, 2.2577685546875004], [2.2577685546875004, 2.2577685546875004, 96.09776855468749, 98.81776855468749]], 'ys': [[2.0740818023681817, 2.0740818023681817, 104.76158180236817, 105.42408180236818, 105.42408180236818], [105.42408180236818, 209.43658180236815, 210.09908180236818, 104.76158180236817]]}",dark,FALSE,4,"(7200, 9000)",0.1238201,0.8761799,683.0449144,70.79928111
53,3,1,21J_LD3_53_54_55_56_2024-06-10 17-24-13.mkv,99,TRUE,0.5,50,1800,"{'xs': [[2.0896834407944294, 102.98124970585468, 102.98124970585468, 2.0896834407944294, 2.0896834407944294], [3.366791874529369, 97.87281597091491, 102.98124970585468, 2.0896834407944294, 2.0896834407944294]], 'ys': [[0.45990434477599396, -0.20465261724932252, 109.4472461169279, 106.12446130680131, 106.12446130680131], [209.13079042072536, 207.80167649667473, 109.4472461169279, 106.12446130680131, 106.12446130680131]]}",light,FALSE,4,"(7200, 9000)",0.122709606,0.882842865,927.5187194,94.22113273
54,3,2,21J_LD3_53_54_55_56_2024-06-10 17-24-13.mkv,99,TRUE,0.5,50,1800,"{'xs': [[5.657607174991223, 104.85985436600247, 104.85985436600247, 3.2081689727440317, 3.2081689727440317], [1.9834498716204363, 103.63513526487887, 104.85985436600247, 3.2081689727440317, 3.2081689727440317]], 'ys': [[1.7105523604380786, 0.3814384363874457, 104.05232451233681, 106.04599539841276, 106.04599539841276], [207.72321058828618, 207.72321058828618, 104.05232451233681, 106.04599539841276, 106.04599539841276]]}",dark,FALSE,4,"(7200, 9000)",0.305385897,0.694614103,1089.462104,109.289105
55,3,3,21J_LD3_53_54_55_56_2024-06-10 17-24-13.mkv,99,TRUE,0.5,50,1800,"{'xs': [[2.0896834407944294, 104.25835813958962, 101.70414127211973, -0.4645334266754499, -0.4645334266754499], [-0.4645334266754499, 0.8125750070594898, 102.98124970585468, 101.70414127211973, 101.70414127211973]], 'ys': [[1.403495317623924, 2.0639891447844176, 107.08250766330293, 107.74300149046343, 107.74300149046343], [107.74300149046343, 210.11954470034, 212.10102618182145, 107.08250766330293, 107.08250766330293]]}",dark,FALSE,4,"(7200, 9000)",0.121043865,0.887284842,941.8108923,94.65436103
56,3,4,21J_LD3_53_54_55_56_2024-06-10 17-24-13.mkv,99,TRUE,0.5,50,1800,"{'xs': [[0.8977685546875005, 100.17776855468749, 98.81776855468749, 2.2577685546875004, 2.2577685546875004], [2.2577685546875004, 2.2577685546875004, 96.09776855468749, 98.81776855468749]], 'ys': [[2.0740818023681817, 2.0740818023681817, 104.76158180236817, 105.42408180236818, 105.42408180236818], [105.42408180236818, 209.43658180236815, 210.09908180236818, 104.76158180236817]]}",light,FALSE,4,"(7200, 9000)",0,1,804.1196552,83.34897502
57,3,1,21J_LD3_57_58_59_60_2024-06-10 17-34-36.mkv,99,TRUE,0.5,50,1800,"{'xs': [[2.0896834407944294, 102.98124970585468, 102.98124970585468, 2.0896834407944294, 2.0896834407944294], [3.366791874529369, 97.87281597091491, 102.98124970585468, 2.0896834407944294, 2.0896834407944294]], 'ys': [[0.45990434477599396, -0.20465261724932252, 109.4472461169279, 106.12446130680131, 106.12446130680131], [209.13079042072536, 207.80167649667473, 109.4472461169279, 106.12446130680131, 106.12446130680131]]}",light,FALSE,4,"(7200, 9000)",0.192670738,0.810105497,893.7659955,90.79239343
58,3,2,21J_LD3_57_58_59_60_2024-06-10 17-34-36.mkv,99,TRUE,0.5,50,1800,"{'xs': [[5.657607174991223, 104.85985436600247, 104.85985436600247, 3.2081689727440317, 3.2081689727440317], [1.9834498716204363, 103.63513526487887, 104.85985436600247, 3.2081689727440317, 3.2081689727440317]], 'ys': [[1.7105523604380786, 0.3814384363874457, 104.05232451233681, 106.04599539841276, 106.04599539841276], [207.72321058828618, 207.72321058828618, 104.05232451233681, 106.04599539841276, 106.04599539841276]]}",dark,FALSE,4,"(7200, 9000)",0.183786785,0.817323709,1254.958326,125.890815
59,3,3,21J_LD3_57_58_59_60_2024-06-10 17-34-36.mkv,99,TRUE,0.5,50,1800,"{'xs': [[2.0896834407944294, 104.25835813958962, 101.70414127211973, -0.4645334266754499, -0.4645334266754499], [-0.4645334266754499, 0.8125750070594898, 102.98124970585468, 101.70414127211973, 101.70414127211973]], 'ys': [[1.403495317623924, 2.0639891447844176, 107.08250766330293, 107.74300149046343, 107.74300149046343], [107.74300149046343, 210.11954470034, 212.10102618182145, 107.08250766330293, 107.08250766330293]]}",dark,FALSE,4,"(7200, 9000)",0.259300389,0.740699611,1114.90244,112.0504964
60,3,4,21J_LD3_57_58_59_60_2024-06-10 17-34-36.mkv,99,TRUE,0.5,50,1800,"{'xs': [[0.8977685546875005, 100.17776855468749, 98.81776855468749, 2.2577685546875004, 2.2577685546875004], [2.2577685546875004, 2.2577685546875004, 96.09776855468749, 98.81776855468749]], 'ys': [[2.0740818023681817, 2.0740818023681817, 104.76158180236817, 105.42408180236818, 105.42408180236818], [105.42408180236818, 209.43658180236815, 210.09908180236818, 104.76158180236817]]}",dark,FALSE,4,"(7200, 9000)",0.240421988,0.760133259,1105.446211,114.5822117
1,4,1,21J_LD4_01_02_03_04_2024-06-12 12-34-41.mkv,99,TRUE,0.5,50,1800,"{'xs': [[2.0896834407944294, 104.25835813958962, 104.25835813958962, 2.0896834407944294], [2.0896834407944294, 3.366791874529369, 101.70414127211973, 104.25835813958962]], 'ys': [[0.9654505223403592, 0.9654505223403592, 106.64446286801937, 108.62594434950086], [108.62594434950086, 209.68149990505643, 211.0024875593774, 106.64446286801937]]}",light,FALSE,0,"(0, 1800)",0.289838978,0.715713493,930.4295557,95.07275898
1,4,1,21J_LD4_01_02_03_04_2024-06-12 12-34-41.mkv,99,TRUE,0.5,50,1800,"{'xs': [[2.0896834407944294, 104.25835813958962, 104.25835813958962, 2.0896834407944294], [2.0896834407944294, 3.366791874529369, 101.70414127211973, 104.25835813958962]], 'ys': [[0.9654505223403592, 0.9654505223403592, 106.64446286801937, 108.62594434950086], [108.62594434950086, 209.68149990505643, 211.0024875593774, 106.64446286801937]]}",light,FALSE,1,"(1800, 3600)",0.233759023,0.766796224,776.3148105,79.32507133
1,4,1,21J_LD4_01_02_03_04_2024-06-12 12-34-41.mkv,99,TRUE,0.5,50,1800,"{'xs': [[2.0896834407944294, 104.25835813958962, 104.25835813958962, 2.0896834407944294], [2.0896834407944294, 3.366791874529369, 101.70414127211973, 104.25835813958962]], 'ys': [[0.9654505223403592, 0.9654505223403592, 106.64446286801937, 108.62594434950086], [108.62594434950086, 209.68149990505643, 211.0024875593774, 106.64446286801937]]}",light,FALSE,2,"(3600, 5400)",0.368684064,0.63242643,508.1155855,51.92005165
1,4,1,21J_LD4_01_02_03_04_2024-06-12 12-34-41.mkv,99,TRUE,0.5,50,1800,"{'xs': [[2.0896834407944294, 104.25835813958962, 104.25835813958962, 2.0896834407944294], [2.0896834407944294, 3.366791874529369, 101.70414127211973, 104.25835813958962]], 'ys': [[0.9654505223403592, 0.9654505223403592, 106.64446286801937, 108.62594434950086], [108.62594434950086, 209.68149990505643, 211.0024875593774, 106.64446286801937]]}",light,FALSE,3,"(5400, 7200)",0.170460855,0.829539145,736.4762663,75.25430607
1,4,1,21J_LD4_01_02_03_04_2024-06-12 12-34-41.mkv,99,TRUE,0.5,50,1800,"{'xs': [[2.0896834407944294, 104.25835813958962, 104.25835813958962, 2.0896834407944294], [2.0896834407944294, 3.366791874529369, 101.70414127211973, 104.25835813958962]], 'ys': [[0.9654505223403592, 0.9654505223403592, 106.64446286801937, 108.62594434950086], [108.62594434950086, 209.68149990505643, 211.0024875593774, 106.64446286801937]]}",light,FALSE,4,"(7200, 9000)",0,1,576.4467497,58.90223775
2,4,2,21J_LD4_01_02_03_04_2024-06-12 12-34-41.mkv,99,TRUE,0.5,50,1800,"{'xs': [[1.9834498716204363, 106.08457346712605, 102.41041616375527, 0.7587307704968409], [0.7587307704968409, 4.432888073867628, 103.63513526487887, 102.41041616375527]], 'ys': [[-0.056035232543927546, 0.6064647674560724, 104.61896476745606, 106.60646476745606], [106.60646476745606, 207.30646476745605, 208.63146476745607, 104.61896476745606]]}",light,FALSE,0,"(0, 1800)",0.500832871,0.503609106,1348.108241,134.5333491
2,4,2,21J_LD4_01_02_03_04_2024-06-12 12-34-41.mkv,99,TRUE,0.5,50,1800,"{'xs': [[1.9834498716204363, 106.08457346712605, 102.41041616375527, 0.7587307704968409], [0.7587307704968409, 4.432888073867628, 103.63513526487887, 102.41041616375527]], 'ys': [[-0.056035232543927546, 0.6064647674560724, 104.61896476745606, 106.60646476745606], [106.60646476745606, 207.30646476745605, 208.63146476745607, 104.61896476745606]]}",light,FALSE,1,"(1800, 3600)",0.205996669,0.795113826,801.7344853,80.00843114
2,4,2,21J_LD4_01_02_03_04_2024-06-12 12-34-41.mkv,99,TRUE,0.5,50,1800,"{'xs': [[1.9834498716204363, 106.08457346712605, 102.41041616375527, 0.7587307704968409], [0.7587307704968409, 4.432888073867628, 103.63513526487887, 102.41041616375527]], 'ys': [[-0.056035232543927546, 0.6064647674560724, 104.61896476745606, 106.60646476745606], [106.60646476745606, 207.30646476745605, 208.63146476745607, 104.61896476745606]]}",light,FALSE,2,"(3600, 5400)",0.14103276,0.860077735,658.7712813,65.74153621
2,4,2,21J_LD4_01_02_03_04_2024-06-12 12-34-41.mkv,99,TRUE,0.5,50,1800,"{'xs': [[1.9834498716204363, 106.08457346712605, 102.41041616375527, 0.7587307704968409], [0.7587307704968409, 4.432888073867628, 103.63513526487887, 102.41041616375527]], 'ys': [[-0.056035232543927546, 0.6064647674560724, 104.61896476745606, 106.60646476745606], [106.60646476745606, 207.30646476745605, 208.63146476745607, 104.61896476745606]]}",light,FALSE,3,"(5400, 7200)",0.146029983,0.853970017,733.0487624,73.15399613
2,4,2,21J_LD4_01_02_03_04_2024-06-12 12-34-41.mkv,99,TRUE,0.5,50,1800,"{'xs': [[1.9834498716204363, 106.08457346712605, 102.41041616375527, 0.7587307704968409], [0.7587307704968409, 4.432888073867628, 103.63513526487887, 102.41041616375527]], 'ys': [[-0.056035232543927546, 0.6064647674560724, 104.61896476745606, 106.60646476745606], [106.60646476745606, 207.30646476745605, 208.63146476745607, 104.61896476745606]]}",light,FALSE,4,"(7200, 9000)",0.317046086,0.683509162,746.1171004,74.45814013
3,4,3,21J_LD4_01_02_03_04_2024-06-12 12-34-41.mkv,99,TRUE,0.5,50,1800,"{'xs': [[2.0526058421415487, 104.01731172449449, 100.24084113625919, 0.7937823127297838], [0.7937823127297838, -0.46504121668198095, 102.75848819508273, 100.24084113625919]], 'ys': [[-0.2841192209942488, 0.37737146223556484, 100.92395531316724, 103.5699180460865], [103.5699180460865, 208.08544599639706, 210.06991804608649, 100.92395531316724]]}",dark,FALSE,0,"(0, 1800)",0,1,676.3416803,69.02414168
3,4,3,21J_LD4_01_02_03_04_2024-06-12 12-34-41.mkv,99,TRUE,0.5,50,1800,"{'xs': [[2.0526058421415487, 104.01731172449449, 100.24084113625919, 0.7937823127297838], [0.7937823127297838, -0.46504121668198095, 102.75848819508273, 100.24084113625919]], 'ys': [[-0.2841192209942488, 0.37737146223556484, 100.92395531316724, 103.5699180460865], [103.5699180460865, 208.08544599639706, 210.06991804608649, 100.92395531316724]]}",dark,FALSE,1,"(1800, 3600)",0.187673515,0.813992227,818.8552551,83.56838383
3,4,3,21J_LD4_01_02_03_04_2024-06-12 12-34-41.mkv,99,TRUE,0.5,50,1800,"{'xs': [[2.0526058421415487, 104.01731172449449, 100.24084113625919, 0.7937823127297838], [0.7937823127297838, -0.46504121668198095, 102.75848819508273, 100.24084113625919]], 'ys': [[-0.2841192209942488, 0.37737146223556484, 100.92395531316724, 103.5699180460865], [103.5699180460865, 208.08544599639706, 210.06991804608649, 100.92395531316724]]}",dark,FALSE,2,"(3600, 5400)",0,1,536.485069,54.7510563
3,4,3,21J_LD4_01_02_03_04_2024-06-12 12-34-41.mkv,99,TRUE,0.5,50,1800,"{'xs': [[2.0526058421415487, 104.01731172449449, 100.24084113625919, 0.7937823127297838], [0.7937823127297838, -0.46504121668198095, 102.75848819508273, 100.24084113625919]], 'ys': [[-0.2841192209942488, 0.37737146223556484, 100.92395531316724, 103.5699180460865], [103.5699180460865, 208.08544599639706, 210.06991804608649, 100.92395531316724]]}",dark,FALSE,3,"(5400, 7200)",0.11049417,0.88950583,693.2837043,70.75316224
3,4,3,21J_LD4_01_02_03_04_2024-06-12 12-34-41.mkv,99,TRUE,0.5,50,1800,"{'xs': [[2.0526058421415487, 104.01731172449449, 100.24084113625919, 0.7937823127297838], [0.7937823127297838, -0.46504121668198095, 102.75848819508273, 100.24084113625919]], 'ys': [[-0.2841192209942488, 0.37737146223556484, 100.92395531316724, 103.5699180460865], [103.5699180460865, 208.08544599639706, 210.06991804608649, 100.92395531316724]]}",dark,FALSE,4,"(7200, 9000)",0,1,638.591821,65.17157468
4,4,4,21J_LD4_01_02_03_04_2024-06-12 12-34-41.mkv,99,TRUE,0.5,50,1800,"{'xs': [[2.0172329606681023, 102.56895709859914, 103.81033640894397, 2.0172329606681023], [2.0172329606681023, 3.25861227101293, 102.56895709859914, 103.81033640894397]], 'ys': [[0.9676622663225698, -0.3553191001370574, 104.1602088501735, 104.8216995334033], [104.8216995334033, 208.67573680048406, 209.9987181669437, 104.1602088501735]]}",dark,FALSE,0,"(0, 1800)",0.009994448,1,840.6420241,86.52474999
4,4,4,21J_LD4_01_02_03_04_2024-06-12 12-34-41.mkv,99,TRUE,0.5,50,1800,"{'xs': [[2.0172329606681023, 102.56895709859914, 103.81033640894397, 2.0172329606681023], [2.0172329606681023, 3.25861227101293, 102.56895709859914, 103.81033640894397]], 'ys': [[0.9676622663225698, -0.3553191001370574, 104.1602088501735, 104.8216995334033], [104.8216995334033, 208.67573680048406, 209.9987181669437, 104.1602088501735]]}",dark,FALSE,1,"(1800, 3600)",0.077179345,0.923931149,836.9405205,86.14376537
4,4,4,21J_LD4_01_02_03_04_2024-06-12 12-34-41.mkv,99,TRUE,0.5,50,1800,"{'xs': [[2.0172329606681023, 102.56895709859914, 103.81033640894397, 2.0172329606681023], [2.0172329606681023, 3.25861227101293, 102.56895709859914, 103.81033640894397]], 'ys': [[0.9676622663225698, -0.3553191001370574, 104.1602088501735, 104.8216995334033], [104.8216995334033, 208.67573680048406, 209.9987181669437, 104.1602088501735]]}",dark,FALSE,2,"(3600, 5400)",0.120488617,0.882287618,948.0742096,97.58242106
4,4,4,21J_LD4_01_02_03_04_2024-06-12 12-34-41.mkv,99,TRUE,0.5,50,1800,"{'xs': [[2.0172329606681023, 102.56895709859914, 103.81033640894397, 2.0172329606681023], [2.0172329606681023, 3.25861227101293, 102.56895709859914, 103.81033640894397]], 'ys': [[0.9676622663225698, -0.3553191001370574, 104.1602088501735, 104.8216995334033], [104.8216995334033, 208.67573680048406, 209.9987181669437, 104.1602088501735]]}",dark,FALSE,3,"(5400, 7200)",0.187118268,0.813992227,835.7589721,86.02215216
4,4,4,21J_LD4_01_02_03_04_2024-06-12 12-34-41.mkv,99,TRUE,0.5,50,1800,"{'xs': [[2.0172329606681023, 102.56895709859914, 103.81033640894397, 2.0172329606681023], [2.0172329606681023, 3.25861227101293, 102.56895709859914, 103.81033640894397]], 'ys': [[0.9676622663225698, -0.3553191001370574, 104.1602088501735, 104.8216995334033], [104.8216995334033, 208.67573680048406, 209.9987181669437, 104.1602088501735]]}",dark,FALSE,4,"(7200, 9000)",0,1,506.0671177,52.08796323
5,4,1,21J_LD4_05_06_07_08_2024-06-12 12-48-49.mkv,99,TRUE,0.5,50,1800,"{'xs': [[2.0896834407944294, 104.25835813958962, 104.25835813958962, 2.0896834407944294], [2.0896834407944294, 3.366791874529369, 101.70414127211973, 104.25835813958962]], 'ys': [[0.9654505223403592, 0.9654505223403592, 106.64446286801937, 108.62594434950086], [108.62594434950086, 209.68149990505643, 211.0024875593774, 106.64446286801937]]}",dark,FALSE,0,"(0, 1800)",0,1,759.8746715,77.645192
5,4,1,21J_LD4_05_06_07_08_2024-06-12 12-48-49.mkv,99,TRUE,0.5,50,1800,"{'xs': [[2.0896834407944294, 104.25835813958962, 104.25835813958962, 2.0896834407944294], [2.0896834407944294, 3.366791874529369, 101.70414127211973, 104.25835813958962]], 'ys': [[0.9654505223403592, 0.9654505223403592, 106.64446286801937, 108.62594434950086], [108.62594434950086, 209.68149990505643, 211.0024875593774, 106.64446286801937]]}",dark,FALSE,1,"(1800, 3600)",0,1,587.7789449,60.06017932
5,4,1,21J_LD4_05_06_07_08_2024-06-12 12-48-49.mkv,99,TRUE,0.5,50,1800,"{'xs': [[2.0896834407944294, 104.25835813958962, 104.25835813958962, 2.0896834407944294], [2.0896834407944294, 3.366791874529369, 101.70414127211973, 104.25835813958962]], 'ys': [[0.9654505223403592, 0.9654505223403592, 106.64446286801937, 108.62594434950086], [108.62594434950086, 209.68149990505643, 211.0024875593774, 106.64446286801937]]}",dark,FALSE,2,"(3600, 5400)",0.309827873,0.690172127,903.7839952,92.3500736
5,4,1,21J_LD4_05_06_07_08_2024-06-12 12-48-49.mkv,99,TRUE,0.5,50,1800,"{'xs': [[2.0896834407944294, 104.25835813958962, 104.25835813958962, 2.0896834407944294], [2.0896834407944294, 3.366791874529369, 101.70414127211973, 104.25835813958962]], 'ys': [[0.9654505223403592, 0.9654505223403592, 106.64446286801937, 108.62594434950086], [108.62594434950086, 209.68149990505643, 211.0024875593774, 106.64446286801937]]}",dark,FALSE,3,"(5400, 7200)",0.176013326,0.824541921,820.3078518,83.82034965
5,4,1,21J_LD4_05_06_07_08_2024-06-12 12-48-49.mkv,99,TRUE,0.5,50,1800,"{'xs': [[2.0896834407944294, 104.25835813958962, 104.25835813958962, 2.0896834407944294], [2.0896834407944294, 3.366791874529369, 101.70414127211973, 104.25835813958962]], 'ys': [[0.9654505223403592, 0.9654505223403592, 106.64446286801937, 108.62594434950086], [108.62594434950086, 209.68149990505643, 211.0024875593774, 106.64446286801937]]}",dark,FALSE,4,"(7200, 9000)",0,1,554.8269935,56.69309697
6,4,2,21J_LD4_05_06_07_08_2024-06-12 12-48-49.mkv,99,TRUE,0.5,50,1800,"{'xs': [[1.9834498716204363, 106.08457346712605, 102.41041616375527, 0.7587307704968409], [0.7587307704968409, 4.432888073867628, 103.63513526487887, 102.41041616375527]], 'ys': [[-0.056035232543927546, 0.6064647674560724, 104.61896476745606, 106.60646476745606], [106.60646476745606, 207.30646476745605, 208.63146476745607, 104.61896476745606]]}",dark,FALSE,0,"(0, 1800)",0,1,567.2910579,56.61234284
6,4,2,21J_LD4_05_06_07_08_2024-06-12 12-48-49.mkv,99,TRUE,0.5,50,1800,"{'xs': [[1.9834498716204363, 106.08457346712605, 102.41041616375527, 0.7587307704968409], [0.7587307704968409, 4.432888073867628, 103.63513526487887, 102.41041616375527]], 'ys': [[-0.056035232543927546, 0.6064647674560724, 104.61896476745606, 106.60646476745606], [106.60646476745606, 207.30646476745605, 208.63146476745607, 104.61896476745606]]}",dark,FALSE,1,"(1800, 3600)",0.077734592,0.922265408,673.9590599,67.25718804
6,4,2,21J_LD4_05_06_07_08_2024-06-12 12-48-49.mkv,99,TRUE,0.5,50,1800,"{'xs': [[1.9834498716204363, 106.08457346712605, 102.41041616375527, 0.7587307704968409], [0.7587307704968409, 4.432888073867628, 103.63513526487887, 102.41041616375527]], 'ys': [[-0.056035232543927546, 0.6064647674560724, 104.61896476745606, 106.60646476745606], [106.60646476745606, 207.30646476745605, 208.63146476745607, 104.61896476745606]]}",dark,FALSE,2,"(3600, 5400)",0.16379789,0.83620211,1061.305682,105.9121244
6,4,2,21J_LD4_05_06_07_08_2024-06-12 12-48-49.mkv,99,TRUE,0.5,50,1800,"{'xs': [[1.9834498716204363, 106.08457346712605, 102.41041616375527, 0.7587307704968409], [0.7587307704968409, 4.432888073867628, 103.63513526487887, 102.41041616375527]], 'ys': [[-0.056035232543927546, 0.6064647674560724, 104.61896476745606, 106.60646476745606], [106.60646476745606, 207.30646476745605, 208.63146476745607, 104.61896476745606]]}",dark,FALSE,3,"(5400, 7200)",0.183231538,0.81898945,965.5591268,96.35717601
6,4,2,21J_LD4_05_06_07_08_2024-06-12 12-48-49.mkv,99,TRUE,0.5,50,1800,"{'xs': [[1.9834498716204363, 106.08457346712605, 102.41041616375527, 0.7587307704968409], [0.7587307704968409, 4.432888073867628, 103.63513526487887, 102.41041616375527]], 'ys': [[-0.056035232543927546, 0.6064647674560724, 104.61896476745606, 106.60646476745606], [106.60646476745606, 207.30646476745605, 208.63146476745607, 104.61896476745606]]}",dark,FALSE,4,"(7200, 9000)",0,1,579.8332936,57.8639849
7,4,3,21J_LD4_05_06_07_08_2024-06-12 12-48-49.mkv,99,TRUE,0.5,50,1800,"{'xs': [[2.0526058421415487, 104.01731172449449, 100.24084113625919, 0.7937823127297838], [0.7937823127297838, -0.46504121668198095, 102.75848819508273, 100.24084113625919]], 'ys': [[-0.2841192209942488, 0.37737146223556484, 100.92395531316724, 103.5699180460865], [103.5699180460865, 208.08544599639706, 210.06991804608649, 100.92395531316724]]}",dark,FALSE,0,"(0, 1800)",0.130483065,0.871182676,1043.43837,106.488244
7,4,3,21J_LD4_05_06_07_08_2024-06-12 12-48-49.mkv,99,TRUE,0.5,50,1800,"{'xs': [[2.0526058421415487, 104.01731172449449, 100.24084113625919, 0.7937823127297838], [0.7937823127297838, -0.46504121668198095, 102.75848819508273, 100.24084113625919]], 'ys': [[-0.2841192209942488, 0.37737146223556484, 100.92395531316724, 103.5699180460865], [103.5699180460865, 208.08544599639706, 210.06991804608649, 100.92395531316724]]}",dark,FALSE,1,"(1800, 3600)",0.101610217,0.898389783,1023.453734,104.4487093
7,4,3,21J_LD4_05_06_07_08_2024-06-12 12-48-49.mkv,99,TRUE,0.5,50,1800,"{'xs': [[2.0526058421415487, 104.01731172449449, 100.24084113625919, 0.7937823127297838], [0.7937823127297838, -0.46504121668198095, 102.75848819508273, 100.24084113625919]], 'ys': [[-0.2841192209942488, 0.37737146223556484, 100.92395531316724, 103.5699180460865], [103.5699180460865, 208.08544599639706, 210.06991804608649, 100.92395531316724]]}",dark,FALSE,2,"(3600, 5400)",0.257634647,0.745141588,1328.171628,135.5467352
7,4,3,21J_LD4_05_06_07_08_2024-06-12 12-48-49.mkv,99,TRUE,0.5,50,1800,"{'xs': [[2.0526058421415487, 104.01731172449449, 100.24084113625919, 0.7937823127297838], [0.7937823127297838, -0.46504121668198095, 102.75848819508273, 100.24084113625919]], 'ys': [[-0.2841192209942488, 0.37737146223556484, 100.92395531316724, 103.5699180460865], [103.5699180460865, 208.08544599639706, 210.06991804608649, 100.92395531316724]]}",dark,FALSE,3,"(5400, 7200)",0.147695725,0.856746252,1079.564493,110.1751003
7,4,3,21J_LD4_05_06_07_08_2024-06-12 12-48-49.mkv,99,TRUE,0.5,50,1800,"{'xs': [[2.0526058421415487, 104.01731172449449, 100.24084113625919, 0.7937823127297838], [0.7937823127297838, -0.46504121668198095, 102.75848819508273, 100.24084113625919]], 'ys': [[-0.2841192209942488, 0.37737146223556484, 100.92395531316724, 103.5699180460865], [103.5699180460865, 208.08544599639706, 210.06991804608649, 100.92395531316724]]}",dark,FALSE,4,"(7200, 9000)",0.443642421,0.556357579,899.1730209,91.76522429
8,4,4,21J_LD4_05_06_07_08_2024-06-12 12-48-49.mkv,99,TRUE,0.5,50,1800,"{'xs': [[2.0172329606681023, 102.56895709859914, 103.81033640894397, 2.0172329606681023], [2.0172329606681023, 3.25861227101293, 102.56895709859914, 103.81033640894397]], 'ys': [[0.9676622663225698, -0.3553191001370574, 104.1602088501735, 104.8216995334033], [104.8216995334033, 208.67573680048406, 209.9987181669437, 104.1602088501735]]}",light,FALSE,0,"(0, 1800)",0.127151582,0.872848418,717.5603145,73.85632056
8,4,4,21J_LD4_05_06_07_08_2024-06-12 12-48-49.mkv,99,TRUE,0.5,50,1800,"{'xs': [[2.0172329606681023, 102.56895709859914, 103.81033640894397, 2.0172329606681023], [2.0172329606681023, 3.25861227101293, 102.56895709859914, 103.81033640894397]], 'ys': [[0.9676622663225698, -0.3553191001370574, 104.1602088501735, 104.8216995334033], [104.8216995334033, 208.67573680048406, 209.9987181669437, 104.1602088501735]]}",light,FALSE,1,"(1800, 3600)",0.125485841,0.874514159,830.5541018,85.48643054
8,4,4,21J_LD4_05_06_07_08_2024-06-12 12-48-49.mkv,99,TRUE,0.5,50,1800,"{'xs': [[2.0172329606681023, 102.56895709859914, 103.81033640894397, 2.0172329606681023], [2.0172329606681023, 3.25861227101293, 102.56895709859914, 103.81033640894397]], 'ys': [[0.9676622663225698, -0.3553191001370574, 104.1602088501735, 104.8216995334033], [104.8216995334033, 208.67573680048406, 209.9987181669437, 104.1602088501735]]}",light,FALSE,2,"(3600, 5400)",0,1,517.7506699,53.29051604
8,4,4,21J_LD4_05_06_07_08_2024-06-12 12-48-49.mkv,99,TRUE,0.5,50,1800,"{'xs': [[2.0172329606681023, 102.56895709859914, 103.81033640894397, 2.0172329606681023], [2.0172329606681023, 3.25861227101293, 102.56895709859914, 103.81033640894397]], 'ys': [[0.9676622663225698, -0.3553191001370574, 104.1602088501735, 104.8216995334033], [104.8216995334033, 208.67573680048406, 209.9987181669437, 104.1602088501735]]}",light,FALSE,3,"(5400, 7200)",0,1,639.6139164,65.83353272
8,4,4,21J_LD4_05_06_07_08_2024-06-12 12-48-49.mkv,99,TRUE,0.5,50,1800,"{'xs': [[2.0172329606681023, 102.56895709859914, 103.81033640894397, 2.0172329606681023], [2.0172329606681023, 3.25861227101293, 102.56895709859914, 103.81033640894397]], 'ys': [[0.9676622663225698, -0.3553191001370574, 104.1602088501735, 104.8216995334033], [104.8216995334033, 208.67573680048406, 209.9987181669437, 104.1602088501735]]}",light,FALSE,4,"(7200, 9000)",0.156579678,0.846196557,1043.108711,107.3640358
9,4,1,21J_LD4_09_10_11_12_2024-06-12 12-58-42.mkv,99,TRUE,0.5,50,1800,"{'xs': [[2.0896834407944294, 104.25835813958962, 104.25835813958962, 2.0896834407944294], [2.0896834407944294, 3.366791874529369, 101.70414127211973, 104.25835813958962]], 'ys': [[0.9654505223403592, 0.9654505223403592, 106.64446286801937, 108.62594434950086], [108.62594434950086, 209.68149990505643, 211.0024875593774, 106.64446286801937]]}",light,FALSE,0,"(0, 1800)",0.634647418,0.368128817,1371.155043,140.1067841
9,4,1,21J_LD4_09_10_11_12_2024-06-12 12-58-42.mkv,99,TRUE,0.5,50,1800,"{'xs': [[2.0896834407944294, 104.25835813958962, 104.25835813958962, 2.0896834407944294], [2.0896834407944294, 3.366791874529369, 101.70414127211973, 104.25835813958962]], 'ys': [[0.9654505223403592, 0.9654505223403592, 106.64446286801937, 108.62594434950086], [108.62594434950086, 209.68149990505643, 211.0024875593774, 106.64446286801937]]}",light,FALSE,1,"(1800, 3600)",0.385341477,0.620210994,1455.114917,148.6859364
9,4,1,21J_LD4_09_10_11_12_2024-06-12 12-58-42.mkv,99,TRUE,0.5,50,1800,"{'xs': [[2.0896834407944294, 104.25835813958962, 104.25835813958962, 2.0896834407944294], [2.0896834407944294, 3.366791874529369, 101.70414127211973, 104.25835813958962]], 'ys': [[0.9654505223403592, 0.9654505223403592, 106.64446286801937, 108.62594434950086], [108.62594434950086, 209.68149990505643, 211.0024875593774, 106.64446286801937]]}",light,FALSE,2,"(3600, 5400)",0.222654081,0.785674625,1337.977642,136.716665
9,4,1,21J_LD4_09_10_11_12_2024-06-12 12-58-42.mkv,99,TRUE,0.5,50,1800,"{'xs': [[2.0896834407944294, 104.25835813958962, 104.25835813958962, 2.0896834407944294], [2.0896834407944294, 3.366791874529369, 101.70414127211973, 104.25835813958962]], 'ys': [[0.9654505223403592, 0.9654505223403592, 106.64446286801937, 108.62594434950086], [108.62594434950086, 209.68149990505643, 211.0024875593774, 106.64446286801937]]}",light,FALSE,3,"(5400, 7200)",0.41532482,0.594114381,1491.969197,152.4517649
9,4,1,21J_LD4_09_10_11_12_2024-06-12 12-58-42.mkv,99,TRUE,0.5,50,1800,"{'xs': [[2.0896834407944294, 104.25835813958962, 104.25835813958962, 2.0896834407944294], [2.0896834407944294, 3.366791874529369, 101.70414127211973, 104.25835813958962]], 'ys': [[0.9654505223403592, 0.9654505223403592, 106.64446286801937, 108.62594434950086], [108.62594434950086, 209.68149990505643, 211.0024875593774, 106.64446286801937]]}",light,FALSE,4,"(7200, 9000)",0.029983343,0.970571904,1144.776697,116.9750878
10,4,2,21J_LD4_09_10_11_12_2024-06-12 12-58-42.mkv,99,TRUE,0.5,50,1800,"{'xs': [[1.9834498716204363, 106.08457346712605, 102.41041616375527, 0.7587307704968409], [0.7587307704968409, 4.432888073867628, 103.63513526487887, 102.41041616375527]], 'ys': [[-0.056035232543927546, 0.6064647674560724, 104.61896476745606, 106.60646476745606], [106.60646476745606, 207.30646476745605, 208.63146476745607, 104.61896476745606]]}",dark,FALSE,0,"(0, 1800)",0.10660744,0.896168795,676.8692707,67.54761013
10,4,2,21J_LD4_09_10_11_12_2024-06-12 12-58-42.mkv,99,TRUE,0.5,50,1800,"{'xs': [[1.9834498716204363, 106.08457346712605, 102.41041616375527, 0.7587307704968409], [0.7587307704968409, 4.432888073867628, 103.63513526487887, 102.41041616375527]], 'ys': [[-0.056035232543927546, 0.6064647674560724, 104.61896476745606, 106.60646476745606], [106.60646476745606, 207.30646476745605, 208.63146476745607, 104.61896476745606]]}",dark,FALSE,1,"(1800, 3600)",0,1,410.7943461,40.99488266
10,4,2,21J_LD4_09_10_11_12_2024-06-12 12-58-42.mkv,99,TRUE,0.5,50,1800,"{'xs': [[1.9834498716204363, 106.08457346712605, 102.41041616375527, 0.7587307704968409], [0.7587307704968409, 4.432888073867628, 103.63513526487887, 102.41041616375527]], 'ys': [[-0.056035232543927546, 0.6064647674560724, 104.61896476745606, 106.60646476745606], [106.60646476745606, 207.30646476745605, 208.63146476745607, 104.61896476745606]]}",dark,FALSE,2,"(3600, 5400)",0,1,241.9689883,24.14709545
10,4,2,21J_LD4_09_10_11_12_2024-06-12 12-58-42.mkv,99,TRUE,0.5,50,1800,"{'xs': [[1.9834498716204363, 106.08457346712605, 102.41041616375527, 0.7587307704968409], [0.7587307704968409, 4.432888073867628, 103.63513526487887, 102.41041616375527]], 'ys': [[-0.056035232543927546, 0.6064647674560724, 104.61896476745606, 106.60646476745606], [106.60646476745606, 207.30646476745605, 208.63146476745607, 104.61896476745606]]}",dark,FALSE,3,"(5400, 7200)",0,1,565.7329414,56.45685188
10,4,2,21J_LD4_09_10_11_12_2024-06-12 12-58-42.mkv,99,TRUE,0.5,50,1800,"{'xs': [[1.9834498716204363, 106.08457346712605, 102.41041616375527, 0.7587307704968409], [0.7587307704968409, 4.432888073867628, 103.63513526487887, 102.41041616375527]], 'ys': [[-0.056035232543927546, 0.6064647674560724, 104.61896476745606, 106.60646476745606], [106.60646476745606, 207.30646476745605, 208.63146476745607, 104.61896476745606]]}",dark,FALSE,4,"(7200, 9000)",0,1,622.8177501,62.15358324
11,4,3,21J_LD4_09_10_11_12_2024-06-12 12-58-42.mkv,99,TRUE,0.5,50,1800,"{'xs': [[2.0526058421415487, 104.01731172449449, 100.24084113625919, 0.7937823127297838], [0.7937823127297838, -0.46504121668198095, 102.75848819508273, 100.24084113625919]], 'ys': [[-0.2841192209942488, 0.37737146223556484, 100.92395531316724, 103.5699180460865], [103.5699180460865, 208.08544599639706, 210.06991804608649, 100.92395531316724]]}",dark,FALSE,0,"(0, 1800)",0,1,609.9616829,62.24972206
11,4,3,21J_LD4_09_10_11_12_2024-06-12 12-58-42.mkv,99,TRUE,0.5,50,1800,"{'xs': [[2.0526058421415487, 104.01731172449449, 100.24084113625919, 0.7937823127297838], [0.7937823127297838, -0.46504121668198095, 102.75848819508273, 100.24084113625919]], 'ys': [[-0.2841192209942488, 0.37737146223556484, 100.92395531316724, 103.5699180460865], [103.5699180460865, 208.08544599639706, 210.06991804608649, 100.92395531316724]]}",dark,FALSE,1,"(1800, 3600)",0.20377568,0.797334814,1333.809121,136.1220703
11,4,3,21J_LD4_09_10_11_12_2024-06-12 12-58-42.mkv,99,TRUE,0.5,50,1800,"{'xs': [[2.0526058421415487, 104.01731172449449, 100.24084113625919, 0.7937823127297838], [0.7937823127297838, -0.46504121668198095, 102.75848819508273, 100.24084113625919]], 'ys': [[-0.2841192209942488, 0.37737146223556484, 100.92395531316724, 103.5699180460865], [103.5699180460865, 208.08544599639706, 210.06991804608649, 100.92395531316724]]}",dark,FALSE,2,"(3600, 5400)",0.286507496,0.715158245,1203.312025,122.8041715
11,4,3,21J_LD4_09_10_11_12_2024-06-12 12-58-42.mkv,99,TRUE,0.5,50,1800,"{'xs': [[2.0526058421415487, 104.01731172449449, 100.24084113625919, 0.7937823127297838], [0.7937823127297838, -0.46504121668198095, 102.75848819508273, 100.24084113625919]], 'ys': [[-0.2841192209942488, 0.37737146223556484, 100.92395531316724, 103.5699180460865], [103.5699180460865, 208.08544599639706, 210.06991804608649, 100.92395531316724]]}",dark,FALSE,3,"(5400, 7200)",0.176568573,0.823431427,821.0633873,83.79373507
11,4,3,21J_LD4_09_10_11_12_2024-06-12 12-58-42.mkv,99,TRUE,0.5,50,1800,"{'xs': [[2.0526058421415487, 104.01731172449449, 100.24084113625919, 0.7937823127297838], [0.7937823127297838, -0.46504121668198095, 102.75848819508273, 100.24084113625919]], 'ys': [[-0.2841192209942488, 0.37737146223556484, 100.92395531316724, 103.5699180460865], [103.5699180460865, 208.08544599639706, 210.06991804608649, 100.92395531316724]]}",dark,FALSE,4,"(7200, 9000)",0.210993892,0.790116602,1156.400441,118.0166035
12,4,4,21J_LD4_09_10_11_12_2024-06-12 12-58-42.mkv,99,TRUE,0.5,50,1800,"{'xs': [[2.0172329606681023, 102.56895709859914, 103.81033640894397, 2.0172329606681023], [2.0172329606681023, 3.25861227101293, 102.56895709859914, 103.81033640894397]], 'ys': [[0.9676622663225698, -0.3553191001370574, 104.1602088501735, 104.8216995334033], [104.8216995334033, 208.67573680048406, 209.9987181669437, 104.1602088501735]]}",dark,FALSE,0,"(0, 1800)",0,1,751.1796006,77.31665236
12,4,4,21J_LD4_09_10_11_12_2024-06-12 12-58-42.mkv,99,TRUE,0.5,50,1800,"{'xs': [[2.0172329606681023, 102.56895709859914, 103.81033640894397, 2.0172329606681023], [2.0172329606681023, 3.25861227101293, 102.56895709859914, 103.81033640894397]], 'ys': [[0.9676622663225698, -0.3553191001370574, 104.1602088501735, 104.8216995334033], [104.8216995334033, 208.67573680048406, 209.9987181669437, 104.1602088501735]]}",dark,FALSE,1,"(1800, 3600)",0,1,621.3452037,63.95318919
12,4,4,21J_LD4_09_10_11_12_2024-06-12 12-58-42.mkv,99,TRUE,0.5,50,1800,"{'xs': [[2.0172329606681023, 102.56895709859914, 103.81033640894397, 2.0172329606681023], [2.0172329606681023, 3.25861227101293, 102.56895709859914, 103.81033640894397]], 'ys': [[0.9676622663225698, -0.3553191001370574, 104.1602088501735, 104.8216995334033], [104.8216995334033, 208.67573680048406, 209.9987181669437, 104.1602088501735]]}",dark,FALSE,2,"(3600, 5400)",0.136035536,0.865074958,865.3163954,89.06440866
12,4,4,21J_LD4_09_10_11_12_2024-06-12 12-58-42.mkv,99,TRUE,0.5,50,1800,"{'xs': [[2.0172329606681023, 102.56895709859914, 103.81033640894397, 2.0172329606681023], [2.0172329606681023, 3.25861227101293, 102.56895709859914, 103.81033640894397]], 'ys': [[0.9676622663225698, -0.3553191001370574, 104.1602088501735, 104.8216995334033], [104.8216995334033, 208.67573680048406, 209.9987181669437, 104.1602088501735]]}",dark,FALSE,3,"(5400, 7200)",0,1,662.4499856,68.1839805
12,4,4,21J_LD4_09_10_11_12_2024-06-12 12-58-42.mkv,99,TRUE,0.5,50,1800,"{'xs': [[2.0172329606681023, 102.56895709859914, 103.81033640894397, 2.0172329606681023], [2.0172329606681023, 3.25861227101293, 102.56895709859914, 103.81033640894397]], 'ys': [[0.9676622663225698, -0.3553191001370574, 104.1602088501735, 104.8216995334033], [104.8216995334033, 208.67573680048406, 209.9987181669437, 104.1602088501735]]}",dark,FALSE,4,"(7200, 9000)",0.196557468,0.803442532,755.0020157,77.71008203
13,4,1,21J_LD4_13_14_16_2024-06-12 13-08-26.mkv,99,TRUE,0.5,50,1800,"{'xs': [[2.0896834407944294, 104.25835813958962, 104.25835813958962, 2.0896834407944294], [2.0896834407944294, 3.366791874529369, 101.70414127211973, 104.25835813958962]], 'ys': [[0.9654505223403592, 0.9654505223403592, 106.64446286801937, 108.62594434950086], [108.62594434950086, 209.68149990505643, 211.0024875593774, 106.64446286801937]]}",dark,FALSE,0,"(0, 1800)",0.042198778,0.958356469,674.4278132,68.91409729
13,4,1,21J_LD4_13_14_16_2024-06-12 13-08-26.mkv,99,TRUE,0.5,50,1800,"{'xs': [[2.0896834407944294, 104.25835813958962, 104.25835813958962, 2.0896834407944294], [2.0896834407944294, 3.366791874529369, 101.70414127211973, 104.25835813958962]], 'ys': [[0.9654505223403592, 0.9654505223403592, 106.64446286801937, 108.62594434950086], [108.62594434950086, 209.68149990505643, 211.0024875593774, 106.64446286801937]]}",dark,FALSE,1,"(1800, 3600)",0.010549695,0.991671294,495.3198545,50.61256369
13,4,1,21J_LD4_13_14_16_2024-06-12 13-08-26.mkv,99,TRUE,0.5,50,1800,"{'xs': [[2.0896834407944294, 104.25835813958962, 104.25835813958962, 2.0896834407944294], [2.0896834407944294, 3.366791874529369, 101.70414127211973, 104.25835813958962]], 'ys': [[0.9654505223403592, 0.9654505223403592, 106.64446286801937, 108.62594434950086], [108.62594434950086, 209.68149990505643, 211.0024875593774, 106.64446286801937]]}",dark,FALSE,2,"(3600, 5400)",0.028872848,0.974458634,576.6798386,58.92605513
13,4,1,21J_LD4_13_14_16_2024-06-12 13-08-26.mkv,99,TRUE,0.5,50,1800,"{'xs': [[2.0896834407944294, 104.25835813958962, 104.25835813958962, 2.0896834407944294], [2.0896834407944294, 3.366791874529369, 101.70414127211973, 104.25835813958962]], 'ys': [[0.9654505223403592, 0.9654505223403592, 106.64446286801937, 108.62594434950086], [108.62594434950086, 209.68149990505643, 211.0024875593774, 106.64446286801937]]}",dark,FALSE,3,"(5400, 7200)",0,1,395.1950902,40.38165741
13,4,1,21J_LD4_13_14_16_2024-06-12 13-08-26.mkv,99,TRUE,0.5,50,1800,"{'xs': [[2.0896834407944294, 104.25835813958962, 104.25835813958962, 2.0896834407944294], [2.0896834407944294, 3.366791874529369, 101.70414127211973, 104.25835813958962]], 'ys': [[0.9654505223403592, 0.9654505223403592, 106.64446286801937, 108.62594434950086], [108.62594434950086, 209.68149990505643, 211.0024875593774, 106.64446286801937]]}",dark,FALSE,4,"(7200, 9000)",0,1,438.1418768,44.77002777
14,4,2,21J_LD4_13_14_16_2024-06-12 13-08-26.mkv,99,TRUE,0.5,50,1800,"{'xs': [[1.9834498716204363, 106.08457346712605, 102.41041616375527, 0.7587307704968409], [0.7587307704968409, 4.432888073867628, 103.63513526487887, 102.41041616375527]], 'ys': [[-0.056035232543927546, 0.6064647674560724, 104.61896476745606, 106.60646476745606], [106.60646476745606, 207.30646476745605, 208.63146476745607, 104.61896476745606]]}",light,FALSE,0,"(0, 1800)",0.084952804,0.921154914,911.2332564,90.93577061
14,4,2,21J_LD4_13_14_16_2024-06-12 13-08-26.mkv,99,TRUE,0.5,50,1800,"{'xs': [[1.9834498716204363, 106.08457346712605, 102.41041616375527, 0.7587307704968409], [0.7587307704968409, 4.432888073867628, 103.63513526487887, 102.41041616375527]], 'ys': [[-0.056035232543927546, 0.6064647674560724, 104.61896476745606, 106.60646476745606], [106.60646476745606, 207.30646476745605, 208.63146476745607, 104.61896476745606]]}",light,FALSE,1,"(1800, 3600)",0.166574125,0.834536369,986.8738798,98.48426418
14,4,2,21J_LD4_13_14_16_2024-06-12 13-08-26.mkv,99,TRUE,0.5,50,1800,"{'xs': [[1.9834498716204363, 106.08457346712605, 102.41041616375527, 0.7587307704968409], [0.7587307704968409, 4.432888073867628, 103.63513526487887, 102.41041616375527]], 'ys': [[-0.056035232543927546, 0.6064647674560724, 104.61896476745606, 106.60646476745606], [106.60646476745606, 207.30646476745605, 208.63146476745607, 104.61896476745606]]}",light,FALSE,2,"(3600, 5400)",0.248195447,0.752915047,923.0496884,92.11498169
14,4,2,21J_LD4_13_14_16_2024-06-12 13-08-26.mkv,99,TRUE,0.5,50,1800,"{'xs': [[1.9834498716204363, 106.08457346712605, 102.41041616375527, 0.7587307704968409], [0.7587307704968409, 4.432888073867628, 103.63513526487887, 102.41041616375527]], 'ys': [[-0.056035232543927546, 0.6064647674560724, 104.61896476745606, 106.60646476745606], [106.60646476745606, 207.30646476745605, 208.63146476745607, 104.61896476745606]]}",light,FALSE,3,"(5400, 7200)",0.30094392,0.69905608,1155.964329,115.358506
14,4,2,21J_LD4_13_14_16_2024-06-12 13-08-26.mkv,99,TRUE,0.5,50,1800,"{'xs': [[1.9834498716204363, 106.08457346712605, 102.41041616375527, 0.7587307704968409], [0.7587307704968409, 4.432888073867628, 103.63513526487887, 102.41041616375527]], 'ys': [[-0.056035232543927546, 0.6064647674560724, 104.61896476745606, 106.60646476745606], [106.60646476745606, 207.30646476745605, 208.63146476745607, 104.61896476745606]]}",light,FALSE,4,"(7200, 9000)",0.353137146,0.648528595,1091.306165,108.9059979
16,4,4,21J_LD4_13_14_16_2024-06-12 13-08-26.mkv,99,TRUE,0.5,50,1800,"{'xs': [[2.0172329606681023, 102.56895709859914, 103.81033640894397, 2.0172329606681023], [2.0172329606681023, 3.25861227101293, 102.56895709859914, 103.81033640894397]], 'ys': [[0.9676622663225698, -0.3553191001370574, 104.1602088501735, 104.8216995334033], [104.8216995334033, 208.67573680048406, 209.9987181669437, 104.1602088501735]]}",dark,FALSE,0,"(0, 1800)",0.799000555,0.202109939,1077.031719,110.8556288
16,4,4,21J_LD4_13_14_16_2024-06-12 13-08-26.mkv,99,TRUE,0.5,50,1800,"{'xs': [[2.0172329606681023, 102.56895709859914, 103.81033640894397, 2.0172329606681023], [2.0172329606681023, 3.25861227101293, 102.56895709859914, 103.81033640894397]], 'ys': [[0.9676622663225698, -0.3553191001370574, 104.1602088501735, 104.8216995334033], [104.8216995334033, 208.67573680048406, 209.9987181669437, 104.1602088501735]]}",dark,FALSE,1,"(1800, 3600)",0.47806774,0.524708495,903.4990454,92.99443375
16,4,4,21J_LD4_13_14_16_2024-06-12 13-08-26.mkv,99,TRUE,0.5,50,1800,"{'xs': [[2.0172329606681023, 102.56895709859914, 103.81033640894397, 2.0172329606681023], [2.0172329606681023, 3.25861227101293, 102.56895709859914, 103.81033640894397]], 'ys': [[0.9676622663225698, -0.3553191001370574, 104.1602088501735, 104.8216995334033], [104.8216995334033, 208.67573680048406, 209.9987181669437, 104.1602088501735]]}",dark,FALSE,2,"(3600, 5400)",0.254858412,0.746252082,679.2946496,69.917751
16,4,4,21J_LD4_13_14_16_2024-06-12 13-08-26.mkv,99,TRUE,0.5,50,1800,"{'xs': [[2.0172329606681023, 102.56895709859914, 103.81033640894397, 2.0172329606681023], [2.0172329606681023, 3.25861227101293, 102.56895709859914, 103.81033640894397]], 'ys': [[0.9676622663225698, -0.3553191001370574, 104.1602088501735, 104.8216995334033], [104.8216995334033, 208.67573680048406, 209.9987181669437, 104.1602088501735]]}",dark,FALSE,3,"(5400, 7200)",0.208217657,0.795113826,605.9564235,62.36926842
16,4,4,21J_LD4_13_14_16_2024-06-12 13-08-26.mkv,99,TRUE,0.5,50,1800,"{'xs': [[2.0172329606681023, 102.56895709859914, 103.81033640894397, 2.0172329606681023], [2.0172329606681023, 3.25861227101293, 102.56895709859914, 103.81033640894397]], 'ys': [[0.9676622663225698, -0.3553191001370574, 104.1602088501735, 104.8216995334033], [104.8216995334033, 208.67573680048406, 209.9987181669437, 104.1602088501735]]}",dark,FALSE,4,"(7200, 9000)",0.308717379,0.694614103,755.7492002,77.78698748
17,4,1,21J_LD4_17_18_19_20_2024-06-12 13-18-08.mkv,99,TRUE,0.5,50,2190,"{'xs': [[2.128592031973379, 103.23970314308448, 101.94340684678819, 0.8322957356770828], [0.8322957356770828, 3.424888328269675, 101.94340684678819, 101.94340684678819]], 'ys': [[0.7223610583646647, 1.3828548855251586, 104.4198919225622, 104.4198919225622], [104.4198919225622, 207.45692895959925, 209.43841044108072, 104.4198919225622]]}",dark,FALSE,0,"(0, 1800)",0,1,574.1002685,57.94456546
17,4,1,21J_LD4_17_18_19_20_2024-06-12 13-18-08.mkv,99,TRUE,0.5,50,2190,"{'xs': [[2.128592031973379, 103.23970314308448, 101.94340684678819, 0.8322957356770828], [0.8322957356770828, 3.424888328269675, 101.94340684678819, 101.94340684678819]], 'ys': [[0.7223610583646647, 1.3828548855251586, 104.4198919225622, 104.4198919225622], [104.4198919225622, 207.45692895959925, 209.43841044108072, 104.4198919225622]]}",dark,FALSE,1,"(1800, 3600)",0,1,250.1231721,25.24520422
17,4,1,21J_LD4_17_18_19_20_2024-06-12 13-18-08.mkv,99,TRUE,0.5,50,2190,"{'xs': [[2.128592031973379, 103.23970314308448, 101.94340684678819, 0.8322957356770828], [0.8322957356770828, 3.424888328269675, 101.94340684678819, 101.94340684678819]], 'ys': [[0.7223610583646647, 1.3828548855251586, 104.4198919225622, 104.4198919225622], [104.4198919225622, 207.45692895959925, 209.43841044108072, 104.4198919225622]]}",dark,FALSE,2,"(3600, 5400)",0,1,231.9455445,23.41051647
17,4,1,21J_LD4_17_18_19_20_2024-06-12 13-18-08.mkv,99,TRUE,0.5,50,2190,"{'xs': [[2.128592031973379, 103.23970314308448, 101.94340684678819, 0.8322957356770828], [0.8322957356770828, 3.424888328269675, 101.94340684678819, 101.94340684678819]], 'ys': [[0.7223610583646647, 1.3828548855251586, 104.4198919225622, 104.4198919225622], [104.4198919225622, 207.45692895959925, 209.43841044108072, 104.4198919225622]]}",dark,FALSE,3,"(5400, 7200)",0,1,718.613044,72.53039732
17,4,1,21J_LD4_17_18_19_20_2024-06-12 13-18-08.mkv,99,TRUE,0.5,50,2190,"{'xs': [[2.128592031973379, 103.23970314308448, 101.94340684678819, 0.8322957356770828], [0.8322957356770828, 3.424888328269675, 101.94340684678819, 101.94340684678819]], 'ys': [[0.7223610583646647, 1.3828548855251586, 104.4198919225622, 104.4198919225622], [104.4198919225622, 207.45692895959925, 209.43841044108072, 104.4198919225622]]}",dark,FALSE,4,"(7200, 9000)",0,1,566.5336375,57.18085716
18,4,2,21J_LD4_17_18_19_20_2024-06-12 13-18-08.mkv,99,TRUE,0.5,50,2190,"{'xs': [[4.432888073867628, 104.85985436600247, 103.63513526487887, 4.432888073867628], [4.432888073867628, 6.882326276114818, 104.85985436600247, 103.63513526487887, 103.63513526487887]], 'ys': [[1.2360740002290551, 1.896567827389549, 102.9521233829451, 104.93360486442658], [104.93360486442658, 207.97064190146364, 209.29162955578462, 102.9521233829451, 102.9521233829451]]}",dark,FALSE,0,"(0, 1800)",0.205441421,0.79622432,1244.1754,125.5466755
18,4,2,21J_LD4_17_18_19_20_2024-06-12 13-18-08.mkv,99,TRUE,0.5,50,2190,"{'xs': [[4.432888073867628, 104.85985436600247, 103.63513526487887, 4.432888073867628], [4.432888073867628, 6.882326276114818, 104.85985436600247, 103.63513526487887, 103.63513526487887]], 'ys': [[1.2360740002290551, 1.896567827389549, 102.9521233829451, 104.93360486442658], [104.93360486442658, 207.97064190146364, 209.29162955578462, 102.9521233829451, 102.9521233829451]]}",dark,FALSE,1,"(1800, 3600)",0,1,642.961228,64.879634
18,4,2,21J_LD4_17_18_19_20_2024-06-12 13-18-08.mkv,99,TRUE,0.5,50,2190,"{'xs': [[4.432888073867628, 104.85985436600247, 103.63513526487887, 4.432888073867628], [4.432888073867628, 6.882326276114818, 104.85985436600247, 103.63513526487887, 103.63513526487887]], 'ys': [[1.2360740002290551, 1.896567827389549, 102.9521233829451, 104.93360486442658], [104.93360486442658, 207.97064190146364, 209.29162955578462, 102.9521233829451, 102.9521233829451]]}",dark,FALSE,2,"(3600, 5400)",0.12770683,0.87229317,1018.260089,102.7501178
18,4,2,21J_LD4_17_18_19_20_2024-06-12 13-18-08.mkv,99,TRUE,0.5,50,2190,"{'xs': [[4.432888073867628, 104.85985436600247, 103.63513526487887, 4.432888073867628], [4.432888073867628, 6.882326276114818, 104.85985436600247, 103.63513526487887, 103.63513526487887]], 'ys': [[1.2360740002290551, 1.896567827389549, 102.9521233829451, 104.93360486442658], [104.93360486442658, 207.97064190146364, 209.29162955578462, 102.9521233829451, 102.9521233829451]]}",dark,FALSE,3,"(5400, 7200)",0.088284287,0.912826208,907.4238429,91.56590515
18,4,2,21J_LD4_17_18_19_20_2024-06-12 13-18-08.mkv,99,TRUE,0.5,50,2190,"{'xs': [[4.432888073867628, 104.85985436600247, 103.63513526487887, 4.432888073867628], [4.432888073867628, 6.882326276114818, 104.85985436600247, 103.63513526487887, 103.63513526487887]], 'ys': [[1.2360740002290551, 1.896567827389549, 102.9521233829451, 104.93360486442658], [104.93360486442658, 207.97064190146364, 209.29162955578462, 102.9521233829451, 102.9521233829451]]}",dark,FALSE,4,"(7200, 9000)",0.089950028,0.910049972,1109.628826,111.969912
19,4,3,21J_LD4_17_18_19_20_2024-06-12 13-18-08.mkv,99,TRUE,0.5,50,2190,"{'xs': [[2.0896834407944294, 104.25835813958962, 102.98124970585468, 0.8125750070594898, 0.8125750070594898], [0.8125750070594898, 4.643900308264309, 101.70414127211973, 102.98124970585468]], 'ys': [[3.1441751173984707, 3.1441751173984707, 106.84170598159601, 108.162693635917, 108.162693635917], [108.162693635917, 211.19973067295405, 212.52071832727503, 106.84170598159601]]}",dark,FALSE,0,"(0, 1800)",0.133814547,0.867851194,972.6273647,100.2469633
19,4,3,21J_LD4_17_18_19_20_2024-06-12 13-18-08.mkv,99,TRUE,0.5,50,2190,"{'xs': [[2.0896834407944294, 104.25835813958962, 102.98124970585468, 0.8125750070594898, 0.8125750070594898], [0.8125750070594898, 4.643900308264309, 101.70414127211973, 102.98124970585468]], 'ys': [[3.1441751173984707, 3.1441751173984707, 106.84170598159601, 108.162693635917, 108.162693635917], [108.162693635917, 211.19973067295405, 212.52071832727503, 106.84170598159601]]}",dark,FALSE,1,"(1800, 3600)",0.14658523,0.85341477,800.1707704,82.47217046
19,4,3,21J_LD4_17_18_19_20_2024-06-12 13-18-08.mkv,99,TRUE,0.5,50,2190,"{'xs': [[2.0896834407944294, 104.25835813958962, 102.98124970585468, 0.8125750070594898, 0.8125750070594898], [0.8125750070594898, 4.643900308264309, 101.70414127211973, 102.98124970585468]], 'ys': [[3.1441751173984707, 3.1441751173984707, 106.84170598159601, 108.162693635917, 108.162693635917], [108.162693635917, 211.19973067295405, 212.52071832727503, 106.84170598159601]]}",dark,FALSE,2,"(3600, 5400)",0,1,769.4030948,79.30100116
19,4,3,21J_LD4_17_18_19_20_2024-06-12 13-18-08.mkv,99,TRUE,0.5,50,2190,"{'xs': [[2.0896834407944294, 104.25835813958962, 102.98124970585468, 0.8125750070594898, 0.8125750070594898], [0.8125750070594898, 4.643900308264309, 101.70414127211973, 102.98124970585468]], 'ys': [[3.1441751173984707, 3.1441751173984707, 106.84170598159601, 108.162693635917, 108.162693635917], [108.162693635917, 211.19973067295405, 212.52071832727503, 106.84170598159601]]}",dark,FALSE,3,"(5400, 7200)",0.117712382,0.882287618,914.7386696,94.28047897
19,4,3,21J_LD4_17_18_19_20_2024-06-12 13-18-08.mkv,99,TRUE,0.5,50,2190,"{'xs': [[2.0896834407944294, 104.25835813958962, 102.98124970585468, 0.8125750070594898, 0.8125750070594898], [0.8125750070594898, 4.643900308264309, 101.70414127211973, 102.98124970585468]], 'ys': [[3.1441751173984707, 3.1441751173984707, 106.84170598159601, 108.162693635917, 108.162693635917], [108.162693635917, 211.19973067295405, 212.52071832727503, 106.84170598159601]]}",dark,FALSE,4,"(7200, 9000)",0.439755691,0.560244309,1271.883405,131.0907483
20,4,4,21J_LD4_17_18_19_20_2024-06-12 13-18-08.mkv,99,TRUE,0.5,50,2190,"{'xs': [[2.3560154874559904, 2.3560154874559904, 96.7222126705546, 96.7222126705546], [2.3560154874559904, 3.7644661916813424, 98.13066337477994, 96.7222126705546]], 'ys': [[-0.45162493627774175, 105.04837506372226, 103.0578090259864, 0.21189707630087462], [105.04837506372226, 208.55780902598642, 206.56724298825057, 103.0578090259864]]}",dark,FALSE,0,"(0, 1800)",0.224319822,0.777901166,1113.241766,114.1574211
20,4,4,21J_LD4_17_18_19_20_2024-06-12 13-18-08.mkv,99,TRUE,0.5,50,2190,"{'xs': [[2.3560154874559904, 2.3560154874559904, 96.7222126705546, 96.7222126705546], [2.3560154874559904, 3.7644661916813424, 98.13066337477994, 96.7222126705546]], 'ys': [[-0.45162493627774175, 105.04837506372226, 103.0578090259864, 0.21189707630087462], [105.04837506372226, 208.55780902598642, 206.56724298825057, 103.0578090259864]]}",dark,FALSE,1,"(1800, 3600)",0,1,568.4208518,58.28873882
20,4,4,21J_LD4_17_18_19_20_2024-06-12 13-18-08.mkv,99,TRUE,0.5,50,2190,"{'xs': [[2.3560154874559904, 2.3560154874559904, 96.7222126705546, 96.7222126705546], [2.3560154874559904, 3.7644661916813424, 98.13066337477994, 96.7222126705546]], 'ys': [[-0.45162493627774175, 105.04837506372226, 103.0578090259864, 0.21189707630087462], [105.04837506372226, 208.55780902598642, 206.56724298825057, 103.0578090259864]]}",dark,FALSE,2,"(3600, 5400)",0.423098279,0.578012215,963.1021108,98.76134419
20,4,4,21J_LD4_17_18_19_20_2024-06-12 13-18-08.mkv,99,TRUE,0.5,50,2190,"{'xs': [[2.3560154874559904, 2.3560154874559904, 96.7222126705546, 96.7222126705546], [2.3560154874559904, 3.7644661916813424, 98.13066337477994, 96.7222126705546]], 'ys': [[-0.45162493627774175, 105.04837506372226, 103.0578090259864, 0.21189707630087462], [105.04837506372226, 208.55780902598642, 206.56724298825057, 103.0578090259864]]}",dark,FALSE,3,"(5400, 7200)",0.237090505,0.765130483,845.1297461,86.66386337
20,4,4,21J_LD4_17_18_19_20_2024-06-12 13-18-08.mkv,99,TRUE,0.5,50,2190,"{'xs': [[2.3560154874559904, 2.3560154874559904, 96.7222126705546, 96.7222126705546], [2.3560154874559904, 3.7644661916813424, 98.13066337477994, 96.7222126705546]], 'ys': [[-0.45162493627774175, 105.04837506372226, 103.0578090259864, 0.21189707630087462], [105.04837506372226, 208.55780902598642, 206.56724298825057, 103.0578090259864]]}",dark,FALSE,4,"(7200, 9000)",0.105496946,0.895058301,816.8042965,83.75922902
21,4,1,21J_LD4_21_22_23_24_2024-06-12 13-28-20.mkv,99,TRUE,0.5,50,1800,"{'xs': [[2.0896834407944294, 104.25835813958962, 104.25835813958962, 2.0896834407944294], [2.0896834407944294, 3.366791874529369, 101.70414127211973, 104.25835813958962]], 'ys': [[0.9654505223403592, 0.9654505223403592, 106.64446286801937, 108.62594434950086], [108.62594434950086, 209.68149990505643, 211.0024875593774, 106.64446286801937]]}",dark,FALSE,0,"(0, 1800)",0.125485841,0.874514159,881.7468471,90.09828305
21,4,1,21J_LD4_21_22_23_24_2024-06-12 13-28-20.mkv,99,TRUE,0.5,50,1800,"{'xs': [[2.0896834407944294, 104.25835813958962, 104.25835813958962, 2.0896834407944294], [2.0896834407944294, 3.366791874529369, 101.70414127211973, 104.25835813958962]], 'ys': [[0.9654505223403592, 0.9654505223403592, 106.64446286801937, 108.62594434950086], [108.62594434950086, 209.68149990505643, 211.0024875593774, 106.64446286801937]]}",dark,FALSE,1,"(1800, 3600)",0,1,517.8148274,52.91113548
21,4,1,21J_LD4_21_22_23_24_2024-06-12 13-28-20.mkv,99,TRUE,0.5,50,1800,"{'xs': [[2.0896834407944294, 104.25835813958962, 104.25835813958962, 2.0896834407944294], [2.0896834407944294, 3.366791874529369, 101.70414127211973, 104.25835813958962]], 'ys': [[0.9654505223403592, 0.9654505223403592, 106.64446286801937, 108.62594434950086], [108.62594434950086, 209.68149990505643, 211.0024875593774, 106.64446286801937]]}",dark,FALSE,2,"(3600, 5400)",0,1,510.0574368,52.11847308
21,4,1,21J_LD4_21_22_23_24_2024-06-12 13-28-20.mkv,99,TRUE,0.5,50,1800,"{'xs': [[2.0896834407944294, 104.25835813958962, 104.25835813958962, 2.0896834407944294], [2.0896834407944294, 3.366791874529369, 101.70414127211973, 104.25835813958962]], 'ys': [[0.9654505223403592, 0.9654505223403592, 106.64446286801937, 108.62594434950086], [108.62594434950086, 209.68149990505643, 211.0024875593774, 106.64446286801937]]}",dark,FALSE,3,"(5400, 7200)",0.269294836,0.731260411,993.8076001,101.5488275
21,4,1,21J_LD4_21_22_23_24_2024-06-12 13-28-20.mkv,99,TRUE,0.5,50,1800,"{'xs': [[2.0896834407944294, 104.25835813958962, 104.25835813958962, 2.0896834407944294], [2.0896834407944294, 3.366791874529369, 101.70414127211973, 104.25835813958962]], 'ys': [[0.9654505223403592, 0.9654505223403592, 106.64446286801937, 108.62594434950086], [108.62594434950086, 209.68149990505643, 211.0024875593774, 106.64446286801937]]}",dark,FALSE,4,"(7200, 9000)",0.143808995,0.858411993,1195.950116,122.2040685
22,4,2,21J_LD4_21_22_23_24_2024-06-12 13-28-20.mkv,99,TRUE,0.5,50,1800,"{'xs': [[1.9834498716204363, 106.08457346712605, 102.41041616375527, 0.7587307704968409], [0.7587307704968409, 4.432888073867628, 103.63513526487887, 102.41041616375527]], 'ys': [[-0.056035232543927546, 0.6064647674560724, 104.61896476745606, 106.60646476745606], [106.60646476745606, 207.30646476745605, 208.63146476745607, 104.61896476745606]]}",dark,FALSE,0,"(0, 1800)",0,1,583.1348618,58.19346217
22,4,2,21J_LD4_21_22_23_24_2024-06-12 13-28-20.mkv,99,TRUE,0.5,50,1800,"{'xs': [[1.9834498716204363, 106.08457346712605, 102.41041616375527, 0.7587307704968409], [0.7587307704968409, 4.432888073867628, 103.63513526487887, 102.41041616375527]], 'ys': [[-0.056035232543927546, 0.6064647674560724, 104.61896476745606, 106.60646476745606], [106.60646476745606, 207.30646476745605, 208.63146476745607, 104.61896476745606]]}",dark,FALSE,1,"(1800, 3600)",0,1,277.6957954,27.71242266
22,4,2,21J_LD4_21_22_23_24_2024-06-12 13-28-20.mkv,99,TRUE,0.5,50,1800,"{'xs': [[1.9834498716204363, 106.08457346712605, 102.41041616375527, 0.7587307704968409], [0.7587307704968409, 4.432888073867628, 103.63513526487887, 102.41041616375527]], 'ys': [[-0.056035232543927546, 0.6064647674560724, 104.61896476745606, 106.60646476745606], [106.60646476745606, 207.30646476745605, 208.63146476745607, 104.61896476745606]]}",dark,FALSE,2,"(3600, 5400)",0,1,469.7066041,46.87398282
22,4,2,21J_LD4_21_22_23_24_2024-06-12 13-28-20.mkv,99,TRUE,0.5,50,1800,"{'xs': [[1.9834498716204363, 106.08457346712605, 102.41041616375527, 0.7587307704968409], [0.7587307704968409, 4.432888073867628, 103.63513526487887, 102.41041616375527]], 'ys': [[-0.056035232543927546, 0.6064647674560724, 104.61896476745606, 106.60646476745606], [106.60646476745606, 207.30646476745605, 208.63146476745607, 104.61896476745606]]}",dark,FALSE,3,"(5400, 7200)",0.239866741,0.762354248,1298.689677,129.6016643
22,4,2,21J_LD4_21_22_23_24_2024-06-12 13-28-20.mkv,99,TRUE,0.5,50,1800,"{'xs': [[1.9834498716204363, 106.08457346712605, 102.41041616375527, 0.7587307704968409], [0.7587307704968409, 4.432888073867628, 103.63513526487887, 102.41041616375527]], 'ys': [[-0.056035232543927546, 0.6064647674560724, 104.61896476745606, 106.60646476745606], [106.60646476745606, 207.30646476745605, 208.63146476745607, 104.61896476745606]]}",dark,FALSE,4,"(7200, 9000)",0.257634647,0.743475847,1266.41661,126.3810002
23,4,3,21J_LD4_21_22_23_24_2024-06-12 13-28-20.mkv,99,TRUE,0.5,50,1800,"{'xs': [[2.0526058421415487, 104.01731172449449, 100.24084113625919, 0.7937823127297838], [0.7937823127297838, -0.46504121668198095, 102.75848819508273, 100.24084113625919]], 'ys': [[-0.2841192209942488, 0.37737146223556484, 100.92395531316724, 103.5699180460865], [103.5699180460865, 208.08544599639706, 210.06991804608649, 100.92395531316724]]}",light,FALSE,0,"(0, 1800)",0.107717934,0.89339256,1030.975382,105.216332
23,4,3,21J_LD4_21_22_23_24_2024-06-12 13-28-20.mkv,99,TRUE,0.5,50,1800,"{'xs': [[2.0526058421415487, 104.01731172449449, 100.24084113625919, 0.7937823127297838], [0.7937823127297838, -0.46504121668198095, 102.75848819508273, 100.24084113625919]], 'ys': [[-0.2841192209942488, 0.37737146223556484, 100.92395531316724, 103.5699180460865], [103.5699180460865, 208.08544599639706, 210.06991804608649, 100.92395531316724]]}",light,FALSE,1,"(1800, 3600)",0,1,428.7234985,43.75343464
23,4,3,21J_LD4_21_22_23_24_2024-06-12 13-28-20.mkv,99,TRUE,0.5,50,1800,"{'xs': [[2.0526058421415487, 104.01731172449449, 100.24084113625919, 0.7937823127297838], [0.7937823127297838, -0.46504121668198095, 102.75848819508273, 100.24084113625919]], 'ys': [[-0.2841192209942488, 0.37737146223556484, 100.92395531316724, 103.5699180460865], [103.5699180460865, 208.08544599639706, 210.06991804608649, 100.92395531316724]]}",light,FALSE,2,"(3600, 5400)",0,1,551.6287837,56.29655015
23,4,3,21J_LD4_21_22_23_24_2024-06-12 13-28-20.mkv,99,TRUE,0.5,50,1800,"{'xs': [[2.0526058421415487, 104.01731172449449, 100.24084113625919, 0.7937823127297838], [0.7937823127297838, -0.46504121668198095, 102.75848819508273, 100.24084113625919]], 'ys': [[-0.2841192209942488, 0.37737146223556484, 100.92395531316724, 103.5699180460865], [103.5699180460865, 208.08544599639706, 210.06991804608649, 100.92395531316724]]}",light,FALSE,3,"(5400, 7200)",0.397001666,0.603553581,1198.620741,122.3254019
23,4,3,21J_LD4_21_22_23_24_2024-06-12 13-28-20.mkv,99,TRUE,0.5,50,1800,"{'xs': [[2.0526058421415487, 104.01731172449449, 100.24084113625919, 0.7937823127297838], [0.7937823127297838, -0.46504121668198095, 102.75848819508273, 100.24084113625919]], 'ys': [[-0.2841192209942488, 0.37737146223556484, 100.92395531316724, 103.5699180460865], [103.5699180460865, 208.08544599639706, 210.06991804608649, 100.92395531316724]]}",light,FALSE,4,"(7200, 9000)",0,1,926.9491366,94.59991954
24,4,4,21J_LD4_21_22_23_24_2024-06-12 13-28-20.mkv,99,TRUE,0.5,50,1800,"{'xs': [[2.0172329606681023, 102.56895709859914, 103.81033640894397, 2.0172329606681023], [2.0172329606681023, 3.25861227101293, 102.56895709859914, 103.81033640894397]], 'ys': [[0.9676622663225698, -0.3553191001370574, 104.1602088501735, 104.8216995334033], [104.8216995334033, 208.67573680048406, 209.9987181669437, 104.1602088501735]]}",light,FALSE,0,"(0, 1800)",0.11993337,0.883398112,1234.779179,127.0920995
24,4,4,21J_LD4_21_22_23_24_2024-06-12 13-28-20.mkv,99,TRUE,0.5,50,1800,"{'xs': [[2.0172329606681023, 102.56895709859914, 103.81033640894397, 2.0172329606681023], [2.0172329606681023, 3.25861227101293, 102.56895709859914, 103.81033640894397]], 'ys': [[0.9676622663225698, -0.3553191001370574, 104.1602088501735, 104.8216995334033], [104.8216995334033, 208.67573680048406, 209.9987181669437, 104.1602088501735]]}",light,FALSE,1,"(1800, 3600)",0.171016102,0.83231538,779.6273652,80.24469504
24,4,4,21J_LD4_21_22_23_24_2024-06-12 13-28-20.mkv,99,TRUE,0.5,50,1800,"{'xs': [[2.0172329606681023, 102.56895709859914, 103.81033640894397, 2.0172329606681023], [2.0172329606681023, 3.25861227101293, 102.56895709859914, 103.81033640894397]], 'ys': [[0.9676622663225698, -0.3553191001370574, 104.1602088501735, 104.8216995334033], [104.8216995334033, 208.67573680048406, 209.9987181669437, 104.1602088501735]]}",light,FALSE,2,"(3600, 5400)",0.013881177,0.987229317,749.4423696,77.13784441
24,4,4,21J_LD4_21_22_23_24_2024-06-12 13-28-20.mkv,99,TRUE,0.5,50,1800,"{'xs': [[2.0172329606681023, 102.56895709859914, 103.81033640894397, 2.0172329606681023], [2.0172329606681023, 3.25861227101293, 102.56895709859914, 103.81033640894397]], 'ys': [[0.9676622663225698, -0.3553191001370574, 104.1602088501735, 104.8216995334033], [104.8216995334033, 208.67573680048406, 209.9987181669437, 104.1602088501735]]}",light,FALSE,3,"(5400, 7200)",0.0094392,1,816.9811562,84.08940816
24,4,4,21J_LD4_21_22_23_24_2024-06-12 13-28-20.mkv,99,TRUE,0.5,50,1800,"{'xs': [[2.0172329606681023, 102.56895709859914, 103.81033640894397, 2.0172329606681023], [2.0172329606681023, 3.25861227101293, 102.56895709859914, 103.81033640894397]], 'ys': [[0.9676622663225698, -0.3553191001370574, 104.1602088501735, 104.8216995334033], [104.8216995334033, 208.67573680048406, 209.9987181669437, 104.1602088501735]]}",light,FALSE,4,"(7200, 9000)",0,1,720.2052302,74.12855376
25,4,1,21J_LD4_25_26_27_28_2024-06-12 13-43-16.mkv,99,TRUE,0.5,50,2190,"{'xs': [[2.128592031973379, 103.23970314308448, 101.94340684678819, 0.8322957356770828], [0.8322957356770828, 3.424888328269675, 101.94340684678819, 101.94340684678819]], 'ys': [[0.7223610583646647, 1.3828548855251586, 104.4198919225622, 104.4198919225622], [104.4198919225622, 207.45692895959925, 209.43841044108072, 104.4198919225622]]}",dark,FALSE,0,"(0, 1800)",0,1,652.3195833,65.83932611
25,4,1,21J_LD4_25_26_27_28_2024-06-12 13-43-16.mkv,99,TRUE,0.5,50,2190,"{'xs': [[2.128592031973379, 103.23970314308448, 101.94340684678819, 0.8322957356770828], [0.8322957356770828, 3.424888328269675, 101.94340684678819, 101.94340684678819]], 'ys': [[0.7223610583646647, 1.3828548855251586, 104.4198919225622, 104.4198919225622], [104.4198919225622, 207.45692895959925, 209.43841044108072, 104.4198919225622]]}",dark,FALSE,1,"(1800, 3600)",0,1,506.0979905,51.08102147
25,4,1,21J_LD4_25_26_27_28_2024-06-12 13-43-16.mkv,99,TRUE,0.5,50,2190,"{'xs': [[2.128592031973379, 103.23970314308448, 101.94340684678819, 0.8322957356770828], [0.8322957356770828, 3.424888328269675, 101.94340684678819, 101.94340684678819]], 'ys': [[0.7223610583646647, 1.3828548855251586, 104.4198919225622, 104.4198919225622], [104.4198919225622, 207.45692895959925, 209.43841044108072, 104.4198919225622]]}",dark,FALSE,2,"(3600, 5400)",0,1,522.8829138,52.77514207
25,4,1,21J_LD4_25_26_27_28_2024-06-12 13-43-16.mkv,99,TRUE,0.5,50,2190,"{'xs': [[2.128592031973379, 103.23970314308448, 101.94340684678819, 0.8322957356770828], [0.8322957356770828, 3.424888328269675, 101.94340684678819, 101.94340684678819]], 'ys': [[0.7223610583646647, 1.3828548855251586, 104.4198919225622, 104.4198919225622], [104.4198919225622, 207.45692895959925, 209.43841044108072, 104.4198919225622]]}",dark,FALSE,3,"(5400, 7200)",0,1,684.9861304,69.13639629
25,4,1,21J_LD4_25_26_27_28_2024-06-12 13-43-16.mkv,99,TRUE,0.5,50,2190,"{'xs': [[2.128592031973379, 103.23970314308448, 101.94340684678819, 0.8322957356770828], [0.8322957356770828, 3.424888328269675, 101.94340684678819, 101.94340684678819]], 'ys': [[0.7223610583646647, 1.3828548855251586, 104.4198919225622, 104.4198919225622], [104.4198919225622, 207.45692895959925, 209.43841044108072, 104.4198919225622]]}",dark,FALSE,4,"(7200, 9000)",0.182676291,0.81898945,1051.120441,106.0907311
26,4,2,21J_LD4_25_26_27_28_2024-06-12 13-43-16.mkv,99,TRUE,0.5,50,2190,"{'xs': [[4.432888073867628, 104.85985436600247, 103.63513526487887, 4.432888073867628], [4.432888073867628, 6.882326276114818, 104.85985436600247, 103.63513526487887, 103.63513526487887]], 'ys': [[1.2360740002290551, 1.896567827389549, 102.9521233829451, 104.93360486442658], [104.93360486442658, 207.97064190146364, 209.29162955578462, 102.9521233829451, 102.9521233829451]]}",dark,FALSE,0,"(0, 1800)",0.248195447,0.7523598,1049.922855,105.9451295
26,4,2,21J_LD4_25_26_27_28_2024-06-12 13-43-16.mkv,99,TRUE,0.5,50,2190,"{'xs': [[4.432888073867628, 104.85985436600247, 103.63513526487887, 4.432888073867628], [4.432888073867628, 6.882326276114818, 104.85985436600247, 103.63513526487887, 103.63513526487887]], 'ys': [[1.2360740002290551, 1.896567827389549, 102.9521233829451, 104.93360486442658], [104.93360486442658, 207.97064190146364, 209.29162955578462, 102.9521233829451, 102.9521233829451]]}",dark,FALSE,1,"(1800, 3600)",0.139922265,0.862298723,911.8076794,92.00826729
26,4,2,21J_LD4_25_26_27_28_2024-06-12 13-43-16.mkv,99,TRUE,0.5,50,2190,"{'xs': [[4.432888073867628, 104.85985436600247, 103.63513526487887, 4.432888073867628], [4.432888073867628, 6.882326276114818, 104.85985436600247, 103.63513526487887, 103.63513526487887]], 'ys': [[1.2360740002290551, 1.896567827389549, 102.9521233829451, 104.93360486442658], [104.93360486442658, 207.97064190146364, 209.29162955578462, 102.9521233829451, 102.9521233829451]]}",dark,FALSE,2,"(3600, 5400)",0.176013326,0.823986674,1267.604334,127.9108315
26,4,2,21J_LD4_25_26_27_28_2024-06-12 13-43-16.mkv,99,TRUE,0.5,50,2190,"{'xs': [[4.432888073867628, 104.85985436600247, 103.63513526487887, 4.432888073867628], [4.432888073867628, 6.882326276114818, 104.85985436600247, 103.63513526487887, 103.63513526487887]], 'ys': [[1.2360740002290551, 1.896567827389549, 102.9521233829451, 104.93360486442658], [104.93360486442658, 207.97064190146364, 209.29162955578462, 102.9521233829451, 102.9521233829451]]}",dark,FALSE,3,"(5400, 7200)",0.071626874,0.92948362,832.5522123,84.01079331
26,4,2,21J_LD4_25_26_27_28_2024-06-12 13-43-16.mkv,99,TRUE,0.5,50,2190,"{'xs': [[4.432888073867628, 104.85985436600247, 103.63513526487887, 4.432888073867628], [4.432888073867628, 6.882326276114818, 104.85985436600247, 103.63513526487887, 103.63513526487887]], 'ys': [[1.2360740002290551, 1.896567827389549, 102.9521233829451, 104.93360486442658], [104.93360486442658, 207.97064190146364, 209.29162955578462, 102.9521233829451, 102.9521233829451]]}",dark,FALSE,4,"(7200, 9000)",0.187673515,0.815102721,1183.473508,119.421397
27,4,3,21J_LD4_25_26_27_28_2024-06-12 13-43-16.mkv,99,TRUE,0.5,50,2190,"{'xs': [[2.0896834407944294, 104.25835813958962, 102.98124970585468, 0.8125750070594898, 0.8125750070594898], [0.8125750070594898, 4.643900308264309, 101.70414127211973, 102.98124970585468]], 'ys': [[3.1441751173984707, 3.1441751173984707, 106.84170598159601, 108.162693635917, 108.162693635917], [108.162693635917, 211.19973067295405, 212.52071832727503, 106.84170598159601]]}",dark,FALSE,0,"(0, 1800)",0.395891172,0.605219323,1600.084085,164.9178054
27,4,3,21J_LD4_25_26_27_28_2024-06-12 13-43-16.mkv,99,TRUE,0.5,50,2190,"{'xs': [[2.0896834407944294, 104.25835813958962, 102.98124970585468, 0.8125750070594898, 0.8125750070594898], [0.8125750070594898, 4.643900308264309, 101.70414127211973, 102.98124970585468]], 'ys': [[3.1441751173984707, 3.1441751173984707, 106.84170598159601, 108.162693635917, 108.162693635917], [108.162693635917, 211.19973067295405, 212.52071832727503, 106.84170598159601]]}",dark,FALSE,1,"(1800, 3600)",0.080510827,0.920599667,990.5442857,102.0936283
27,4,3,21J_LD4_25_26_27_28_2024-06-12 13-43-16.mkv,99,TRUE,0.5,50,2190,"{'xs': [[2.0896834407944294, 104.25835813958962, 102.98124970585468, 0.8125750070594898, 0.8125750070594898], [0.8125750070594898, 4.643900308264309, 101.70414127211973, 102.98124970585468]], 'ys': [[3.1441751173984707, 3.1441751173984707, 106.84170598159601, 108.162693635917, 108.162693635917], [108.162693635917, 211.19973067295405, 212.52071832727503, 106.84170598159601]]}",dark,FALSE,2,"(3600, 5400)",0.30483065,0.696279845,1015.398742,104.6553326
27,4,3,21J_LD4_25_26_27_28_2024-06-12 13-43-16.mkv,99,TRUE,0.5,50,2190,"{'xs': [[2.0896834407944294, 104.25835813958962, 102.98124970585468, 0.8125750070594898, 0.8125750070594898], [0.8125750070594898, 4.643900308264309, 101.70414127211973, 102.98124970585468]], 'ys': [[3.1441751173984707, 3.1441751173984707, 106.84170598159601, 108.162693635917, 108.162693635917], [108.162693635917, 211.19973067295405, 212.52071832727503, 106.84170598159601]]}",dark,FALSE,3,"(5400, 7200)",0.246529706,0.753470294,998.4465746,102.9081031
27,4,3,21J_LD4_25_26_27_28_2024-06-12 13-43-16.mkv,99,TRUE,0.5,50,2190,"{'xs': [[2.0896834407944294, 104.25835813958962, 102.98124970585468, 0.8125750070594898, 0.8125750070594898], [0.8125750070594898, 4.643900308264309, 101.70414127211973, 102.98124970585468]], 'ys': [[3.1441751173984707, 3.1441751173984707, 106.84170598159601, 108.162693635917, 108.162693635917], [108.162693635917, 211.19973067295405, 212.52071832727503, 106.84170598159601]]}",dark,FALSE,4,"(7200, 9000)",0,1,597.8134376,61.61556202
28,4,4,21J_LD4_25_26_27_28_2024-06-12 13-43-16.mkv,99,TRUE,0.5,50,2190,"{'xs': [[2.3560154874559904, 2.3560154874559904, 96.7222126705546, 96.7222126705546], [2.3560154874559904, 3.7644661916813424, 98.13066337477994, 96.7222126705546]], 'ys': [[-0.45162493627774175, 105.04837506372226, 103.0578090259864, 0.21189707630087462], [105.04837506372226, 208.55780902598642, 206.56724298825057, 103.0578090259864]]}",light,FALSE,0,"(0, 1800)",0.392004442,0.61521377,1229.280952,126.056664
28,4,4,21J_LD4_25_26_27_28_2024-06-12 13-43-16.mkv,99,TRUE,0.5,50,2190,"{'xs': [[2.3560154874559904, 2.3560154874559904, 96.7222126705546, 96.7222126705546], [2.3560154874559904, 3.7644661916813424, 98.13066337477994, 96.7222126705546]], 'ys': [[-0.45162493627774175, 105.04837506372226, 103.0578090259864, 0.21189707630087462], [105.04837506372226, 208.55780902598642, 206.56724298825057, 103.0578090259864]]}",light,FALSE,1,"(1800, 3600)",0.312048862,0.705719045,904.3502567,92.73663298
28,4,4,21J_LD4_25_26_27_28_2024-06-12 13-43-16.mkv,99,TRUE,0.5,50,2190,"{'xs': [[2.3560154874559904, 2.3560154874559904, 96.7222126705546, 96.7222126705546], [2.3560154874559904, 3.7644661916813424, 98.13066337477994, 96.7222126705546]], 'ys': [[-0.45162493627774175, 105.04837506372226, 103.0578090259864, 0.21189707630087462], [105.04837506372226, 208.55780902598642, 206.56724298825057, 103.0578090259864]]}",light,FALSE,2,"(3600, 5400)",0.314825097,0.690727374,761.0295591,78.03980636
28,4,4,21J_LD4_25_26_27_28_2024-06-12 13-43-16.mkv,99,TRUE,0.5,50,2190,"{'xs': [[2.3560154874559904, 2.3560154874559904, 96.7222126705546, 96.7222126705546], [2.3560154874559904, 3.7644661916813424, 98.13066337477994, 96.7222126705546]], 'ys': [[-0.45162493627774175, 105.04837506372226, 103.0578090259864, 0.21189707630087462], [105.04837506372226, 208.55780902598642, 206.56724298825057, 103.0578090259864]]}",light,FALSE,3,"(5400, 7200)",0,1,629.7828213,64.58110442
28,4,4,21J_LD4_25_26_27_28_2024-06-12 13-43-16.mkv,99,TRUE,0.5,50,2190,"{'xs': [[2.3560154874559904, 2.3560154874559904, 96.7222126705546, 96.7222126705546], [2.3560154874559904, 3.7644661916813424, 98.13066337477994, 96.7222126705546]], 'ys': [[-0.45162493627774175, 105.04837506372226, 103.0578090259864, 0.21189707630087462], [105.04837506372226, 208.55780902598642, 206.56724298825057, 103.0578090259864]]}",light,FALSE,4,"(7200, 9000)",0.167129373,0.833981122,985.901725,101.0993315
29,4,1,21J_LD4_29_31_32_2024-06-12 13-53-33.mkv,99,TRUE,0.5,50,1800,"{'xs': [[2.0896834407944294, 104.25835813958962, 104.25835813958962, 2.0896834407944294], [2.0896834407944294, 3.366791874529369, 101.70414127211973, 104.25835813958962]], 'ys': [[0.9654505223403592, 0.9654505223403592, 106.64446286801937, 108.62594434950086], [108.62594434950086, 209.68149990505643, 211.0024875593774, 106.64446286801937]]}",dark,FALSE,0,"(0, 1800)",0,1,848.074076,86.65754621
29,4,1,21J_LD4_29_31_32_2024-06-12 13-53-33.mkv,99,TRUE,0.5,50,1800,"{'xs': [[2.0896834407944294, 104.25835813958962, 104.25835813958962, 2.0896834407944294], [2.0896834407944294, 3.366791874529369, 101.70414127211973, 104.25835813958962]], 'ys': [[0.9654505223403592, 0.9654505223403592, 106.64446286801937, 108.62594434950086], [108.62594434950086, 209.68149990505643, 211.0024875593774, 106.64446286801937]]}",dark,FALSE,1,"(1800, 3600)",0.089394781,0.911715713,590.9327407,60.38243915
29,4,1,21J_LD4_29_31_32_2024-06-12 13-53-33.mkv,99,TRUE,0.5,50,1800,"{'xs': [[2.0896834407944294, 104.25835813958962, 104.25835813958962, 2.0896834407944294], [2.0896834407944294, 3.366791874529369, 101.70414127211973, 104.25835813958962]], 'ys': [[0.9654505223403592, 0.9654505223403592, 106.64446286801937, 108.62594434950086], [108.62594434950086, 209.68149990505643, 211.0024875593774, 106.64446286801937]]}",dark,FALSE,2,"(3600, 5400)",0.286507496,0.715713493,1473.865818,150.6019331
29,4,1,21J_LD4_29_31_32_2024-06-12 13-53-33.mkv,99,TRUE,0.5,50,1800,"{'xs': [[2.0896834407944294, 104.25835813958962, 104.25835813958962, 2.0896834407944294], [2.0896834407944294, 3.366791874529369, 101.70414127211973, 104.25835813958962]], 'ys': [[0.9654505223403592, 0.9654505223403592, 106.64446286801937, 108.62594434950086], [108.62594434950086, 209.68149990505643, 211.0024875593774, 106.64446286801937]]}",dark,FALSE,3,"(5400, 7200)",0,1,907.5795086,92.73790514
29,4,1,21J_LD4_29_31_32_2024-06-12 13-53-33.mkv,99,TRUE,0.5,50,1800,"{'xs': [[2.0896834407944294, 104.25835813958962, 104.25835813958962, 2.0896834407944294], [2.0896834407944294, 3.366791874529369, 101.70414127211973, 104.25835813958962]], 'ys': [[0.9654505223403592, 0.9654505223403592, 106.64446286801937, 108.62594434950086], [108.62594434950086, 209.68149990505643, 211.0024875593774, 106.64446286801937]]}",dark,FALSE,4,"(7200, 9000)",0.119378123,0.881177124,927.0765794,94.73014657
31,4,3,21J_LD4_29_31_32_2024-06-12 13-53-33.mkv,99,TRUE,0.5,50,1800,"{'xs': [[2.0526058421415487, 104.01731172449449, 100.24084113625919, 0.7937823127297838], [0.7937823127297838, -0.46504121668198095, 102.75848819508273, 100.24084113625919]], 'ys': [[-0.2841192209942488, 0.37737146223556484, 100.92395531316724, 103.5699180460865], [103.5699180460865, 208.08544599639706, 210.06991804608649, 100.92395531316724]]}",dark,FALSE,0,"(0, 1800)",0.080510827,0.918933926,1279.029309,130.5315091
31,4,3,21J_LD4_29_31_32_2024-06-12 13-53-33.mkv,99,TRUE,0.5,50,1800,"{'xs': [[2.0526058421415487, 104.01731172449449, 100.24084113625919, 0.7937823127297838], [0.7937823127297838, -0.46504121668198095, 102.75848819508273, 100.24084113625919]], 'ys': [[-0.2841192209942488, 0.37737146223556484, 100.92395531316724, 103.5699180460865], [103.5699180460865, 208.08544599639706, 210.06991804608649, 100.92395531316724]]}",dark,FALSE,1,"(1800, 3600)",0.316490838,0.683509162,875.3587227,89.33485287
31,4,3,21J_LD4_29_31_32_2024-06-12 13-53-33.mkv,99,TRUE,0.5,50,1800,"{'xs': [[2.0526058421415487, 104.01731172449449, 100.24084113625919, 0.7937823127297838], [0.7937823127297838, -0.46504121668198095, 102.75848819508273, 100.24084113625919]], 'ys': [[-0.2841192209942488, 0.37737146223556484, 100.92395531316724, 103.5699180460865], [103.5699180460865, 208.08544599639706, 210.06991804608649, 100.92395531316724]]}",dark,FALSE,2,"(3600, 5400)",0,1,740.4643292,75.56818729
31,4,3,21J_LD4_29_31_32_2024-06-12 13-53-33.mkv,99,TRUE,0.5,50,1800,"{'xs': [[2.0526058421415487, 104.01731172449449, 100.24084113625919, 0.7937823127297838], [0.7937823127297838, -0.46504121668198095, 102.75848819508273, 100.24084113625919]], 'ys': [[-0.2841192209942488, 0.37737146223556484, 100.92395531316724, 103.5699180460865], [103.5699180460865, 208.08544599639706, 210.06991804608649, 100.92395531316724]]}",dark,FALSE,3,"(5400, 7200)",0.193225986,0.806774014,904.8094205,92.34044782
31,4,3,21J_LD4_29_31_32_2024-06-12 13-53-33.mkv,99,TRUE,0.5,50,1800,"{'xs': [[2.0526058421415487, 104.01731172449449, 100.24084113625919, 0.7937823127297838], [0.7937823127297838, -0.46504121668198095, 102.75848819508273, 100.24084113625919]], 'ys': [[-0.2841192209942488, 0.37737146223556484, 100.92395531316724, 103.5699180460865], [103.5699180460865, 208.08544599639706, 210.06991804608649, 100.92395531316724]]}",dark,FALSE,4,"(7200, 9000)",0.221543587,0.779566907,934.4962963,95.37014595
32,4,4,21J_LD4_29_31_32_2024-06-12 13-53-33.mkv,99,TRUE,0.5,50,1800,"{'xs': [[2.0172329606681023, 102.56895709859914, 103.81033640894397, 2.0172329606681023], [2.0172329606681023, 3.25861227101293, 102.56895709859914, 103.81033640894397]], 'ys': [[0.9676622663225698, -0.3553191001370574, 104.1602088501735, 104.8216995334033], [104.8216995334033, 208.67573680048406, 209.9987181669437, 104.1602088501735]]}",dark,FALSE,0,"(0, 1800)",0.326485286,0.673514714,1406.904182,144.8084073
32,4,4,21J_LD4_29_31_32_2024-06-12 13-53-33.mkv,99,TRUE,0.5,50,1800,"{'xs': [[2.0172329606681023, 102.56895709859914, 103.81033640894397, 2.0172329606681023], [2.0172329606681023, 3.25861227101293, 102.56895709859914, 103.81033640894397]], 'ys': [[0.9676622663225698, -0.3553191001370574, 104.1602088501735, 104.8216995334033], [104.8216995334033, 208.67573680048406, 209.9987181669437, 104.1602088501735]]}",dark,FALSE,1,"(1800, 3600)",0.519156024,0.480843976,1422.178353,146.3805317
32,4,4,21J_LD4_29_31_32_2024-06-12 13-53-33.mkv,99,TRUE,0.5,50,1800,"{'xs': [[2.0172329606681023, 102.56895709859914, 103.81033640894397, 2.0172329606681023], [2.0172329606681023, 3.25861227101293, 102.56895709859914, 103.81033640894397]], 'ys': [[0.9676622663225698, -0.3553191001370574, 104.1602088501735, 104.8216995334033], [104.8216995334033, 208.67573680048406, 209.9987181669437, 104.1602088501735]]}",dark,FALSE,2,"(3600, 5400)",0.361465852,0.639644642,1651.591113,169.9932956
32,4,4,21J_LD4_29_31_32_2024-06-12 13-53-33.mkv,99,TRUE,0.5,50,1800,"{'xs': [[2.0172329606681023, 102.56895709859914, 103.81033640894397, 2.0172329606681023], [2.0172329606681023, 3.25861227101293, 102.56895709859914, 103.81033640894397]], 'ys': [[0.9676622663225698, -0.3553191001370574, 104.1602088501735, 104.8216995334033], [104.8216995334033, 208.67573680048406, 209.9987181669437, 104.1602088501735]]}",dark,FALSE,3,"(5400, 7200)",0.470294281,0.53137146,1264.573037,130.1586915
32,4,4,21J_LD4_29_31_32_2024-06-12 13-53-33.mkv,99,TRUE,0.5,50,1800,"{'xs': [[2.0172329606681023, 102.56895709859914, 103.81033640894397, 2.0172329606681023], [2.0172329606681023, 3.25861227101293, 102.56895709859914, 103.81033640894397]], 'ys': [[0.9676622663225698, -0.3553191001370574, 104.1602088501735, 104.8216995334033], [104.8216995334033, 208.67573680048406, 209.9987181669437, 104.1602088501735]]}",dark,FALSE,4,"(7200, 9000)",0.112159911,0.887840089,873.7984403,89.93743998
33,4,1,21J_LD4_33_34_35_36_2024-06-12 14-05-55.mkv,99,TRUE,0.5,50,1800,"{'xs': [[2.0896834407944294, 104.25835813958962, 104.25835813958962, 2.0896834407944294], [2.0896834407944294, 3.366791874529369, 101.70414127211973, 104.25835813958962]], 'ys': [[0.9654505223403592, 0.9654505223403592, 106.64446286801937, 108.62594434950086], [108.62594434950086, 209.68149990505643, 211.0024875593774, 106.64446286801937]]}",light,FALSE,0,"(0, 1800)",0.085508051,0.915602443,772.8042957,78.96636138
33,4,1,21J_LD4_33_34_35_36_2024-06-12 14-05-55.mkv,99,TRUE,0.5,50,1800,"{'xs': [[2.0896834407944294, 104.25835813958962, 104.25835813958962, 2.0896834407944294], [2.0896834407944294, 3.366791874529369, 101.70414127211973, 104.25835813958962]], 'ys': [[0.9654505223403592, 0.9654505223403592, 106.64446286801937, 108.62594434950086], [108.62594434950086, 209.68149990505643, 211.0024875593774, 106.64446286801937]]}",light,FALSE,1,"(1800, 3600)",0,1,428.2102654,43.75520007
33,4,1,21J_LD4_33_34_35_36_2024-06-12 14-05-55.mkv,99,TRUE,0.5,50,1800,"{'xs': [[2.0896834407944294, 104.25835813958962, 104.25835813958962, 2.0896834407944294], [2.0896834407944294, 3.366791874529369, 101.70414127211973, 104.25835813958962]], 'ys': [[0.9654505223403592, 0.9654505223403592, 106.64446286801937, 108.62594434950086], [108.62594434950086, 209.68149990505643, 211.0024875593774, 106.64446286801937]]}",light,FALSE,2,"(3600, 5400)",0.11049417,0.88950583,766.1622858,78.28767035
33,4,1,21J_LD4_33_34_35_36_2024-06-12 14-05-55.mkv,99,TRUE,0.5,50,1800,"{'xs': [[2.0896834407944294, 104.25835813958962, 104.25835813958962, 2.0896834407944294], [2.0896834407944294, 3.366791874529369, 101.70414127211973, 104.25835813958962]], 'ys': [[0.9654505223403592, 0.9654505223403592, 106.64446286801937, 108.62594434950086], [108.62594434950086, 209.68149990505643, 211.0024875593774, 106.64446286801937]]}",light,FALSE,3,"(5400, 7200)",0.089950028,0.911160466,711.3734982,72.68926564
33,4,1,21J_LD4_33_34_35_36_2024-06-12 14-05-55.mkv,99,TRUE,0.5,50,1800,"{'xs': [[2.0896834407944294, 104.25835813958962, 104.25835813958962, 2.0896834407944294], [2.0896834407944294, 3.366791874529369, 101.70414127211973, 104.25835813958962]], 'ys': [[0.9654505223403592, 0.9654505223403592, 106.64446286801937, 108.62594434950086], [108.62594434950086, 209.68149990505643, 211.0024875593774, 106.64446286801937]]}",light,FALSE,4,"(7200, 9000)",0.276513048,0.724597446,880.9702731,90.01893149
34,4,2,21J_LD4_33_34_35_36_2024-06-12 14-05-55.mkv,99,TRUE,0.5,50,1800,"{'xs': [[1.9834498716204363, 106.08457346712605, 102.41041616375527, 0.7587307704968409], [0.7587307704968409, 4.432888073867628, 103.63513526487887, 102.41041616375527]], 'ys': [[-0.056035232543927546, 0.6064647674560724, 104.61896476745606, 106.60646476745606], [106.60646476745606, 207.30646476745605, 208.63146476745607, 104.61896476745606]]}",dark,FALSE,0,"(0, 1800)",0,1,323.8137669,32.31472757
34,4,2,21J_LD4_33_34_35_36_2024-06-12 14-05-55.mkv,99,TRUE,0.5,50,1800,"{'xs': [[1.9834498716204363, 106.08457346712605, 102.41041616375527, 0.7587307704968409], [0.7587307704968409, 4.432888073867628, 103.63513526487887, 102.41041616375527]], 'ys': [[-0.056035232543927546, 0.6064647674560724, 104.61896476745606, 106.60646476745606], [106.60646476745606, 207.30646476745605, 208.63146476745607, 104.61896476745606]]}",dark,FALSE,1,"(1800, 3600)",0.148250972,0.852859522,967.986105,96.59937429
34,4,2,21J_LD4_33_34_35_36_2024-06-12 14-05-55.mkv,99,TRUE,0.5,50,1800,"{'xs': [[1.9834498716204363, 106.08457346712605, 102.41041616375527, 0.7587307704968409], [0.7587307704968409, 4.432888073867628, 103.63513526487887, 102.41041616375527]], 'ys': [[-0.056035232543927546, 0.6064647674560724, 104.61896476745606, 106.60646476745606], [106.60646476745606, 207.30646476745605, 208.63146476745607, 104.61896476745606]]}",dark,FALSE,2,"(3600, 5400)",0,1,799.6722263,79.8026297
34,4,2,21J_LD4_33_34_35_36_2024-06-12 14-05-55.mkv,99,TRUE,0.5,50,1800,"{'xs': [[1.9834498716204363, 106.08457346712605, 102.41041616375527, 0.7587307704968409], [0.7587307704968409, 4.432888073867628, 103.63513526487887, 102.41041616375527]], 'ys': [[-0.056035232543927546, 0.6064647674560724, 104.61896476745606, 106.60646476745606], [106.60646476745606, 207.30646476745605, 208.63146476745607, 104.61896476745606]]}",dark,FALSE,3,"(5400, 7200)",0,1,568.9832349,56.78121224
34,4,2,21J_LD4_33_34_35_36_2024-06-12 14-05-55.mkv,99,TRUE,0.5,50,1800,"{'xs': [[1.9834498716204363, 106.08457346712605, 102.41041616375527, 0.7587307704968409], [0.7587307704968409, 4.432888073867628, 103.63513526487887, 102.41041616375527]], 'ys': [[-0.056035232543927546, 0.6064647674560724, 104.61896476745606, 106.60646476745606], [106.60646476745606, 207.30646476745605, 208.63146476745607, 104.61896476745606]]}",dark,FALSE,4,"(7200, 9000)",0,1,572.6154917,57.1436903
35,4,3,21J_LD4_33_34_35_36_2024-06-12 14-05-55.mkv,99,TRUE,0.5,50,1800,"{'xs': [[2.0526058421415487, 104.01731172449449, 100.24084113625919, 0.7937823127297838], [0.7937823127297838, -0.46504121668198095, 102.75848819508273, 100.24084113625919]], 'ys': [[-0.2841192209942488, 0.37737146223556484, 100.92395531316724, 103.5699180460865], [103.5699180460865, 208.08544599639706, 210.06991804608649, 100.92395531316724]]}",dark,FALSE,0,"(0, 1800)",0.188228762,0.813992227,1221.874206,124.6985374
35,4,3,21J_LD4_33_34_35_36_2024-06-12 14-05-55.mkv,99,TRUE,0.5,50,1800,"{'xs': [[2.0526058421415487, 104.01731172449449, 100.24084113625919, 0.7937823127297838], [0.7937823127297838, -0.46504121668198095, 102.75848819508273, 100.24084113625919]], 'ys': [[-0.2841192209942488, 0.37737146223556484, 100.92395531316724, 103.5699180460865], [103.5699180460865, 208.08544599639706, 210.06991804608649, 100.92395531316724]]}",dark,FALSE,1,"(1800, 3600)",0.149361466,0.851193781,1150.400922,117.4043217
35,4,3,21J_LD4_33_34_35_36_2024-06-12 14-05-55.mkv,99,TRUE,0.5,50,1800,"{'xs': [[2.0526058421415487, 104.01731172449449, 100.24084113625919, 0.7937823127297838], [0.7937823127297838, -0.46504121668198095, 102.75848819508273, 100.24084113625919]], 'ys': [[-0.2841192209942488, 0.37737146223556484, 100.92395531316724, 103.5699180460865], [103.5699180460865, 208.08544599639706, 210.06991804608649, 100.92395531316724]]}",dark,FALSE,2,"(3600, 5400)",0.109383676,0.891726818,761.808204,77.74643932
35,4,3,21J_LD4_33_34_35_36_2024-06-12 14-05-55.mkv,99,TRUE,0.5,50,1800,"{'xs': [[2.0526058421415487, 104.01731172449449, 100.24084113625919, 0.7937823127297838], [0.7937823127297838, -0.46504121668198095, 102.75848819508273, 100.24084113625919]], 'ys': [[-0.2841192209942488, 0.37737146223556484, 100.92395531316724, 103.5699180460865], [103.5699180460865, 208.08544599639706, 210.06991804608649, 100.92395531316724]]}",dark,FALSE,3,"(5400, 7200)",0.024986119,0.975013881,877.2066013,89.52343837
35,4,3,21J_LD4_33_34_35_36_2024-06-12 14-05-55.mkv,99,TRUE,0.5,50,1800,"{'xs': [[2.0526058421415487, 104.01731172449449, 100.24084113625919, 0.7937823127297838], [0.7937823127297838, -0.46504121668198095, 102.75848819508273, 100.24084113625919]], 'ys': [[-0.2841192209942488, 0.37737146223556484, 100.92395531316724, 103.5699180460865], [103.5699180460865, 208.08544599639706, 210.06991804608649, 100.92395531316724]]}",dark,FALSE,4,"(7200, 9000)",0,1,751.5941533,76.704043
36,4,4,21J_LD4_33_34_35_36_2024-06-12 14-05-55.mkv,99,TRUE,0.5,50,1800,"{'xs': [[2.0172329606681023, 102.56895709859914, 103.81033640894397, 2.0172329606681023], [2.0172329606681023, 3.25861227101293, 102.56895709859914, 103.81033640894397]], 'ys': [[0.9676622663225698, -0.3553191001370574, 104.1602088501735, 104.8216995334033], [104.8216995334033, 208.67573680048406, 209.9987181669437, 104.1602088501735]]}",dark,FALSE,0,"(0, 1800)",0.280399778,0.723486952,1154.474878,118.8266198
36,4,4,21J_LD4_33_34_35_36_2024-06-12 14-05-55.mkv,99,TRUE,0.5,50,1800,"{'xs': [[2.0172329606681023, 102.56895709859914, 103.81033640894397, 2.0172329606681023], [2.0172329606681023, 3.25861227101293, 102.56895709859914, 103.81033640894397]], 'ys': [[0.9676622663225698, -0.3553191001370574, 104.1602088501735, 104.8216995334033], [104.8216995334033, 208.67573680048406, 209.9987181669437, 104.1602088501735]]}",dark,FALSE,1,"(1800, 3600)",0.007218212,0.993892282,627.6587412,64.60302257
36,4,4,21J_LD4_33_34_35_36_2024-06-12 14-05-55.mkv,99,TRUE,0.5,50,1800,"{'xs': [[2.0172329606681023, 102.56895709859914, 103.81033640894397, 2.0172329606681023], [2.0172329606681023, 3.25861227101293, 102.56895709859914, 103.81033640894397]], 'ys': [[0.9676622663225698, -0.3553191001370574, 104.1602088501735, 104.8216995334033], [104.8216995334033, 208.67573680048406, 209.9987181669437, 104.1602088501735]]}",dark,FALSE,2,"(3600, 5400)",0.038312049,0.962243198,730.600414,75.19849871
36,4,4,21J_LD4_33_34_35_36_2024-06-12 14-05-55.mkv,99,TRUE,0.5,50,1800,"{'xs': [[2.0172329606681023, 102.56895709859914, 103.81033640894397, 2.0172329606681023], [2.0172329606681023, 3.25861227101293, 102.56895709859914, 103.81033640894397]], 'ys': [[0.9676622663225698, -0.3553191001370574, 104.1602088501735, 104.8216995334033], [104.8216995334033, 208.67573680048406, 209.9987181669437, 104.1602088501735]]}",dark,FALSE,3,"(5400, 7200)",0,1,628.0515051,64.64344858
36,4,4,21J_LD4_33_34_35_36_2024-06-12 14-05-55.mkv,99,TRUE,0.5,50,1800,"{'xs': [[2.0172329606681023, 102.56895709859914, 103.81033640894397, 2.0172329606681023], [2.0172329606681023, 3.25861227101293, 102.56895709859914, 103.81033640894397]], 'ys': [[0.9676622663225698, -0.3553191001370574, 104.1602088501735, 104.8216995334033], [104.8216995334033, 208.67573680048406, 209.9987181669437, 104.1602088501735]]}",dark,FALSE,4,"(7200, 9000)",0.224875069,0.777345919,898.6770934,92.49812476
37,4,1,21J_LD4_37_38_39_40_2024-06-12 14-18-03.mkv,99,TRUE,0.5,50,1800,"{'xs': [[2.0896834407944294, 104.25835813958962, 104.25835813958962, 2.0896834407944294], [2.0896834407944294, 3.366791874529369, 101.70414127211973, 104.25835813958962]], 'ys': [[0.9654505223403592, 0.9654505223403592, 106.64446286801937, 108.62594434950086], [108.62594434950086, 209.68149990505643, 211.0024875593774, 106.64446286801937]]}",dark,FALSE,0,"(0, 1800)",0.111049417,0.890616324,1110.007356,113.4223017
37,4,1,21J_LD4_37_38_39_40_2024-06-12 14-18-03.mkv,99,TRUE,0.5,50,1800,"{'xs': [[2.0896834407944294, 104.25835813958962, 104.25835813958962, 2.0896834407944294], [2.0896834407944294, 3.366791874529369, 101.70414127211973, 104.25835813958962]], 'ys': [[0.9654505223403592, 0.9654505223403592, 106.64446286801937, 108.62594434950086], [108.62594434950086, 209.68149990505643, 211.0024875593774, 106.64446286801937]]}",dark,FALSE,1,"(1800, 3600)",0.084952804,0.917268184,1036.085037,105.8688026
37,4,1,21J_LD4_37_38_39_40_2024-06-12 14-18-03.mkv,99,TRUE,0.5,50,1800,"{'xs': [[2.0896834407944294, 104.25835813958962, 104.25835813958962, 2.0896834407944294], [2.0896834407944294, 3.366791874529369, 101.70414127211973, 104.25835813958962]], 'ys': [[0.9654505223403592, 0.9654505223403592, 106.64446286801937, 108.62594434950086], [108.62594434950086, 209.68149990505643, 211.0024875593774, 106.64446286801937]]}",dark,FALSE,2,"(3600, 5400)",0.094392004,0.909494725,1028.245363,105.0677324
37,4,1,21J_LD4_37_38_39_40_2024-06-12 14-18-03.mkv,99,TRUE,0.5,50,1800,"{'xs': [[2.0896834407944294, 104.25835813958962, 104.25835813958962, 2.0896834407944294], [2.0896834407944294, 3.366791874529369, 101.70414127211973, 104.25835813958962]], 'ys': [[0.9654505223403592, 0.9654505223403592, 106.64446286801937, 108.62594434950086], [108.62594434950086, 209.68149990505643, 211.0024875593774, 106.64446286801937]]}",dark,FALSE,3,"(5400, 7200)",0,1,956.7342699,97.76061614
37,4,1,21J_LD4_37_38_39_40_2024-06-12 14-18-03.mkv,99,TRUE,0.5,50,1800,"{'xs': [[2.0896834407944294, 104.25835813958962, 104.25835813958962, 2.0896834407944294], [2.0896834407944294, 3.366791874529369, 101.70414127211973, 104.25835813958962]], 'ys': [[0.9654505223403592, 0.9654505223403592, 106.64446286801937, 108.62594434950086], [108.62594434950086, 209.68149990505643, 211.0024875593774, 106.64446286801937]]}",dark,FALSE,4,"(7200, 9000)",0.200999445,0.800111049,879.8258901,89.90199664
38,4,2,21J_LD4_37_38_39_40_2024-06-12 14-18-03.mkv,99,TRUE,0.5,50,1800,"{'xs': [[1.9834498716204363, 106.08457346712605, 102.41041616375527, 0.7587307704968409], [0.7587307704968409, 4.432888073867628, 103.63513526487887, 102.41041616375527]], 'ys': [[-0.056035232543927546, 0.6064647674560724, 104.61896476745606, 106.60646476745606], [106.60646476745606, 207.30646476745605, 208.63146476745607, 104.61896476745606]]}",dark,FALSE,0,"(0, 1800)",0.107162687,0.898945031,978.3744012,97.63606574
38,4,2,21J_LD4_37_38_39_40_2024-06-12 14-18-03.mkv,99,TRUE,0.5,50,1800,"{'xs': [[1.9834498716204363, 106.08457346712605, 102.41041616375527, 0.7587307704968409], [0.7587307704968409, 4.432888073867628, 103.63513526487887, 102.41041616375527]], 'ys': [[-0.056035232543927546, 0.6064647674560724, 104.61896476745606, 106.60646476745606], [106.60646476745606, 207.30646476745605, 208.63146476745607, 104.61896476745606]]}",dark,FALSE,1,"(1800, 3600)",0,1,592.9578583,59.17373999
38,4,2,21J_LD4_37_38_39_40_2024-06-12 14-18-03.mkv,99,TRUE,0.5,50,1800,"{'xs': [[1.9834498716204363, 106.08457346712605, 102.41041616375527, 0.7587307704968409], [0.7587307704968409, 4.432888073867628, 103.63513526487887, 102.41041616375527]], 'ys': [[-0.056035232543927546, 0.6064647674560724, 104.61896476745606, 106.60646476745606], [106.60646476745606, 207.30646476745605, 208.63146476745607, 104.61896476745606]]}",dark,FALSE,2,"(3600, 5400)",0.103275958,0.897279289,925.4129409,92.35082052
38,4,2,21J_LD4_37_38_39_40_2024-06-12 14-18-03.mkv,99,TRUE,0.5,50,1800,"{'xs': [[1.9834498716204363, 106.08457346712605, 102.41041616375527, 0.7587307704968409], [0.7587307704968409, 4.432888073867628, 103.63513526487887, 102.41041616375527]], 'ys': [[-0.056035232543927546, 0.6064647674560724, 104.61896476745606, 106.60646476745606], [106.60646476745606, 207.30646476745605, 208.63146476745607, 104.61896476745606]]}",dark,FALSE,3,"(5400, 7200)",0.100499722,0.899500278,842.155858,84.04224866
38,4,2,21J_LD4_37_38_39_40_2024-06-12 14-18-03.mkv,99,TRUE,0.5,50,1800,"{'xs': [[1.9834498716204363, 106.08457346712605, 102.41041616375527, 0.7587307704968409], [0.7587307704968409, 4.432888073867628, 103.63513526487887, 102.41041616375527]], 'ys': [[-0.056035232543927546, 0.6064647674560724, 104.61896476745606, 106.60646476745606], [106.60646476745606, 207.30646476745605, 208.63146476745607, 104.61896476745606]]}",dark,FALSE,4,"(7200, 9000)",0,1,653.2634643,65.19188817
39,4,3,21J_LD4_37_38_39_40_2024-06-12 14-18-03.mkv,99,TRUE,0.5,50,1800,"{'xs': [[2.0526058421415487, 104.01731172449449, 100.24084113625919, 0.7937823127297838], [0.7937823127297838, -0.46504121668198095, 102.75848819508273, 100.24084113625919]], 'ys': [[-0.2841192209942488, 0.37737146223556484, 100.92395531316724, 103.5699180460865], [103.5699180460865, 208.08544599639706, 210.06991804608649, 100.92395531316724]]}",dark,FALSE,0,"(0, 1800)",0.465297057,0.541365908,1385.81074,141.4291026
39,4,3,21J_LD4_37_38_39_40_2024-06-12 14-18-03.mkv,99,TRUE,0.5,50,1800,"{'xs': [[2.0526058421415487, 104.01731172449449, 100.24084113625919, 0.7937823127297838], [0.7937823127297838, -0.46504121668198095, 102.75848819508273, 100.24084113625919]], 'ys': [[-0.2841192209942488, 0.37737146223556484, 100.92395531316724, 103.5699180460865], [103.5699180460865, 208.08544599639706, 210.06991804608649, 100.92395531316724]]}",dark,FALSE,1,"(1800, 3600)",0.077734592,0.922265408,980.6932452,100.0847818
39,4,3,21J_LD4_37_38_39_40_2024-06-12 14-18-03.mkv,99,TRUE,0.5,50,1800,"{'xs': [[2.0526058421415487, 104.01731172449449, 100.24084113625919, 0.7937823127297838], [0.7937823127297838, -0.46504121668198095, 102.75848819508273, 100.24084113625919]], 'ys': [[-0.2841192209942488, 0.37737146223556484, 100.92395531316724, 103.5699180460865], [103.5699180460865, 208.08544599639706, 210.06991804608649, 100.92395531316724]]}",dark,FALSE,2,"(3600, 5400)",0.419211549,0.586340922,1126.589192,114.9742124
39,4,3,21J_LD4_37_38_39_40_2024-06-12 14-18-03.mkv,99,TRUE,0.5,50,1800,"{'xs': [[2.0526058421415487, 104.01731172449449, 100.24084113625919, 0.7937823127297838], [0.7937823127297838, -0.46504121668198095, 102.75848819508273, 100.24084113625919]], 'ys': [[-0.2841192209942488, 0.37737146223556484, 100.92395531316724, 103.5699180460865], [103.5699180460865, 208.08544599639706, 210.06991804608649, 100.92395531316724]]}",dark,FALSE,3,"(5400, 7200)",0.514158801,0.489172682,1089.674191,111.206847
39,4,3,21J_LD4_37_38_39_40_2024-06-12 14-18-03.mkv,99,TRUE,0.5,50,1800,"{'xs': [[2.0526058421415487, 104.01731172449449, 100.24084113625919, 0.7937823127297838], [0.7937823127297838, -0.46504121668198095, 102.75848819508273, 100.24084113625919]], 'ys': [[-0.2841192209942488, 0.37737146223556484, 100.92395531316724, 103.5699180460865], [103.5699180460865, 208.08544599639706, 210.06991804608649, 100.92395531316724]]}",dark,FALSE,4,"(7200, 9000)",0.046640755,0.953359245,1019.541799,104.0494763
40,4,4,21J_LD4_37_38_39_40_2024-06-12 14-18-03.mkv,99,TRUE,0.5,50,1800,"{'xs': [[2.0172329606681023, 102.56895709859914, 103.81033640894397, 2.0172329606681023], [2.0172329606681023, 3.25861227101293, 102.56895709859914, 103.81033640894397]], 'ys': [[0.9676622663225698, -0.3553191001370574, 104.1602088501735, 104.8216995334033], [104.8216995334033, 208.67573680048406, 209.9987181669437, 104.1602088501735]]}",dark,FALSE,0,"(0, 1800)",0.596890616,0.412548584,1414.274656,145.5670279
40,4,4,21J_LD4_37_38_39_40_2024-06-12 14-18-03.mkv,99,TRUE,0.5,50,1800,"{'xs': [[2.0172329606681023, 102.56895709859914, 103.81033640894397, 2.0172329606681023], [2.0172329606681023, 3.25861227101293, 102.56895709859914, 103.81033640894397]], 'ys': [[0.9676622663225698, -0.3553191001370574, 104.1602088501735, 104.8216995334033], [104.8216995334033, 208.67573680048406, 209.9987181669437, 104.1602088501735]]}",dark,FALSE,1,"(1800, 3600)",0.172681843,0.827318157,977.7759354,100.6395302
40,4,4,21J_LD4_37_38_39_40_2024-06-12 14-18-03.mkv,99,TRUE,0.5,50,1800,"{'xs': [[2.0172329606681023, 102.56895709859914, 103.81033640894397, 2.0172329606681023], [2.0172329606681023, 3.25861227101293, 102.56895709859914, 103.81033640894397]], 'ys': [[0.9676622663225698, -0.3553191001370574, 104.1602088501735, 104.8216995334033], [104.8216995334033, 208.67573680048406, 209.9987181669437, 104.1602088501735]]}",dark,FALSE,2,"(3600, 5400)",0.349250416,0.651860078,757.7080543,77.98860642
40,4,4,21J_LD4_37_38_39_40_2024-06-12 14-18-03.mkv,99,TRUE,0.5,50,1800,"{'xs': [[2.0172329606681023, 102.56895709859914, 103.81033640894397, 2.0172329606681023], [2.0172329606681023, 3.25861227101293, 102.56895709859914, 103.81033640894397]], 'ys': [[0.9676622663225698, -0.3553191001370574, 104.1602088501735, 104.8216995334033], [104.8216995334033, 208.67573680048406, 209.9987181669437, 104.1602088501735]]}",dark,FALSE,3,"(5400, 7200)",0.126596335,0.873403665,935.3530281,96.27306818
40,4,4,21J_LD4_37_38_39_40_2024-06-12 14-18-03.mkv,99,TRUE,0.5,50,1800,"{'xs': [[2.0172329606681023, 102.56895709859914, 103.81033640894397, 2.0172329606681023], [2.0172329606681023, 3.25861227101293, 102.56895709859914, 103.81033640894397]], 'ys': [[0.9676622663225698, -0.3553191001370574, 104.1602088501735, 104.8216995334033], [104.8216995334033, 208.67573680048406, 209.9987181669437, 104.1602088501735]]}",dark,FALSE,4,"(7200, 9000)",0.148806219,0.851193781,961.1808709,98.93145021
41,4,1,21J_LD4_41_42_43_44_2024-06-12 14-41-23.mkv,99,TRUE,0.5,50,1800,"{'xs': [[2.0896834407944294, 104.25835813958962, 104.25835813958962, 2.0896834407944294], [2.0896834407944294, 3.366791874529369, 101.70414127211973, 104.25835813958962]], 'ys': [[0.9654505223403592, 0.9654505223403592, 106.64446286801937, 108.62594434950086], [108.62594434950086, 209.68149990505643, 211.0024875593774, 106.64446286801937]]}",dark,FALSE,0,"(0, 1800)",0,1,697.0660867,71.22731178
41,4,1,21J_LD4_41_42_43_44_2024-06-12 14-41-23.mkv,99,TRUE,0.5,50,1800,"{'xs': [[2.0896834407944294, 104.25835813958962, 104.25835813958962, 2.0896834407944294], [2.0896834407944294, 3.366791874529369, 101.70414127211973, 104.25835813958962]], 'ys': [[0.9654505223403592, 0.9654505223403592, 106.64446286801937, 108.62594434950086], [108.62594434950086, 209.68149990505643, 211.0024875593774, 106.64446286801937]]}",dark,FALSE,1,"(1800, 3600)",0,1,208.5781969,21.31284901
41,4,1,21J_LD4_41_42_43_44_2024-06-12 14-41-23.mkv,99,TRUE,0.5,50,1800,"{'xs': [[2.0896834407944294, 104.25835813958962, 104.25835813958962, 2.0896834407944294], [2.0896834407944294, 3.366791874529369, 101.70414127211973, 104.25835813958962]], 'ys': [[0.9654505223403592, 0.9654505223403592, 106.64446286801937, 108.62594434950086], [108.62594434950086, 209.68149990505643, 211.0024875593774, 106.64446286801937]]}",dark,FALSE,2,"(3600, 5400)",0.227096058,0.781232649,1012.024413,103.4102501
41,4,1,21J_LD4_41_42_43_44_2024-06-12 14-41-23.mkv,99,TRUE,0.5,50,1800,"{'xs': [[2.0896834407944294, 104.25835813958962, 104.25835813958962, 2.0896834407944294], [2.0896834407944294, 3.366791874529369, 101.70414127211973, 104.25835813958962]], 'ys': [[0.9654505223403592, 0.9654505223403592, 106.64446286801937, 108.62594434950086], [108.62594434950086, 209.68149990505643, 211.0024875593774, 106.64446286801937]]}",dark,FALSE,3,"(5400, 7200)",0,1,932.7325517,95.30808273
41,4,1,21J_LD4_41_42_43_44_2024-06-12 14-41-23.mkv,99,TRUE,0.5,50,1800,"{'xs': [[2.0896834407944294, 104.25835813958962, 104.25835813958962, 2.0896834407944294], [2.0896834407944294, 3.366791874529369, 101.70414127211973, 104.25835813958962]], 'ys': [[0.9654505223403592, 0.9654505223403592, 106.64446286801937, 108.62594434950086], [108.62594434950086, 209.68149990505643, 211.0024875593774, 106.64446286801937]]}",dark,FALSE,4,"(7200, 9000)",0.139922265,0.860077735,923.9935488,94.41511764
42,4,2,21J_LD4_41_42_43_44_2024-06-12 14-41-23.mkv,99,TRUE,0.5,50,1800,"{'xs': [[1.9834498716204363, 106.08457346712605, 102.41041616375527, 0.7587307704968409], [0.7587307704968409, 4.432888073867628, 103.63513526487887, 102.41041616375527]], 'ys': [[-0.056035232543927546, 0.6064647674560724, 104.61896476745606, 106.60646476745606], [106.60646476745606, 207.30646476745605, 208.63146476745607, 104.61896476745606]]}",dark,FALSE,0,"(0, 1800)",0,1,379.3242847,37.85435387
42,4,2,21J_LD4_41_42_43_44_2024-06-12 14-41-23.mkv,99,TRUE,0.5,50,1800,"{'xs': [[1.9834498716204363, 106.08457346712605, 102.41041616375527, 0.7587307704968409], [0.7587307704968409, 4.432888073867628, 103.63513526487887, 102.41041616375527]], 'ys': [[-0.056035232543927546, 0.6064647674560724, 104.61896476745606, 106.60646476745606], [106.60646476745606, 207.30646476745605, 208.63146476745607, 104.61896476745606]]}",dark,FALSE,1,"(1800, 3600)",0,1,273.7921301,27.32285961
42,4,2,21J_LD4_41_42_43_44_2024-06-12 14-41-23.mkv,99,TRUE,0.5,50,1800,"{'xs': [[1.9834498716204363, 106.08457346712605, 102.41041616375527, 0.7587307704968409], [0.7587307704968409, 4.432888073867628, 103.63513526487887, 102.41041616375527]], 'ys': [[-0.056035232543927546, 0.6064647674560724, 104.61896476745606, 106.60646476745606], [106.60646476745606, 207.30646476745605, 208.63146476745607, 104.61896476745606]]}",dark,FALSE,2,"(3600, 5400)",0,1,730.5600947,72.90564159
42,4,2,21J_LD4_41_42_43_44_2024-06-12 14-41-23.mkv,99,TRUE,0.5,50,1800,"{'xs': [[1.9834498716204363, 106.08457346712605, 102.41041616375527, 0.7587307704968409], [0.7587307704968409, 4.432888073867628, 103.63513526487887, 102.41041616375527]], 'ys': [[-0.056035232543927546, 0.6064647674560724, 104.61896476745606, 106.60646476745606], [106.60646476745606, 207.30646476745605, 208.63146476745607, 104.61896476745606]]}",dark,FALSE,3,"(5400, 7200)",0.132148806,0.868961688,1098.660107,109.6398785
42,4,2,21J_LD4_41_42_43_44_2024-06-12 14-41-23.mkv,99,TRUE,0.5,50,1800,"{'xs': [[1.9834498716204363, 106.08457346712605, 102.41041616375527, 0.7587307704968409], [0.7587307704968409, 4.432888073867628, 103.63513526487887, 102.41041616375527]], 'ys': [[-0.056035232543927546, 0.6064647674560724, 104.61896476745606, 106.60646476745606], [106.60646476745606, 207.30646476745605, 208.63146476745607, 104.61896476745606]]}",dark,FALSE,4,"(7200, 9000)",0.161576902,0.838978345,939.5504635,93.76166293
43,4,3,21J_LD4_41_42_43_44_2024-06-12 14-41-23.mkv,99,TRUE,0.5,50,1800,"{'xs': [[2.0526058421415487, 104.01731172449449, 100.24084113625919, 0.7937823127297838], [0.7937823127297838, -0.46504121668198095, 102.75848819508273, 100.24084113625919]], 'ys': [[-0.2841192209942488, 0.37737146223556484, 100.92395531316724, 103.5699180460865], [103.5699180460865, 208.08544599639706, 210.06991804608649, 100.92395531316724]]}",light,FALSE,0,"(0, 1800)",0.133814547,0.867295947,964.3208413,98.41389392
43,4,3,21J_LD4_41_42_43_44_2024-06-12 14-41-23.mkv,99,TRUE,0.5,50,1800,"{'xs': [[2.0526058421415487, 104.01731172449449, 100.24084113625919, 0.7937823127297838], [0.7937823127297838, -0.46504121668198095, 102.75848819508273, 100.24084113625919]], 'ys': [[-0.2841192209942488, 0.37737146223556484, 100.92395531316724, 103.5699180460865], [103.5699180460865, 208.08544599639706, 210.06991804608649, 100.92395531316724]]}",light,FALSE,1,"(1800, 3600)",0,1,677.9025748,69.18343899
43,4,3,21J_LD4_41_42_43_44_2024-06-12 14-41-23.mkv,99,TRUE,0.5,50,1800,"{'xs': [[2.0526058421415487, 104.01731172449449, 100.24084113625919, 0.7937823127297838], [0.7937823127297838, -0.46504121668198095, 102.75848819508273, 100.24084113625919]], 'ys': [[-0.2841192209942488, 0.37737146223556484, 100.92395531316724, 103.5699180460865], [103.5699180460865, 208.08544599639706, 210.06991804608649, 100.92395531316724]]}",light,FALSE,2,"(3600, 5400)",0.222098834,0.779566907,1114.127784,113.7024617
43,4,3,21J_LD4_41_42_43_44_2024-06-12 14-41-23.mkv,99,TRUE,0.5,50,1800,"{'xs': [[2.0526058421415487, 104.01731172449449, 100.24084113625919, 0.7937823127297838], [0.7937823127297838, -0.46504121668198095, 102.75848819508273, 100.24084113625919]], 'ys': [[-0.2841192209942488, 0.37737146223556484, 100.92395531316724, 103.5699180460865], [103.5699180460865, 208.08544599639706, 210.06991804608649, 100.92395531316724]]}",light,FALSE,3,"(5400, 7200)",0,1,762.1367262,77.7799667
43,4,3,21J_LD4_41_42_43_44_2024-06-12 14-41-23.mkv,99,TRUE,0.5,50,1800,"{'xs': [[2.0526058421415487, 104.01731172449449, 100.24084113625919, 0.7937823127297838], [0.7937823127297838, -0.46504121668198095, 102.75848819508273, 100.24084113625919]], 'ys': [[-0.2841192209942488, 0.37737146223556484, 100.92395531316724, 103.5699180460865], [103.5699180460865, 208.08544599639706, 210.06991804608649, 100.92395531316724]]}",light,FALSE,4,"(7200, 9000)",0,1,756.7815145,77.23343984
44,4,4,21J_LD4_41_42_43_44_2024-06-12 14-41-23.mkv,99,TRUE,0.5,50,1800,"{'xs': [[2.0172329606681023, 102.56895709859914, 103.81033640894397, 2.0172329606681023], [2.0172329606681023, 3.25861227101293, 102.56895709859914, 103.81033640894397]], 'ys': [[0.9676622663225698, -0.3553191001370574, 104.1602088501735, 104.8216995334033], [104.8216995334033, 208.67573680048406, 209.9987181669437, 104.1602088501735]]}",dark,FALSE,0,"(0, 1800)",0,1,297.4122273,30.61174421
44,4,4,21J_LD4_41_42_43_44_2024-06-12 14-41-23.mkv,99,TRUE,0.5,50,1800,"{'xs': [[2.0172329606681023, 102.56895709859914, 103.81033640894397, 2.0172329606681023], [2.0172329606681023, 3.25861227101293, 102.56895709859914, 103.81033640894397]], 'ys': [[0.9676622663225698, -0.3553191001370574, 104.1602088501735, 104.8216995334033], [104.8216995334033, 208.67573680048406, 209.9987181669437, 104.1602088501735]]}",dark,FALSE,1,"(1800, 3600)",0,1,417.387204,42.96040697
44,4,4,21J_LD4_41_42_43_44_2024-06-12 14-41-23.mkv,99,TRUE,0.5,50,1800,"{'xs': [[2.0172329606681023, 102.56895709859914, 103.81033640894397, 2.0172329606681023], [2.0172329606681023, 3.25861227101293, 102.56895709859914, 103.81033640894397]], 'ys': [[0.9676622663225698, -0.3553191001370574, 104.1602088501735, 104.8216995334033], [104.8216995334033, 208.67573680048406, 209.9987181669437, 104.1602088501735]]}",dark,FALSE,2,"(3600, 5400)",0.197112715,0.803997779,1255.187922,129.1927099
44,4,4,21J_LD4_41_42_43_44_2024-06-12 14-41-23.mkv,99,TRUE,0.5,50,1800,"{'xs': [[2.0172329606681023, 102.56895709859914, 103.81033640894397, 2.0172329606681023], [2.0172329606681023, 3.25861227101293, 102.56895709859914, 103.81033640894397]], 'ys': [[0.9676622663225698, -0.3553191001370574, 104.1602088501735, 104.8216995334033], [104.8216995334033, 208.67573680048406, 209.9987181669437, 104.1602088501735]]}",dark,FALSE,3,"(5400, 7200)",0.208772904,0.791227096,723.1276478,74.42934941
44,4,4,21J_LD4_41_42_43_44_2024-06-12 14-41-23.mkv,99,TRUE,0.5,50,1800,"{'xs': [[2.0172329606681023, 102.56895709859914, 103.81033640894397, 2.0172329606681023], [2.0172329606681023, 3.25861227101293, 102.56895709859914, 103.81033640894397]], 'ys': [[0.9676622663225698, -0.3553191001370574, 104.1602088501735, 104.8216995334033], [104.8216995334033, 208.67573680048406, 209.9987181669437, 104.1602088501735]]}",dark,FALSE,4,"(7200, 9000)",0,1,499.508919,51.41294759
45,4,1,21J_LD4_45_46_47_48_2024-06-12 14-54-09.mkv,99,TRUE,0.5,50,1800,"{'xs': [[2.0896834407944294, 104.25835813958962, 104.25835813958962, 2.0896834407944294], [2.0896834407944294, 3.366791874529369, 101.70414127211973, 104.25835813958962]], 'ys': [[0.9654505223403592, 0.9654505223403592, 106.64446286801937, 108.62594434950086], [108.62594434950086, 209.68149990505643, 211.0024875593774, 106.64446286801937]]}",dark,FALSE,0,"(0, 1800)",0.148250972,0.853970017,1097.797694,112.1746992
45,4,1,21J_LD4_45_46_47_48_2024-06-12 14-54-09.mkv,99,TRUE,0.5,50,1800,"{'xs': [[2.0896834407944294, 104.25835813958962, 104.25835813958962, 2.0896834407944294], [2.0896834407944294, 3.366791874529369, 101.70414127211973, 104.25835813958962]], 'ys': [[0.9654505223403592, 0.9654505223403592, 106.64446286801937, 108.62594434950086], [108.62594434950086, 209.68149990505643, 211.0024875593774, 106.64446286801937]]}",dark,FALSE,1,"(1800, 3600)",0.103275958,0.897279289,958.1862433,97.90898108
45,4,1,21J_LD4_45_46_47_48_2024-06-12 14-54-09.mkv,99,TRUE,0.5,50,1800,"{'xs': [[2.0896834407944294, 104.25835813958962, 104.25835813958962, 2.0896834407944294], [2.0896834407944294, 3.366791874529369, 101.70414127211973, 104.25835813958962]], 'ys': [[0.9654505223403592, 0.9654505223403592, 106.64446286801937, 108.62594434950086], [108.62594434950086, 209.68149990505643, 211.0024875593774, 106.64446286801937]]}",dark,FALSE,2,"(3600, 5400)",0.088284287,0.912270961,774.9763263,79.1883029
45,4,1,21J_LD4_45_46_47_48_2024-06-12 14-54-09.mkv,99,TRUE,0.5,50,1800,"{'xs': [[2.0896834407944294, 104.25835813958962, 104.25835813958962, 2.0896834407944294], [2.0896834407944294, 3.366791874529369, 101.70414127211973, 104.25835813958962]], 'ys': [[0.9654505223403592, 0.9654505223403592, 106.64446286801937, 108.62594434950086], [108.62594434950086, 209.68149990505643, 211.0024875593774, 106.64446286801937]]}",dark,FALSE,3,"(5400, 7200)",0.269294836,0.730705164,911.3294106,93.12107603
45,4,1,21J_LD4_45_46_47_48_2024-06-12 14-54-09.mkv,99,TRUE,0.5,50,1800,"{'xs': [[2.0896834407944294, 104.25835813958962, 104.25835813958962, 2.0896834407944294], [2.0896834407944294, 3.366791874529369, 101.70414127211973, 104.25835813958962]], 'ys': [[0.9654505223403592, 0.9654505223403592, 106.64446286801937, 108.62594434950086], [108.62594434950086, 209.68149990505643, 211.0024875593774, 106.64446286801937]]}",dark,FALSE,4,"(7200, 9000)",0.171016102,0.830094392,993.9261355,101.5609396
46,4,2,21J_LD4_45_46_47_48_2024-06-12 14-54-09.mkv,99,TRUE,0.5,50,1800,"{'xs': [[1.9834498716204363, 106.08457346712605, 102.41041616375527, 0.7587307704968409], [0.7587307704968409, 4.432888073867628, 103.63513526487887, 102.41041616375527]], 'ys': [[-0.056035232543927546, 0.6064647674560724, 104.61896476745606, 106.60646476745606], [106.60646476745606, 207.30646476745605, 208.63146476745607, 104.61896476745606]]}",dark,FALSE,0,"(0, 1800)",0,1,448.1640427,44.72416069
46,4,2,21J_LD4_45_46_47_48_2024-06-12 14-54-09.mkv,99,TRUE,0.5,50,1800,"{'xs': [[1.9834498716204363, 106.08457346712605, 102.41041616375527, 0.7587307704968409], [0.7587307704968409, 4.432888073867628, 103.63513526487887, 102.41041616375527]], 'ys': [[-0.056035232543927546, 0.6064647674560724, 104.61896476745606, 106.60646476745606], [106.60646476745606, 207.30646476745605, 208.63146476745607, 104.61896476745606]]}",dark,FALSE,1,"(1800, 3600)",0.085508051,0.915602443,891.2746888,88.94402184
46,4,2,21J_LD4_45_46_47_48_2024-06-12 14-54-09.mkv,99,TRUE,0.5,50,1800,"{'xs': [[1.9834498716204363, 106.08457346712605, 102.41041616375527, 0.7587307704968409], [0.7587307704968409, 4.432888073867628, 103.63513526487887, 102.41041616375527]], 'ys': [[-0.056035232543927546, 0.6064647674560724, 104.61896476745606, 106.60646476745606], [106.60646476745606, 207.30646476745605, 208.63146476745607, 104.61896476745606]]}",dark,FALSE,2,"(3600, 5400)",0.166018878,0.84564131,993.0360503,99.0992129
46,4,2,21J_LD4_45_46_47_48_2024-06-12 14-54-09.mkv,99,TRUE,0.5,50,1800,"{'xs': [[1.9834498716204363, 106.08457346712605, 102.41041616375527, 0.7587307704968409], [0.7587307704968409, 4.432888073867628, 103.63513526487887, 102.41041616375527]], 'ys': [[-0.056035232543927546, 0.6064647674560724, 104.61896476745606, 106.60646476745606], [106.60646476745606, 207.30646476745605, 208.63146476745607, 104.61896476745606]]}",dark,FALSE,3,"(5400, 7200)",0.114936147,0.912826208,779.3212668,77.7717225
46,4,2,21J_LD4_45_46_47_48_2024-06-12 14-54-09.mkv,99,TRUE,0.5,50,1800,"{'xs': [[1.9834498716204363, 106.08457346712605, 102.41041616375527, 0.7587307704968409], [0.7587307704968409, 4.432888073867628, 103.63513526487887, 102.41041616375527]], 'ys': [[-0.056035232543927546, 0.6064647674560724, 104.61896476745606, 106.60646476745606], [106.60646476745606, 207.30646476745605, 208.63146476745607, 104.61896476745606]]}",dark,FALSE,4,"(7200, 9000)",0,1,373.9634409,37.31937289
47,4,3,21J_LD4_45_46_47_48_2024-06-12 14-54-09.mkv,99,TRUE,0.5,50,1800,"{'xs': [[2.0526058421415487, 104.01731172449449, 100.24084113625919, 0.7937823127297838], [0.7937823127297838, -0.46504121668198095, 102.75848819508273, 100.24084113625919]], 'ys': [[-0.2841192209942488, 0.37737146223556484, 100.92395531316724, 103.5699180460865], [103.5699180460865, 208.08544599639706, 210.06991804608649, 100.92395531316724]]}",light,FALSE,0,"(0, 1800)",0.094392004,0.905607996,599.3409129,61.16581795
47,4,3,21J_LD4_45_46_47_48_2024-06-12 14-54-09.mkv,99,TRUE,0.5,50,1800,"{'xs': [[2.0526058421415487, 104.01731172449449, 100.24084113625919, 0.7937823127297838], [0.7937823127297838, -0.46504121668198095, 102.75848819508273, 100.24084113625919]], 'ys': [[-0.2841192209942488, 0.37737146223556484, 100.92395531316724, 103.5699180460865], [103.5699180460865, 208.08544599639706, 210.06991804608649, 100.92395531316724]]}",light,FALSE,1,"(1800, 3600)",0,1,883.263975,90.14162446
47,4,3,21J_LD4_45_46_47_48_2024-06-12 14-54-09.mkv,99,TRUE,0.5,50,1800,"{'xs': [[2.0526058421415487, 104.01731172449449, 100.24084113625919, 0.7937823127297838], [0.7937823127297838, -0.46504121668198095, 102.75848819508273, 100.24084113625919]], 'ys': [[-0.2841192209942488, 0.37737146223556484, 100.92395531316724, 103.5699180460865], [103.5699180460865, 208.08544599639706, 210.06991804608649, 100.92395531316724]]}",light,FALSE,2,"(3600, 5400)",0.174347585,0.825652415,635.6903288,64.8754625
47,4,3,21J_LD4_45_46_47_48_2024-06-12 14-54-09.mkv,99,TRUE,0.5,50,1800,"{'xs': [[2.0526058421415487, 104.01731172449449, 100.24084113625919, 0.7937823127297838], [0.7937823127297838, -0.46504121668198095, 102.75848819508273, 100.24084113625919]], 'ys': [[-0.2841192209942488, 0.37737146223556484, 100.92395531316724, 103.5699180460865], [103.5699180460865, 208.08544599639706, 210.06991804608649, 100.92395531316724]]}",light,FALSE,3,"(5400, 7200)",0.408661855,0.595780122,1262.624414,128.8573054
47,4,3,21J_LD4_45_46_47_48_2024-06-12 14-54-09.mkv,99,TRUE,0.5,50,1800,"{'xs': [[2.0526058421415487, 104.01731172449449, 100.24084113625919, 0.7937823127297838], [0.7937823127297838, -0.46504121668198095, 102.75848819508273, 100.24084113625919]], 'ys': [[-0.2841192209942488, 0.37737146223556484, 100.92395531316724, 103.5699180460865], [103.5699180460865, 208.08544599639706, 210.06991804608649, 100.92395531316724]]}",light,FALSE,4,"(7200, 9000)",0,1,775.7907287,79.17342777
48,4,4,21J_LD4_45_46_47_48_2024-06-12 14-54-09.mkv,99,TRUE,0.5,50,1800,"{'xs': [[2.0172329606681023, 102.56895709859914, 103.81033640894397, 2.0172329606681023], [2.0172329606681023, 3.25861227101293, 102.56895709859914, 103.81033640894397]], 'ys': [[0.9676622663225698, -0.3553191001370574, 104.1602088501735, 104.8216995334033], [104.8216995334033, 208.67573680048406, 209.9987181669437, 104.1602088501735]]}",light,FALSE,0,"(0, 1800)",0.427540255,0.582454192,1123.922915,115.6819983
48,4,4,21J_LD4_45_46_47_48_2024-06-12 14-54-09.mkv,99,TRUE,0.5,50,1800,"{'xs': [[2.0172329606681023, 102.56895709859914, 103.81033640894397, 2.0172329606681023], [2.0172329606681023, 3.25861227101293, 102.56895709859914, 103.81033640894397]], 'ys': [[0.9676622663225698, -0.3553191001370574, 104.1602088501735, 104.8216995334033], [104.8216995334033, 208.67573680048406, 209.9987181669437, 104.1602088501735]]}",light,FALSE,1,"(1800, 3600)",0,1,695.4866138,71.58434108
48,4,4,21J_LD4_45_46_47_48_2024-06-12 14-54-09.mkv,99,TRUE,0.5,50,1800,"{'xs': [[2.0172329606681023, 102.56895709859914, 103.81033640894397, 2.0172329606681023], [2.0172329606681023, 3.25861227101293, 102.56895709859914, 103.81033640894397]], 'ys': [[0.9676622663225698, -0.3553191001370574, 104.1602088501735, 104.8216995334033], [104.8216995334033, 208.67573680048406, 209.9987181669437, 104.1602088501735]]}",light,FALSE,2,"(3600, 5400)",0.290949473,0.709050527,834.8059078,85.92405612
48,4,4,21J_LD4_45_46_47_48_2024-06-12 14-54-09.mkv,99,TRUE,0.5,50,1800,"{'xs': [[2.0172329606681023, 102.56895709859914, 103.81033640894397, 2.0172329606681023], [2.0172329606681023, 3.25861227101293, 102.56895709859914, 103.81033640894397]], 'ys': [[0.9676622663225698, -0.3553191001370574, 104.1602088501735, 104.8216995334033], [104.8216995334033, 208.67573680048406, 209.9987181669437, 104.1602088501735]]}",light,FALSE,3,"(5400, 7200)",0.290394225,0.711826763,928.7043164,95.58873633
48,4,4,21J_LD4_45_46_47_48_2024-06-12 14-54-09.mkv,99,TRUE,0.5,50,1800,"{'xs': [[2.0172329606681023, 102.56895709859914, 103.81033640894397, 2.0172329606681023], [2.0172329606681023, 3.25861227101293, 102.56895709859914, 103.81033640894397]], 'ys': [[0.9676622663225698, -0.3553191001370574, 104.1602088501735, 104.8216995334033], [104.8216995334033, 208.67573680048406, 209.9987181669437, 104.1602088501735]]}",light,FALSE,4,"(7200, 9000)",0.235424764,0.770127707,853.817182,87.88082928
49,4,1,21J_LD4_49_50_51_52_2024-06-12 15-05-01.mkv,99,TRUE,0.5,50,1800,"{'xs': [[2.0896834407944294, 104.25835813958962, 104.25835813958962, 2.0896834407944294], [2.0896834407944294, 3.366791874529369, 101.70414127211973, 104.25835813958962]], 'ys': [[0.9654505223403592, 0.9654505223403592, 106.64446286801937, 108.62594434950086], [108.62594434950086, 209.68149990505643, 211.0024875593774, 106.64446286801937]]}",dark,FALSE,0,"(0, 1800)",0.311493615,0.688506385,1137.967001,116.2792624
49,4,1,21J_LD4_49_50_51_52_2024-06-12 15-05-01.mkv,99,TRUE,0.5,50,1800,"{'xs': [[2.0896834407944294, 104.25835813958962, 104.25835813958962, 2.0896834407944294], [2.0896834407944294, 3.366791874529369, 101.70414127211973, 104.25835813958962]], 'ys': [[0.9654505223403592, 0.9654505223403592, 106.64446286801937, 108.62594434950086], [108.62594434950086, 209.68149990505643, 211.0024875593774, 106.64446286801937]]}",dark,FALSE,1,"(1800, 3600)",0.541365908,0.458634092,1130.367928,115.5027771
49,4,1,21J_LD4_49_50_51_52_2024-06-12 15-05-01.mkv,99,TRUE,0.5,50,1800,"{'xs': [[2.0896834407944294, 104.25835813958962, 104.25835813958962, 2.0896834407944294], [2.0896834407944294, 3.366791874529369, 101.70414127211973, 104.25835813958962]], 'ys': [[0.9654505223403592, 0.9654505223403592, 106.64446286801937, 108.62594434950086], [108.62594434950086, 209.68149990505643, 211.0024875593774, 106.64446286801937]]}",dark,FALSE,2,"(3600, 5400)",0.240977235,0.762354248,1069.270287,109.2597238
49,4,1,21J_LD4_49_50_51_52_2024-06-12 15-05-01.mkv,99,TRUE,0.5,50,1800,"{'xs': [[2.0896834407944294, 104.25835813958962, 104.25835813958962, 2.0896834407944294], [2.0896834407944294, 3.366791874529369, 101.70414127211973, 104.25835813958962]], 'ys': [[0.9654505223403592, 0.9654505223403592, 106.64446286801937, 108.62594434950086], [108.62594434950086, 209.68149990505643, 211.0024875593774, 106.64446286801937]]}",dark,FALSE,3,"(5400, 7200)",0.342032204,0.657967796,1148.286383,117.3337131
49,4,1,21J_LD4_49_50_51_52_2024-06-12 15-05-01.mkv,99,TRUE,0.5,50,1800,"{'xs': [[2.0896834407944294, 104.25835813958962, 104.25835813958962, 2.0896834407944294], [2.0896834407944294, 3.366791874529369, 101.70414127211973, 104.25835813958962]], 'ys': [[0.9654505223403592, 0.9654505223403592, 106.64446286801937, 108.62594434950086], [108.62594434950086, 209.68149990505643, 211.0024875593774, 106.64446286801937]]}",dark,FALSE,4,"(7200, 9000)",0.233759023,0.771238201,1261.261072,128.8776449
50,4,2,21J_LD4_49_50_51_52_2024-06-12 15-05-01.mkv,99,TRUE,0.5,50,1800,"{'xs': [[1.9834498716204363, 106.08457346712605, 102.41041616375527, 0.7587307704968409], [0.7587307704968409, 4.432888073867628, 103.63513526487887, 102.41041616375527]], 'ys': [[-0.056035232543927546, 0.6064647674560724, 104.61896476745606, 106.60646476745606], [106.60646476745606, 207.30646476745605, 208.63146476745607, 104.61896476745606]]}",light,FALSE,0,"(0, 1800)",0.666296502,0.335924486,809.4866728,80.78205429
50,4,2,21J_LD4_49_50_51_52_2024-06-12 15-05-01.mkv,99,TRUE,0.5,50,1800,"{'xs': [[1.9834498716204363, 106.08457346712605, 102.41041616375527, 0.7587307704968409], [0.7587307704968409, 4.432888073867628, 103.63513526487887, 102.41041616375527]], 'ys': [[-0.056035232543927546, 0.6064647674560724, 104.61896476745606, 106.60646476745606], [106.60646476745606, 207.30646476745605, 208.63146476745607, 104.61896476745606]]}",light,FALSE,1,"(1800, 3600)",0.665186008,0.338145475,1050.17012,104.8008602
50,4,2,21J_LD4_49_50_51_52_2024-06-12 15-05-01.mkv,99,TRUE,0.5,50,1800,"{'xs': [[1.9834498716204363, 106.08457346712605, 102.41041616375527, 0.7587307704968409], [0.7587307704968409, 4.432888073867628, 103.63513526487887, 102.41041616375527]], 'ys': [[-0.056035232543927546, 0.6064647674560724, 104.61896476745606, 106.60646476745606], [106.60646476745606, 207.30646476745605, 208.63146476745607, 104.61896476745606]]}",light,FALSE,2,"(3600, 5400)",0.691282621,0.31038312,1125.924716,112.3607276
50,4,2,21J_LD4_49_50_51_52_2024-06-12 15-05-01.mkv,99,TRUE,0.5,50,1800,"{'xs': [[1.9834498716204363, 106.08457346712605, 102.41041616375527, 0.7587307704968409], [0.7587307704968409, 4.432888073867628, 103.63513526487887, 102.41041616375527]], 'ys': [[-0.056035232543927546, 0.6064647674560724, 104.61896476745606, 106.60646476745606], [106.60646476745606, 207.30646476745605, 208.63146476745607, 104.61896476745606]]}",light,FALSE,3,"(5400, 7200)",0.350916158,0.650749584,805.8920184,80.42332872
50,4,2,21J_LD4_49_50_51_52_2024-06-12 15-05-01.mkv,99,TRUE,0.5,50,1800,"{'xs': [[1.9834498716204363, 106.08457346712605, 102.41041616375527, 0.7587307704968409], [0.7587307704968409, 4.432888073867628, 103.63513526487887, 102.41041616375527]], 'ys': [[-0.056035232543927546, 0.6064647674560724, 104.61896476745606, 106.60646476745606], [106.60646476745606, 207.30646476745605, 208.63146476745607, 104.61896476745606]]}",light,FALSE,4,"(7200, 9000)",0.08384231,0.91615769,905.8464446,90.39819818
51,4,3,21J_LD4_49_50_51_52_2024-06-12 15-05-01.mkv,99,TRUE,0.5,50,1800,"{'xs': [[2.0526058421415487, 104.01731172449449, 100.24084113625919, 0.7937823127297838], [0.7937823127297838, -0.46504121668198095, 102.75848819508273, 100.24084113625919]], 'ys': [[-0.2841192209942488, 0.37737146223556484, 100.92395531316724, 103.5699180460865], [103.5699180460865, 208.08544599639706, 210.06991804608649, 100.92395531316724]]}",dark,FALSE,0,"(0, 1800)",0,1,684.9917432,69.90692502
51,4,3,21J_LD4_49_50_51_52_2024-06-12 15-05-01.mkv,99,TRUE,0.5,50,1800,"{'xs': [[2.0526058421415487, 104.01731172449449, 100.24084113625919, 0.7937823127297838], [0.7937823127297838, -0.46504121668198095, 102.75848819508273, 100.24084113625919]], 'ys': [[-0.2841192209942488, 0.37737146223556484, 100.92395531316724, 103.5699180460865], [103.5699180460865, 208.08544599639706, 210.06991804608649, 100.92395531316724]]}",dark,FALSE,1,"(1800, 3600)",0,1,792.6723126,80.8962801
51,4,3,21J_LD4_49_50_51_52_2024-06-12 15-05-01.mkv,99,TRUE,0.5,50,1800,"{'xs': [[2.0526058421415487, 104.01731172449449, 100.24084113625919, 0.7937823127297838], [0.7937823127297838, -0.46504121668198095, 102.75848819508273, 100.24084113625919]], 'ys': [[-0.2841192209942488, 0.37737146223556484, 100.92395531316724, 103.5699180460865], [103.5699180460865, 208.08544599639706, 210.06991804608649, 100.92395531316724]]}",dark,FALSE,2,"(3600, 5400)",0,1,577.6022595,58.94727674
51,4,3,21J_LD4_49_50_51_52_2024-06-12 15-05-01.mkv,99,TRUE,0.5,50,1800,"{'xs': [[2.0526058421415487, 104.01731172449449, 100.24084113625919, 0.7937823127297838], [0.7937823127297838, -0.46504121668198095, 102.75848819508273, 100.24084113625919]], 'ys': [[-0.2841192209942488, 0.37737146223556484, 100.92395531316724, 103.5699180460865], [103.5699180460865, 208.08544599639706, 210.06991804608649, 100.92395531316724]]}",dark,FALSE,3,"(5400, 7200)",0.192115491,0.807884509,820.2917638,83.71498693
51,4,3,21J_LD4_49_50_51_52_2024-06-12 15-05-01.mkv,99,TRUE,0.5,50,1800,"{'xs': [[2.0526058421415487, 104.01731172449449, 100.24084113625919, 0.7937823127297838], [0.7937823127297838, -0.46504121668198095, 102.75848819508273, 100.24084113625919]], 'ys': [[-0.2841192209942488, 0.37737146223556484, 100.92395531316724, 103.5699180460865], [103.5699180460865, 208.08544599639706, 210.06991804608649, 100.92395531316724]]}",dark,FALSE,4,"(7200, 9000)",0.399222654,0.60188784,1114.892129,113.780467
52,4,4,21J_LD4_49_50_51_52_2024-06-12 15-05-01.mkv,99,TRUE,0.5,50,1800,"{'xs': [[2.0172329606681023, 102.56895709859914, 103.81033640894397, 2.0172329606681023], [2.0172329606681023, 3.25861227101293, 102.56895709859914, 103.81033640894397]], 'ys': [[0.9676622663225698, -0.3553191001370574, 104.1602088501735, 104.8216995334033], [104.8216995334033, 208.67573680048406, 209.9987181669437, 104.1602088501735]]}",dark,FALSE,0,"(0, 1800)",0.103275958,0.901166019,1044.75211,107.533186
52,4,4,21J_LD4_49_50_51_52_2024-06-12 15-05-01.mkv,99,TRUE,0.5,50,1800,"{'xs': [[2.0172329606681023, 102.56895709859914, 103.81033640894397, 2.0172329606681023], [2.0172329606681023, 3.25861227101293, 102.56895709859914, 103.81033640894397]], 'ys': [[0.9676622663225698, -0.3553191001370574, 104.1602088501735, 104.8216995334033], [104.8216995334033, 208.67573680048406, 209.9987181669437, 104.1602088501735]]}",dark,FALSE,1,"(1800, 3600)",0,1,767.4461617,78.99092047
52,4,4,21J_LD4_49_50_51_52_2024-06-12 15-05-01.mkv,99,TRUE,0.5,50,1800,"{'xs': [[2.0172329606681023, 102.56895709859914, 103.81033640894397, 2.0172329606681023], [2.0172329606681023, 3.25861227101293, 102.56895709859914, 103.81033640894397]], 'ys': [[0.9676622663225698, -0.3553191001370574, 104.1602088501735, 104.8216995334033], [104.8216995334033, 208.67573680048406, 209.9987181669437, 104.1602088501735]]}",dark,FALSE,2,"(3600, 5400)",0,1,681.8357285,70.1792966
52,4,4,21J_LD4_49_50_51_52_2024-06-12 15-05-01.mkv,99,TRUE,0.5,50,1800,"{'xs': [[2.0172329606681023, 102.56895709859914, 103.81033640894397, 2.0172329606681023], [2.0172329606681023, 3.25861227101293, 102.56895709859914, 103.81033640894397]], 'ys': [[0.9676622663225698, -0.3553191001370574, 104.1602088501735, 104.8216995334033], [104.8216995334033, 208.67573680048406, 209.9987181669437, 104.1602088501735]]}",dark,FALSE,3,"(5400, 7200)",0,1,1008.080063,103.7586427
52,4,4,21J_LD4_49_50_51_52_2024-06-12 15-05-01.mkv,99,TRUE,0.5,50,1800,"{'xs': [[2.0172329606681023, 102.56895709859914, 103.81033640894397, 2.0172329606681023], [2.0172329606681023, 3.25861227101293, 102.56895709859914, 103.81033640894397]], 'ys': [[0.9676622663225698, -0.3553191001370574, 104.1602088501735, 104.8216995334033], [104.8216995334033, 208.67573680048406, 209.9987181669437, 104.1602088501735]]}",dark,FALSE,4,"(7200, 9000)",0,1,798.5321642,82.19050902
53,4,1,21J_LD4_53_54_55_56_2024-06-12 15-14-07.mkv,99,TRUE,0.5,50,1800,"{'xs': [[2.0896834407944294, 104.25835813958962, 104.25835813958962, 2.0896834407944294], [2.0896834407944294, 3.366791874529369, 101.70414127211973, 104.25835813958962]], 'ys': [[0.9654505223403592, 0.9654505223403592, 106.64446286801937, 108.62594434950086], [108.62594434950086, 209.68149990505643, 211.0024875593774, 106.64446286801937]]}",dark,FALSE,0,"(0, 1800)",0.183231538,0.820655192,1297.599009,132.5907126
53,4,1,21J_LD4_53_54_55_56_2024-06-12 15-14-07.mkv,99,TRUE,0.5,50,1800,"{'xs': [[2.0896834407944294, 104.25835813958962, 104.25835813958962, 2.0896834407944294], [2.0896834407944294, 3.366791874529369, 101.70414127211973, 104.25835813958962]], 'ys': [[0.9654505223403592, 0.9654505223403592, 106.64446286801937, 108.62594434950086], [108.62594434950086, 209.68149990505643, 211.0024875593774, 106.64446286801937]]}",dark,FALSE,1,"(1800, 3600)",0.327040533,0.675180455,1400.569652,143.1124153
53,4,1,21J_LD4_53_54_55_56_2024-06-12 15-14-07.mkv,99,TRUE,0.5,50,1800,"{'xs': [[2.0896834407944294, 104.25835813958962, 104.25835813958962, 2.0896834407944294], [2.0896834407944294, 3.366791874529369, 101.70414127211973, 104.25835813958962]], 'ys': [[0.9654505223403592, 0.9654505223403592, 106.64446286801937, 108.62594434950086], [108.62594434950086, 209.68149990505643, 211.0024875593774, 106.64446286801937]]}",dark,FALSE,2,"(3600, 5400)",0.271515825,0.730705164,1127.849794,115.2454702
53,4,1,21J_LD4_53_54_55_56_2024-06-12 15-14-07.mkv,99,TRUE,0.5,50,1800,"{'xs': [[2.0896834407944294, 104.25835813958962, 104.25835813958962, 2.0896834407944294], [2.0896834407944294, 3.366791874529369, 101.70414127211973, 104.25835813958962]], 'ys': [[0.9654505223403592, 0.9654505223403592, 106.64446286801937, 108.62594434950086], [108.62594434950086, 209.68149990505643, 211.0024875593774, 106.64446286801937]]}",dark,FALSE,3,"(5400, 7200)",0,1,762.8428072,77.94848078
53,4,1,21J_LD4_53_54_55_56_2024-06-12 15-14-07.mkv,99,TRUE,0.5,50,1800,"{'xs': [[2.0896834407944294, 104.25835813958962, 104.25835813958962, 2.0896834407944294], [2.0896834407944294, 3.366791874529369, 101.70414127211973, 104.25835813958962]], 'ys': [[0.9654505223403592, 0.9654505223403592, 106.64446286801937, 108.62594434950086], [108.62594434950086, 209.68149990505643, 211.0024875593774, 106.64446286801937]]}",dark,FALSE,4,"(7200, 9000)",0.144919489,0.857301499,1078.025075,110.1543018
54,4,2,21J_LD4_53_54_55_56_2024-06-12 15-14-07.mkv,99,TRUE,0.5,50,1800,"{'xs': [[1.9834498716204363, 106.08457346712605, 102.41041616375527, 0.7587307704968409], [0.7587307704968409, 4.432888073867628, 103.63513526487887, 102.41041616375527]], 'ys': [[-0.056035232543927546, 0.6064647674560724, 104.61896476745606, 106.60646476745606], [106.60646476745606, 207.30646476745605, 208.63146476745607, 104.61896476745606]]}",dark,FALSE,0,"(0, 1800)",0.268184342,0.731815658,890.110726,88.82786513
54,4,2,21J_LD4_53_54_55_56_2024-06-12 15-14-07.mkv,99,TRUE,0.5,50,1800,"{'xs': [[1.9834498716204363, 106.08457346712605, 102.41041616375527, 0.7587307704968409], [0.7587307704968409, 4.432888073867628, 103.63513526487887, 102.41041616375527]], 'ys': [[-0.056035232543927546, 0.6064647674560724, 104.61896476745606, 106.60646476745606], [106.60646476745606, 207.30646476745605, 208.63146476745607, 104.61896476745606]]}",dark,FALSE,1,"(1800, 3600)",0,1,677.5618426,67.61672477
54,4,2,21J_LD4_53_54_55_56_2024-06-12 15-14-07.mkv,99,TRUE,0.5,50,1800,"{'xs': [[1.9834498716204363, 106.08457346712605, 102.41041616375527, 0.7587307704968409], [0.7587307704968409, 4.432888073867628, 103.63513526487887, 102.41041616375527]], 'ys': [[-0.056035232543927546, 0.6064647674560724, 104.61896476745606, 106.60646476745606], [106.60646476745606, 207.30646476745605, 208.63146476745607, 104.61896476745606]]}",dark,FALSE,2,"(3600, 5400)",0.10660744,0.896168795,690.5610374,68.91396868
54,4,2,21J_LD4_53_54_55_56_2024-06-12 15-14-07.mkv,99,TRUE,0.5,50,1800,"{'xs': [[1.9834498716204363, 106.08457346712605, 102.41041616375527, 0.7587307704968409], [0.7587307704968409, 4.432888073867628, 103.63513526487887, 102.41041616375527]], 'ys': [[-0.056035232543927546, 0.6064647674560724, 104.61896476745606, 106.60646476745606], [106.60646476745606, 207.30646476745605, 208.63146476745607, 104.61896476745606]]}",dark,FALSE,3,"(5400, 7200)",0,1,967.6856723,96.56939285
54,4,2,21J_LD4_53_54_55_56_2024-06-12 15-14-07.mkv,99,TRUE,0.5,50,1800,"{'xs': [[1.9834498716204363, 106.08457346712605, 102.41041616375527, 0.7587307704968409], [0.7587307704968409, 4.432888073867628, 103.63513526487887, 102.41041616375527]], 'ys': [[-0.056035232543927546, 0.6064647674560724, 104.61896476745606, 106.60646476745606], [106.60646476745606, 207.30646476745605, 208.63146476745607, 104.61896476745606]]}",dark,FALSE,4,"(7200, 9000)",0.580788451,0.421432537,1135.986762,113.3648612
55,4,3,21J_LD4_53_54_55_56_2024-06-12 15-14-07.mkv,99,TRUE,0.5,50,1800,"{'xs': [[2.0526058421415487, 104.01731172449449, 100.24084113625919, 0.7937823127297838], [0.7937823127297838, -0.46504121668198095, 102.75848819508273, 100.24084113625919]], 'ys': [[-0.2841192209942488, 0.37737146223556484, 100.92395531316724, 103.5699180460865], [103.5699180460865, 208.08544599639706, 210.06991804608649, 100.92395531316724]]}",dark,FALSE,0,"(0, 1800)",0.143808995,0.857301499,984.4560392,100.4687943
55,4,3,21J_LD4_53_54_55_56_2024-06-12 15-14-07.mkv,99,TRUE,0.5,50,1800,"{'xs': [[2.0526058421415487, 104.01731172449449, 100.24084113625919, 0.7937823127297838], [0.7937823127297838, -0.46504121668198095, 102.75848819508273, 100.24084113625919]], 'ys': [[-0.2841192209942488, 0.37737146223556484, 100.92395531316724, 103.5699180460865], [103.5699180460865, 208.08544599639706, 210.06991804608649, 100.92395531316724]]}",dark,FALSE,1,"(1800, 3600)",0.037201555,0.965574681,827.9194475,84.49343122
55,4,3,21J_LD4_53_54_55_56_2024-06-12 15-14-07.mkv,99,TRUE,0.5,50,1800,"{'xs': [[2.0526058421415487, 104.01731172449449, 100.24084113625919, 0.7937823127297838], [0.7937823127297838, -0.46504121668198095, 102.75848819508273, 100.24084113625919]], 'ys': [[-0.2841192209942488, 0.37737146223556484, 100.92395531316724, 103.5699180460865], [103.5699180460865, 208.08544599639706, 210.06991804608649, 100.92395531316724]]}",dark,FALSE,2,"(3600, 5400)",0.098833981,0.902276513,919.821593,93.87251711
55,4,3,21J_LD4_53_54_55_56_2024-06-12 15-14-07.mkv,99,TRUE,0.5,50,1800,"{'xs': [[2.0526058421415487, 104.01731172449449, 100.24084113625919, 0.7937823127297838], [0.7937823127297838, -0.46504121668198095, 102.75848819508273, 100.24084113625919]], 'ys': [[-0.2841192209942488, 0.37737146223556484, 100.92395531316724, 103.5699180460865], [103.5699180460865, 208.08544599639706, 210.06991804608649, 100.92395531316724]]}",dark,FALSE,3,"(5400, 7200)",0,1,704.3462035,71.88214709
55,4,3,21J_LD4_53_54_55_56_2024-06-12 15-14-07.mkv,99,TRUE,0.5,50,1800,"{'xs': [[2.0526058421415487, 104.01731172449449, 100.24084113625919, 0.7937823127297838], [0.7937823127297838, -0.46504121668198095, 102.75848819508273, 100.24084113625919]], 'ys': [[-0.2841192209942488, 0.37737146223556484, 100.92395531316724, 103.5699180460865], [103.5699180460865, 208.08544599639706, 210.06991804608649, 100.92395531316724]]}",dark,FALSE,4,"(7200, 9000)",0.113825652,0.886174348,897.4309499,91.587437
56,4,4,21J_LD4_53_54_55_56_2024-06-12 15-14-07.mkv,99,TRUE,0.5,50,1800,"{'xs': [[2.0172329606681023, 102.56895709859914, 103.81033640894397, 2.0172329606681023], [2.0172329606681023, 3.25861227101293, 102.56895709859914, 103.81033640894397]], 'ys': [[0.9676622663225698, -0.3553191001370574, 104.1602088501735, 104.8216995334033], [104.8216995334033, 208.67573680048406, 209.9987181669437, 104.1602088501735]]}",dark,FALSE,0,"(0, 1800)",0.243198223,0.757912271,1104.361543,113.6686053
56,4,4,21J_LD4_53_54_55_56_2024-06-12 15-14-07.mkv,99,TRUE,0.5,50,1800,"{'xs': [[2.0172329606681023, 102.56895709859914, 103.81033640894397, 2.0172329606681023], [2.0172329606681023, 3.25861227101293, 102.56895709859914, 103.81033640894397]], 'ys': [[0.9676622663225698, -0.3553191001370574, 104.1602088501735, 104.8216995334033], [104.8216995334033, 208.67573680048406, 209.9987181669437, 104.1602088501735]]}",dark,FALSE,1,"(1800, 3600)",0.222098834,0.77901166,1112.630086,114.5196615
56,4,4,21J_LD4_53_54_55_56_2024-06-12 15-14-07.mkv,99,TRUE,0.5,50,1800,"{'xs': [[2.0172329606681023, 102.56895709859914, 103.81033640894397, 2.0172329606681023], [2.0172329606681023, 3.25861227101293, 102.56895709859914, 103.81033640894397]], 'ys': [[0.9676622663225698, -0.3553191001370574, 104.1602088501735, 104.8216995334033], [104.8216995334033, 208.67573680048406, 209.9987181669437, 104.1602088501735]]}",dark,FALSE,2,"(3600, 5400)",0.385341477,0.616879511,1159.652873,119.3595752
56,4,4,21J_LD4_53_54_55_56_2024-06-12 15-14-07.mkv,99,TRUE,0.5,50,1800,"{'xs': [[2.0172329606681023, 102.56895709859914, 103.81033640894397, 2.0172329606681023], [2.0172329606681023, 3.25861227101293, 102.56895709859914, 103.81033640894397]], 'ys': [[0.9676622663225698, -0.3553191001370574, 104.1602088501735, 104.8216995334033], [104.8216995334033, 208.67573680048406, 209.9987181669437, 104.1602088501735]]}",dark,FALSE,3,"(5400, 7200)",0.204886174,0.79622432,1323.226029,136.1956672
56,4,4,21J_LD4_53_54_55_56_2024-06-12 15-14-07.mkv,99,TRUE,0.5,50,1800,"{'xs': [[2.0172329606681023, 102.56895709859914, 103.81033640894397, 2.0172329606681023], [2.0172329606681023, 3.25861227101293, 102.56895709859914, 103.81033640894397]], 'ys': [[0.9676622663225698, -0.3553191001370574, 104.1602088501735, 104.8216995334033], [104.8216995334033, 208.67573680048406, 209.9987181669437, 104.1602088501735]]}",dark,FALSE,4,"(7200, 9000)",0.550249861,0.450305386,1329.287942,136.8196016
57,4,1,21J_LD4_57_58_59_60_2024-06-12 15-25-30.mkv,98,TRUE,0.5,50,1800,"{'xs': [[2.563829787234042, 105.20212765957447, 106.73404255319149, 1.7978723404255312], [1.7978723404255312, 106.73404255319149, 105.20212765957447, 1.0319148936170206]], 'ys': [[-0.055730386416865556, -0.055730386416865556, 108.1901712529274, 107.19251317330212], [107.19251317330212, 108.1901712529274, 211.94661153395785, 210.94895345433255]]}",dark,FALSE,0,"(0, 1800)",0.06662965,0.934480844,652.7607402,65.03868283
57,4,1,21J_LD4_57_58_59_60_2024-06-12 15-25-30.mkv,98,TRUE,0.5,50,1800,"{'xs': [[2.563829787234042, 105.20212765957447, 106.73404255319149, 1.7978723404255312], [1.7978723404255312, 106.73404255319149, 105.20212765957447, 1.0319148936170206]], 'ys': [[-0.055730386416865556, -0.055730386416865556, 108.1901712529274, 107.19251317330212], [107.19251317330212, 108.1901712529274, 211.94661153395785, 210.94895345433255]]}",dark,FALSE,1,"(1800, 3600)",0,1,639.9474176,63.76201043
57,4,1,21J_LD4_57_58_59_60_2024-06-12 15-25-30.mkv,98,TRUE,0.5,50,1800,"{'xs': [[2.563829787234042, 105.20212765957447, 106.73404255319149, 1.7978723404255312], [1.7978723404255312, 106.73404255319149, 105.20212765957447, 1.0319148936170206]], 'ys': [[-0.055730386416865556, -0.055730386416865556, 108.1901712529274, 107.19251317330212], [107.19251317330212, 108.1901712529274, 211.94661153395785, 210.94895345433255]]}",dark,FALSE,2,"(3600, 5400)",0,1,574.7521987,57.26619824
57,4,1,21J_LD4_57_58_59_60_2024-06-12 15-25-30.mkv,98,TRUE,0.5,50,1800,"{'xs': [[2.563829787234042, 105.20212765957447, 106.73404255319149, 1.7978723404255312], [1.7978723404255312, 106.73404255319149, 105.20212765957447, 1.0319148936170206]], 'ys': [[-0.055730386416865556, -0.055730386416865556, 108.1901712529274, 107.19251317330212], [107.19251317330212, 108.1901712529274, 211.94661153395785, 210.94895345433255]]}",dark,FALSE,3,"(5400, 7200)",0.013333333,0.991666667,763.8571457,76.10792066
58,4,2,21J_LD4_57_58_59_60_2024-06-12 15-25-30.mkv,98,TRUE,0.5,50,1800,"{'xs': [[0.2622377622377645, 107.73776223776224, 107.73776223776224, 1.786713286713289], [1.786713286713289, 107.73776223776224, 106.21328671328672, 1.786713286713289]], 'ys': [[1.1728083517699317, 0.6794455199115247, 109.71263136061948, 107.73918003318586], [107.73918003318586, 109.71263136061948, 219.23918003318585, 217.75909153761063]]}",dark,FALSE,0,"(0, 1800)",0.180455303,0.830094392,880.2013263,88.21807193
58,4,2,21J_LD4_57_58_59_60_2024-06-12 15-25-30.mkv,98,TRUE,0.5,50,1800,"{'xs': [[0.2622377622377645, 107.73776223776224, 107.73776223776224, 1.786713286713289], [1.786713286713289, 107.73776223776224, 106.21328671328672, 1.786713286713289]], 'ys': [[1.1728083517699317, 0.6794455199115247, 109.71263136061948, 107.73918003318586], [107.73918003318586, 109.71263136061948, 219.23918003318585, 217.75909153761063]]}",dark,FALSE,1,"(1800, 3600)",0.033314825,0.966685175,791.3663654,79.31459867
58,4,2,21J_LD4_57_58_59_60_2024-06-12 15-25-30.mkv,98,TRUE,0.5,50,1800,"{'xs': [[0.2622377622377645, 107.73776223776224, 107.73776223776224, 1.786713286713289], [1.786713286713289, 107.73776223776224, 106.21328671328672, 1.786713286713289]], 'ys': [[1.1728083517699317, 0.6794455199115247, 109.71263136061948, 107.73918003318586], [107.73918003318586, 109.71263136061948, 219.23918003318585, 217.75909153761063]]}",dark,FALSE,2,"(3600, 5400)",0.041088284,0.96002221,574.822817,57.61154761
58,4,2,21J_LD4_57_58_59_60_2024-06-12 15-25-30.mkv,98,TRUE,0.5,50,1800,"{'xs': [[0.2622377622377645, 107.73776223776224, 107.73776223776224, 1.786713286713289], [1.786713286713289, 107.73776223776224, 106.21328671328672, 1.786713286713289]], 'ys': [[1.1728083517699317, 0.6794455199115247, 109.71263136061948, 107.73918003318586], [107.73918003318586, 109.71263136061948, 219.23918003318585, 217.75909153761063]]}",light_dark,TRUE,3,"(5400, 7200)",0.328333333,0.674444444,1700.662941,170.4487385
59,4,3,21J_LD4_57_58_59_60_2024-06-12 15-25-30.mkv,98,TRUE,0.5,50,1800,"{'xs': [[1.8260869565217406, 103.39855072463769, 104.17391304347827, 2.60144927536232], [2.60144927536232, 104.17391304347827, 104.17391304347827, 1.8260869565217406]], 'ys': [[0.9353904462242634, 0.9353904462242634, 107.20083667048056, 106.2077016590389], [106.2077016590389, 107.20083667048056, 215.45255291762015, 213.96285040045765]]}",dark,FALSE,0,"(0, 1800)",0.409772349,0.591338145,1263.00616,128.1890002
59,4,3,21J_LD4_57_58_59_60_2024-06-12 15-25-30.mkv,98,TRUE,0.5,50,1800,"{'xs': [[1.8260869565217406, 103.39855072463769, 104.17391304347827, 2.60144927536232], [2.60144927536232, 104.17391304347827, 104.17391304347827, 1.8260869565217406]], 'ys': [[0.9353904462242634, 0.9353904462242634, 107.20083667048056, 106.2077016590389], [106.2077016590389, 107.20083667048056, 215.45255291762015, 213.96285040045765]]}",dark,FALSE,1,"(1800, 3600)",0.580788451,0.456413104,996.0492443,101.0941679
59,4,3,21J_LD4_57_58_59_60_2024-06-12 15-25-30.mkv,98,TRUE,0.5,50,1800,"{'xs': [[1.8260869565217406, 103.39855072463769, 104.17391304347827, 2.60144927536232], [2.60144927536232, 104.17391304347827, 104.17391304347827, 1.8260869565217406]], 'ys': [[0.9353904462242634, 0.9353904462242634, 107.20083667048056, 106.2077016590389], [106.2077016590389, 107.20083667048056, 215.45255291762015, 213.96285040045765]]}",dark,FALSE,2,"(3600, 5400)",0.327040533,0.674069961,980.4595275,99.51188724
59,4,3,21J_LD4_57_58_59_60_2024-06-12 15-25-30.mkv,98,TRUE,0.5,50,1800,"{'xs': [[1.8260869565217406, 103.39855072463769, 104.17391304347827, 2.60144927536232], [2.60144927536232, 104.17391304347827, 104.17391304347827, 1.8260869565217406]], 'ys': [[0.9353904462242634, 0.9353904462242634, 107.20083667048056, 106.2077016590389], [106.2077016590389, 107.20083667048056, 215.45255291762015, 213.96285040045765]]}",dark,FALSE,3,"(5400, 7200)",0.363333333,0.637777778,1007.923384,102.2993355
60,4,4,21J_LD4_57_58_59_60_2024-06-12 15-25-30.mkv,98,TRUE,0.5,50,1800,"{'xs': [[1.7500000000000018, 108.25000000000001, 110.50000000000001, 2.5000000000000018], [2.5000000000000018, 110.50000000000001, 109.00000000000001, 1.7500000000000018]], 'ys': [[2.4123671700223634, 2.4123671700223634, 110.19312779642058, 107.72109200223713], [107.72109200223713, 110.19312779642058, 217.4794812639821, 217.9738884228188]]}",light,FALSE,0,"(0, 1800)",0.365907829,0.644086619,950.7197471,95.05415205
60,4,4,21J_LD4_57_58_59_60_2024-06-12 15-25-30.mkv,98,TRUE,0.5,50,1800,"{'xs': [[1.7500000000000018, 108.25000000000001, 110.50000000000001, 2.5000000000000018], [2.5000000000000018, 110.50000000000001, 109.00000000000001, 1.7500000000000018]], 'ys': [[2.4123671700223634, 2.4123671700223634, 110.19312779642058, 107.72109200223713], [107.72109200223713, 110.19312779642058, 217.4794812639821, 217.9738884228188]]}",light,FALSE,1,"(1800, 3600)",0.134369795,0.879511383,1043.610556,104.3414915
60,4,4,21J_LD4_57_58_59_60_2024-06-12 15-25-30.mkv,98,TRUE,0.5,50,1800,"{'xs': [[1.7500000000000018, 108.25000000000001, 110.50000000000001, 2.5000000000000018], [2.5000000000000018, 110.50000000000001, 109.00000000000001, 1.7500000000000018]], 'ys': [[2.4123671700223634, 2.4123671700223634, 110.19312779642058, 107.72109200223713], [107.72109200223713, 110.19312779642058, 217.4794812639821, 217.9738884228188]]}",light,FALSE,2,"(3600, 5400)",0.267073848,0.734036646,1170.993634,117.0774114
60,4,4,21J_LD4_57_58_59_60_2024-06-12 15-25-30.mkv,98,TRUE,0.5,50,1800,"{'xs': [[1.7500000000000018, 108.25000000000001, 110.50000000000001, 2.5000000000000018], [2.5000000000000018, 110.50000000000001, 109.00000000000001, 1.7500000000000018]], 'ys': [[2.4123671700223634, 2.4123671700223634, 110.19312779642058, 107.72109200223713], [107.72109200223713, 110.19312779642058, 217.4794812639821, 217.9738884228188]]}",dark,TRUE,3,"(5400, 7200)",0.102777778,0.897777778,873.7523046,87.35885067