Animal,Experiment,Box,phase,subphase,component,freezing,motion
1,20240605_SEFL_21J_NovSts_g1,1,mildstressor,prepost,bl,0,431.39
1,20240605_SEFL_21J_NovSts_g1,1,mildstressor,prepost,post,53.67,124.23
1,20240605_SEFL_21J_NovSts_g1,1,mildstressor,startle,startle_pre,0,110.43
1,20240605_SEFL_21J_NovSts_g1,1,mildstressor,startle,startle_startle,0,842.31
1,20240605_SEFL_21J_NovSts_g1,1,mildstressor,startle,startle_post,87.78,33.93
2,20240605_SEFL_21J_NovSts_g1,2,mildstressor,prepost,bl,0.56,405.34
2,20240605_SEFL_21J_NovSts_g1,2,mildstressor,prepost,post,49.67,81.54
2,20240605_SEFL_21J_NovSts_g1,2,mildstressor,startle,startle_pre,0,515.77
2,20240605_SEFL_21J_NovSts_g1,2,mildstressor,startle,startle_startle,0,772.94
2,20240605_SEFL_21J_NovSts_g1,2,mildstressor,startle,startle_post,51.11,51.47
3,20240605_SEFL_21J_NovSts_g1,3,mildstressor,prepost,bl,0,376.27
3,20240605_SEFL_21J_NovSts_g1,3,mildstressor,prepost,post,61.33,27.27
3,20240605_SEFL_21J_NovSts_g1,3,mildstressor,startle,startle_pre,0,357.24
3,20240605_SEFL_21J_NovSts_g1,3,mildstressor,startle,startle_startle,0,1166.89
3,20240605_SEFL_21J_NovSts_g1,3,mildstressor,startle,startle_post,38.89,41.56
4,20240605_SEFL_21J_NovSts_g1,4,mildstressor,prepost,bl,0,484.78
4,20240605_SEFL_21J_NovSts_g1,4,mildstressor,prepost,post,0,207.3
4,20240605_SEFL_21J_NovSts_g1,4,mildstressor,startle,startle_pre,0,365.87
4,20240605_SEFL_21J_NovSts_g1,4,mildstressor,startle,startle_startle,0,1188.54
4,20240605_SEFL_21J_NovSts_g1,4,mildstressor,startle,startle_post,0,221.78
5,20240605_SEFL_21J_NovSts_g2,1,mildstressor,prepost,bl,0,624.28
5,20240605_SEFL_21J_NovSts_g2,1,mildstressor,prepost,post,43.33,77.11
5,20240605_SEFL_21J_NovSts_g2,1,mildstressor,startle,startle_pre,0,627.43
5,20240605_SEFL_21J_NovSts_g2,1,mildstressor,startle,startle_startle,0,730.09
5,20240605_SEFL_21J_NovSts_g2,1,mildstressor,startle,startle_post,58.89,67.39
6,20240605_SEFL_21J_NovSts_g2,2,mildstressor,prepost,bl,1.85,332.78
6,20240605_SEFL_21J_NovSts_g2,2,mildstressor,prepost,post,0,321.11
6,20240605_SEFL_21J_NovSts_g2,2,mildstressor,startle,startle_pre,0,223.58
6,20240605_SEFL_21J_NovSts_g2,2,mildstressor,startle,startle_startle,0,820.3
6,20240605_SEFL_21J_NovSts_g2,2,mildstressor,startle,startle_post,0,130.37
7,20240605_SEFL_21J_NovSts_g2,3,mildstressor,prepost,bl,0,391.83
7,20240605_SEFL_21J_NovSts_g2,3,mildstressor,prepost,post,93,36.21
7,20240605_SEFL_21J_NovSts_g2,3,mildstressor,startle,startle_pre,0,188.06
7,20240605_SEFL_21J_NovSts_g2,3,mildstressor,startle,startle_startle,0,935.2
7,20240605_SEFL_21J_NovSts_g2,3,mildstressor,startle,startle_post,77.78,115.67
8,20240605_SEFL_21J_NovSts_g2,4,mildstressor,prepost,bl,0,502.38
8,20240605_SEFL_21J_NovSts_g2,4,mildstressor,prepost,post,0,197.99
8,20240605_SEFL_21J_NovSts_g2,4,mildstressor,startle,startle_pre,0,506.3
8,20240605_SEFL_21J_NovSts_g2,4,mildstressor,startle,startle_startle,0,788.37
8,20240605_SEFL_21J_NovSts_g2,4,mildstressor,startle,startle_post,0,450.72
9,20240605_SEFL_21J_NovSts_g3,1,mildstressor,prepost,bl,0,545.16
9,20240605_SEFL_21J_NovSts_g3,1,mildstressor,prepost,post,0,247.07
9,20240605_SEFL_21J_NovSts_g3,1,mildstressor,startle,startle_pre,0,728.44
9,20240605_SEFL_21J_NovSts_g3,1,mildstressor,startle,startle_startle,0,1232.64
9,20240605_SEFL_21J_NovSts_g3,1,mildstressor,startle,startle_post,0,255.83
10,20240605_SEFL_21J_NovSts_g3,2,mildstressor,prepost,bl,5.57,239.25
10,20240605_SEFL_21J_NovSts_g3,2,mildstressor,prepost,post,96.33,6.82
10,20240605_SEFL_21J_NovSts_g3,2,mildstressor,startle,startle_pre,0,146.5
10,20240605_SEFL_21J_NovSts_g3,2,mildstressor,startle,startle_startle,0,509.36
10,20240605_SEFL_21J_NovSts_g3,2,mildstressor,startle,startle_post,87.78,22.66
11,20240605_SEFL_21J_NovSts_g3,3,mildstressor,prepost,bl,0,351.17
11,20240605_SEFL_21J_NovSts_g3,3,mildstressor,prepost,post,90.67,10.18
11,20240605_SEFL_21J_NovSts_g3,3,mildstressor,startle,startle_pre,0,728.67
11,20240605_SEFL_21J_NovSts_g3,3,mildstressor,startle,startle_startle,0,618.5
11,20240605_SEFL_21J_NovSts_g3,3,mildstressor,startle,startle_post,68.89,33.58
12,20240605_SEFL_21J_NovSts_g3,4,mildstressor,prepost,bl,0,455.96
12,20240605_SEFL_21J_NovSts_g3,4,mildstressor,prepost,post,33,140.73
12,20240605_SEFL_21J_NovSts_g3,4,mildstressor,startle,startle_pre,0,230.36
12,20240605_SEFL_21J_NovSts_g3,4,mildstressor,startle,startle_startle,0,701.82
12,20240605_SEFL_21J_NovSts_g3,4,mildstressor,startle,startle_post,44.44,177.78
13,20240605_SEFL_21J_NovSts_g4,1,mildstressor,prepost,bl,4.22,357.97
13,20240605_SEFL_21J_NovSts_g4,1,mildstressor,prepost,post,15.33,130.1
13,20240605_SEFL_21J_NovSts_g4,1,mildstressor,startle,startle_pre,0,53.09
13,20240605_SEFL_21J_NovSts_g4,1,mildstressor,startle,startle_startle,0,769.13
13,20240605_SEFL_21J_NovSts_g4,1,mildstressor,startle,startle_post,0,267.8
14,20240605_SEFL_21J_NovSts_g4,2,mildstressor,prepost,bl,1.2,378.72
14,20240605_SEFL_21J_NovSts_g4,2,mildstressor,prepost,post,20,146.55
14,20240605_SEFL_21J_NovSts_g4,2,mildstressor,startle,startle_pre,0,195.98
14,20240605_SEFL_21J_NovSts_g4,2,mildstressor,startle,startle_startle,0,665.46
14,20240605_SEFL_21J_NovSts_g4,2,mildstressor,startle,startle_post,0,286.11
15,20240605_SEFL_21J_NovSts_g4,3,mildstressor,prepost,bl,0,442.94
15,20240605_SEFL_21J_NovSts_g4,3,mildstressor,prepost,post,16,170.26
15,20240605_SEFL_21J_NovSts_g4,3,mildstressor,startle,startle_pre,0,318.89
15,20240605_SEFL_21J_NovSts_g4,3,mildstressor,startle,startle_startle,0,1348.41
15,20240605_SEFL_21J_NovSts_g4,3,mildstressor,startle,startle_post,0,359.21
16,20240605_SEFL_21J_NovSts_g4,4,mildstressor,prepost,bl,0,386.7
16,20240605_SEFL_21J_NovSts_g4,4,mildstressor,prepost,post,20.67,211.23
16,20240605_SEFL_21J_NovSts_g4,4,mildstressor,startle,startle_pre,0,494.42
16,20240605_SEFL_21J_NovSts_g4,4,mildstressor,startle,startle_startle,0,740.24
16,20240605_SEFL_21J_NovSts_g4,4,mildstressor,startle,startle_post,0,352.09
17,20240605_SEFL_21J_NovSts_g5,1,mildstressor,prepost,bl,0,391.96
17,20240605_SEFL_21J_NovSts_g5,1,mildstressor,prepost,post,77,14.52
17,20240605_SEFL_21J_NovSts_g5,1,mildstressor,startle,startle_pre,0,347.54
17,20240605_SEFL_21J_NovSts_g5,1,mildstressor,startle,startle_startle,0,796
17,20240605_SEFL_21J_NovSts_g5,1,mildstressor,startle,startle_post,71.11,14.02
18,20240605_SEFL_21J_NovSts_g5,2,mildstressor,prepost,bl,0.63,391.23
18,20240605_SEFL_21J_NovSts_g5,2,mildstressor,prepost,post,62,55.05
18,20240605_SEFL_21J_NovSts_g5,2,mildstressor,startle,startle_pre,0,553.27
18,20240605_SEFL_21J_NovSts_g5,2,mildstressor,startle,startle_startle,0,459.92
18,20240605_SEFL_21J_NovSts_g5,2,mildstressor,startle,startle_post,100,0.16
19,20240605_SEFL_21J_NovSts_g5,3,mildstressor,prepost,bl,0,245.8
19,20240605_SEFL_21J_NovSts_g5,3,mildstressor,prepost,post,10.33,196.13
19,20240605_SEFL_21J_NovSts_g5,3,mildstressor,startle,startle_pre,0,139.29
19,20240605_SEFL_21J_NovSts_g5,3,mildstressor,startle,startle_startle,0,327.77
19,20240605_SEFL_21J_NovSts_g5,3,mildstressor,startle,startle_post,34.44,262.33
20,20240605_SEFL_21J_NovSts_g5,4,mildstressor,prepost,bl,0,422.23
20,20240605_SEFL_21J_NovSts_g5,4,mildstressor,prepost,post,32.67,43.17
20,20240605_SEFL_21J_NovSts_g5,4,mildstressor,startle,startle_pre,0,617.69
20,20240605_SEFL_21J_NovSts_g5,4,mildstressor,startle,startle_startle,0,521.78
20,20240605_SEFL_21J_NovSts_g5,4,mildstressor,startle,startle_post,0,47.49
21,20240605_SEFL_21J_NovSts_g6,1,mildstressor,prepost,bl,0,525.39
21,20240605_SEFL_21J_NovSts_g6,1,mildstressor,prepost,post,10.33,267.46
21,20240605_SEFL_21J_NovSts_g6,1,mildstressor,startle,startle_pre,0,281
21,20240605_SEFL_21J_NovSts_g6,1,mildstressor,startle,startle_startle,0,903.52
21,20240605_SEFL_21J_NovSts_g6,1,mildstressor,startle,startle_post,0,196.67
22,20240605_SEFL_21J_NovSts_g6,2,mildstressor,prepost,bl,11.37,319.53
22,20240605_SEFL_21J_NovSts_g6,2,mildstressor,prepost,post,92.33,4.71
22,20240605_SEFL_21J_NovSts_g6,2,mildstressor,startle,startle_pre,78.89,3.53
22,20240605_SEFL_21J_NovSts_g6,2,mildstressor,startle,startle_startle,0,821.74
22,20240605_SEFL_21J_NovSts_g6,2,mildstressor,startle,startle_post,94.44,2.52
23,20240605_SEFL_21J_NovSts_g6,3,mildstressor,prepost,bl,0,362.14
23,20240605_SEFL_21J_NovSts_g6,3,mildstressor,prepost,post,26.67,278.81
23,20240605_SEFL_21J_NovSts_g6,3,mildstressor,startle,startle_pre,0,443.09
23,20240605_SEFL_21J_NovSts_g6,3,mildstressor,startle,startle_startle,0,627.89
23,20240605_SEFL_21J_NovSts_g6,3,mildstressor,startle,startle_post,0,643.4
24,20240605_SEFL_21J_NovSts_g6,4,mildstressor,prepost,bl,0,405.48
24,20240605_SEFL_21J_NovSts_g6,4,mildstressor,prepost,post,76.33,152.5
24,20240605_SEFL_21J_NovSts_g6,4,mildstressor,startle,startle_pre,0,458.33
24,20240605_SEFL_21J_NovSts_g6,4,mildstressor,startle,startle_startle,0,524.04
24,20240605_SEFL_21J_NovSts_g6,4,mildstressor,startle,startle_post,57.78,461.3
25,20240605_SEFL_21J_NovSts_g7,1,mildstressor,prepost,bl,0,451.27
25,20240605_SEFL_21J_NovSts_g7,1,mildstressor,prepost,post,0,255.86
25,20240605_SEFL_21J_NovSts_g7,1,mildstressor,startle,startle_pre,0,637.79
25,20240605_SEFL_21J_NovSts_g7,1,mildstressor,startle,startle_startle,0,1100.34
25,20240605_SEFL_21J_NovSts_g7,1,mildstressor,startle,startle_post,0,187.81
26,20240605_SEFL_21J_NovSts_g7,2,mildstressor,prepost,bl,2.41,352.37
26,20240605_SEFL_21J_NovSts_g7,2,mildstressor,prepost,post,76.67,38.37
26,20240605_SEFL_21J_NovSts_g7,2,mildstressor,startle,startle_pre,0,94.68
26,20240605_SEFL_21J_NovSts_g7,2,mildstressor,startle,startle_startle,0,854.09
26,20240605_SEFL_21J_NovSts_g7,2,mildstressor,startle,startle_post,58.89,118.73
27,20240605_SEFL_21J_NovSts_g7,3,mildstressor,prepost,bl,0.59,299.48
27,20240605_SEFL_21J_NovSts_g7,3,mildstressor,prepost,post,92.33,2.28
27,20240605_SEFL_21J_NovSts_g7,3,mildstressor,startle,startle_pre,0,152.48
27,20240605_SEFL_21J_NovSts_g7,3,mildstressor,startle,startle_startle,0,1160.33
27,20240605_SEFL_21J_NovSts_g7,3,mildstressor,startle,startle_post,98.89,0.29
28,20240605_SEFL_21J_NovSts_g7,4,mildstressor,prepost,bl,0,521.04
28,20240605_SEFL_21J_NovSts_g7,4,mildstressor,prepost,post,0,93.84
28,20240605_SEFL_21J_NovSts_g7,4,mildstressor,startle,startle_pre,0,311.31
28,20240605_SEFL_21J_NovSts_g7,4,mildstressor,startle,startle_startle,0,860.88
28,20240605_SEFL_21J_NovSts_g7,4,mildstressor,startle,startle_post,0,134.6
29,20240605_SEFL_21J_NovSts_g8,1,mildstressor,prepost,bl,0,441.62
29,20240605_SEFL_21J_NovSts_g8,1,mildstressor,prepost,post,71.33,33.08
29,20240605_SEFL_21J_NovSts_g8,1,mildstressor,startle,startle_pre,0,487.53
29,20240605_SEFL_21J_NovSts_g8,1,mildstressor,startle,startle_startle,0,716.63
29,20240605_SEFL_21J_NovSts_g8,1,mildstressor,startle,startle_post,94.44,0.79
31,20240605_SEFL_21J_NovSts_g8,3,mildstressor,prepost,bl,0,381.82
31,20240605_SEFL_21J_NovSts_g8,3,mildstressor,prepost,post,91.67,12.54
31,20240605_SEFL_21J_NovSts_g8,3,mildstressor,startle,startle_pre,0,275.01
31,20240605_SEFL_21J_NovSts_g8,3,mildstressor,startle,startle_startle,0,732.89
31,20240605_SEFL_21J_NovSts_g8,3,mildstressor,startle,startle_post,80,30.86
32,20240605_SEFL_21J_NovSts_g8,4,mildstressor,prepost,bl,0.72,531.2
32,20240605_SEFL_21J_NovSts_g8,4,mildstressor,prepost,post,0,368.75
32,20240605_SEFL_21J_NovSts_g8,4,mildstressor,startle,startle_pre,0,276.93
32,20240605_SEFL_21J_NovSts_g8,4,mildstressor,startle,startle_startle,0,753.52
32,20240605_SEFL_21J_NovSts_g8,4,mildstressor,startle,startle_post,0,279.44
33,20240605_SEFL_21J_NovSts_g9,1,mildstressor,prepost,bl,2.76,334.51
33,20240605_SEFL_21J_NovSts_g9,1,mildstressor,prepost,post,64.33,75.29
33,20240605_SEFL_21J_NovSts_g9,1,mildstressor,startle,startle_pre,34.44,183.82
33,20240605_SEFL_21J_NovSts_g9,1,mildstressor,startle,startle_startle,0,687.07
33,20240605_SEFL_21J_NovSts_g9,1,mildstressor,startle,startle_post,94.44,1.77
34,20240605_SEFL_21J_NovSts_g9,2,mildstressor,prepost,bl,12.56,285.87
34,20240605_SEFL_21J_NovSts_g9,2,mildstressor,prepost,post,92.67,8.38
34,20240605_SEFL_21J_NovSts_g9,2,mildstressor,startle,startle_pre,0,185.79
34,20240605_SEFL_21J_NovSts_g9,2,mildstressor,startle,startle_startle,0,594.13
34,20240605_SEFL_21J_NovSts_g9,2,mildstressor,startle,startle_post,75.56,27.88
35,20240605_SEFL_21J_NovSts_g9,3,mildstressor,prepost,bl,0,368.64
35,20240605_SEFL_21J_NovSts_g9,3,mildstressor,prepost,post,62.33,54.46
35,20240605_SEFL_21J_NovSts_g9,3,mildstressor,startle,startle_pre,0,812.21
35,20240605_SEFL_21J_NovSts_g9,3,mildstressor,startle,startle_startle,0,436.8
35,20240605_SEFL_21J_NovSts_g9,3,mildstressor,startle,startle_post,36.67,143.46
36,20240605_SEFL_21J_NovSts_g9,4,mildstressor,prepost,bl,0,512.24
36,20240605_SEFL_21J_NovSts_g9,4,mildstressor,prepost,post,12.33,171.07
36,20240605_SEFL_21J_NovSts_g9,4,mildstressor,startle,startle_pre,0,388.42
36,20240605_SEFL_21J_NovSts_g9,4,mildstressor,startle,startle_startle,0,658.6
36,20240605_SEFL_21J_NovSts_g9,4,mildstressor,startle,startle_post,0,268.96
37,20240605_SEFL_21J_NovSts_g10,1,mildstressor,prepost,bl,0,392.88
37,20240605_SEFL_21J_NovSts_g10,1,mildstressor,prepost,post,12.67,274.46
37,20240605_SEFL_21J_NovSts_g10,1,mildstressor,startle,startle_pre,0,769.1
37,20240605_SEFL_21J_NovSts_g10,1,mildstressor,startle,startle_startle,0,802.78
37,20240605_SEFL_21J_NovSts_g10,1,mildstressor,startle,startle_post,41.11,47.03
38,20240605_SEFL_21J_NovSts_g10,2,mildstressor,prepost,bl,2.17,330.79
38,20240605_SEFL_21J_NovSts_g10,2,mildstressor,prepost,post,59.33,58.89
38,20240605_SEFL_21J_NovSts_g10,2,mildstressor,startle,startle_pre,45.56,30.9
38,20240605_SEFL_21J_NovSts_g10,2,mildstressor,startle,startle_startle,0,654.23
38,20240605_SEFL_21J_NovSts_g10,2,mildstressor,startle,startle_post,56.67,127.81
39,20240605_SEFL_21J_NovSts_g10,3,mildstressor,prepost,bl,0,425.89
39,20240605_SEFL_21J_NovSts_g10,3,mildstressor,prepost,post,0,401.28
39,20240605_SEFL_21J_NovSts_g10,3,mildstressor,startle,startle_pre,0,510.67
39,20240605_SEFL_21J_NovSts_g10,3,mildstressor,startle,startle_startle,0,984.42
39,20240605_SEFL_21J_NovSts_g10,3,mildstressor,startle,startle_post,0,635.69
40,20240605_SEFL_21J_NovSts_g10,4,mildstressor,prepost,bl,1.5,427.53
40,20240605_SEFL_21J_NovSts_g10,4,mildstressor,prepost,post,28.67,125.82
40,20240605_SEFL_21J_NovSts_g10,4,mildstressor,startle,startle_pre,0,400.82
40,20240605_SEFL_21J_NovSts_g10,4,mildstressor,startle,startle_startle,0,1118.14
40,20240605_SEFL_21J_NovSts_g10,4,mildstressor,startle,startle_post,37.78,53.32
41,20240605_SEFL_21J_NovSts_g11,1,mildstressor,prepost,bl,2.54,340.36
41,20240605_SEFL_21J_NovSts_g11,1,mildstressor,prepost,post,98.33,1.05
41,20240605_SEFL_21J_NovSts_g11,1,mildstressor,startle,startle_pre,0,183.28
41,20240605_SEFL_21J_NovSts_g11,1,mildstressor,startle,startle_startle,0,576.09
41,20240605_SEFL_21J_NovSts_g11,1,mildstressor,startle,startle_post,94.44,3.5
42,20240605_SEFL_21J_NovSts_g11,2,mildstressor,prepost,bl,0.63,314.51
42,20240605_SEFL_21J_NovSts_g11,2,mildstressor,prepost,post,59.33,22.07
42,20240605_SEFL_21J_NovSts_g11,2,mildstressor,startle,startle_pre,0,298.47
42,20240605_SEFL_21J_NovSts_g11,2,mildstressor,startle,startle_startle,0,768.72
42,20240605_SEFL_21J_NovSts_g11,2,mildstressor,startle,startle_post,93.33,5.48
43,20240605_SEFL_21J_NovSts_g11,3,mildstressor,prepost,bl,0,381.7
43,20240605_SEFL_21J_NovSts_g11,3,mildstressor,prepost,post,57.33,39.24
43,20240605_SEFL_21J_NovSts_g11,3,mildstressor,startle,startle_pre,0,510.11
43,20240605_SEFL_21J_NovSts_g11,3,mildstressor,startle,startle_startle,0,647.94
43,20240605_SEFL_21J_NovSts_g11,3,mildstressor,startle,startle_post,51.11,10.14
44,20240605_SEFL_21J_NovSts_g11,4,mildstressor,prepost,bl,0,490.15
44,20240605_SEFL_21J_NovSts_g11,4,mildstressor,prepost,post,20.67,261.92
44,20240605_SEFL_21J_NovSts_g11,4,mildstressor,startle,startle_pre,0,174.47
44,20240605_SEFL_21J_NovSts_g11,4,mildstressor,startle,startle_startle,0,802.82
44,20240605_SEFL_21J_NovSts_g11,4,mildstressor,startle,startle_post,0,528.32
45,20240605_SEFL_21J_NovSts_g12,1,mildstressor,prepost,bl,13.33,290.15
45,20240605_SEFL_21J_NovSts_g12,1,mildstressor,prepost,post,29.67,64.72
45,20240605_SEFL_21J_NovSts_g12,1,mildstressor,startle,startle_pre,36.67,95.91
45,20240605_SEFL_21J_NovSts_g12,1,mildstressor,startle,startle_startle,0,765.33
45,20240605_SEFL_21J_NovSts_g12,1,mildstressor,startle,startle_post,0,98.96
46,20240605_SEFL_21J_NovSts_g12,2,mildstressor,prepost,bl,0.65,397.46
46,20240605_SEFL_21J_NovSts_g12,2,mildstressor,prepost,post,43.33,161.47
46,20240605_SEFL_21J_NovSts_g12,2,mildstressor,startle,startle_pre,0,329.76
46,20240605_SEFL_21J_NovSts_g12,2,mildstressor,startle,startle_startle,0,875.98
46,20240605_SEFL_21J_NovSts_g12,2,mildstressor,startle,startle_post,33.33,134.7
47,20240605_SEFL_21J_NovSts_g12,3,mildstressor,prepost,bl,1.3,307.3
47,20240605_SEFL_21J_NovSts_g12,3,mildstressor,prepost,post,50.33,31.08
47,20240605_SEFL_21J_NovSts_g12,3,mildstressor,startle,startle_pre,0,99.86
47,20240605_SEFL_21J_NovSts_g12,3,mildstressor,startle,startle_startle,0,848.33
47,20240605_SEFL_21J_NovSts_g12,3,mildstressor,startle,startle_post,0,48.16
48,20240605_SEFL_21J_NovSts_g12,4,mildstressor,prepost,bl,0,354.88
48,20240605_SEFL_21J_NovSts_g12,4,mildstressor,prepost,post,42.67,198.67
48,20240605_SEFL_21J_NovSts_g12,4,mildstressor,startle,startle_pre,0,148.8
48,20240605_SEFL_21J_NovSts_g12,4,mildstressor,startle,startle_startle,0,510.32
48,20240605_SEFL_21J_NovSts_g12,4,mildstressor,startle,startle_post,83.33,33.49
49,20240605_SEFL_21J_NovSts_g13,1,mildstressor,prepost,bl,0,538.02
49,20240605_SEFL_21J_NovSts_g13,1,mildstressor,prepost,post,10,254.09
49,20240605_SEFL_21J_NovSts_g13,1,mildstressor,startle,startle_pre,0,397.27
49,20240605_SEFL_21J_NovSts_g13,1,mildstressor,startle,startle_startle,0,1018.42
49,20240605_SEFL_21J_NovSts_g13,1,mildstressor,startle,startle_post,0,143.27
50,20240605_SEFL_21J_NovSts_g13,2,mildstressor,prepost,bl,0,401.94
50,20240605_SEFL_21J_NovSts_g13,2,mildstressor,prepost,post,0,186.65
50,20240605_SEFL_21J_NovSts_g13,2,mildstressor,startle,startle_pre,0,434.71
50,20240605_SEFL_21J_NovSts_g13,2,mildstressor,startle,startle_startle,0,875.64
50,20240605_SEFL_21J_NovSts_g13,2,mildstressor,startle,startle_post,0,368.29
51,20240605_SEFL_21J_NovSts_g13,3,mildstressor,prepost,bl,1.19,340.3
51,20240605_SEFL_21J_NovSts_g13,3,mildstressor,prepost,post,55,40.64
51,20240605_SEFL_21J_NovSts_g13,3,mildstressor,startle,startle_pre,0,248.51
51,20240605_SEFL_21J_NovSts_g13,3,mildstressor,startle,startle_startle,0,528.28
51,20240605_SEFL_21J_NovSts_g13,3,mildstressor,startle,startle_post,100,0
52,20240605_SEFL_21J_NovSts_g13,4,mildstressor,prepost,bl,0,452.84
52,20240605_SEFL_21J_NovSts_g13,4,mildstressor,prepost,post,10.33,187.8
52,20240605_SEFL_21J_NovSts_g13,4,mildstressor,startle,startle_pre,0,407.92
52,20240605_SEFL_21J_NovSts_g13,4,mildstressor,startle,startle_startle,0,729.59
52,20240605_SEFL_21J_NovSts_g13,4,mildstressor,startle,startle_post,0,193.57
53,20240605_SEFL_21J_NovSts_g14,1,mildstressor,prepost,bl,0.85,442.15
53,20240605_SEFL_21J_NovSts_g14,1,mildstressor,prepost,post,0,93.72
53,20240605_SEFL_21J_NovSts_g14,1,mildstressor,startle,startle_pre,0,707.56
53,20240605_SEFL_21J_NovSts_g14,1,mildstressor,startle,startle_startle,0,631
53,20240605_SEFL_21J_NovSts_g14,1,mildstressor,startle,startle_post,0,120.7
54,20240605_SEFL_21J_NovSts_g14,2,mildstressor,prepost,bl,0.91,417.4
54,20240605_SEFL_21J_NovSts_g14,2,mildstressor,prepost,post,50.67,116.91
54,20240605_SEFL_21J_NovSts_g14,2,mildstressor,startle,startle_pre,0,308.09
54,20240605_SEFL_21J_NovSts_g14,2,mildstressor,startle,startle_startle,0,608.21
54,20240605_SEFL_21J_NovSts_g14,2,mildstressor,startle,startle_post,60,96.8
55,20240605_SEFL_21J_NovSts_g14,3,mildstressor,prepost,bl,20.04,155.24
55,20240605_SEFL_21J_NovSts_g14,3,mildstressor,prepost,post,64.67,65.72
55,20240605_SEFL_21J_NovSts_g14,3,mildstressor,startle,startle_pre,0,156.17
55,20240605_SEFL_21J_NovSts_g14,3,mildstressor,startle,startle_startle,0,895.91
55,20240605_SEFL_21J_NovSts_g14,3,mildstressor,startle,startle_post,0,194.46
56,20240605_SEFL_21J_NovSts_g14,4,mildstressor,prepost,bl,0.7,420.07
56,20240605_SEFL_21J_NovSts_g14,4,mildstressor,prepost,post,52.33,96.96
56,20240605_SEFL_21J_NovSts_g14,4,mildstressor,startle,startle_pre,0,168.44
56,20240605_SEFL_21J_NovSts_g14,4,mildstressor,startle,startle_startle,0,877.79
56,20240605_SEFL_21J_NovSts_g14,4,mildstressor,startle,startle_post,0,278.54
57,20240605_SEFL_21J_NovSts_g15,1,mildstressor,prepost,bl,6.43,311.69
57,20240605_SEFL_21J_NovSts_g15,1,mildstressor,prepost,post,13.67,222.02
57,20240605_SEFL_21J_NovSts_g15,1,mildstressor,startle,startle_pre,0,414.83
57,20240605_SEFL_21J_NovSts_g15,1,mildstressor,startle,startle_startle,0,805.04
57,20240605_SEFL_21J_NovSts_g15,1,mildstressor,startle,startle_post,0,178.32
58,20240605_SEFL_21J_NovSts_g15,2,mildstressor,prepost,bl,0,423.75
58,20240605_SEFL_21J_NovSts_g15,2,mildstressor,prepost,post,0,224.37
58,20240605_SEFL_21J_NovSts_g15,2,mildstressor,startle,startle_pre,0,66.33
58,20240605_SEFL_21J_NovSts_g15,2,mildstressor,startle,startle_startle,0,847.56
58,20240605_SEFL_21J_NovSts_g15,2,mildstressor,startle,startle_post,0,244.19
59,20240605_SEFL_21J_NovSts_g15,3,mildstressor,prepost,bl,0.69,392.24
59,20240605_SEFL_21J_NovSts_g15,3,mildstressor,prepost,post,0,207.88
59,20240605_SEFL_21J_NovSts_g15,3,mildstressor,startle,startle_pre,0,300.84
59,20240605_SEFL_21J_NovSts_g15,3,mildstressor,startle,startle_startle,0,1075.19
59,20240605_SEFL_21J_NovSts_g15,3,mildstressor,startle,startle_post,0,376.89
60,20240605_SEFL_21J_NovSts_g15,4,mildstressor,prepost,bl,0,502.27
60,20240605_SEFL_21J_NovSts_g15,4,mildstressor,prepost,post,36.67,53.99
60,20240605_SEFL_21J_NovSts_g15,4,mildstressor,startle,startle_pre,0,715.7
60,20240605_SEFL_21J_NovSts_g15,4,mildstressor,startle,startle_startle,0,1094.13
60,20240605_SEFL_21J_NovSts_g15,4,mildstressor,startle,startle_post,74.44,21.82
1,20240606_SEFL21J_sefltest_g1,1,sefltest,min,min01,1.72,319.85
1,20240606_SEFL21J_sefltest_g1,1,sefltest,min,min02,17.56,178.97
1,20240606_SEFL21J_sefltest_g1,1,sefltest,min,min03,14.39,213.73
1,20240606_SEFL21J_sefltest_g1,1,sefltest,min,min04,6,230.32
1,20240606_SEFL21J_sefltest_g1,1,sefltest,min,min05,12.44,237.13
1,20240606_SEFL21J_sefltest_g1,1,sefltest,min,min06,9.22,258.9
1,20240606_SEFL21J_sefltest_g1,1,sefltest,min,min07,20.33,95.6
1,20240606_SEFL21J_sefltest_g1,1,sefltest,min,min08,10.61,228.46
1,20240606_SEFL21J_sefltest_g1,1,sefltest,avg,avg,11.7,220.37
2,20240606_SEFL21J_sefltest_g1,2,sefltest,min,min01,1.78,289.5
2,20240606_SEFL21J_sefltest_g1,2,sefltest,min,min02,20.11,211.46
2,20240606_SEFL21J_sefltest_g1,2,sefltest,min,min03,24.28,184.47
2,20240606_SEFL21J_sefltest_g1,2,sefltest,min,min04,21.06,119.66
2,20240606_SEFL21J_sefltest_g1,2,sefltest,min,min05,15.17,189.86
2,20240606_SEFL21J_sefltest_g1,2,sefltest,min,min06,23.06,153.56
2,20240606_SEFL21J_sefltest_g1,2,sefltest,min,min07,43.33,109.2
2,20240606_SEFL21J_sefltest_g1,2,sefltest,min,min08,23.17,140.02
2,20240606_SEFL21J_sefltest_g1,2,sefltest,avg,avg,21.49,174.72
3,20240606_SEFL21J_sefltest_g1,3,sefltest,min,min01,1.72,212.69
3,20240606_SEFL21J_sefltest_g1,3,sefltest,min,min02,7.72,125.58
3,20240606_SEFL21J_sefltest_g1,3,sefltest,min,min03,15.67,185.91
3,20240606_SEFL21J_sefltest_g1,3,sefltest,min,min04,5.56,172
3,20240606_SEFL21J_sefltest_g1,3,sefltest,min,min05,27.72,161.74
3,20240606_SEFL21J_sefltest_g1,3,sefltest,min,min06,16.39,127.53
3,20240606_SEFL21J_sefltest_g1,3,sefltest,min,min07,28.11,153.13
3,20240606_SEFL21J_sefltest_g1,3,sefltest,min,min08,26.56,119.96
3,20240606_SEFL21J_sefltest_g1,3,sefltest,avg,avg,16.18,157.32
4,20240606_SEFL21J_sefltest_g1,4,sefltest,min,min01,0,311.17
4,20240606_SEFL21J_sefltest_g1,4,sefltest,min,min02,7.89,224.4
4,20240606_SEFL21J_sefltest_g1,4,sefltest,min,min03,3.67,304.43
4,20240606_SEFL21J_sefltest_g1,4,sefltest,min,min04,3.72,211.36
4,20240606_SEFL21J_sefltest_g1,4,sefltest,min,min05,8.78,274.34
4,20240606_SEFL21J_sefltest_g1,4,sefltest,min,min06,6.5,254.15
4,20240606_SEFL21J_sefltest_g1,4,sefltest,min,min07,4.28,224.97
4,20240606_SEFL21J_sefltest_g1,4,sefltest,min,min08,7.33,207.93
4,20240606_SEFL21J_sefltest_g1,4,sefltest,avg,avg,5.51,251.59
5,20240606_SEFL21J_sefltest_g2,1,sefltest,min,min01,0,328.63
5,20240606_SEFL21J_sefltest_g2,1,sefltest,min,min02,16.22,262.58
5,20240606_SEFL21J_sefltest_g2,1,sefltest,min,min03,6.44,312.53
5,20240606_SEFL21J_sefltest_g2,1,sefltest,min,min04,8.89,314.06
5,20240606_SEFL21J_sefltest_g2,1,sefltest,min,min05,4.33,312.38
5,20240606_SEFL21J_sefltest_g2,1,sefltest,min,min06,22.89,143.45
5,20240606_SEFL21J_sefltest_g2,1,sefltest,min,min07,10.17,262.37
5,20240606_SEFL21J_sefltest_g2,1,sefltest,min,min08,0,216.73
5,20240606_SEFL21J_sefltest_g2,1,sefltest,avg,avg,8.87,269.09
6,20240606_SEFL21J_sefltest_g2,2,sefltest,min,min01,4.44,264.47
6,20240606_SEFL21J_sefltest_g2,2,sefltest,min,min02,24.89,145.57
6,20240606_SEFL21J_sefltest_g2,2,sefltest,min,min03,10.33,206.84
6,20240606_SEFL21J_sefltest_g2,2,sefltest,min,min04,12,174.94
6,20240606_SEFL21J_sefltest_g2,2,sefltest,min,min05,17.11,193.68
6,20240606_SEFL21J_sefltest_g2,2,sefltest,min,min06,3.61,231.47
6,20240606_SEFL21J_sefltest_g2,2,sefltest,min,min07,0,307.41
6,20240606_SEFL21J_sefltest_g2,2,sefltest,min,min08,1.72,225.47
6,20240606_SEFL21J_sefltest_g2,2,sefltest,avg,avg,9.52,218.73
7,20240606_SEFL21J_sefltest_g2,3,sefltest,min,min01,0,434.88
7,20240606_SEFL21J_sefltest_g2,3,sefltest,min,min02,1.83,355.95
7,20240606_SEFL21J_sefltest_g2,3,sefltest,min,min03,2.33,258.74
7,20240606_SEFL21J_sefltest_g2,3,sefltest,min,min04,1.94,294.56
7,20240606_SEFL21J_sefltest_g2,3,sefltest,min,min05,1.72,191.41
7,20240606_SEFL21J_sefltest_g2,3,sefltest,min,min06,0,222.22
7,20240606_SEFL21J_sefltest_g2,3,sefltest,min,min07,2.22,159.67
7,20240606_SEFL21J_sefltest_g2,3,sefltest,min,min08,11.78,186.2
7,20240606_SEFL21J_sefltest_g2,3,sefltest,avg,avg,2.73,262.96
8,20240606_SEFL21J_sefltest_g2,4,sefltest,min,min01,0,426.06
8,20240606_SEFL21J_sefltest_g2,4,sefltest,min,min02,5,301.95
8,20240606_SEFL21J_sefltest_g2,4,sefltest,min,min03,7.89,313.03
8,20240606_SEFL21J_sefltest_g2,4,sefltest,min,min04,7.28,277.54
8,20240606_SEFL21J_sefltest_g2,4,sefltest,min,min05,6.61,221.08
8,20240606_SEFL21J_sefltest_g2,4,sefltest,min,min06,4.78,278.39
8,20240606_SEFL21J_sefltest_g2,4,sefltest,min,min07,10.33,322.44
8,20240606_SEFL21J_sefltest_g2,4,sefltest,min,min08,1.67,439.55
8,20240606_SEFL21J_sefltest_g2,4,sefltest,avg,avg,5.44,322.5
9,20240606_SEFL21J_sefltest_g3,1,sefltest,min,min01,0,267.79
9,20240606_SEFL21J_sefltest_g3,1,sefltest,min,min02,0,241.23
9,20240606_SEFL21J_sefltest_g3,1,sefltest,min,min03,0,363.32
9,20240606_SEFL21J_sefltest_g3,1,sefltest,min,min04,0,345.76
9,20240606_SEFL21J_sefltest_g3,1,sefltest,min,min05,0,351.41
9,20240606_SEFL21J_sefltest_g3,1,sefltest,min,min06,0,382.04
9,20240606_SEFL21J_sefltest_g3,1,sefltest,min,min07,7.06,291.12
9,20240606_SEFL21J_sefltest_g3,1,sefltest,min,min08,0,281.69
9,20240606_SEFL21J_sefltest_g3,1,sefltest,avg,avg,0.88,315.55
10,20240606_SEFL21J_sefltest_g3,2,sefltest,min,min01,14.11,198.91
10,20240606_SEFL21J_sefltest_g3,2,sefltest,min,min02,32.83,84.38
10,20240606_SEFL21J_sefltest_g3,2,sefltest,min,min03,29.67,133.04
10,20240606_SEFL21J_sefltest_g3,2,sefltest,min,min04,29.78,123.47
10,20240606_SEFL21J_sefltest_g3,2,sefltest,min,min05,49.06,78.77
10,20240606_SEFL21J_sefltest_g3,2,sefltest,min,min06,15.17,177.3
10,20240606_SEFL21J_sefltest_g3,2,sefltest,min,min07,39.5,125.14
10,20240606_SEFL21J_sefltest_g3,2,sefltest,min,min08,48.11,39.46
10,20240606_SEFL21J_sefltest_g3,2,sefltest,avg,avg,32.51,120.06
11,20240606_SEFL21J_sefltest_g3,3,sefltest,min,min01,0,325.27
11,20240606_SEFL21J_sefltest_g3,3,sefltest,min,min02,6.17,189.75
11,20240606_SEFL21J_sefltest_g3,3,sefltest,min,min03,10.44,171.77
11,20240606_SEFL21J_sefltest_g3,3,sefltest,min,min04,5.28,225.13
11,20240606_SEFL21J_sefltest_g3,3,sefltest,min,min05,7.94,186.61
11,20240606_SEFL21J_sefltest_g3,3,sefltest,min,min06,27.72,155.81
11,20240606_SEFL21J_sefltest_g3,3,sefltest,min,min07,19.78,177.75
11,20240606_SEFL21J_sefltest_g3,3,sefltest,min,min08,1.72,240.35
11,20240606_SEFL21J_sefltest_g3,3,sefltest,avg,avg,9.88,209.06
12,20240606_SEFL21J_sefltest_g3,4,sefltest,min,min01,1.72,306.66
12,20240606_SEFL21J_sefltest_g3,4,sefltest,min,min02,10.78,169.23
12,20240606_SEFL21J_sefltest_g3,4,sefltest,min,min03,9,191.74
12,20240606_SEFL21J_sefltest_g3,4,sefltest,min,min04,9.06,157.54
12,20240606_SEFL21J_sefltest_g3,4,sefltest,min,min05,10.17,220.84
12,20240606_SEFL21J_sefltest_g3,4,sefltest,min,min06,15.83,191.11
12,20240606_SEFL21J_sefltest_g3,4,sefltest,min,min07,4.22,202.53
12,20240606_SEFL21J_sefltest_g3,4,sefltest,min,min08,1.78,234.42
12,20240606_SEFL21J_sefltest_g3,4,sefltest,avg,avg,7.82,209.26
13,20240606_SEFL21J_sefltest_g4,1,sefltest,min,min01,1.72,265.45
13,20240606_SEFL21J_sefltest_g4,1,sefltest,min,min02,6.72,199.91
13,20240606_SEFL21J_sefltest_g4,1,sefltest,min,min03,24.61,161.57
13,20240606_SEFL21J_sefltest_g4,1,sefltest,min,min04,19.78,156.51
13,20240606_SEFL21J_sefltest_g4,1,sefltest,min,min05,20.78,129.31
13,20240606_SEFL21J_sefltest_g4,1,sefltest,min,min06,10.83,245.2
13,20240606_SEFL21J_sefltest_g4,1,sefltest,min,min07,26.44,197.27
13,20240606_SEFL21J_sefltest_g4,1,sefltest,min,min08,29.78,150.79
13,20240606_SEFL21J_sefltest_g4,1,sefltest,avg,avg,17.58,188.25
14,20240606_SEFL21J_sefltest_g4,2,sefltest,min,min01,0,315.17
14,20240606_SEFL21J_sefltest_g4,2,sefltest,min,min02,3.78,257.11
14,20240606_SEFL21J_sefltest_g4,2,sefltest,min,min03,1.83,240.24
14,20240606_SEFL21J_sefltest_g4,2,sefltest,min,min04,3.78,300.94
14,20240606_SEFL21J_sefltest_g4,2,sefltest,min,min05,8.78,174.65
14,20240606_SEFL21J_sefltest_g4,2,sefltest,min,min06,5.94,218.08
14,20240606_SEFL21J_sefltest_g4,2,sefltest,min,min07,8.33,226.04
14,20240606_SEFL21J_sefltest_g4,2,sefltest,min,min08,7.5,247.15
14,20240606_SEFL21J_sefltest_g4,2,sefltest,avg,avg,4.99,247.42
15,20240606_SEFL21J_sefltest_g4,3,sefltest,min,min01,100,0
15,20240606_SEFL21J_sefltest_g4,3,sefltest,min,min02,100,0.01
15,20240606_SEFL21J_sefltest_g4,3,sefltest,min,min03,100,0
15,20240606_SEFL21J_sefltest_g4,3,sefltest,min,min04,100,0.01
15,20240606_SEFL21J_sefltest_g4,3,sefltest,min,min05,100,0.01
15,20240606_SEFL21J_sefltest_g4,3,sefltest,min,min06,100,0.01
15,20240606_SEFL21J_sefltest_g4,3,sefltest,min,min07,100,0.01
15,20240606_SEFL21J_sefltest_g4,3,sefltest,min,min08,100,0.01
15,20240606_SEFL21J_sefltest_g4,3,sefltest,avg,avg,100,0.01
16,20240606_SEFL21J_sefltest_g4,4,sefltest,min,min01,8.11,227.65
16,20240606_SEFL21J_sefltest_g4,4,sefltest,min,min02,20.28,164.61
16,20240606_SEFL21J_sefltest_g4,4,sefltest,min,min03,22.17,133.3
16,20240606_SEFL21J_sefltest_g4,4,sefltest,min,min04,26.72,131.67
16,20240606_SEFL21J_sefltest_g4,4,sefltest,min,min05,37.39,77.95
16,20240606_SEFL21J_sefltest_g4,4,sefltest,min,min06,20,124.31
16,20240606_SEFL21J_sefltest_g4,4,sefltest,min,min07,21.72,158.87
16,20240606_SEFL21J_sefltest_g4,4,sefltest,min,min08,17.83,243.25
16,20240606_SEFL21J_sefltest_g4,4,sefltest,avg,avg,22.15,157.7
17,20240606_SEFL21J_sefltest_g5,1,sefltest,min,min01,7.33,170.78
17,20240606_SEFL21J_sefltest_g5,1,sefltest,min,min02,10.33,145.39
17,20240606_SEFL21J_sefltest_g5,1,sefltest,min,min03,15.5,202.3
17,20240606_SEFL21J_sefltest_g5,1,sefltest,min,min04,23.28,96.88
17,20240606_SEFL21J_sefltest_g5,1,sefltest,min,min05,23.56,206.35
17,20240606_SEFL21J_sefltest_g5,1,sefltest,min,min06,18.06,183.14
17,20240606_SEFL21J_sefltest_g5,1,sefltest,min,min07,24.33,156.74
17,20240606_SEFL21J_sefltest_g5,1,sefltest,min,min08,2.94,236.1
17,20240606_SEFL21J_sefltest_g5,1,sefltest,avg,avg,15.92,174.71
18,20240606_SEFL21J_sefltest_g5,2,sefltest,min,min01,3.44,261.48
18,20240606_SEFL21J_sefltest_g5,2,sefltest,min,min02,13.89,184.25
18,20240606_SEFL21J_sefltest_g5,2,sefltest,min,min03,17.94,185.83
18,20240606_SEFL21J_sefltest_g5,2,sefltest,min,min04,46.33,137.7
18,20240606_SEFL21J_sefltest_g5,2,sefltest,min,min05,32.39,134.15
18,20240606_SEFL21J_sefltest_g5,2,sefltest,min,min06,31.39,150.03
18,20240606_SEFL21J_sefltest_g5,2,sefltest,min,min07,56.22,44.93
18,20240606_SEFL21J_sefltest_g5,2,sefltest,min,min08,17.39,188.59
18,20240606_SEFL21J_sefltest_g5,2,sefltest,avg,avg,27.78,160.87
19,20240606_SEFL21J_sefltest_g5,3,sefltest,min,min01,0,218.91
19,20240606_SEFL21J_sefltest_g5,3,sefltest,min,min02,0,156.22
19,20240606_SEFL21J_sefltest_g5,3,sefltest,min,min03,3.44,141.26
19,20240606_SEFL21J_sefltest_g5,3,sefltest,min,min04,19.5,106.94
19,20240606_SEFL21J_sefltest_g5,3,sefltest,min,min05,11,113.37
19,20240606_SEFL21J_sefltest_g5,3,sefltest,min,min06,17,130.22
19,20240606_SEFL21J_sefltest_g5,3,sefltest,min,min07,10.94,182.41
19,20240606_SEFL21J_sefltest_g5,3,sefltest,min,min08,3.44,168.92
19,20240606_SEFL21J_sefltest_g5,3,sefltest,avg,avg,8.17,152.28
20,20240606_SEFL21J_sefltest_g5,4,sefltest,min,min01,0,391.29
20,20240606_SEFL21J_sefltest_g5,4,sefltest,min,min02,1.67,265.49
20,20240606_SEFL21J_sefltest_g5,4,sefltest,min,min03,6.22,227.21
20,20240606_SEFL21J_sefltest_g5,4,sefltest,min,min04,4.44,223.53
20,20240606_SEFL21J_sefltest_g5,4,sefltest,min,min05,7.83,205.37
20,20240606_SEFL21J_sefltest_g5,4,sefltest,min,min06,10.22,253.35
20,20240606_SEFL21J_sefltest_g5,4,sefltest,min,min07,11.11,180.7
20,20240606_SEFL21J_sefltest_g5,4,sefltest,min,min08,7.5,170.93
20,20240606_SEFL21J_sefltest_g5,4,sefltest,avg,avg,6.15,239.73
21,20240606_SEFL21J_sefltest_g6,1,sefltest,min,min01,0,465.39
21,20240606_SEFL21J_sefltest_g6,1,sefltest,min,min02,2.33,247.06
21,20240606_SEFL21J_sefltest_g6,1,sefltest,min,min03,0,339.19
21,20240606_SEFL21J_sefltest_g6,1,sefltest,min,min04,0,385.49
21,20240606_SEFL21J_sefltest_g6,1,sefltest,min,min05,8.5,248.1
21,20240606_SEFL21J_sefltest_g6,1,sefltest,min,min06,3.56,259.46
21,20240606_SEFL21J_sefltest_g6,1,sefltest,min,min07,11.78,210.85
21,20240606_SEFL21J_sefltest_g6,1,sefltest,min,min08,9.56,175.06
21,20240606_SEFL21J_sefltest_g6,1,sefltest,avg,avg,4.74,291.33
22,20240606_SEFL21J_sefltest_g6,2,sefltest,min,min01,12.83,228.11
22,20240606_SEFL21J_sefltest_g6,2,sefltest,min,min02,62.39,31.95
22,20240606_SEFL21J_sefltest_g6,2,sefltest,min,min03,60.61,56.1
22,20240606_SEFL21J_sefltest_g6,2,sefltest,min,min04,78.11,8.45
22,20240606_SEFL21J_sefltest_g6,2,sefltest,min,min05,7.11,234.44
22,20240606_SEFL21J_sefltest_g6,2,sefltest,min,min06,0,277.8
22,20240606_SEFL21J_sefltest_g6,2,sefltest,min,min07,2.11,274.17
22,20240606_SEFL21J_sefltest_g6,2,sefltest,min,min08,16.61,206.9
22,20240606_SEFL21J_sefltest_g6,2,sefltest,avg,avg,30.24,164.74
23,20240606_SEFL21J_sefltest_g6,3,sefltest,min,min01,1.67,215.99
23,20240606_SEFL21J_sefltest_g6,3,sefltest,min,min02,24.67,119.84
23,20240606_SEFL21J_sefltest_g6,3,sefltest,min,min03,24.5,117.47
23,20240606_SEFL21J_sefltest_g6,3,sefltest,min,min04,8.22,165.91
23,20240606_SEFL21J_sefltest_g6,3,sefltest,min,min05,25.17,110.15
23,20240606_SEFL21J_sefltest_g6,3,sefltest,min,min06,64.33,11.71
23,20240606_SEFL21J_sefltest_g6,3,sefltest,min,min07,6.28,188.52
23,20240606_SEFL21J_sefltest_g6,3,sefltest,min,min08,21.72,114.43
23,20240606_SEFL21J_sefltest_g6,3,sefltest,avg,avg,22.39,130.5
24,20240606_SEFL21J_sefltest_g6,4,sefltest,min,min01,0,420.63
24,20240606_SEFL21J_sefltest_g6,4,sefltest,min,min02,2.06,316.23
24,20240606_SEFL21J_sefltest_g6,4,sefltest,min,min03,16.67,218.52
24,20240606_SEFL21J_sefltest_g6,4,sefltest,min,min04,5.89,216.94
24,20240606_SEFL21J_sefltest_g6,4,sefltest,min,min05,21,170.95
24,20240606_SEFL21J_sefltest_g6,4,sefltest,min,min06,26.22,151.4
24,20240606_SEFL21J_sefltest_g6,4,sefltest,min,min07,33.06,133.68
24,20240606_SEFL21J_sefltest_g6,4,sefltest,min,min08,17.61,170.44
24,20240606_SEFL21J_sefltest_g6,4,sefltest,avg,avg,15.31,224.85
25,20240606_SEFL21J_sefltest_g7,1,sefltest,min,min01,1.67,291.7
25,20240606_SEFL21J_sefltest_g7,1,sefltest,min,min02,6.44,231.8
25,20240606_SEFL21J_sefltest_g7,1,sefltest,min,min03,7.39,189.23
25,20240606_SEFL21J_sefltest_g7,1,sefltest,min,min04,4.39,271.76
25,20240606_SEFL21J_sefltest_g7,1,sefltest,min,min05,10.61,207.01
25,20240606_SEFL21J_sefltest_g7,1,sefltest,min,min06,6.83,185.99
25,20240606_SEFL21J_sefltest_g7,1,sefltest,min,min07,3.94,343.07
25,20240606_SEFL21J_sefltest_g7,1,sefltest,min,min08,3.89,247.04
25,20240606_SEFL21J_sefltest_g7,1,sefltest,avg,avg,5.86,245.95
26,20240606_SEFL21J_sefltest_g7,2,sefltest,min,min01,14.94,207.24
26,20240606_SEFL21J_sefltest_g7,2,sefltest,min,min02,50.22,50.29
26,20240606_SEFL21J_sefltest_g7,2,sefltest,min,min03,41.22,120.16
26,20240606_SEFL21J_sefltest_g7,2,sefltest,min,min04,31.39,117.59
26,20240606_SEFL21J_sefltest_g7,2,sefltest,min,min05,52.22,93.19
26,20240606_SEFL21J_sefltest_g7,2,sefltest,min,min06,46.72,95.78
26,20240606_SEFL21J_sefltest_g7,2,sefltest,min,min07,46.61,103.01
26,20240606_SEFL21J_sefltest_g7,2,sefltest,min,min08,15,170.98
26,20240606_SEFL21J_sefltest_g7,2,sefltest,avg,avg,37.44,119.78
27,20240606_SEFL21J_sefltest_g7,3,sefltest,min,min01,1.72,211.16
27,20240606_SEFL21J_sefltest_g7,3,sefltest,min,min02,47.89,85.06
27,20240606_SEFL21J_sefltest_g7,3,sefltest,min,min03,22.11,108.58
27,20240606_SEFL21J_sefltest_g7,3,sefltest,min,min04,15.78,123.2
27,20240606_SEFL21J_sefltest_g7,3,sefltest,min,min05,32.94,99.44
27,20240606_SEFL21J_sefltest_g7,3,sefltest,min,min06,27.83,119.26
27,20240606_SEFL21J_sefltest_g7,3,sefltest,min,min07,41,102.16
27,20240606_SEFL21J_sefltest_g7,3,sefltest,min,min08,26,118.4
27,20240606_SEFL21J_sefltest_g7,3,sefltest,avg,avg,27.24,120.91
28,20240606_SEFL21J_sefltest_g7,4,sefltest,min,min01,0,286.57
28,20240606_SEFL21J_sefltest_g7,4,sefltest,min,min02,5.28,287.6
28,20240606_SEFL21J_sefltest_g7,4,sefltest,min,min03,14.44,206.26
28,20240606_SEFL21J_sefltest_g7,4,sefltest,min,min04,1.89,255.53
28,20240606_SEFL21J_sefltest_g7,4,sefltest,min,min05,10,311.88
28,20240606_SEFL21J_sefltest_g7,4,sefltest,min,min06,9.89,209.4
28,20240606_SEFL21J_sefltest_g7,4,sefltest,min,min07,15.17,200.5
28,20240606_SEFL21J_sefltest_g7,4,sefltest,min,min08,8.22,170.02
28,20240606_SEFL21J_sefltest_g7,4,sefltest,avg,avg,8.11,240.97
29,20240606_SEFL21J_sefltest_g8,1,sefltest,min,min01,0,430.85
29,20240606_SEFL21J_sefltest_g8,1,sefltest,min,min02,0,353.03
29,20240606_SEFL21J_sefltest_g8,1,sefltest,min,min03,1.72,371.69
29,20240606_SEFL21J_sefltest_g8,1,sefltest,min,min04,8.67,308.3
29,20240606_SEFL21J_sefltest_g8,1,sefltest,min,min05,2.61,332.07
29,20240606_SEFL21J_sefltest_g8,1,sefltest,min,min06,10.28,286.82
29,20240606_SEFL21J_sefltest_g8,1,sefltest,min,min07,7.61,315.92
29,20240606_SEFL21J_sefltest_g8,1,sefltest,min,min08,2.22,357.72
29,20240606_SEFL21J_sefltest_g8,1,sefltest,avg,avg,4.14,344.55
31,20240606_SEFL21J_sefltest_g8,3,sefltest,min,min01,6,161.33
31,20240606_SEFL21J_sefltest_g8,3,sefltest,min,min02,10.33,142.38
31,20240606_SEFL21J_sefltest_g8,3,sefltest,min,min03,23.06,85.11
31,20240606_SEFL21J_sefltest_g8,3,sefltest,min,min04,9.33,197.54
31,20240606_SEFL21J_sefltest_g8,3,sefltest,min,min05,23.17,106.44
31,20240606_SEFL21J_sefltest_g8,3,sefltest,min,min06,45.56,84.7
31,20240606_SEFL21J_sefltest_g8,3,sefltest,min,min07,21.06,156.37
31,20240606_SEFL21J_sefltest_g8,3,sefltest,min,min08,33.94,107.06
31,20240606_SEFL21J_sefltest_g8,3,sefltest,avg,avg,21.56,130.12
32,20240606_SEFL21J_sefltest_g8,4,sefltest,min,min01,0,323.3
32,20240606_SEFL21J_sefltest_g8,4,sefltest,min,min02,0,292.84
32,20240606_SEFL21J_sefltest_g8,4,sefltest,min,min03,1.94,255.78
32,20240606_SEFL21J_sefltest_g8,4,sefltest,min,min04,3.72,274.43
32,20240606_SEFL21J_sefltest_g8,4,sefltest,min,min05,0,325.52
32,20240606_SEFL21J_sefltest_g8,4,sefltest,min,min06,1.72,264.49
32,20240606_SEFL21J_sefltest_g8,4,sefltest,min,min07,4.06,214.72
32,20240606_SEFL21J_sefltest_g8,4,sefltest,min,min08,0,310.61
32,20240606_SEFL21J_sefltest_g8,4,sefltest,avg,avg,1.43,282.71
33,20240606_SEFL21J_sefltest_g9,1,sefltest,min,min01,2.33,217.27
33,20240606_SEFL21J_sefltest_g9,1,sefltest,min,min02,8.33,227.17
33,20240606_SEFL21J_sefltest_g9,1,sefltest,min,min03,31.33,185.8
33,20240606_SEFL21J_sefltest_g9,1,sefltest,min,min04,15.28,170.4
33,20240606_SEFL21J_sefltest_g9,1,sefltest,min,min05,18.67,233.1
33,20240606_SEFL21J_sefltest_g9,1,sefltest,min,min06,19.67,165.88
33,20240606_SEFL21J_sefltest_g9,1,sefltest,min,min07,13.83,211.09
33,20240606_SEFL21J_sefltest_g9,1,sefltest,min,min08,13.39,219.38
33,20240606_SEFL21J_sefltest_g9,1,sefltest,avg,avg,15.4,203.76
34,20240606_SEFL21J_sefltest_g9,2,sefltest,min,min01,25.78,141.61
34,20240606_SEFL21J_sefltest_g9,2,sefltest,min,min02,28.61,122.47
34,20240606_SEFL21J_sefltest_g9,2,sefltest,min,min03,28.83,138.94
34,20240606_SEFL21J_sefltest_g9,2,sefltest,min,min04,28.56,164.15
34,20240606_SEFL21J_sefltest_g9,2,sefltest,min,min05,19.78,152.18
34,20240606_SEFL21J_sefltest_g9,2,sefltest,min,min06,36.5,166.97
34,20240606_SEFL21J_sefltest_g9,2,sefltest,min,min07,34.83,149.03
34,20240606_SEFL21J_sefltest_g9,2,sefltest,min,min08,19.06,141.34
34,20240606_SEFL21J_sefltest_g9,2,sefltest,avg,avg,28.5,147.09
35,20240606_SEFL21J_sefltest_g9,3,sefltest,min,min01,0,241.6
35,20240606_SEFL21J_sefltest_g9,3,sefltest,min,min02,3.94,255.77
35,20240606_SEFL21J_sefltest_g9,3,sefltest,min,min03,2.94,309.83
35,20240606_SEFL21J_sefltest_g9,3,sefltest,min,min04,9.83,190.29
35,20240606_SEFL21J_sefltest_g9,3,sefltest,min,min05,8.72,275.18
35,20240606_SEFL21J_sefltest_g9,3,sefltest,min,min06,5.11,258.32
35,20240606_SEFL21J_sefltest_g9,3,sefltest,min,min07,18.83,126.49
35,20240606_SEFL21J_sefltest_g9,3,sefltest,min,min08,8.06,240.15
35,20240606_SEFL21J_sefltest_g9,3,sefltest,avg,avg,7.34,237.2
36,20240606_SEFL21J_sefltest_g9,4,sefltest,min,min01,0,436.62
36,20240606_SEFL21J_sefltest_g9,4,sefltest,min,min02,3.44,275.08
36,20240606_SEFL21J_sefltest_g9,4,sefltest,min,min03,0,313.17
36,20240606_SEFL21J_sefltest_g9,4,sefltest,min,min04,0,231.58
36,20240606_SEFL21J_sefltest_g9,4,sefltest,min,min05,0,275.03
36,20240606_SEFL21J_sefltest_g9,4,sefltest,min,min06,6.56,262.02
36,20240606_SEFL21J_sefltest_g9,4,sefltest,min,min07,0,226.55
36,20240606_SEFL21J_sefltest_g9,4,sefltest,min,min08,2.39,270.44
36,20240606_SEFL21J_sefltest_g9,4,sefltest,avg,avg,1.55,286.31
37,20240606_SEFL21J_sefltest_g10,1,sefltest,min,min01,6.78,280.23
37,20240606_SEFL21J_sefltest_g10,1,sefltest,min,min02,13.72,248.25
37,20240606_SEFL21J_sefltest_g10,1,sefltest,min,min03,29.17,137.52
37,20240606_SEFL21J_sefltest_g10,1,sefltest,min,min04,2.39,265.88
37,20240606_SEFL21J_sefltest_g10,1,sefltest,min,min05,23.72,189.77
37,20240606_SEFL21J_sefltest_g10,1,sefltest,min,min06,37.78,81.83
37,20240606_SEFL21J_sefltest_g10,1,sefltest,min,min07,28.56,151.8
37,20240606_SEFL21J_sefltest_g10,1,sefltest,min,min08,15.67,214.84
37,20240606_SEFL21J_sefltest_g10,1,sefltest,avg,avg,19.89,196.27
38,20240606_SEFL21J_sefltest_g10,2,sefltest,min,min01,6.83,220.95
38,20240606_SEFL21J_sefltest_g10,2,sefltest,min,min02,5.89,144.98
38,20240606_SEFL21J_sefltest_g10,2,sefltest,min,min03,25.72,143.92
38,20240606_SEFL21J_sefltest_g10,2,sefltest,min,min04,11.17,242.72
38,20240606_SEFL21J_sefltest_g10,2,sefltest,min,min05,16.89,142.05
38,20240606_SEFL21J_sefltest_g10,2,sefltest,min,min06,17.94,155.24
38,20240606_SEFL21J_sefltest_g10,2,sefltest,min,min07,9.11,238.46
38,20240606_SEFL21J_sefltest_g10,2,sefltest,min,min08,11.06,255.88
38,20240606_SEFL21J_sefltest_g10,2,sefltest,avg,avg,13.08,193.03
39,20240606_SEFL21J_sefltest_g10,3,sefltest,min,min01,0,264.76
39,20240606_SEFL21J_sefltest_g10,3,sefltest,min,min02,7.5,250.93
39,20240606_SEFL21J_sefltest_g10,3,sefltest,min,min03,5.61,210.86
39,20240606_SEFL21J_sefltest_g10,3,sefltest,min,min04,5.83,202.23
39,20240606_SEFL21J_sefltest_g10,3,sefltest,min,min05,6.17,256.46
39,20240606_SEFL21J_sefltest_g10,3,sefltest,min,min06,3.22,259.66
39,20240606_SEFL21J_sefltest_g10,3,sefltest,min,min07,1.94,221.14
39,20240606_SEFL21J_sefltest_g10,3,sefltest,min,min08,5.61,226.19
39,20240606_SEFL21J_sefltest_g10,3,sefltest,avg,avg,4.69,236.53
40,20240606_SEFL21J_sefltest_g10,4,sefltest,min,min01,9.28,258.18
40,20240606_SEFL21J_sefltest_g10,4,sefltest,min,min02,8.11,161.44
40,20240606_SEFL21J_sefltest_g10,4,sefltest,min,min03,39.33,111.25
40,20240606_SEFL21J_sefltest_g10,4,sefltest,min,min04,14.28,162.75
40,20240606_SEFL21J_sefltest_g10,4,sefltest,min,min05,11.22,206.09
40,20240606_SEFL21J_sefltest_g10,4,sefltest,min,min06,17.11,213.19
40,20240606_SEFL21J_sefltest_g10,4,sefltest,min,min07,14.67,125.19
40,20240606_SEFL21J_sefltest_g10,4,sefltest,min,min08,15.78,242.89
40,20240606_SEFL21J_sefltest_g10,4,sefltest,avg,avg,16.33,185.12
41,20240606_SEFL21J_sefltest_g11,1,sefltest,min,min01,4.33,345.48
41,20240606_SEFL21J_sefltest_g11,1,sefltest,min,min02,12.22,280.88
41,20240606_SEFL21J_sefltest_g11,1,sefltest,min,min03,13.61,275.24
41,20240606_SEFL21J_sefltest_g11,1,sefltest,min,min04,17.06,209.17
41,20240606_SEFL21J_sefltest_g11,1,sefltest,min,min05,24.56,163.95
41,20240606_SEFL21J_sefltest_g11,1,sefltest,min,min06,23.22,214.47
41,20240606_SEFL21J_sefltest_g11,1,sefltest,min,min07,18.5,191.1
41,20240606_SEFL21J_sefltest_g11,1,sefltest,min,min08,22.33,130.58
41,20240606_SEFL21J_sefltest_g11,1,sefltest,avg,avg,17.1,226.36
42,20240606_SEFL21J_sefltest_g11,2,sefltest,min,min01,34.78,71.94
42,20240606_SEFL21J_sefltest_g11,2,sefltest,min,min02,63.22,18.92
42,20240606_SEFL21J_sefltest_g11,2,sefltest,min,min03,45.61,46.03
42,20240606_SEFL21J_sefltest_g11,2,sefltest,min,min04,15.11,185.6
42,20240606_SEFL21J_sefltest_g11,2,sefltest,min,min05,23.28,133.52
42,20240606_SEFL21J_sefltest_g11,2,sefltest,min,min06,22.72,177.81
42,20240606_SEFL21J_sefltest_g11,2,sefltest,min,min07,29.56,137.47
42,20240606_SEFL21J_sefltest_g11,2,sefltest,min,min08,46,65.25
42,20240606_SEFL21J_sefltest_g11,2,sefltest,avg,avg,35.05,104.57
43,20240606_SEFL21J_sefltest_g11,3,sefltest,min,min01,0,290.4
43,20240606_SEFL21J_sefltest_g11,3,sefltest,min,min02,5.78,217.76
43,20240606_SEFL21J_sefltest_g11,3,sefltest,min,min03,11,213.95
43,20240606_SEFL21J_sefltest_g11,3,sefltest,min,min04,10.94,189.84
43,20240606_SEFL21J_sefltest_g11,3,sefltest,min,min05,3.89,190.73
43,20240606_SEFL21J_sefltest_g11,3,sefltest,min,min06,13.28,191.79
43,20240606_SEFL21J_sefltest_g11,3,sefltest,min,min07,22.5,165.79
43,20240606_SEFL21J_sefltest_g11,3,sefltest,min,min08,28.89,140.65
43,20240606_SEFL21J_sefltest_g11,3,sefltest,avg,avg,12.26,200.11
44,20240606_SEFL21J_sefltest_g11,4,sefltest,min,min01,0,405.43
44,20240606_SEFL21J_sefltest_g11,4,sefltest,min,min02,4.67,314.8
44,20240606_SEFL21J_sefltest_g11,4,sefltest,min,min03,7.28,295.69
44,20240606_SEFL21J_sefltest_g11,4,sefltest,min,min04,11.5,215.55
44,20240606_SEFL21J_sefltest_g11,4,sefltest,min,min05,1.78,216.44
44,20240606_SEFL21J_sefltest_g11,4,sefltest,min,min06,3.72,239.57
44,20240606_SEFL21J_sefltest_g11,4,sefltest,min,min07,4.39,208.9
44,20240606_SEFL21J_sefltest_g11,4,sefltest,min,min08,3.67,186.52
44,20240606_SEFL21J_sefltest_g11,4,sefltest,avg,avg,4.63,260.36
45,20240606_SEFL21J_sefltest_g12,1,sefltest,min,min01,3.56,189.37
45,20240606_SEFL21J_sefltest_g12,1,sefltest,min,min02,8.11,182.67
45,20240606_SEFL21J_sefltest_g12,1,sefltest,min,min03,37.61,123.3
45,20240606_SEFL21J_sefltest_g12,1,sefltest,min,min04,54.06,26.29
45,20240606_SEFL21J_sefltest_g12,1,sefltest,min,min05,24.89,105.96
45,20240606_SEFL21J_sefltest_g12,1,sefltest,min,min06,22.89,116.8
45,20240606_SEFL21J_sefltest_g12,1,sefltest,min,min07,1.89,146.26
45,20240606_SEFL21J_sefltest_g12,1,sefltest,min,min08,17.44,162.43
45,20240606_SEFL21J_sefltest_g12,1,sefltest,avg,avg,21.77,131.63
46,20240606_SEFL21J_sefltest_g12,2,sefltest,min,min01,4.33,251.58
46,20240606_SEFL21J_sefltest_g12,2,sefltest,min,min02,9.06,172.84
46,20240606_SEFL21J_sefltest_g12,2,sefltest,min,min03,12.28,267.36
46,20240606_SEFL21J_sefltest_g12,2,sefltest,min,min04,12.67,197.93
46,20240606_SEFL21J_sefltest_g12,2,sefltest,min,min05,6.17,229.85
46,20240606_SEFL21J_sefltest_g12,2,sefltest,min,min06,4.17,229.01
46,20240606_SEFL21J_sefltest_g12,2,sefltest,min,min07,2.06,254.16
46,20240606_SEFL21J_sefltest_g12,2,sefltest,min,min08,6.5,237.82
46,20240606_SEFL21J_sefltest_g12,2,sefltest,avg,avg,7.15,230.07
47,20240606_SEFL21J_sefltest_g12,3,sefltest,min,min01,1.83,305.66
47,20240606_SEFL21J_sefltest_g12,3,sefltest,min,min02,11.44,164.04
47,20240606_SEFL21J_sefltest_g12,3,sefltest,min,min03,1.83,288.67
47,20240606_SEFL21J_sefltest_g12,3,sefltest,min,min04,0,241.68
47,20240606_SEFL21J_sefltest_g12,3,sefltest,min,min05,3.56,207.72
47,20240606_SEFL21J_sefltest_g12,3,sefltest,min,min06,2.17,210.82
47,20240606_SEFL21J_sefltest_g12,3,sefltest,min,min07,1.89,190.17
47,20240606_SEFL21J_sefltest_g12,3,sefltest,min,min08,1.78,289.94
47,20240606_SEFL21J_sefltest_g12,3,sefltest,avg,avg,3.12,237.34
48,20240606_SEFL21J_sefltest_g12,4,sefltest,min,min01,0,364.86
48,20240606_SEFL21J_sefltest_g12,4,sefltest,min,min02,0,286.52
48,20240606_SEFL21J_sefltest_g12,4,sefltest,min,min03,1.67,279.98
48,20240606_SEFL21J_sefltest_g12,4,sefltest,min,min04,5.89,238.07
48,20240606_SEFL21J_sefltest_g12,4,sefltest,min,min05,1.94,277.37
48,20240606_SEFL21J_sefltest_g12,4,sefltest,min,min06,4.94,275.62
48,20240606_SEFL21J_sefltest_g12,4,sefltest,min,min07,12,237.48
48,20240606_SEFL21J_sefltest_g12,4,sefltest,min,min08,7.61,264.17
48,20240606_SEFL21J_sefltest_g12,4,sefltest,avg,avg,4.26,278.01
49,20240606_SEFL21J_sefltest_g13,1,sefltest,min,min01,0,360.88
49,20240606_SEFL21J_sefltest_g13,1,sefltest,min,min02,0,429.65
49,20240606_SEFL21J_sefltest_g13,1,sefltest,min,min03,3.39,397.28
49,20240606_SEFL21J_sefltest_g13,1,sefltest,min,min04,0,435.6
49,20240606_SEFL21J_sefltest_g13,1,sefltest,min,min05,0,383.56
49,20240606_SEFL21J_sefltest_g13,1,sefltest,min,min06,1.72,452.8
49,20240606_SEFL21J_sefltest_g13,1,sefltest,min,min07,0,347.42
49,20240606_SEFL21J_sefltest_g13,1,sefltest,min,min08,1.72,376.61
49,20240606_SEFL21J_sefltest_g13,1,sefltest,avg,avg,0.85,397.97
50,20240606_SEFL21J_sefltest_g13,2,sefltest,min,min01,3.89,311.26
50,20240606_SEFL21J_sefltest_g13,2,sefltest,min,min02,4.17,258.15
50,20240606_SEFL21J_sefltest_g13,2,sefltest,min,min03,7.44,220.57
50,20240606_SEFL21J_sefltest_g13,2,sefltest,min,min04,5.67,252.7
50,20240606_SEFL21J_sefltest_g13,2,sefltest,min,min05,7.89,270.85
50,20240606_SEFL21J_sefltest_g13,2,sefltest,min,min06,13.78,193.85
50,20240606_SEFL21J_sefltest_g13,2,sefltest,min,min07,23.33,183.55
50,20240606_SEFL21J_sefltest_g13,2,sefltest,min,min08,12.28,247.27
50,20240606_SEFL21J_sefltest_g13,2,sefltest,avg,avg,10.01,242.28
51,20240606_SEFL21J_sefltest_g13,3,sefltest,min,min01,3.39,226.55
51,20240606_SEFL21J_sefltest_g13,3,sefltest,min,min02,19.39,113.99
51,20240606_SEFL21J_sefltest_g13,3,sefltest,min,min03,14.72,149.99
51,20240606_SEFL21J_sefltest_g13,3,sefltest,min,min04,13.89,104.16
51,20240606_SEFL21J_sefltest_g13,3,sefltest,min,min05,8.89,167.36
51,20240606_SEFL21J_sefltest_g13,3,sefltest,min,min06,24.28,83.23
51,20240606_SEFL21J_sefltest_g13,3,sefltest,min,min07,11.22,156.26
51,20240606_SEFL21J_sefltest_g13,3,sefltest,min,min08,6,111.88
51,20240606_SEFL21J_sefltest_g13,3,sefltest,avg,avg,12.95,139.18
52,20240606_SEFL21J_sefltest_g13,4,sefltest,min,min01,10.61,275.26
52,20240606_SEFL21J_sefltest_g13,4,sefltest,min,min02,42.44,107.77
52,20240606_SEFL21J_sefltest_g13,4,sefltest,min,min03,19.94,183.9
52,20240606_SEFL21J_sefltest_g13,4,sefltest,min,min04,29.61,127.97
52,20240606_SEFL21J_sefltest_g13,4,sefltest,min,min05,26.33,128.84
52,20240606_SEFL21J_sefltest_g13,4,sefltest,min,min06,44.56,119.04
52,20240606_SEFL21J_sefltest_g13,4,sefltest,min,min07,42.5,104.39
52,20240606_SEFL21J_sefltest_g13,4,sefltest,min,min08,61.67,49.23
52,20240606_SEFL21J_sefltest_g13,4,sefltest,avg,avg,34.87,137.05
53,20240606_SEFL21J_sefltest_g14,1,sefltest,min,min01,8.61,272.51
53,20240606_SEFL21J_sefltest_g14,1,sefltest,min,min02,28.39,140.72
53,20240606_SEFL21J_sefltest_g14,1,sefltest,min,min03,4.61,257.17
53,20240606_SEFL21J_sefltest_g14,1,sefltest,min,min04,18.78,252.5
53,20240606_SEFL21J_sefltest_g14,1,sefltest,min,min05,7.89,180.05
53,20240606_SEFL21J_sefltest_g14,1,sefltest,min,min06,4.11,292.16
53,20240606_SEFL21J_sefltest_g14,1,sefltest,min,min07,7.67,182.16
53,20240606_SEFL21J_sefltest_g14,1,sefltest,min,min08,14.61,224
53,20240606_SEFL21J_sefltest_g14,1,sefltest,avg,avg,11.83,225.16
54,20240606_SEFL21J_sefltest_g14,2,sefltest,min,min01,2.06,265.29
54,20240606_SEFL21J_sefltest_g14,2,sefltest,min,min02,2.56,244.46
54,20240606_SEFL21J_sefltest_g14,2,sefltest,min,min03,1.78,261.48
54,20240606_SEFL21J_sefltest_g14,2,sefltest,min,min04,17,197.58
54,20240606_SEFL21J_sefltest_g14,2,sefltest,min,min05,3.67,177.97
54,20240606_SEFL21J_sefltest_g14,2,sefltest,min,min06,4.17,224.42
54,20240606_SEFL21J_sefltest_g14,2,sefltest,min,min07,0,214.51
54,20240606_SEFL21J_sefltest_g14,2,sefltest,min,min08,0,295.5
54,20240606_SEFL21J_sefltest_g14,2,sefltest,avg,avg,3.9,235.15
55,20240606_SEFL21J_sefltest_g14,3,sefltest,min,min01,9.83,223.23
55,20240606_SEFL21J_sefltest_g14,3,sefltest,min,min02,12.44,107.53
55,20240606_SEFL21J_sefltest_g14,3,sefltest,min,min03,5.5,215.37
55,20240606_SEFL21J_sefltest_g14,3,sefltest,min,min04,21.5,95.18
55,20240606_SEFL21J_sefltest_g14,3,sefltest,min,min05,10.22,153.21
55,20240606_SEFL21J_sefltest_g14,3,sefltest,min,min06,21.11,106.64
55,20240606_SEFL21J_sefltest_g14,3,sefltest,min,min07,27.72,73.64
55,20240606_SEFL21J_sefltest_g14,3,sefltest,min,min08,9.83,96.09
55,20240606_SEFL21J_sefltest_g14,3,sefltest,avg,avg,14.77,133.86
56,20240606_SEFL21J_sefltest_g14,4,sefltest,min,min01,4.39,209.44
56,20240606_SEFL21J_sefltest_g14,4,sefltest,min,min02,2.72,221.51
56,20240606_SEFL21J_sefltest_g14,4,sefltest,min,min03,3.39,207.85
56,20240606_SEFL21J_sefltest_g14,4,sefltest,min,min04,10.5,207.33
56,20240606_SEFL21J_sefltest_g14,4,sefltest,min,min05,2.56,216.81
56,20240606_SEFL21J_sefltest_g14,4,sefltest,min,min06,10.22,169.04
56,20240606_SEFL21J_sefltest_g14,4,sefltest,min,min07,6.06,217.24
56,20240606_SEFL21J_sefltest_g14,4,sefltest,min,min08,5.94,206.54
56,20240606_SEFL21J_sefltest_g14,4,sefltest,avg,avg,5.72,206.97
57,20240606_SEFL21J_sefltest_g15,1,sefltest,min,min01,17.89,149.68
57,20240606_SEFL21J_sefltest_g15,1,sefltest,min,min02,30.39,120.7
57,20240606_SEFL21J_sefltest_g15,1,sefltest,min,min03,18.72,115.92
57,20240606_SEFL21J_sefltest_g15,1,sefltest,min,min04,27.94,164.01
57,20240606_SEFL21J_sefltest_g15,1,sefltest,min,min05,37.17,153.9
57,20240606_SEFL21J_sefltest_g15,1,sefltest,min,min06,21.56,193.84
57,20240606_SEFL21J_sefltest_g15,1,sefltest,min,min07,9.28,212.26
57,20240606_SEFL21J_sefltest_g15,1,sefltest,min,min08,10.56,170.59
57,20240606_SEFL21J_sefltest_g15,1,sefltest,avg,avg,21.79,160.11
58,20240606_SEFL21J_sefltest_g15,2,sefltest,min,min01,0,291.29
58,20240606_SEFL21J_sefltest_g15,2,sefltest,min,min02,0,213.42
58,20240606_SEFL21J_sefltest_g15,2,sefltest,min,min03,2,273.04
58,20240606_SEFL21J_sefltest_g15,2,sefltest,min,min04,3.67,285.77
58,20240606_SEFL21J_sefltest_g15,2,sefltest,min,min05,7.17,231.07
58,20240606_SEFL21J_sefltest_g15,2,sefltest,min,min06,6.22,207.28
58,20240606_SEFL21J_sefltest_g15,2,sefltest,min,min07,8.22,291.27
58,20240606_SEFL21J_sefltest_g15,2,sefltest,min,min08,4,283.81
58,20240606_SEFL21J_sefltest_g15,2,sefltest,avg,avg,3.91,259.62
59,20240606_SEFL21J_sefltest_g15,3,sefltest,min,min01,0,440.63
59,20240606_SEFL21J_sefltest_g15,3,sefltest,min,min02,1.67,353.92
59,20240606_SEFL21J_sefltest_g15,3,sefltest,min,min03,1.67,396.13
59,20240606_SEFL21J_sefltest_g15,3,sefltest,min,min04,7.11,275.22
59,20240606_SEFL21J_sefltest_g15,3,sefltest,min,min05,0,279.61
59,20240606_SEFL21J_sefltest_g15,3,sefltest,min,min06,4.33,237.58
59,20240606_SEFL21J_sefltest_g15,3,sefltest,min,min07,1.83,291.64
59,20240606_SEFL21J_sefltest_g15,3,sefltest,min,min08,2.72,222.65
59,20240606_SEFL21J_sefltest_g15,3,sefltest,avg,avg,2.42,312.17
60,20240606_SEFL21J_sefltest_g15,4,sefltest,min,min01,0,376.27
60,20240606_SEFL21J_sefltest_g15,4,sefltest,min,min02,0,280.67
60,20240606_SEFL21J_sefltest_g15,4,sefltest,min,min03,4.17,306.87
60,20240606_SEFL21J_sefltest_g15,4,sefltest,min,min04,0,330.74
60,20240606_SEFL21J_sefltest_g15,4,sefltest,min,min05,1.94,261.87
60,20240606_SEFL21J_sefltest_g15,4,sefltest,min,min06,0,246.48
60,20240606_SEFL21J_sefltest_g15,4,sefltest,min,min07,0,256.66
60,20240606_SEFL21J_sefltest_g15,4,sefltest,min,min08,6,275.7
60,20240606_SEFL21J_sefltest_g15,4,sefltest,avg,avg,1.51,291.91
1,240530_SEFL21J_trauma_g1,1,trauma,baseline,baseline,0.36,202.96
1,240530_SEFL21J_trauma_g1,1,trauma,shock,shock01,0,920.2
1,240530_SEFL21J_trauma_g1,1,trauma,shock,shock02,0,1075.6
1,240530_SEFL21J_trauma_g1,1,trauma,shock,shock03,0,845.87
1,240530_SEFL21J_trauma_g1,1,trauma,shock,shock04,0,557.47
1,240530_SEFL21J_trauma_g1,1,trauma,shock,shock05,0,883.77
1,240530_SEFL21J_trauma_g1,1,trauma,shock,shock06,0,1104.47
1,240530_SEFL21J_trauma_g1,1,trauma,shock,shock07,0,1455.67
1,240530_SEFL21J_trauma_g1,1,trauma,shock,shock08,0,846.43
1,240530_SEFL21J_trauma_g1,1,trauma,shock,shock09,0,548.53
1,240530_SEFL21J_trauma_g1,1,trauma,shock,shock10,0,983.47
1,240530_SEFL21J_trauma_g1,1,trauma,postshock,postshock01,7.67,103.36
1,240530_SEFL21J_trauma_g1,1,trauma,postshock,postshock02,34.5,53.53
1,240530_SEFL21J_trauma_g1,1,trauma,postshock,postshock03,69,4.95
1,240530_SEFL21J_trauma_g1,1,trauma,postshock,postshock04,31.67,69.81
1,240530_SEFL21J_trauma_g1,1,trauma,postshock,postshock05,100,0.14
1,240530_SEFL21J_trauma_g1,1,trauma,postshock,postshock06,28,25.34
1,240530_SEFL21J_trauma_g1,1,trauma,postshock,postshock07,73.83,9.16
1,240530_SEFL21J_trauma_g1,1,trauma,postshock,postshock08,100,0.01
1,240530_SEFL21J_trauma_g1,1,trauma,postshock,postshock09,40,21.18
1,240530_SEFL21J_trauma_g1,1,trauma,postshock,postshock10,86.83,4.77
2,240530_SEFL21J_trauma_g1,2,trauma,baseline,baseline,0.33,265.7
2,240530_SEFL21J_trauma_g1,2,trauma,shock,shock01,0,1055.8
2,240530_SEFL21J_trauma_g1,2,trauma,shock,shock02,0,859.03
2,240530_SEFL21J_trauma_g1,2,trauma,shock,shock03,0,937.97
2,240530_SEFL21J_trauma_g1,2,trauma,shock,shock04,0,822.13
2,240530_SEFL21J_trauma_g1,2,trauma,shock,shock05,0,984.97
2,240530_SEFL21J_trauma_g1,2,trauma,shock,shock06,0,1417.5
2,240530_SEFL21J_trauma_g1,2,trauma,shock,shock07,0,1264.37
2,240530_SEFL21J_trauma_g1,2,trauma,shock,shock08,0,1284.13
2,240530_SEFL21J_trauma_g1,2,trauma,shock,shock09,0,794.13
2,240530_SEFL21J_trauma_g1,2,trauma,shock,shock10,0,870.2
2,240530_SEFL21J_trauma_g1,2,trauma,postshock,postshock01,22.83,71.74
2,240530_SEFL21J_trauma_g1,2,trauma,postshock,postshock02,38,61.5
2,240530_SEFL21J_trauma_g1,2,trauma,postshock,postshock03,31.33,82.33
2,240530_SEFL21J_trauma_g1,2,trauma,postshock,postshock04,66.67,10.07
2,240530_SEFL21J_trauma_g1,2,trauma,postshock,postshock05,55.33,14.61
2,240530_SEFL21J_trauma_g1,2,trauma,postshock,postshock06,18.5,111.53
2,240530_SEFL21J_trauma_g1,2,trauma,postshock,postshock07,63.67,23.31
2,240530_SEFL21J_trauma_g1,2,trauma,postshock,postshock08,56.33,48.36
2,240530_SEFL21J_trauma_g1,2,trauma,postshock,postshock09,83.33,2.95
2,240530_SEFL21J_trauma_g1,2,trauma,postshock,postshock10,20.17,95.86
3,240530_SEFL21J_trauma_g1,3,trauma,baseline,baseline,1.32,185.36
3,240530_SEFL21J_trauma_g1,3,trauma,shock,shock01,0,968.37
3,240530_SEFL21J_trauma_g1,3,trauma,shock,shock02,0,1073.97
3,240530_SEFL21J_trauma_g1,3,trauma,shock,shock03,0,1006.23
3,240530_SEFL21J_trauma_g1,3,trauma,shock,shock04,0,631.63
3,240530_SEFL21J_trauma_g1,3,trauma,shock,shock05,0,553.13
3,240530_SEFL21J_trauma_g1,3,trauma,shock,shock06,0,271.6
3,240530_SEFL21J_trauma_g1,3,trauma,shock,shock07,0,923.33
3,240530_SEFL21J_trauma_g1,3,trauma,shock,shock08,0,908.8
3,240530_SEFL21J_trauma_g1,3,trauma,shock,shock09,0,386.2
3,240530_SEFL21J_trauma_g1,3,trauma,shock,shock10,0,244.8
3,240530_SEFL21J_trauma_g1,3,trauma,postshock,postshock01,0,106.13
3,240530_SEFL21J_trauma_g1,3,trauma,postshock,postshock02,44.67,22.38
3,240530_SEFL21J_trauma_g1,3,trauma,postshock,postshock03,60.5,17.51
3,240530_SEFL21J_trauma_g1,3,trauma,postshock,postshock04,70.5,33.78
3,240530_SEFL21J_trauma_g1,3,trauma,postshock,postshock05,96,0.84
3,240530_SEFL21J_trauma_g1,3,trauma,postshock,postshock06,39.33,22.84
3,240530_SEFL21J_trauma_g1,3,trauma,postshock,postshock07,86.17,3.6
3,240530_SEFL21J_trauma_g1,3,trauma,postshock,postshock08,94.83,4.4
3,240530_SEFL21J_trauma_g1,3,trauma,postshock,postshock09,50.83,60.44
3,240530_SEFL21J_trauma_g1,3,trauma,postshock,postshock10,80.17,5.95
4,240530_SEFL21J_trauma_g1,4,trauma,baseline,baseline,0,220.11
4,240530_SEFL21J_trauma_g1,4,trauma,shock,shock01,0,1412.63
4,240530_SEFL21J_trauma_g1,4,trauma,shock,shock02,0,1196.27
4,240530_SEFL21J_trauma_g1,4,trauma,shock,shock03,0,946.4
4,240530_SEFL21J_trauma_g1,4,trauma,shock,shock04,0,2187.47
4,240530_SEFL21J_trauma_g1,4,trauma,shock,shock05,0,1083.7
4,240530_SEFL21J_trauma_g1,4,trauma,shock,shock06,0,1795.27
4,240530_SEFL21J_trauma_g1,4,trauma,shock,shock07,0,806.1
4,240530_SEFL21J_trauma_g1,4,trauma,shock,shock08,0,671.6
4,240530_SEFL21J_trauma_g1,4,trauma,shock,shock09,0,965.53
4,240530_SEFL21J_trauma_g1,4,trauma,shock,shock10,0,960.3
4,240530_SEFL21J_trauma_g1,4,trauma,postshock,postshock01,0,80.71
4,240530_SEFL21J_trauma_g1,4,trauma,postshock,postshock02,0,46.97
4,240530_SEFL21J_trauma_g1,4,trauma,postshock,postshock03,0,118.86
4,240530_SEFL21J_trauma_g1,4,trauma,postshock,postshock04,23.83,16.14
4,240530_SEFL21J_trauma_g1,4,trauma,postshock,postshock05,80.83,8.02
4,240530_SEFL21J_trauma_g1,4,trauma,postshock,postshock06,45,30.88
4,240530_SEFL21J_trauma_g1,4,trauma,postshock,postshock07,46.67,51.18
4,240530_SEFL21J_trauma_g1,4,trauma,postshock,postshock08,29.5,114.01
4,240530_SEFL21J_trauma_g1,4,trauma,postshock,postshock09,44,75.27
4,240530_SEFL21J_trauma_g1,4,trauma,postshock,postshock10,22.83,197.91
5,240530_SEFL21J_trauma_g2,1,trauma,baseline,baseline,0.34,265.26
5,240530_SEFL21J_trauma_g2,1,trauma,shock,shock01,0,1148.8
5,240530_SEFL21J_trauma_g2,1,trauma,shock,shock02,0,1651.7
5,240530_SEFL21J_trauma_g2,1,trauma,shock,shock03,0,734.23
5,240530_SEFL21J_trauma_g2,1,trauma,shock,shock04,0,855.93
5,240530_SEFL21J_trauma_g2,1,trauma,shock,shock05,0,1424.87
5,240530_SEFL21J_trauma_g2,1,trauma,shock,shock06,0,1046.17
5,240530_SEFL21J_trauma_g2,1,trauma,shock,shock07,0,608.7
5,240530_SEFL21J_trauma_g2,1,trauma,shock,shock08,0,1218.73
5,240530_SEFL21J_trauma_g2,1,trauma,shock,shock09,0,1179.93
5,240530_SEFL21J_trauma_g2,1,trauma,shock,shock10,0,1048.97
5,240530_SEFL21J_trauma_g2,1,trauma,postshock,postshock01,0,136.54
5,240530_SEFL21J_trauma_g2,1,trauma,postshock,postshock02,0,180.01
5,240530_SEFL21J_trauma_g2,1,trauma,postshock,postshock03,46.17,28.86
5,240530_SEFL21J_trauma_g2,1,trauma,postshock,postshock04,51.33,22.32
5,240530_SEFL21J_trauma_g2,1,trauma,postshock,postshock05,66.83,26.04
5,240530_SEFL21J_trauma_g2,1,trauma,postshock,postshock06,16.83,82.41
5,240530_SEFL21J_trauma_g2,1,trauma,postshock,postshock07,61.17,18.23
5,240530_SEFL21J_trauma_g2,1,trauma,postshock,postshock08,57.83,31.59
5,240530_SEFL21J_trauma_g2,1,trauma,postshock,postshock09,44,24.41
5,240530_SEFL21J_trauma_g2,1,trauma,postshock,postshock10,73,9.4
6,240530_SEFL21J_trauma_g2,2,trauma,baseline,baseline,0.5,223.71
6,240530_SEFL21J_trauma_g2,2,trauma,shock,shock01,0,1379.73
6,240530_SEFL21J_trauma_g2,2,trauma,shock,shock02,0,644.17
6,240530_SEFL21J_trauma_g2,2,trauma,shock,shock03,0,632.5
6,240530_SEFL21J_trauma_g2,2,trauma,shock,shock04,0,592.97
6,240530_SEFL21J_trauma_g2,2,trauma,shock,shock05,0,1142.97
6,240530_SEFL21J_trauma_g2,2,trauma,shock,shock06,0,877.43
6,240530_SEFL21J_trauma_g2,2,trauma,shock,shock07,0,1095.33
6,240530_SEFL21J_trauma_g2,2,trauma,shock,shock08,0,1010.4
6,240530_SEFL21J_trauma_g2,2,trauma,shock,shock09,0,1223.4
6,240530_SEFL21J_trauma_g2,2,trauma,shock,shock10,0,1036.03
6,240530_SEFL21J_trauma_g2,2,trauma,postshock,postshock01,9,67.03
6,240530_SEFL21J_trauma_g2,2,trauma,postshock,postshock02,49.83,25.43
6,240530_SEFL21J_trauma_g2,2,trauma,postshock,postshock03,14.67,77.33
6,240530_SEFL21J_trauma_g2,2,trauma,postshock,postshock04,29.33,66.78
6,240530_SEFL21J_trauma_g2,2,trauma,postshock,postshock05,72,16.92
6,240530_SEFL21J_trauma_g2,2,trauma,postshock,postshock06,33,47.09
6,240530_SEFL21J_trauma_g2,2,trauma,postshock,postshock07,78.17,12.98
6,240530_SEFL21J_trauma_g2,2,trauma,postshock,postshock08,75.5,15.23
6,240530_SEFL21J_trauma_g2,2,trauma,postshock,postshock09,55.67,27.66
6,240530_SEFL21J_trauma_g2,2,trauma,postshock,postshock10,27,115
7,240530_SEFL21J_trauma_g2,3,trauma,baseline,baseline,2.09,188.07
7,240530_SEFL21J_trauma_g2,3,trauma,shock,shock01,0,802.8
7,240530_SEFL21J_trauma_g2,3,trauma,shock,shock02,0,953.53
7,240530_SEFL21J_trauma_g2,3,trauma,shock,shock03,0,814.47
7,240530_SEFL21J_trauma_g2,3,trauma,shock,shock04,0,506
7,240530_SEFL21J_trauma_g2,3,trauma,shock,shock05,0,1125.3
7,240530_SEFL21J_trauma_g2,3,trauma,shock,shock06,0,510
7,240530_SEFL21J_trauma_g2,3,trauma,shock,shock07,0,1160.8
7,240530_SEFL21J_trauma_g2,3,trauma,shock,shock08,0,783.53
7,240530_SEFL21J_trauma_g2,3,trauma,shock,shock09,0,485.23
7,240530_SEFL21J_trauma_g2,3,trauma,shock,shock10,0,951.33
7,240530_SEFL21J_trauma_g2,3,trauma,postshock,postshock01,0,102.59
7,240530_SEFL21J_trauma_g2,3,trauma,postshock,postshock02,9.33,80.58
7,240530_SEFL21J_trauma_g2,3,trauma,postshock,postshock03,66.33,8.18
7,240530_SEFL21J_trauma_g2,3,trauma,postshock,postshock04,47.5,37.56
7,240530_SEFL21J_trauma_g2,3,trauma,postshock,postshock05,59.67,17.57
7,240530_SEFL21J_trauma_g2,3,trauma,postshock,postshock06,75.83,10.22
7,240530_SEFL21J_trauma_g2,3,trauma,postshock,postshock07,89.33,3.73
7,240530_SEFL21J_trauma_g2,3,trauma,postshock,postshock08,56.83,51.11
7,240530_SEFL21J_trauma_g2,3,trauma,postshock,postshock09,57.67,10.07
7,240530_SEFL21J_trauma_g2,3,trauma,postshock,postshock10,23.17,55.13
8,240530_SEFL21J_trauma_g2,4,trauma,baseline,baseline,0.34,251.78
8,240530_SEFL21J_trauma_g2,4,trauma,shock,shock01,0,1068.53
8,240530_SEFL21J_trauma_g2,4,trauma,shock,shock02,0,1697.7
8,240530_SEFL21J_trauma_g2,4,trauma,shock,shock03,0,1857.53
8,240530_SEFL21J_trauma_g2,4,trauma,shock,shock04,0,1162.87
8,240530_SEFL21J_trauma_g2,4,trauma,shock,shock05,0,704.63
8,240530_SEFL21J_trauma_g2,4,trauma,shock,shock06,0,578.2
8,240530_SEFL21J_trauma_g2,4,trauma,shock,shock07,0,884.27
8,240530_SEFL21J_trauma_g2,4,trauma,shock,shock08,0,224.97
8,240530_SEFL21J_trauma_g2,4,trauma,shock,shock09,0,749.2
8,240530_SEFL21J_trauma_g2,4,trauma,shock,shock10,0,1188.13
8,240530_SEFL21J_trauma_g2,4,trauma,postshock,postshock01,28.67,56.04
8,240530_SEFL21J_trauma_g2,4,trauma,postshock,postshock02,69.83,12.76
8,240530_SEFL21J_trauma_g2,4,trauma,postshock,postshock03,82.33,8.72
8,240530_SEFL21J_trauma_g2,4,trauma,postshock,postshock04,74,17.98
8,240530_SEFL21J_trauma_g2,4,trauma,postshock,postshock05,78.17,4.9
8,240530_SEFL21J_trauma_g2,4,trauma,postshock,postshock06,77.33,12.63
8,240530_SEFL21J_trauma_g2,4,trauma,postshock,postshock07,82.5,4.89
8,240530_SEFL21J_trauma_g2,4,trauma,postshock,postshock08,92.33,2.96
8,240530_SEFL21J_trauma_g2,4,trauma,postshock,postshock09,92.33,2.4
8,240530_SEFL21J_trauma_g2,4,trauma,postshock,postshock10,70.33,18.07
9,240530_SEFL21J_trauma_g3,1,trauma,baseline,baseline,0,267.66
9,240530_SEFL21J_trauma_g3,1,trauma,shock,shock01,0,1068.8
9,240530_SEFL21J_trauma_g3,1,trauma,shock,shock02,0,921.03
9,240530_SEFL21J_trauma_g3,1,trauma,shock,shock03,0,807.57
9,240530_SEFL21J_trauma_g3,1,trauma,shock,shock04,0,652.03
9,240530_SEFL21J_trauma_g3,1,trauma,shock,shock05,0,746.93
9,240530_SEFL21J_trauma_g3,1,trauma,shock,shock06,0,1000.77
9,240530_SEFL21J_trauma_g3,1,trauma,shock,shock07,0,936.33
9,240530_SEFL21J_trauma_g3,1,trauma,shock,shock08,0,893.83
9,240530_SEFL21J_trauma_g3,1,trauma,shock,shock09,0,941.27
9,240530_SEFL21J_trauma_g3,1,trauma,shock,shock10,0,1245.87
9,240530_SEFL21J_trauma_g3,1,trauma,postshock,postshock01,0,221.23
9,240530_SEFL21J_trauma_g3,1,trauma,postshock,postshock02,14.5,87.88
9,240530_SEFL21J_trauma_g3,1,trauma,postshock,postshock03,7,81.73
9,240530_SEFL21J_trauma_g3,1,trauma,postshock,postshock04,23,59.93
9,240530_SEFL21J_trauma_g3,1,trauma,postshock,postshock05,48.5,6.92
9,240530_SEFL21J_trauma_g3,1,trauma,postshock,postshock06,80.83,9.72
9,240530_SEFL21J_trauma_g3,1,trauma,postshock,postshock07,24.67,78.78
9,240530_SEFL21J_trauma_g3,1,trauma,postshock,postshock08,53.33,74.98
9,240530_SEFL21J_trauma_g3,1,trauma,postshock,postshock09,42,37.6
9,240530_SEFL21J_trauma_g3,1,trauma,postshock,postshock10,76.17,11.86
10,240530_SEFL21J_trauma_g3,2,trauma,baseline,baseline,0,205.83
10,240530_SEFL21J_trauma_g3,2,trauma,shock,shock01,0,1058.6
10,240530_SEFL21J_trauma_g3,2,trauma,shock,shock02,0,677.83
10,240530_SEFL21J_trauma_g3,2,trauma,shock,shock03,0,1572.13
10,240530_SEFL21J_trauma_g3,2,trauma,shock,shock04,0,699.63
10,240530_SEFL21J_trauma_g3,2,trauma,shock,shock05,0,1249.3
10,240530_SEFL21J_trauma_g3,2,trauma,shock,shock06,0,970.73
10,240530_SEFL21J_trauma_g3,2,trauma,shock,shock07,0,1514.8
10,240530_SEFL21J_trauma_g3,2,trauma,shock,shock08,0,1437.97
10,240530_SEFL21J_trauma_g3,2,trauma,shock,shock09,0,955.67
10,240530_SEFL21J_trauma_g3,2,trauma,shock,shock10,0,1041.73
10,240530_SEFL21J_trauma_g3,2,trauma,postshock,postshock01,0,118.33
10,240530_SEFL21J_trauma_g3,2,trauma,postshock,postshock02,20.17,133.76
10,240530_SEFL21J_trauma_g3,2,trauma,postshock,postshock03,29.33,58.94
10,240530_SEFL21J_trauma_g3,2,trauma,postshock,postshock04,22.67,62.91
10,240530_SEFL21J_trauma_g3,2,trauma,postshock,postshock05,23.67,76.76
10,240530_SEFL21J_trauma_g3,2,trauma,postshock,postshock06,58.33,35.74
10,240530_SEFL21J_trauma_g3,2,trauma,postshock,postshock07,48.67,44.41
10,240530_SEFL21J_trauma_g3,2,trauma,postshock,postshock08,24.83,36.28
10,240530_SEFL21J_trauma_g3,2,trauma,postshock,postshock09,85.83,4.82
10,240530_SEFL21J_trauma_g3,2,trauma,postshock,postshock10,72.83,11.64
11,240530_SEFL21J_trauma_g3,3,trauma,baseline,baseline,0.68,218.76
11,240530_SEFL21J_trauma_g3,3,trauma,shock,shock01,0,1468.17
11,240530_SEFL21J_trauma_g3,3,trauma,shock,shock02,0,740.83
11,240530_SEFL21J_trauma_g3,3,trauma,shock,shock03,0,560.77
11,240530_SEFL21J_trauma_g3,3,trauma,shock,shock04,0,614.73
11,240530_SEFL21J_trauma_g3,3,trauma,shock,shock05,0,695.23
11,240530_SEFL21J_trauma_g3,3,trauma,shock,shock06,0,589.67
11,240530_SEFL21J_trauma_g3,3,trauma,shock,shock07,0,496.23
11,240530_SEFL21J_trauma_g3,3,trauma,shock,shock08,0,935.27
11,240530_SEFL21J_trauma_g3,3,trauma,shock,shock09,0,1189.27
11,240530_SEFL21J_trauma_g3,3,trauma,shock,shock10,0,493.7
11,240530_SEFL21J_trauma_g3,3,trauma,postshock,postshock01,44.5,22.52
11,240530_SEFL21J_trauma_g3,3,trauma,postshock,postshock02,31,43.57
11,240530_SEFL21J_trauma_g3,3,trauma,postshock,postshock03,27.83,40.21
11,240530_SEFL21J_trauma_g3,3,trauma,postshock,postshock04,49.5,27.85
11,240530_SEFL21J_trauma_g3,3,trauma,postshock,postshock05,46.33,50.99
11,240530_SEFL21J_trauma_g3,3,trauma,postshock,postshock06,63.33,38.34
11,240530_SEFL21J_trauma_g3,3,trauma,postshock,postshock07,78.33,11.2
11,240530_SEFL21J_trauma_g3,3,trauma,postshock,postshock08,77.83,15.95
11,240530_SEFL21J_trauma_g3,3,trauma,postshock,postshock09,80.17,4.44
11,240530_SEFL21J_trauma_g3,3,trauma,postshock,postshock10,82.83,15.42
12,240530_SEFL21J_trauma_g3,4,trauma,baseline,baseline,0.8,205.16
12,240530_SEFL21J_trauma_g3,4,trauma,shock,shock01,0,639.6
12,240530_SEFL21J_trauma_g3,4,trauma,shock,shock02,0,686.23
12,240530_SEFL21J_trauma_g3,4,trauma,shock,shock03,0,991.87
12,240530_SEFL21J_trauma_g3,4,trauma,shock,shock04,0,489.53
12,240530_SEFL21J_trauma_g3,4,trauma,shock,shock05,0,662.67
12,240530_SEFL21J_trauma_g3,4,trauma,shock,shock06,0,908.4
12,240530_SEFL21J_trauma_g3,4,trauma,shock,shock07,0,1085.13
12,240530_SEFL21J_trauma_g3,4,trauma,shock,shock08,0,736.63
12,240530_SEFL21J_trauma_g3,4,trauma,shock,shock09,0,448.9
12,240530_SEFL21J_trauma_g3,4,trauma,shock,shock10,0,862.8
12,240530_SEFL21J_trauma_g3,4,trauma,postshock,postshock01,8,70.63
12,240530_SEFL21J_trauma_g3,4,trauma,postshock,postshock02,11,17.64
12,240530_SEFL21J_trauma_g3,4,trauma,postshock,postshock03,60.67,9.33
12,240530_SEFL21J_trauma_g3,4,trauma,postshock,postshock04,96.5,1.59
12,240530_SEFL21J_trauma_g3,4,trauma,postshock,postshock05,62.83,14.81
12,240530_SEFL21J_trauma_g3,4,trauma,postshock,postshock06,82.83,6.74
12,240530_SEFL21J_trauma_g3,4,trauma,postshock,postshock07,21,149.41
12,240530_SEFL21J_trauma_g3,4,trauma,postshock,postshock08,86.5,6.58
12,240530_SEFL21J_trauma_g3,4,trauma,postshock,postshock09,36.67,44.78
12,240530_SEFL21J_trauma_g3,4,trauma,postshock,postshock10,100,0
13,240530_SEFL21J_trauma_g4,1,trauma,baseline,baseline,1.12,208.38
13,240530_SEFL21J_trauma_g4,1,trauma,shock,shock01,0,1013
13,240530_SEFL21J_trauma_g4,1,trauma,shock,shock02,0,1161
13,240530_SEFL21J_trauma_g4,1,trauma,shock,shock03,0,1354.17
13,240530_SEFL21J_trauma_g4,1,trauma,shock,shock04,0,1053.03
13,240530_SEFL21J_trauma_g4,1,trauma,shock,shock05,0,683.93
13,240530_SEFL21J_trauma_g4,1,trauma,shock,shock06,0,859.9
13,240530_SEFL21J_trauma_g4,1,trauma,shock,shock07,0,796.3
13,240530_SEFL21J_trauma_g4,1,trauma,shock,shock08,0,1149.87
13,240530_SEFL21J_trauma_g4,1,trauma,shock,shock09,0,685.2
13,240530_SEFL21J_trauma_g4,1,trauma,shock,shock10,0,1180.13
13,240530_SEFL21J_trauma_g4,1,trauma,postshock,postshock01,13.83,80.11
13,240530_SEFL21J_trauma_g4,1,trauma,postshock,postshock02,38.67,32.18
13,240530_SEFL21J_trauma_g4,1,trauma,postshock,postshock03,32.33,35.9
13,240530_SEFL21J_trauma_g4,1,trauma,postshock,postshock04,51,29.16
13,240530_SEFL21J_trauma_g4,1,trauma,postshock,postshock05,44.5,48.64
13,240530_SEFL21J_trauma_g4,1,trauma,postshock,postshock06,49,114.1
13,240530_SEFL21J_trauma_g4,1,trauma,postshock,postshock07,47.33,24.42
13,240530_SEFL21J_trauma_g4,1,trauma,postshock,postshock08,39.83,42.04
13,240530_SEFL21J_trauma_g4,1,trauma,postshock,postshock09,72,13.84
13,240530_SEFL21J_trauma_g4,1,trauma,postshock,postshock10,88.83,5.09
14,240530_SEFL21J_trauma_g4,2,trauma,baseline,baseline,0,224.71
14,240530_SEFL21J_trauma_g4,2,trauma,shock,shock01,0,1073.5
14,240530_SEFL21J_trauma_g4,2,trauma,shock,shock02,0,1064.93
14,240530_SEFL21J_trauma_g4,2,trauma,shock,shock03,0,735.6
14,240530_SEFL21J_trauma_g4,2,trauma,shock,shock04,0,813.47
14,240530_SEFL21J_trauma_g4,2,trauma,shock,shock05,0,1134.6
14,240530_SEFL21J_trauma_g4,2,trauma,shock,shock06,0,643.87
14,240530_SEFL21J_trauma_g4,2,trauma,shock,shock07,0,580.47
14,240530_SEFL21J_trauma_g4,2,trauma,shock,shock08,0,546
14,240530_SEFL21J_trauma_g4,2,trauma,shock,shock09,0,407.33
14,240530_SEFL21J_trauma_g4,2,trauma,shock,shock10,0,734.7
14,240530_SEFL21J_trauma_g4,2,trauma,postshock,postshock01,12.83,69.02
14,240530_SEFL21J_trauma_g4,2,trauma,postshock,postshock02,18.5,99.03
14,240530_SEFL21J_trauma_g4,2,trauma,postshock,postshock03,57.67,19.19
14,240530_SEFL21J_trauma_g4,2,trauma,postshock,postshock04,7,88.09
14,240530_SEFL21J_trauma_g4,2,trauma,postshock,postshock05,25.67,80.92
14,240530_SEFL21J_trauma_g4,2,trauma,postshock,postshock06,22.17,28.11
14,240530_SEFL21J_trauma_g4,2,trauma,postshock,postshock07,29.67,28.06
14,240530_SEFL21J_trauma_g4,2,trauma,postshock,postshock08,58.67,15.24
14,240530_SEFL21J_trauma_g4,2,trauma,postshock,postshock09,69.17,10.81
14,240530_SEFL21J_trauma_g4,2,trauma,postshock,postshock10,27.33,93.87
15,240530_SEFL21J_trauma_g4,3,trauma,baseline,baseline,0.84,186.8
15,240530_SEFL21J_trauma_g4,3,trauma,shock,shock01,0,1201.07
15,240530_SEFL21J_trauma_g4,3,trauma,shock,shock02,0,1066.57
15,240530_SEFL21J_trauma_g4,3,trauma,shock,shock03,0,669.37
15,240530_SEFL21J_trauma_g4,3,trauma,shock,shock04,0,572.8
15,240530_SEFL21J_trauma_g4,3,trauma,shock,shock05,0,560.53
15,240530_SEFL21J_trauma_g4,3,trauma,shock,shock06,0,622.7
15,240530_SEFL21J_trauma_g4,3,trauma,shock,shock07,0,442.7
15,240530_SEFL21J_trauma_g4,3,trauma,shock,shock08,0,425.5
15,240530_SEFL21J_trauma_g4,3,trauma,shock,shock09,0,282.8
15,240530_SEFL21J_trauma_g4,3,trauma,shock,shock10,0,246.23
15,240530_SEFL21J_trauma_g4,3,trauma,postshock,postshock01,0,87.59
15,240530_SEFL21J_trauma_g4,3,trauma,postshock,postshock02,8,64.82
15,240530_SEFL21J_trauma_g4,3,trauma,postshock,postshock03,38.17,39.08
15,240530_SEFL21J_trauma_g4,3,trauma,postshock,postshock04,35.5,22.47
15,240530_SEFL21J_trauma_g4,3,trauma,postshock,postshock05,11.33,141.28
15,240530_SEFL21J_trauma_g4,3,trauma,postshock,postshock06,47.33,21.07
15,240530_SEFL21J_trauma_g4,3,trauma,postshock,postshock07,50.83,38.02
15,240530_SEFL21J_trauma_g4,3,trauma,postshock,postshock08,77.67,13.23
15,240530_SEFL21J_trauma_g4,3,trauma,postshock,postshock09,32.67,32.82
15,240530_SEFL21J_trauma_g4,3,trauma,postshock,postshock10,47.83,34.94
16,240530_SEFL21J_trauma_g4,4,trauma,baseline,baseline,0.66,238.14
16,240530_SEFL21J_trauma_g4,4,trauma,shock,shock01,0,980.37
16,240530_SEFL21J_trauma_g4,4,trauma,shock,shock02,0,980.33
16,240530_SEFL21J_trauma_g4,4,trauma,shock,shock03,0,1382.23
16,240530_SEFL21J_trauma_g4,4,trauma,shock,shock04,0,900.83
16,240530_SEFL21J_trauma_g4,4,trauma,shock,shock05,0,876
16,240530_SEFL21J_trauma_g4,4,trauma,shock,shock06,0,663.97
16,240530_SEFL21J_trauma_g4,4,trauma,shock,shock07,0,577.2
16,240530_SEFL21J_trauma_g4,4,trauma,shock,shock08,0,875.6
16,240530_SEFL21J_trauma_g4,4,trauma,shock,shock09,0,1106.17
16,240530_SEFL21J_trauma_g4,4,trauma,shock,shock10,0,576.33
16,240530_SEFL21J_trauma_g4,4,trauma,postshock,postshock01,5.5,97.11
16,240530_SEFL21J_trauma_g4,4,trauma,postshock,postshock02,0,89.95
16,240530_SEFL21J_trauma_g4,4,trauma,postshock,postshock03,50.83,30.46
16,240530_SEFL21J_trauma_g4,4,trauma,postshock,postshock04,35.5,42.01
16,240530_SEFL21J_trauma_g4,4,trauma,postshock,postshock05,77.67,24.24
16,240530_SEFL21J_trauma_g4,4,trauma,postshock,postshock06,73.17,5.06
16,240530_SEFL21J_trauma_g4,4,trauma,postshock,postshock07,68.83,17.7
16,240530_SEFL21J_trauma_g4,4,trauma,postshock,postshock08,79.5,9.55
16,240530_SEFL21J_trauma_g4,4,trauma,postshock,postshock09,89.5,1.87
16,240530_SEFL21J_trauma_g4,4,trauma,postshock,postshock10,99.17,0.52
17,240530_SEFL21J_trauma_g5,1,trauma,baseline,baseline,0,231.83
17,240530_SEFL21J_trauma_g5,1,trauma,shock,shock01,0,1190.77
17,240530_SEFL21J_trauma_g5,1,trauma,shock,shock02,0,560.97
17,240530_SEFL21J_trauma_g5,1,trauma,shock,shock03,0,796.7
17,240530_SEFL21J_trauma_g5,1,trauma,shock,shock04,0,832.23
17,240530_SEFL21J_trauma_g5,1,trauma,shock,shock05,0,624.27
17,240530_SEFL21J_trauma_g5,1,trauma,shock,shock06,0,1343.43
17,240530_SEFL21J_trauma_g5,1,trauma,shock,shock07,0,832.3
17,240530_SEFL21J_trauma_g5,1,trauma,shock,shock08,0,1195.33
17,240530_SEFL21J_trauma_g5,1,trauma,shock,shock09,0,1245.3
17,240530_SEFL21J_trauma_g5,1,trauma,shock,shock10,0,914.4
17,240530_SEFL21J_trauma_g5,1,trauma,postshock,postshock01,0,230.39
17,240530_SEFL21J_trauma_g5,1,trauma,postshock,postshock02,11.83,154.85
17,240530_SEFL21J_trauma_g5,1,trauma,postshock,postshock03,49.83,57.24
17,240530_SEFL21J_trauma_g5,1,trauma,postshock,postshock04,67.83,13.56
17,240530_SEFL21J_trauma_g5,1,trauma,postshock,postshock05,37.17,55.01
17,240530_SEFL21J_trauma_g5,1,trauma,postshock,postshock06,56.67,40.75
17,240530_SEFL21J_trauma_g5,1,trauma,postshock,postshock07,24,82.87
17,240530_SEFL21J_trauma_g5,1,trauma,postshock,postshock08,63.5,53.06
17,240530_SEFL21J_trauma_g5,1,trauma,postshock,postshock09,31,129.06
17,240530_SEFL21J_trauma_g5,1,trauma,postshock,postshock10,0,85.67
18,240530_SEFL21J_trauma_g5,2,trauma,baseline,baseline,1.59,217.83
18,240530_SEFL21J_trauma_g5,2,trauma,shock,shock01,0,1329.93
18,240530_SEFL21J_trauma_g5,2,trauma,shock,shock02,0,548.53
18,240530_SEFL21J_trauma_g5,2,trauma,shock,shock03,0,1188.1
18,240530_SEFL21J_trauma_g5,2,trauma,shock,shock04,0,1199.17
18,240530_SEFL21J_trauma_g5,2,trauma,shock,shock05,0,1479.13
18,240530_SEFL21J_trauma_g5,2,trauma,shock,shock06,0,1207.27
18,240530_SEFL21J_trauma_g5,2,trauma,shock,shock07,0,1188.03
18,240530_SEFL21J_trauma_g5,2,trauma,shock,shock08,0,1014.57
18,240530_SEFL21J_trauma_g5,2,trauma,shock,shock09,0,640.47
18,240530_SEFL21J_trauma_g5,2,trauma,shock,shock10,0,898.3
18,240530_SEFL21J_trauma_g5,2,trauma,postshock,postshock01,17,80.16
18,240530_SEFL21J_trauma_g5,2,trauma,postshock,postshock02,46.5,29.18
18,240530_SEFL21J_trauma_g5,2,trauma,postshock,postshock03,57,19.17
18,240530_SEFL21J_trauma_g5,2,trauma,postshock,postshock04,28,43.64
18,240530_SEFL21J_trauma_g5,2,trauma,postshock,postshock05,64.67,12.7
18,240530_SEFL21J_trauma_g5,2,trauma,postshock,postshock06,42,22.17
18,240530_SEFL21J_trauma_g5,2,trauma,postshock,postshock07,83.5,5.12
18,240530_SEFL21J_trauma_g5,2,trauma,postshock,postshock08,65.83,17.38
18,240530_SEFL21J_trauma_g5,2,trauma,postshock,postshock09,0,108.08
18,240530_SEFL21J_trauma_g5,2,trauma,postshock,postshock10,71.17,13.68
19,240530_SEFL21J_trauma_g5,3,trauma,baseline,baseline,1.49,191.66
19,240530_SEFL21J_trauma_g5,3,trauma,shock,shock01,0,778.3
19,240530_SEFL21J_trauma_g5,3,trauma,shock,shock02,0,655.43
19,240530_SEFL21J_trauma_g5,3,trauma,shock,shock03,0,529.07
19,240530_SEFL21J_trauma_g5,3,trauma,shock,shock04,0,564.2
19,240530_SEFL21J_trauma_g5,3,trauma,shock,shock05,0,518.53
19,240530_SEFL21J_trauma_g5,3,trauma,shock,shock06,0,780.7
19,240530_SEFL21J_trauma_g5,3,trauma,shock,shock07,0,834.57
19,240530_SEFL21J_trauma_g5,3,trauma,shock,shock08,0,1196.4
19,240530_SEFL21J_trauma_g5,3,trauma,shock,shock09,0,656.8
19,240530_SEFL21J_trauma_g5,3,trauma,shock,shock10,0,486.1
19,240530_SEFL21J_trauma_g5,3,trauma,postshock,postshock01,27.67,21.04
19,240530_SEFL21J_trauma_g5,3,trauma,postshock,postshock02,12.5,27.47
19,240530_SEFL21J_trauma_g5,3,trauma,postshock,postshock03,19.67,14.36
19,240530_SEFL21J_trauma_g5,3,trauma,postshock,postshock04,5.5,144.91
19,240530_SEFL21J_trauma_g5,3,trauma,postshock,postshock05,38.17,8.55
19,240530_SEFL21J_trauma_g5,3,trauma,postshock,postshock06,16.33,25.21
19,240530_SEFL21J_trauma_g5,3,trauma,postshock,postshock07,28.33,31.48
19,240530_SEFL21J_trauma_g5,3,trauma,postshock,postshock08,38.67,32.13
19,240530_SEFL21J_trauma_g5,3,trauma,postshock,postshock09,30.83,13.04
19,240530_SEFL21J_trauma_g5,3,trauma,postshock,postshock10,44,20.43
20,240530_SEFL21J_trauma_g5,4,trauma,baseline,baseline,1.24,192.29
20,240530_SEFL21J_trauma_g5,4,trauma,shock,shock01,0,1037.67
20,240530_SEFL21J_trauma_g5,4,trauma,shock,shock02,0,721.27
20,240530_SEFL21J_trauma_g5,4,trauma,shock,shock03,0,758.4
20,240530_SEFL21J_trauma_g5,4,trauma,shock,shock04,0,683.7
20,240530_SEFL21J_trauma_g5,4,trauma,shock,shock05,0,989.77
20,240530_SEFL21J_trauma_g5,4,trauma,shock,shock06,0,880.77
20,240530_SEFL21J_trauma_g5,4,trauma,shock,shock07,0,742.3
20,240530_SEFL21J_trauma_g5,4,trauma,shock,shock08,0,652.17
20,240530_SEFL21J_trauma_g5,4,trauma,shock,shock09,0,1013
20,240530_SEFL21J_trauma_g5,4,trauma,shock,shock10,0,617.33
20,240530_SEFL21J_trauma_g5,4,trauma,postshock,postshock01,31.5,31.92
20,240530_SEFL21J_trauma_g5,4,trauma,postshock,postshock02,51,20
20,240530_SEFL21J_trauma_g5,4,trauma,postshock,postshock03,59.5,11.22
20,240530_SEFL21J_trauma_g5,4,trauma,postshock,postshock04,16.83,135.69
20,240530_SEFL21J_trauma_g5,4,trauma,postshock,postshock05,76.5,8.09
20,240530_SEFL21J_trauma_g5,4,trauma,postshock,postshock06,39.17,18.48
20,240530_SEFL21J_trauma_g5,4,trauma,postshock,postshock07,63,5.97
20,240530_SEFL21J_trauma_g5,4,trauma,postshock,postshock08,85.83,3.06
20,240530_SEFL21J_trauma_g5,4,trauma,postshock,postshock09,81.83,3.47
20,240530_SEFL21J_trauma_g5,4,trauma,postshock,postshock10,58.67,42.44
21,240530_SEFL21J_trauma_g6,1,trauma,baseline,baseline,1.12,237.27
21,240530_SEFL21J_trauma_g6,1,trauma,shock,shock01,0,1409.1
21,240530_SEFL21J_trauma_g6,1,trauma,shock,shock02,0,1683.77
21,240530_SEFL21J_trauma_g6,1,trauma,shock,shock03,0,829.07
21,240530_SEFL21J_trauma_g6,1,trauma,shock,shock04,0,956.37
21,240530_SEFL21J_trauma_g6,1,trauma,shock,shock05,0,772.4
21,240530_SEFL21J_trauma_g6,1,trauma,shock,shock06,0,951.3
21,240530_SEFL21J_trauma_g6,1,trauma,shock,shock07,0,895.8
21,240530_SEFL21J_trauma_g6,1,trauma,shock,shock08,0,1062.77
21,240530_SEFL21J_trauma_g6,1,trauma,shock,shock09,0,613.6
21,240530_SEFL21J_trauma_g6,1,trauma,shock,shock10,0,1677.2
21,240530_SEFL21J_trauma_g6,1,trauma,postshock,postshock01,0,177.43
21,240530_SEFL21J_trauma_g6,1,trauma,postshock,postshock02,0,146.19
21,240530_SEFL21J_trauma_g6,1,trauma,postshock,postshock03,5.17,156.4
21,240530_SEFL21J_trauma_g6,1,trauma,postshock,postshock04,54.67,12.78
21,240530_SEFL21J_trauma_g6,1,trauma,postshock,postshock05,50,12.72
21,240530_SEFL21J_trauma_g6,1,trauma,postshock,postshock06,6.83,77.26
21,240530_SEFL21J_trauma_g6,1,trauma,postshock,postshock07,45.5,30.57
21,240530_SEFL21J_trauma_g6,1,trauma,postshock,postshock08,0,83.14
21,240530_SEFL21J_trauma_g6,1,trauma,postshock,postshock09,65.83,9.71
21,240530_SEFL21J_trauma_g6,1,trauma,postshock,postshock10,25.67,47.1
22,240530_SEFL21J_trauma_g6,2,trauma,baseline,baseline,0,201.71
22,240530_SEFL21J_trauma_g6,2,trauma,shock,shock01,0,525.3
22,240530_SEFL21J_trauma_g6,2,trauma,shock,shock02,0,1270.37
22,240530_SEFL21J_trauma_g6,2,trauma,shock,shock03,0,1094.23
22,240530_SEFL21J_trauma_g6,2,trauma,shock,shock04,0,642.87
22,240530_SEFL21J_trauma_g6,2,trauma,shock,shock05,0,1119.37
22,240530_SEFL21J_trauma_g6,2,trauma,shock,shock06,0,953.83
22,240530_SEFL21J_trauma_g6,2,trauma,shock,shock07,0,893.7
22,240530_SEFL21J_trauma_g6,2,trauma,shock,shock08,0,863.57
22,240530_SEFL21J_trauma_g6,2,trauma,shock,shock09,0,584.17
22,240530_SEFL21J_trauma_g6,2,trauma,shock,shock10,0,1006.07
22,240530_SEFL21J_trauma_g6,2,trauma,postshock,postshock01,47.33,27.04
22,240530_SEFL21J_trauma_g6,2,trauma,postshock,postshock02,48.33,22.31
22,240530_SEFL21J_trauma_g6,2,trauma,postshock,postshock03,76,11.06
22,240530_SEFL21J_trauma_g6,2,trauma,postshock,postshock04,70,10.54
22,240530_SEFL21J_trauma_g6,2,trauma,postshock,postshock05,74.17,9
22,240530_SEFL21J_trauma_g6,2,trauma,postshock,postshock06,68.67,9.73
22,240530_SEFL21J_trauma_g6,2,trauma,postshock,postshock07,50.33,17.65
22,240530_SEFL21J_trauma_g6,2,trauma,postshock,postshock08,91.67,1.28
22,240530_SEFL21J_trauma_g6,2,trauma,postshock,postshock09,43.5,19.25
22,240530_SEFL21J_trauma_g6,2,trauma,postshock,postshock10,41.5,21.07
23,240530_SEFL21J_trauma_g6,3,trauma,baseline,baseline,0,174.5
23,240530_SEFL21J_trauma_g6,3,trauma,shock,shock01,0,821.27
23,240530_SEFL21J_trauma_g6,3,trauma,shock,shock02,0,1139.53
23,240530_SEFL21J_trauma_g6,3,trauma,shock,shock03,0,1262.3
23,240530_SEFL21J_trauma_g6,3,trauma,shock,shock04,0,507.47
23,240530_SEFL21J_trauma_g6,3,trauma,shock,shock05,0,932.07
23,240530_SEFL21J_trauma_g6,3,trauma,shock,shock06,0,755.37
23,240530_SEFL21J_trauma_g6,3,trauma,shock,shock07,0,703.43
23,240530_SEFL21J_trauma_g6,3,trauma,shock,shock08,0,944.97
23,240530_SEFL21J_trauma_g6,3,trauma,shock,shock09,0,1470.4
23,240530_SEFL21J_trauma_g6,3,trauma,shock,shock10,0,630.2
23,240530_SEFL21J_trauma_g6,3,trauma,postshock,postshock01,46.17,13.93
23,240530_SEFL21J_trauma_g6,3,trauma,postshock,postshock02,27,131.59
23,240530_SEFL21J_trauma_g6,3,trauma,postshock,postshock03,31,29.17
23,240530_SEFL21J_trauma_g6,3,trauma,postshock,postshock04,34.33,59.57
23,240530_SEFL21J_trauma_g6,3,trauma,postshock,postshock05,76.17,5.68
23,240530_SEFL21J_trauma_g6,3,trauma,postshock,postshock06,63.5,10.26
23,240530_SEFL21J_trauma_g6,3,trauma,postshock,postshock07,45,25.43
23,240530_SEFL21J_trauma_g6,3,trauma,postshock,postshock08,79.33,3.45
23,240530_SEFL21J_trauma_g6,3,trauma,postshock,postshock09,63,19.7
23,240530_SEFL21J_trauma_g6,3,trauma,postshock,postshock10,73.17,5.54
24,240530_SEFL21J_trauma_g6,4,trauma,baseline,baseline,0,201.36
24,240530_SEFL21J_trauma_g6,4,trauma,shock,shock01,0,828.27
24,240530_SEFL21J_trauma_g6,4,trauma,shock,shock02,0,874.63
24,240530_SEFL21J_trauma_g6,4,trauma,shock,shock03,0,812.6
24,240530_SEFL21J_trauma_g6,4,trauma,shock,shock04,0,962
24,240530_SEFL21J_trauma_g6,4,trauma,shock,shock05,0,882.13
24,240530_SEFL21J_trauma_g6,4,trauma,shock,shock06,0,753.57
24,240530_SEFL21J_trauma_g6,4,trauma,shock,shock07,0,995.9
24,240530_SEFL21J_trauma_g6,4,trauma,shock,shock08,0,848.4
24,240530_SEFL21J_trauma_g6,4,trauma,shock,shock09,0,659.13
24,240530_SEFL21J_trauma_g6,4,trauma,shock,shock10,0,640.53
24,240530_SEFL21J_trauma_g6,4,trauma,postshock,postshock01,11,60.39
24,240530_SEFL21J_trauma_g6,4,trauma,postshock,postshock02,30.67,90.1
24,240530_SEFL21J_trauma_g6,4,trauma,postshock,postshock03,16,54.25
24,240530_SEFL21J_trauma_g6,4,trauma,postshock,postshock04,71,11.67
24,240530_SEFL21J_trauma_g6,4,trauma,postshock,postshock05,51.5,29.51
24,240530_SEFL21J_trauma_g6,4,trauma,postshock,postshock06,62.33,19.43
24,240530_SEFL21J_trauma_g6,4,trauma,postshock,postshock07,76.33,7.03
24,240530_SEFL21J_trauma_g6,4,trauma,postshock,postshock08,97.5,1.08
24,240530_SEFL21J_trauma_g6,4,trauma,postshock,postshock09,92,1.5
24,240530_SEFL21J_trauma_g6,4,trauma,postshock,postshock10,66.67,5.49
25,240530_SEFL21J_trauma_g7,1,trauma,baseline,baseline,1.44,203.25
25,240530_SEFL21J_trauma_g7,1,trauma,shock,shock01,0,1211.87
25,240530_SEFL21J_trauma_g7,1,trauma,shock,shock02,0,905.13
25,240530_SEFL21J_trauma_g7,1,trauma,shock,shock03,0,941.23
25,240530_SEFL21J_trauma_g7,1,trauma,shock,shock04,0,956.33
25,240530_SEFL21J_trauma_g7,1,trauma,shock,shock05,0,1025.83
25,240530_SEFL21J_trauma_g7,1,trauma,shock,shock06,0,702.93
25,240530_SEFL21J_trauma_g7,1,trauma,shock,shock07,0,702.57
25,240530_SEFL21J_trauma_g7,1,trauma,shock,shock08,0,738.2
25,240530_SEFL21J_trauma_g7,1,trauma,shock,shock09,0,1222.87
25,240530_SEFL21J_trauma_g7,1,trauma,shock,shock10,0,997.2
25,240530_SEFL21J_trauma_g7,1,trauma,postshock,postshock01,0,148.31
25,240530_SEFL21J_trauma_g7,1,trauma,postshock,postshock02,27.17,37.15
25,240530_SEFL21J_trauma_g7,1,trauma,postshock,postshock03,25.83,129.93
25,240530_SEFL21J_trauma_g7,1,trauma,postshock,postshock04,47.67,33.95
25,240530_SEFL21J_trauma_g7,1,trauma,postshock,postshock05,35.83,27.02
25,240530_SEFL21J_trauma_g7,1,trauma,postshock,postshock06,43.33,44.92
25,240530_SEFL21J_trauma_g7,1,trauma,postshock,postshock07,20.17,59.38
25,240530_SEFL21J_trauma_g7,1,trauma,postshock,postshock08,42.83,27.19
25,240530_SEFL21J_trauma_g7,1,trauma,postshock,postshock09,71.17,8.96
25,240530_SEFL21J_trauma_g7,1,trauma,postshock,postshock10,73.33,11.24
26,240530_SEFL21J_trauma_g7,2,trauma,baseline,baseline,0.86,210.67
26,240530_SEFL21J_trauma_g7,2,trauma,shock,shock01,0,862.9
26,240530_SEFL21J_trauma_g7,2,trauma,shock,shock02,0,1018.13
26,240530_SEFL21J_trauma_g7,2,trauma,shock,shock03,0,1196.53
26,240530_SEFL21J_trauma_g7,2,trauma,shock,shock04,0,1199.1
26,240530_SEFL21J_trauma_g7,2,trauma,shock,shock05,0,602.23
26,240530_SEFL21J_trauma_g7,2,trauma,shock,shock06,0,814.03
26,240530_SEFL21J_trauma_g7,2,trauma,shock,shock07,0,1144.5
26,240530_SEFL21J_trauma_g7,2,trauma,shock,shock08,0,1503.47
26,240530_SEFL21J_trauma_g7,2,trauma,shock,shock09,0,693.53
26,240530_SEFL21J_trauma_g7,2,trauma,shock,shock10,0,678.17
26,240530_SEFL21J_trauma_g7,2,trauma,postshock,postshock01,0,114.94
26,240530_SEFL21J_trauma_g7,2,trauma,postshock,postshock02,0,161.29
26,240530_SEFL21J_trauma_g7,2,trauma,postshock,postshock03,0,105.55
26,240530_SEFL21J_trauma_g7,2,trauma,postshock,postshock04,38.67,29.58
26,240530_SEFL21J_trauma_g7,2,trauma,postshock,postshock05,29.17,31.97
26,240530_SEFL21J_trauma_g7,2,trauma,postshock,postshock06,57.17,25.08
26,240530_SEFL21J_trauma_g7,2,trauma,postshock,postshock07,72.17,33.16
26,240530_SEFL21J_trauma_g7,2,trauma,postshock,postshock08,32.33,18.31
26,240530_SEFL21J_trauma_g7,2,trauma,postshock,postshock09,85.83,2.92
26,240530_SEFL21J_trauma_g7,2,trauma,postshock,postshock10,78.17,16.68
27,240530_SEFL21J_trauma_g7,3,trauma,baseline,baseline,0.39,184.68
27,240530_SEFL21J_trauma_g7,3,trauma,shock,shock01,0,1118.87
27,240530_SEFL21J_trauma_g7,3,trauma,shock,shock02,0,877.77
27,240530_SEFL21J_trauma_g7,3,trauma,shock,shock03,0,1059.6
27,240530_SEFL21J_trauma_g7,3,trauma,shock,shock04,0,717.67
27,240530_SEFL21J_trauma_g7,3,trauma,shock,shock05,0,611.57
27,240530_SEFL21J_trauma_g7,3,trauma,shock,shock06,0,422.6
27,240530_SEFL21J_trauma_g7,3,trauma,shock,shock07,0,945.9
27,240530_SEFL21J_trauma_g7,3,trauma,shock,shock08,0,860.03
27,240530_SEFL21J_trauma_g7,3,trauma,shock,shock09,0,664.83
27,240530_SEFL21J_trauma_g7,3,trauma,shock,shock10,0,715.87
27,240530_SEFL21J_trauma_g7,3,trauma,postshock,postshock01,52.5,23.36
27,240530_SEFL21J_trauma_g7,3,trauma,postshock,postshock02,62.83,22.11
27,240530_SEFL21J_trauma_g7,3,trauma,postshock,postshock03,59,15.03
27,240530_SEFL21J_trauma_g7,3,trauma,postshock,postshock04,83.67,3.48
27,240530_SEFL21J_trauma_g7,3,trauma,postshock,postshock05,79,11.81
27,240530_SEFL21J_trauma_g7,3,trauma,postshock,postshock06,59,25.4
27,240530_SEFL21J_trauma_g7,3,trauma,postshock,postshock07,97.83,0.67
27,240530_SEFL21J_trauma_g7,3,trauma,postshock,postshock08,96.67,0.28
27,240530_SEFL21J_trauma_g7,3,trauma,postshock,postshock09,97.5,0.18
27,240530_SEFL21J_trauma_g7,3,trauma,postshock,postshock10,78.17,7.51
28,240530_SEFL21J_trauma_g7,4,trauma,baseline,baseline,1.03,200.64
28,240530_SEFL21J_trauma_g7,4,trauma,shock,shock01,0,962.77
28,240530_SEFL21J_trauma_g7,4,trauma,shock,shock02,0,798.37
28,240530_SEFL21J_trauma_g7,4,trauma,shock,shock03,0,956.43
28,240530_SEFL21J_trauma_g7,4,trauma,shock,shock04,0,448.3
28,240530_SEFL21J_trauma_g7,4,trauma,shock,shock05,0,837.17
28,240530_SEFL21J_trauma_g7,4,trauma,shock,shock06,0,540.13
28,240530_SEFL21J_trauma_g7,4,trauma,shock,shock07,0,635.03
28,240530_SEFL21J_trauma_g7,4,trauma,shock,shock08,0,385.87
28,240530_SEFL21J_trauma_g7,4,trauma,shock,shock09,0,897.57
28,240530_SEFL21J_trauma_g7,4,trauma,shock,shock10,0,552.03
28,240530_SEFL21J_trauma_g7,4,trauma,postshock,postshock01,0,150.38
28,240530_SEFL21J_trauma_g7,4,trauma,postshock,postshock02,0,182.99
28,240530_SEFL21J_trauma_g7,4,trauma,postshock,postshock03,42.67,22.41
28,240530_SEFL21J_trauma_g7,4,trauma,postshock,postshock04,34.17,42.55
28,240530_SEFL21J_trauma_g7,4,trauma,postshock,postshock05,50,22.82
28,240530_SEFL21J_trauma_g7,4,trauma,postshock,postshock06,41.67,27.24
28,240530_SEFL21J_trauma_g7,4,trauma,postshock,postshock07,34.67,43.58
28,240530_SEFL21J_trauma_g7,4,trauma,postshock,postshock08,10.67,208.73
28,240530_SEFL21J_trauma_g7,4,trauma,postshock,postshock09,27.17,144.49
28,240530_SEFL21J_trauma_g7,4,trauma,postshock,postshock10,51.83,150.48
29,240530_SEFL21J_trauma_g8,1,trauma,baseline,baseline,0,238.88
29,240530_SEFL21J_trauma_g8,1,trauma,shock,shock01,0,1183.77
29,240530_SEFL21J_trauma_g8,1,trauma,shock,shock02,0,806.6
29,240530_SEFL21J_trauma_g8,1,trauma,shock,shock03,0,930.03
29,240530_SEFL21J_trauma_g8,1,trauma,shock,shock04,0,996.43
29,240530_SEFL21J_trauma_g8,1,trauma,shock,shock05,0,908.9
29,240530_SEFL21J_trauma_g8,1,trauma,shock,shock06,0,850.47
29,240530_SEFL21J_trauma_g8,1,trauma,shock,shock07,0,555.07
29,240530_SEFL21J_trauma_g8,1,trauma,shock,shock08,0,1089.37
29,240530_SEFL21J_trauma_g8,1,trauma,shock,shock09,0,673.4
29,240530_SEFL21J_trauma_g8,1,trauma,shock,shock10,0,697.1
29,240530_SEFL21J_trauma_g8,1,trauma,postshock,postshock01,9.5,74.14
29,240530_SEFL21J_trauma_g8,1,trauma,postshock,postshock02,70.67,14.16
29,240530_SEFL21J_trauma_g8,1,trauma,postshock,postshock03,45.17,24.08
29,240530_SEFL21J_trauma_g8,1,trauma,postshock,postshock04,63.17,15.35
29,240530_SEFL21J_trauma_g8,1,trauma,postshock,postshock05,85.67,7.19
29,240530_SEFL21J_trauma_g8,1,trauma,postshock,postshock06,84.5,16.49
29,240530_SEFL21J_trauma_g8,1,trauma,postshock,postshock07,83.83,7.93
29,240530_SEFL21J_trauma_g8,1,trauma,postshock,postshock08,75.83,11.08
29,240530_SEFL21J_trauma_g8,1,trauma,postshock,postshock09,64.5,22.27
29,240530_SEFL21J_trauma_g8,1,trauma,postshock,postshock10,70.67,15.07
31,240530_SEFL21J_trauma_g8,3,trauma,baseline,baseline,2.5,186.5
31,240530_SEFL21J_trauma_g8,3,trauma,shock,shock01,0,1095.77
31,240530_SEFL21J_trauma_g8,3,trauma,shock,shock02,0,826.1
31,240530_SEFL21J_trauma_g8,3,trauma,shock,shock03,0,528.93
31,240530_SEFL21J_trauma_g8,3,trauma,shock,shock04,0,977.23
31,240530_SEFL21J_trauma_g8,3,trauma,shock,shock05,0,713.07
31,240530_SEFL21J_trauma_g8,3,trauma,shock,shock06,0,773.2
31,240530_SEFL21J_trauma_g8,3,trauma,shock,shock07,0,562.17
31,240530_SEFL21J_trauma_g8,3,trauma,shock,shock08,0,780.67
31,240530_SEFL21J_trauma_g8,3,trauma,shock,shock09,0,1051.67
31,240530_SEFL21J_trauma_g8,3,trauma,shock,shock10,0,765.77
31,240530_SEFL21J_trauma_g8,3,trauma,postshock,postshock01,5.5,112.08
31,240530_SEFL21J_trauma_g8,3,trauma,postshock,postshock02,67.33,16.79
31,240530_SEFL21J_trauma_g8,3,trauma,postshock,postshock03,39,31.18
31,240530_SEFL21J_trauma_g8,3,trauma,postshock,postshock04,61.5,15.97
31,240530_SEFL21J_trauma_g8,3,trauma,postshock,postshock05,61.67,14.75
31,240530_SEFL21J_trauma_g8,3,trauma,postshock,postshock06,45.83,29.76
31,240530_SEFL21J_trauma_g8,3,trauma,postshock,postshock07,37.33,106.13
31,240530_SEFL21J_trauma_g8,3,trauma,postshock,postshock08,78.67,7.65
31,240530_SEFL21J_trauma_g8,3,trauma,postshock,postshock09,87.67,6.83
31,240530_SEFL21J_trauma_g8,3,trauma,postshock,postshock10,54.67,35.36
32,240530_SEFL21J_trauma_g8,4,trauma,baseline,baseline,2.07,204.55
32,240530_SEFL21J_trauma_g8,4,trauma,shock,shock01,0,582.67
32,240530_SEFL21J_trauma_g8,4,trauma,shock,shock02,0,699.63
32,240530_SEFL21J_trauma_g8,4,trauma,shock,shock03,0,841.47
32,240530_SEFL21J_trauma_g8,4,trauma,shock,shock04,0,784.33
32,240530_SEFL21J_trauma_g8,4,trauma,shock,shock05,0,1104.27
32,240530_SEFL21J_trauma_g8,4,trauma,shock,shock06,0,1087.4
32,240530_SEFL21J_trauma_g8,4,trauma,shock,shock07,0,749.5
32,240530_SEFL21J_trauma_g8,4,trauma,shock,shock08,0,921.63
32,240530_SEFL21J_trauma_g8,4,trauma,shock,shock09,0,966.13
32,240530_SEFL21J_trauma_g8,4,trauma,shock,shock10,0,840.57
32,240530_SEFL21J_trauma_g8,4,trauma,postshock,postshock01,0,118.51
32,240530_SEFL21J_trauma_g8,4,trauma,postshock,postshock02,5,150.17
32,240530_SEFL21J_trauma_g8,4,trauma,postshock,postshock03,57.33,14.91
32,240530_SEFL21J_trauma_g8,4,trauma,postshock,postshock04,18,92.63
32,240530_SEFL21J_trauma_g8,4,trauma,postshock,postshock05,78.17,9.8
32,240530_SEFL21J_trauma_g8,4,trauma,postshock,postshock06,51.33,12.45
32,240530_SEFL21J_trauma_g8,4,trauma,postshock,postshock07,69.17,10.3
32,240530_SEFL21J_trauma_g8,4,trauma,postshock,postshock08,56.5,12.2
32,240530_SEFL21J_trauma_g8,4,trauma,postshock,postshock09,66.5,39.98
32,240530_SEFL21J_trauma_g8,4,trauma,postshock,postshock10,60,11.22
33,240530_SEFL21J_trauma_g9,1,trauma,baseline,baseline,1.16,203.8
33,240530_SEFL21J_trauma_g9,1,trauma,shock,shock01,0,1399.2
33,240530_SEFL21J_trauma_g9,1,trauma,shock,shock02,0,1274.53
33,240530_SEFL21J_trauma_g9,1,trauma,shock,shock03,0,904
33,240530_SEFL21J_trauma_g9,1,trauma,shock,shock04,0,812.67
33,240530_SEFL21J_trauma_g9,1,trauma,shock,shock05,0,1057.67
33,240530_SEFL21J_trauma_g9,1,trauma,shock,shock06,0,832.4
33,240530_SEFL21J_trauma_g9,1,trauma,shock,shock07,0,744.07
33,240530_SEFL21J_trauma_g9,1,trauma,shock,shock08,0,620.23
33,240530_SEFL21J_trauma_g9,1,trauma,shock,shock09,0,703.13
33,240530_SEFL21J_trauma_g9,1,trauma,shock,shock10,0,644.57
33,240530_SEFL21J_trauma_g9,1,trauma,postshock,postshock01,5.5,86.84
33,240530_SEFL21J_trauma_g9,1,trauma,postshock,postshock02,61.67,25.8
33,240530_SEFL21J_trauma_g9,1,trauma,postshock,postshock03,30.83,91.44
33,240530_SEFL21J_trauma_g9,1,trauma,postshock,postshock04,65.83,21.73
33,240530_SEFL21J_trauma_g9,1,trauma,postshock,postshock05,63.17,28.95
33,240530_SEFL21J_trauma_g9,1,trauma,postshock,postshock06,64.67,18.26
33,240530_SEFL21J_trauma_g9,1,trauma,postshock,postshock07,86.5,2.07
33,240530_SEFL21J_trauma_g9,1,trauma,postshock,postshock08,79.83,7.36
33,240530_SEFL21J_trauma_g9,1,trauma,postshock,postshock09,82,15.04
33,240530_SEFL21J_trauma_g9,1,trauma,postshock,postshock10,80,7.87
34,240530_SEFL21J_trauma_g9,2,trauma,baseline,baseline,0,239.92
34,240530_SEFL21J_trauma_g9,2,trauma,shock,shock01,0,1323.8
34,240530_SEFL21J_trauma_g9,2,trauma,shock,shock02,0,898.5
34,240530_SEFL21J_trauma_g9,2,trauma,shock,shock03,0,1304.17
34,240530_SEFL21J_trauma_g9,2,trauma,shock,shock04,0,721.87
34,240530_SEFL21J_trauma_g9,2,trauma,shock,shock05,0,650.13
34,240530_SEFL21J_trauma_g9,2,trauma,shock,shock06,0,768.4
34,240530_SEFL21J_trauma_g9,2,trauma,shock,shock07,0,1353.5
34,240530_SEFL21J_trauma_g9,2,trauma,shock,shock08,0,847.07
34,240530_SEFL21J_trauma_g9,2,trauma,shock,shock09,0,1326.07
34,240530_SEFL21J_trauma_g9,2,trauma,shock,shock10,0,691.77
34,240530_SEFL21J_trauma_g9,2,trauma,postshock,postshock01,0,194.56
34,240530_SEFL21J_trauma_g9,2,trauma,postshock,postshock02,51,28
34,240530_SEFL21J_trauma_g9,2,trauma,postshock,postshock03,49.33,35.32
34,240530_SEFL21J_trauma_g9,2,trauma,postshock,postshock04,63.67,19.52
34,240530_SEFL21J_trauma_g9,2,trauma,postshock,postshock05,49.17,24.18
34,240530_SEFL21J_trauma_g9,2,trauma,postshock,postshock06,65.17,28.34
34,240530_SEFL21J_trauma_g9,2,trauma,postshock,postshock07,63.67,14.45
34,240530_SEFL21J_trauma_g9,2,trauma,postshock,postshock08,75.83,19.25
34,240530_SEFL21J_trauma_g9,2,trauma,postshock,postshock09,79.5,10.34
34,240530_SEFL21J_trauma_g9,2,trauma,postshock,postshock10,84.83,2.98
35,240530_SEFL21J_trauma_g9,3,trauma,baseline,baseline,0,207.94
35,240530_SEFL21J_trauma_g9,3,trauma,shock,shock01,0,1072.17
35,240530_SEFL21J_trauma_g9,3,trauma,shock,shock02,0,825.9
35,240530_SEFL21J_trauma_g9,3,trauma,shock,shock03,0,762.93
35,240530_SEFL21J_trauma_g9,3,trauma,shock,shock04,0,665.3
35,240530_SEFL21J_trauma_g9,3,trauma,shock,shock05,0,873.4
35,240530_SEFL21J_trauma_g9,3,trauma,shock,shock06,0,1181.23
35,240530_SEFL21J_trauma_g9,3,trauma,shock,shock07,0,709.97
35,240530_SEFL21J_trauma_g9,3,trauma,shock,shock08,0,565.67
35,240530_SEFL21J_trauma_g9,3,trauma,shock,shock09,0,659.87
35,240530_SEFL21J_trauma_g9,3,trauma,shock,shock10,0,603.63
35,240530_SEFL21J_trauma_g9,3,trauma,postshock,postshock01,0,83.67
35,240530_SEFL21J_trauma_g9,3,trauma,postshock,postshock02,0,130.16
35,240530_SEFL21J_trauma_g9,3,trauma,postshock,postshock03,18.5,27.88
35,240530_SEFL21J_trauma_g9,3,trauma,postshock,postshock04,42.17,53.24
35,240530_SEFL21J_trauma_g9,3,trauma,postshock,postshock05,33.83,23.1
35,240530_SEFL21J_trauma_g9,3,trauma,postshock,postshock06,42.33,19.2
35,240530_SEFL21J_trauma_g9,3,trauma,postshock,postshock07,89.67,1.77
35,240530_SEFL21J_trauma_g9,3,trauma,postshock,postshock08,71.17,11.76
35,240530_SEFL21J_trauma_g9,3,trauma,postshock,postshock09,82.5,5.98
35,240530_SEFL21J_trauma_g9,3,trauma,postshock,postshock10,79.67,4.93
36,240530_SEFL21J_trauma_g9,4,trauma,baseline,baseline,1.36,201.84
36,240530_SEFL21J_trauma_g9,4,trauma,shock,shock01,0,1110.67
36,240530_SEFL21J_trauma_g9,4,trauma,shock,shock02,0,1166.73
36,240530_SEFL21J_trauma_g9,4,trauma,shock,shock03,0,1002.07
36,240530_SEFL21J_trauma_g9,4,trauma,shock,shock04,0,1049.53
36,240530_SEFL21J_trauma_g9,4,trauma,shock,shock05,0,1062.07
36,240530_SEFL21J_trauma_g9,4,trauma,shock,shock06,0,891.67
36,240530_SEFL21J_trauma_g9,4,trauma,shock,shock07,0,850.13
36,240530_SEFL21J_trauma_g9,4,trauma,shock,shock08,0,1038.83
36,240530_SEFL21J_trauma_g9,4,trauma,shock,shock09,0,1287.6
36,240530_SEFL21J_trauma_g9,4,trauma,shock,shock10,0,1598.53
36,240530_SEFL21J_trauma_g9,4,trauma,postshock,postshock01,0,90.72
36,240530_SEFL21J_trauma_g9,4,trauma,postshock,postshock02,0,60.52
36,240530_SEFL21J_trauma_g9,4,trauma,postshock,postshock03,5.17,80.81
36,240530_SEFL21J_trauma_g9,4,trauma,postshock,postshock04,25.83,107.61
36,240530_SEFL21J_trauma_g9,4,trauma,postshock,postshock05,28.33,45.37
36,240530_SEFL21J_trauma_g9,4,trauma,postshock,postshock06,70.83,8.28
36,240530_SEFL21J_trauma_g9,4,trauma,postshock,postshock07,63.67,29.53
36,240530_SEFL21J_trauma_g9,4,trauma,postshock,postshock08,80,3.4
36,240530_SEFL21J_trauma_g9,4,trauma,postshock,postshock09,58.33,13.45
36,240530_SEFL21J_trauma_g9,4,trauma,postshock,postshock10,72.67,5.95
37,240530_SEFL21J_trauma_g10,1,trauma,baseline,baseline,0.82,193.18
37,240530_SEFL21J_trauma_g10,1,trauma,shock,shock01,0,1078.6
37,240530_SEFL21J_trauma_g10,1,trauma,shock,shock02,0,564.1
37,240530_SEFL21J_trauma_g10,1,trauma,shock,shock03,0,693.2
37,240530_SEFL21J_trauma_g10,1,trauma,shock,shock04,0,338.67
37,240530_SEFL21J_trauma_g10,1,trauma,shock,shock05,0,787.73
37,240530_SEFL21J_trauma_g10,1,trauma,shock,shock06,0,1270.6
37,240530_SEFL21J_trauma_g10,1,trauma,shock,shock07,0,1148.73
37,240530_SEFL21J_trauma_g10,1,trauma,shock,shock08,0,1785.43
37,240530_SEFL21J_trauma_g10,1,trauma,shock,shock09,0,757.37
37,240530_SEFL21J_trauma_g10,1,trauma,shock,shock10,0,1293.6
37,240530_SEFL21J_trauma_g10,1,trauma,postshock,postshock01,0,185.86
37,240530_SEFL21J_trauma_g10,1,trauma,postshock,postshock02,0,204.45
37,240530_SEFL21J_trauma_g10,1,trauma,postshock,postshock03,0,144.15
37,240530_SEFL21J_trauma_g10,1,trauma,postshock,postshock04,20.5,152.09
37,240530_SEFL21J_trauma_g10,1,trauma,postshock,postshock05,54.67,47.3
37,240530_SEFL21J_trauma_g10,1,trauma,postshock,postshock06,72,18.06
37,240530_SEFL21J_trauma_g10,1,trauma,postshock,postshock07,37.17,57.01
37,240530_SEFL21J_trauma_g10,1,trauma,postshock,postshock08,78.17,8.23
37,240530_SEFL21J_trauma_g10,1,trauma,postshock,postshock09,44.67,88.21
37,240530_SEFL21J_trauma_g10,1,trauma,postshock,postshock10,67.5,16.22
38,240530_SEFL21J_trauma_g10,2,trauma,baseline,baseline,0.41,197.87
38,240530_SEFL21J_trauma_g10,2,trauma,shock,shock01,0,1262.87
38,240530_SEFL21J_trauma_g10,2,trauma,shock,shock02,0,2045.37
38,240530_SEFL21J_trauma_g10,2,trauma,shock,shock03,0,1252.4
38,240530_SEFL21J_trauma_g10,2,trauma,shock,shock04,0,861.17
38,240530_SEFL21J_trauma_g10,2,trauma,shock,shock05,0,696.03
38,240530_SEFL21J_trauma_g10,2,trauma,shock,shock06,0,1020.53
38,240530_SEFL21J_trauma_g10,2,trauma,shock,shock07,0,1485.1
38,240530_SEFL21J_trauma_g10,2,trauma,shock,shock08,0,1357.97
38,240530_SEFL21J_trauma_g10,2,trauma,shock,shock09,0,948.83
38,240530_SEFL21J_trauma_g10,2,trauma,shock,shock10,0,1112.3
38,240530_SEFL21J_trauma_g10,2,trauma,postshock,postshock01,0,209.21
38,240530_SEFL21J_trauma_g10,2,trauma,postshock,postshock02,0,123.07
38,240530_SEFL21J_trauma_g10,2,trauma,postshock,postshock03,34,91.25
38,240530_SEFL21J_trauma_g10,2,trauma,postshock,postshock04,11.67,171.06
38,240530_SEFL21J_trauma_g10,2,trauma,postshock,postshock05,20.33,91.88
38,240530_SEFL21J_trauma_g10,2,trauma,postshock,postshock06,49.17,53.17
38,240530_SEFL21J_trauma_g10,2,trauma,postshock,postshock07,93,1.67
38,240530_SEFL21J_trauma_g10,2,trauma,postshock,postshock08,83,9.52
38,240530_SEFL21J_trauma_g10,2,trauma,postshock,postshock09,14.67,83.61
38,240530_SEFL21J_trauma_g10,2,trauma,postshock,postshock10,84.5,6.42
39,240530_SEFL21J_trauma_g10,3,trauma,baseline,baseline,0.73,191.34
39,240530_SEFL21J_trauma_g10,3,trauma,shock,shock01,0,1286.6
39,240530_SEFL21J_trauma_g10,3,trauma,shock,shock02,0,681.2
39,240530_SEFL21J_trauma_g10,3,trauma,shock,shock03,0,1081.23
39,240530_SEFL21J_trauma_g10,3,trauma,shock,shock04,0,590.9
39,240530_SEFL21J_trauma_g10,3,trauma,shock,shock05,0,1014.17
39,240530_SEFL21J_trauma_g10,3,trauma,shock,shock06,0,1117.53
39,240530_SEFL21J_trauma_g10,3,trauma,shock,shock07,0,869.3
39,240530_SEFL21J_trauma_g10,3,trauma,shock,shock08,0,775.4
39,240530_SEFL21J_trauma_g10,3,trauma,shock,shock09,0,514.7
39,240530_SEFL21J_trauma_g10,3,trauma,shock,shock10,0,829.2
39,240530_SEFL21J_trauma_g10,3,trauma,postshock,postshock01,0,183.15
39,240530_SEFL21J_trauma_g10,3,trauma,postshock,postshock02,0,86.84
39,240530_SEFL21J_trauma_g10,3,trauma,postshock,postshock03,23.67,87.53
39,240530_SEFL21J_trauma_g10,3,trauma,postshock,postshock04,45.5,29.67
39,240530_SEFL21J_trauma_g10,3,trauma,postshock,postshock05,70.33,10.15
39,240530_SEFL21J_trauma_g10,3,trauma,postshock,postshock06,65.67,8.42
39,240530_SEFL21J_trauma_g10,3,trauma,postshock,postshock07,62.17,17.59
39,240530_SEFL21J_trauma_g10,3,trauma,postshock,postshock08,83.17,12.22
39,240530_SEFL21J_trauma_g10,3,trauma,postshock,postshock09,75.67,15.61
39,240530_SEFL21J_trauma_g10,3,trauma,postshock,postshock10,68.67,11.44
40,240530_SEFL21J_trauma_g10,4,trauma,baseline,baseline,0,209.82
40,240530_SEFL21J_trauma_g10,4,trauma,shock,shock01,0,1078.03
40,240530_SEFL21J_trauma_g10,4,trauma,shock,shock02,0,679.07
40,240530_SEFL21J_trauma_g10,4,trauma,shock,shock03,0,550.17
40,240530_SEFL21J_trauma_g10,4,trauma,shock,shock04,0,591.3
40,240530_SEFL21J_trauma_g10,4,trauma,shock,shock05,0,704.9
40,240530_SEFL21J_trauma_g10,4,trauma,shock,shock06,0,941.5
40,240530_SEFL21J_trauma_g10,4,trauma,shock,shock07,0,1127.67
40,240530_SEFL21J_trauma_g10,4,trauma,shock,shock08,0,567.8
40,240530_SEFL21J_trauma_g10,4,trauma,shock,shock09,0,861.53
40,240530_SEFL21J_trauma_g10,4,trauma,shock,shock10,0,696.37
40,240530_SEFL21J_trauma_g10,4,trauma,postshock,postshock01,5,176.03
40,240530_SEFL21J_trauma_g10,4,trauma,postshock,postshock02,16.17,85.84
40,240530_SEFL21J_trauma_g10,4,trauma,postshock,postshock03,69,16.17
40,240530_SEFL21J_trauma_g10,4,trauma,postshock,postshock04,56.33,56.09
40,240530_SEFL21J_trauma_g10,4,trauma,postshock,postshock05,72.17,9.16
40,240530_SEFL21J_trauma_g10,4,trauma,postshock,postshock06,55,59.02
40,240530_SEFL21J_trauma_g10,4,trauma,postshock,postshock07,78.67,10.24
40,240530_SEFL21J_trauma_g10,4,trauma,postshock,postshock08,80.83,4.76
40,240530_SEFL21J_trauma_g10,4,trauma,postshock,postshock09,91.33,2.53
40,240530_SEFL21J_trauma_g10,4,trauma,postshock,postshock10,66.5,12.26
41,240530_SEFL21J_trauma_g11,1,trauma,baseline,baseline,1.37,180.89
41,240530_SEFL21J_trauma_g11,1,trauma,shock,shock01,0,1104.8
41,240530_SEFL21J_trauma_g11,1,trauma,shock,shock02,0,719.2
41,240530_SEFL21J_trauma_g11,1,trauma,shock,shock03,0,628.63
41,240530_SEFL21J_trauma_g11,1,trauma,shock,shock04,0,886.33
41,240530_SEFL21J_trauma_g11,1,trauma,shock,shock05,0,568.23
41,240530_SEFL21J_trauma_g11,1,trauma,shock,shock06,0,723.3
41,240530_SEFL21J_trauma_g11,1,trauma,shock,shock07,0,563.17
41,240530_SEFL21J_trauma_g11,1,trauma,shock,shock08,0,620
41,240530_SEFL21J_trauma_g11,1,trauma,shock,shock09,0,600.8
41,240530_SEFL21J_trauma_g11,1,trauma,shock,shock10,0,603.53
41,240530_SEFL21J_trauma_g11,1,trauma,postshock,postshock01,38.33,37.13
41,240530_SEFL21J_trauma_g11,1,trauma,postshock,postshock02,42.33,26.76
41,240530_SEFL21J_trauma_g11,1,trauma,postshock,postshock03,74.67,8.01
41,240530_SEFL21J_trauma_g11,1,trauma,postshock,postshock04,76.5,6.02
41,240530_SEFL21J_trauma_g11,1,trauma,postshock,postshock05,45.83,28.83
41,240530_SEFL21J_trauma_g11,1,trauma,postshock,postshock06,78,8.54
41,240530_SEFL21J_trauma_g11,1,trauma,postshock,postshock07,85.5,5.02
41,240530_SEFL21J_trauma_g11,1,trauma,postshock,postshock08,95.33,7.27
41,240530_SEFL21J_trauma_g11,1,trauma,postshock,postshock09,75.83,3.34
41,240530_SEFL21J_trauma_g11,1,trauma,postshock,postshock10,100,0
42,240530_SEFL21J_trauma_g11,2,trauma,baseline,baseline,0,198.75
42,240530_SEFL21J_trauma_g11,2,trauma,shock,shock01,0,1337.4
42,240530_SEFL21J_trauma_g11,2,trauma,shock,shock02,0,1009.33
42,240530_SEFL21J_trauma_g11,2,trauma,shock,shock03,0,1304.47
42,240530_SEFL21J_trauma_g11,2,trauma,shock,shock04,0,1052.57
42,240530_SEFL21J_trauma_g11,2,trauma,shock,shock05,0,919.87
42,240530_SEFL21J_trauma_g11,2,trauma,shock,shock06,0,758.27
42,240530_SEFL21J_trauma_g11,2,trauma,shock,shock07,0,1100.63
42,240530_SEFL21J_trauma_g11,2,trauma,shock,shock08,0,821.83
42,240530_SEFL21J_trauma_g11,2,trauma,shock,shock09,0,1251.57
42,240530_SEFL21J_trauma_g11,2,trauma,shock,shock10,0,1191.33
42,240530_SEFL21J_trauma_g11,2,trauma,postshock,postshock01,11.83,73.06
42,240530_SEFL21J_trauma_g11,2,trauma,postshock,postshock02,18.17,45.44
42,240530_SEFL21J_trauma_g11,2,trauma,postshock,postshock03,45,22.17
42,240530_SEFL21J_trauma_g11,2,trauma,postshock,postshock04,65.33,12.25
42,240530_SEFL21J_trauma_g11,2,trauma,postshock,postshock05,74.83,25.86
42,240530_SEFL21J_trauma_g11,2,trauma,postshock,postshock06,60.33,62.92
42,240530_SEFL21J_trauma_g11,2,trauma,postshock,postshock07,74.83,7.16
42,240530_SEFL21J_trauma_g11,2,trauma,postshock,postshock08,68.5,6.42
42,240530_SEFL21J_trauma_g11,2,trauma,postshock,postshock09,54.83,37.73
42,240530_SEFL21J_trauma_g11,2,trauma,postshock,postshock10,85.83,3.79
43,240530_SEFL21J_trauma_g11,3,trauma,baseline,baseline,0.69,161.97
43,240530_SEFL21J_trauma_g11,3,trauma,shock,shock01,0,1285.9
43,240530_SEFL21J_trauma_g11,3,trauma,shock,shock02,0,548.07
43,240530_SEFL21J_trauma_g11,3,trauma,shock,shock03,0,703.87
43,240530_SEFL21J_trauma_g11,3,trauma,shock,shock04,0,713.73
43,240530_SEFL21J_trauma_g11,3,trauma,shock,shock05,0,545.57
43,240530_SEFL21J_trauma_g11,3,trauma,shock,shock06,0,914.53
43,240530_SEFL21J_trauma_g11,3,trauma,shock,shock07,0,558.5
43,240530_SEFL21J_trauma_g11,3,trauma,shock,shock08,0,661.77
43,240530_SEFL21J_trauma_g11,3,trauma,shock,shock09,0,593.47
43,240530_SEFL21J_trauma_g11,3,trauma,shock,shock10,0,1160.77
43,240530_SEFL21J_trauma_g11,3,trauma,postshock,postshock01,0,130.99
43,240530_SEFL21J_trauma_g11,3,trauma,postshock,postshock02,24.67,42.3
43,240530_SEFL21J_trauma_g11,3,trauma,postshock,postshock03,78,15.38
43,240530_SEFL21J_trauma_g11,3,trauma,postshock,postshock04,88.67,3.9
43,240530_SEFL21J_trauma_g11,3,trauma,postshock,postshock05,63.67,21.73
43,240530_SEFL21J_trauma_g11,3,trauma,postshock,postshock06,81.17,6.05
43,240530_SEFL21J_trauma_g11,3,trauma,postshock,postshock07,72.67,26.05
43,240530_SEFL21J_trauma_g11,3,trauma,postshock,postshock08,97.17,3.54
43,240530_SEFL21J_trauma_g11,3,trauma,postshock,postshock09,87.17,6.34
43,240530_SEFL21J_trauma_g11,3,trauma,postshock,postshock10,100,0.01
44,240530_SEFL21J_trauma_g11,4,trauma,baseline,baseline,1.84,236.09
44,240530_SEFL21J_trauma_g11,4,trauma,shock,shock01,0,741.6
44,240530_SEFL21J_trauma_g11,4,trauma,shock,shock02,0,731.17
44,240530_SEFL21J_trauma_g11,4,trauma,shock,shock03,0,815.4
44,240530_SEFL21J_trauma_g11,4,trauma,shock,shock04,0,1024.33
44,240530_SEFL21J_trauma_g11,4,trauma,shock,shock05,0,706.33
44,240530_SEFL21J_trauma_g11,4,trauma,shock,shock06,0,798.37
44,240530_SEFL21J_trauma_g11,4,trauma,shock,shock07,0,639.8
44,240530_SEFL21J_trauma_g11,4,trauma,shock,shock08,0,1231.6
44,240530_SEFL21J_trauma_g11,4,trauma,shock,shock09,0,918.73
44,240530_SEFL21J_trauma_g11,4,trauma,shock,shock10,0,937.53
44,240530_SEFL21J_trauma_g11,4,trauma,postshock,postshock01,0,208.41
44,240530_SEFL21J_trauma_g11,4,trauma,postshock,postshock02,19.67,61.41
44,240530_SEFL21J_trauma_g11,4,trauma,postshock,postshock03,20.67,57.99
44,240530_SEFL21J_trauma_g11,4,trauma,postshock,postshock04,41.17,32.22
44,240530_SEFL21J_trauma_g11,4,trauma,postshock,postshock05,66.17,15.32
44,240530_SEFL21J_trauma_g11,4,trauma,postshock,postshock06,31.67,82.64
44,240530_SEFL21J_trauma_g11,4,trauma,postshock,postshock07,58.17,23.74
44,240530_SEFL21J_trauma_g11,4,trauma,postshock,postshock08,57.33,16.65
44,240530_SEFL21J_trauma_g11,4,trauma,postshock,postshock09,34,89.32
44,240530_SEFL21J_trauma_g11,4,trauma,postshock,postshock10,84.33,5.54
45,240530_SEFL21J_trauma_g12,1,trauma,baseline,baseline,0.38,225.37
45,240530_SEFL21J_trauma_g12,1,trauma,shock,shock01,0,1150.4
45,240530_SEFL21J_trauma_g12,1,trauma,shock,shock02,0,889.87
45,240530_SEFL21J_trauma_g12,1,trauma,shock,shock03,0,775.7
45,240530_SEFL21J_trauma_g12,1,trauma,shock,shock04,0,746.7
45,240530_SEFL21J_trauma_g12,1,trauma,shock,shock05,0,1149
45,240530_SEFL21J_trauma_g12,1,trauma,shock,shock06,0,834.13
45,240530_SEFL21J_trauma_g12,1,trauma,shock,shock07,0,966.5
45,240530_SEFL21J_trauma_g12,1,trauma,shock,shock08,0,1261.7
45,240530_SEFL21J_trauma_g12,1,trauma,shock,shock09,0,941.43
45,240530_SEFL21J_trauma_g12,1,trauma,shock,shock10,0,546.9
45,240530_SEFL21J_trauma_g12,1,trauma,postshock,postshock01,33.17,59.97
45,240530_SEFL21J_trauma_g12,1,trauma,postshock,postshock02,12.67,87.5
45,240530_SEFL21J_trauma_g12,1,trauma,postshock,postshock03,53.17,50.73
45,240530_SEFL21J_trauma_g12,1,trauma,postshock,postshock04,80.67,14.95
45,240530_SEFL21J_trauma_g12,1,trauma,postshock,postshock05,91.67,1.24
45,240530_SEFL21J_trauma_g12,1,trauma,postshock,postshock06,88.83,2.03
45,240530_SEFL21J_trauma_g12,1,trauma,postshock,postshock07,89.83,6.23
45,240530_SEFL21J_trauma_g12,1,trauma,postshock,postshock08,96,0.58
45,240530_SEFL21J_trauma_g12,1,trauma,postshock,postshock09,72.5,14.85
45,240530_SEFL21J_trauma_g12,1,trauma,postshock,postshock10,67.5,23.47
46,240530_SEFL21J_trauma_g12,2,trauma,baseline,baseline,1.82,217.91
46,240530_SEFL21J_trauma_g12,2,trauma,shock,shock01,0,1077.27
46,240530_SEFL21J_trauma_g12,2,trauma,shock,shock02,0,1146.53
46,240530_SEFL21J_trauma_g12,2,trauma,shock,shock03,0,1029.03
46,240530_SEFL21J_trauma_g12,2,trauma,shock,shock04,0,1420.7
46,240530_SEFL21J_trauma_g12,2,trauma,shock,shock05,100,0
46,240530_SEFL21J_trauma_g12,2,trauma,shock,shock06,100,0
46,240530_SEFL21J_trauma_g12,2,trauma,shock,shock07,100,0
46,240530_SEFL21J_trauma_g12,2,trauma,shock,shock08,100,0.03
46,240530_SEFL21J_trauma_g12,2,trauma,shock,shock09,100,0
46,240530_SEFL21J_trauma_g12,2,trauma,shock,shock10,0,9.27
46,240530_SEFL21J_trauma_g12,2,trauma,postshock,postshock01,0,144.28
46,240530_SEFL21J_trauma_g12,2,trauma,postshock,postshock02,6.67,67.25
46,240530_SEFL21J_trauma_g12,2,trauma,postshock,postshock03,5.5,119.8
46,240530_SEFL21J_trauma_g12,2,trauma,postshock,postshock04,100,0.01
46,240530_SEFL21J_trauma_g12,2,trauma,postshock,postshock05,100,0
46,240530_SEFL21J_trauma_g12,2,trauma,postshock,postshock06,100,0.01
46,240530_SEFL21J_trauma_g12,2,trauma,postshock,postshock07,100,0.01
46,240530_SEFL21J_trauma_g12,2,trauma,postshock,postshock08,100,0.01
46,240530_SEFL21J_trauma_g12,2,trauma,postshock,postshock09,94,1.54
46,240530_SEFL21J_trauma_g12,2,trauma,postshock,postshock10,100,0
47,240530_SEFL21J_trauma_g12,3,trauma,baseline,baseline,0.68,176.79
47,240530_SEFL21J_trauma_g12,3,trauma,shock,shock01,0,1045.3
47,240530_SEFL21J_trauma_g12,3,trauma,shock,shock02,0,1422.33
47,240530_SEFL21J_trauma_g12,3,trauma,shock,shock03,0,651.87
47,240530_SEFL21J_trauma_g12,3,trauma,shock,shock04,0,1138.83
47,240530_SEFL21J_trauma_g12,3,trauma,shock,shock05,0,788.63
47,240530_SEFL21J_trauma_g12,3,trauma,shock,shock06,0,734.13
47,240530_SEFL21J_trauma_g12,3,trauma,shock,shock07,0,995.13
47,240530_SEFL21J_trauma_g12,3,trauma,shock,shock08,0,550.63
47,240530_SEFL21J_trauma_g12,3,trauma,shock,shock09,0,492.2
47,240530_SEFL21J_trauma_g12,3,trauma,shock,shock10,0,446.77
47,240530_SEFL21J_trauma_g12,3,trauma,postshock,postshock01,78.5,8.85
47,240530_SEFL21J_trauma_g12,3,trauma,postshock,postshock02,81.67,4.93
47,240530_SEFL21J_trauma_g12,3,trauma,postshock,postshock03,89,4.07
47,240530_SEFL21J_trauma_g12,3,trauma,postshock,postshock04,100,0
47,240530_SEFL21J_trauma_g12,3,trauma,postshock,postshock05,100,0
47,240530_SEFL21J_trauma_g12,3,trauma,postshock,postshock06,90.67,3.21
47,240530_SEFL21J_trauma_g12,3,trauma,postshock,postshock07,75.83,8.78
47,240530_SEFL21J_trauma_g12,3,trauma,postshock,postshock08,99.83,0.32
47,240530_SEFL21J_trauma_g12,3,trauma,postshock,postshock09,90.67,1.66
47,240530_SEFL21J_trauma_g12,3,trauma,postshock,postshock10,100,0
48,240530_SEFL21J_trauma_g12,4,trauma,baseline,baseline,1.69,204.69
48,240530_SEFL21J_trauma_g12,4,trauma,shock,shock01,0,1199.17
48,240530_SEFL21J_trauma_g12,4,trauma,shock,shock02,0,1112.27
48,240530_SEFL21J_trauma_g12,4,trauma,shock,shock03,0,1510.97
48,240530_SEFL21J_trauma_g12,4,trauma,shock,shock04,0,853.33
48,240530_SEFL21J_trauma_g12,4,trauma,shock,shock05,0,636.57
48,240530_SEFL21J_trauma_g12,4,trauma,shock,shock06,0,1351.17
48,240530_SEFL21J_trauma_g12,4,trauma,shock,shock07,0,676.67
48,240530_SEFL21J_trauma_g12,4,trauma,shock,shock08,0,459.33
48,240530_SEFL21J_trauma_g12,4,trauma,shock,shock09,0,765.17
48,240530_SEFL21J_trauma_g12,4,trauma,shock,shock10,0,1045.2
48,240530_SEFL21J_trauma_g12,4,trauma,postshock,postshock01,0,100.99
48,240530_SEFL21J_trauma_g12,4,trauma,postshock,postshock02,31,29.89
48,240530_SEFL21J_trauma_g12,4,trauma,postshock,postshock03,48.83,26.39
48,240530_SEFL21J_trauma_g12,4,trauma,postshock,postshock04,50.33,22.84
48,240530_SEFL21J_trauma_g12,4,trauma,postshock,postshock05,43,38.35
48,240530_SEFL21J_trauma_g12,4,trauma,postshock,postshock06,71.17,22.08
48,240530_SEFL21J_trauma_g12,4,trauma,postshock,postshock07,69.83,11.63
48,240530_SEFL21J_trauma_g12,4,trauma,postshock,postshock08,85.83,2.21
48,240530_SEFL21J_trauma_g12,4,trauma,postshock,postshock09,64.67,20.75
48,240530_SEFL21J_trauma_g12,4,trauma,postshock,postshock10,94.5,1
49,240530_SEFL21J_trauma_g13,1,trauma,baseline,baseline,1.41,238.06
49,240530_SEFL21J_trauma_g13,1,trauma,shock,shock01,0,873.63
49,240530_SEFL21J_trauma_g13,1,trauma,shock,shock02,0,958.67
49,240530_SEFL21J_trauma_g13,1,trauma,shock,shock03,0,1152.23
49,240530_SEFL21J_trauma_g13,1,trauma,shock,shock04,0,790.37
49,240530_SEFL21J_trauma_g13,1,trauma,shock,shock05,0,989.23
49,240530_SEFL21J_trauma_g13,1,trauma,shock,shock06,0,806.3
49,240530_SEFL21J_trauma_g13,1,trauma,shock,shock07,0,1045.03
49,240530_SEFL21J_trauma_g13,1,trauma,shock,shock08,0,1042.6
49,240530_SEFL21J_trauma_g13,1,trauma,shock,shock09,0,671.03
49,240530_SEFL21J_trauma_g13,1,trauma,shock,shock10,0,570.93
49,240530_SEFL21J_trauma_g13,1,trauma,postshock,postshock01,0,160.19
49,240530_SEFL21J_trauma_g13,1,trauma,postshock,postshock02,0,156.32
49,240530_SEFL21J_trauma_g13,1,trauma,postshock,postshock03,5.67,64.25
49,240530_SEFL21J_trauma_g13,1,trauma,postshock,postshock04,31.5,41.08
49,240530_SEFL21J_trauma_g13,1,trauma,postshock,postshock05,60.33,8.24
49,240530_SEFL21J_trauma_g13,1,trauma,postshock,postshock06,42.83,32.53
49,240530_SEFL21J_trauma_g13,1,trauma,postshock,postshock07,75.67,10.79
49,240530_SEFL21J_trauma_g13,1,trauma,postshock,postshock08,83.67,6.77
49,240530_SEFL21J_trauma_g13,1,trauma,postshock,postshock09,82.33,8.74
49,240530_SEFL21J_trauma_g13,1,trauma,postshock,postshock10,53,26.41
50,240530_SEFL21J_trauma_g13,2,trauma,baseline,baseline,0.83,228.83
50,240530_SEFL21J_trauma_g13,2,trauma,shock,shock01,0,1236.03
50,240530_SEFL21J_trauma_g13,2,trauma,shock,shock02,0,1302.8
50,240530_SEFL21J_trauma_g13,2,trauma,shock,shock03,0,1486.97
50,240530_SEFL21J_trauma_g13,2,trauma,shock,shock04,0,1013.4
50,240530_SEFL21J_trauma_g13,2,trauma,shock,shock05,0,1186.63
50,240530_SEFL21J_trauma_g13,2,trauma,shock,shock06,0,1015.5
50,240530_SEFL21J_trauma_g13,2,trauma,shock,shock07,0,736.27
50,240530_SEFL21J_trauma_g13,2,trauma,shock,shock08,0,916.97
50,240530_SEFL21J_trauma_g13,2,trauma,shock,shock09,0,969.6
50,240530_SEFL21J_trauma_g13,2,trauma,shock,shock10,0,818.2
50,240530_SEFL21J_trauma_g13,2,trauma,postshock,postshock01,5.67,174.97
50,240530_SEFL21J_trauma_g13,2,trauma,postshock,postshock02,59.5,21.09
50,240530_SEFL21J_trauma_g13,2,trauma,postshock,postshock03,72.67,15.76
50,240530_SEFL21J_trauma_g13,2,trauma,postshock,postshock04,73.83,9.63
50,240530_SEFL21J_trauma_g13,2,trauma,postshock,postshock05,74.17,13.84
50,240530_SEFL21J_trauma_g13,2,trauma,postshock,postshock06,84,4.5
50,240530_SEFL21J_trauma_g13,2,trauma,postshock,postshock07,89.67,5.87
50,240530_SEFL21J_trauma_g13,2,trauma,postshock,postshock08,84.5,1.63
50,240530_SEFL21J_trauma_g13,2,trauma,postshock,postshock09,89,3.05
50,240530_SEFL21J_trauma_g13,2,trauma,postshock,postshock10,100,0.02
51,240530_SEFL21J_trauma_g13,3,trauma,baseline,baseline,0.6,187.2
51,240530_SEFL21J_trauma_g13,3,trauma,shock,shock01,0,772.47
51,240530_SEFL21J_trauma_g13,3,trauma,shock,shock02,0,1137.77
51,240530_SEFL21J_trauma_g13,3,trauma,shock,shock03,0,855.1
51,240530_SEFL21J_trauma_g13,3,trauma,shock,shock04,0,813.7
51,240530_SEFL21J_trauma_g13,3,trauma,shock,shock05,0,414.3
51,240530_SEFL21J_trauma_g13,3,trauma,shock,shock06,0,682.67
51,240530_SEFL21J_trauma_g13,3,trauma,shock,shock07,0,1006.53
51,240530_SEFL21J_trauma_g13,3,trauma,shock,shock08,0,695.83
51,240530_SEFL21J_trauma_g13,3,trauma,shock,shock09,0,792.23
51,240530_SEFL21J_trauma_g13,3,trauma,shock,shock10,0,536.9
51,240530_SEFL21J_trauma_g13,3,trauma,postshock,postshock01,35.67,81.05
51,240530_SEFL21J_trauma_g13,3,trauma,postshock,postshock02,45,15.24
51,240530_SEFL21J_trauma_g13,3,trauma,postshock,postshock03,37.67,41.74
51,240530_SEFL21J_trauma_g13,3,trauma,postshock,postshock04,40.83,44.47
51,240530_SEFL21J_trauma_g13,3,trauma,postshock,postshock05,90.67,3.17
51,240530_SEFL21J_trauma_g13,3,trauma,postshock,postshock06,86.17,2.43
51,240530_SEFL21J_trauma_g13,3,trauma,postshock,postshock07,83.5,19.08
51,240530_SEFL21J_trauma_g13,3,trauma,postshock,postshock08,100,0
51,240530_SEFL21J_trauma_g13,3,trauma,postshock,postshock09,85.33,11.18
51,240530_SEFL21J_trauma_g13,3,trauma,postshock,postshock10,96.33,0.88
52,240530_SEFL21J_trauma_g13,4,trauma,baseline,baseline,0,223.1
52,240530_SEFL21J_trauma_g13,4,trauma,shock,shock01,0,671.2
52,240530_SEFL21J_trauma_g13,4,trauma,shock,shock02,0,693.63
52,240530_SEFL21J_trauma_g13,4,trauma,shock,shock03,0,358.33
52,240530_SEFL21J_trauma_g13,4,trauma,shock,shock04,0,340.53
52,240530_SEFL21J_trauma_g13,4,trauma,shock,shock05,0,947.9
52,240530_SEFL21J_trauma_g13,4,trauma,shock,shock06,0,402.13
52,240530_SEFL21J_trauma_g13,4,trauma,shock,shock07,0,1681.9
52,240530_SEFL21J_trauma_g13,4,trauma,shock,shock08,0,704.07
52,240530_SEFL21J_trauma_g13,4,trauma,shock,shock09,0,1227.73
52,240530_SEFL21J_trauma_g13,4,trauma,shock,shock10,0,399.37
52,240530_SEFL21J_trauma_g13,4,trauma,postshock,postshock01,0,151.65
52,240530_SEFL21J_trauma_g13,4,trauma,postshock,postshock02,34.17,37.83
52,240530_SEFL21J_trauma_g13,4,trauma,postshock,postshock03,29,64.46
52,240530_SEFL21J_trauma_g13,4,trauma,postshock,postshock04,73.33,7
52,240530_SEFL21J_trauma_g13,4,trauma,postshock,postshock05,90.33,1.04
52,240530_SEFL21J_trauma_g13,4,trauma,postshock,postshock06,54.17,30.64
52,240530_SEFL21J_trauma_g13,4,trauma,postshock,postshock07,72.83,10
52,240530_SEFL21J_trauma_g13,4,trauma,postshock,postshock08,98.17,0.24
52,240530_SEFL21J_trauma_g13,4,trauma,postshock,postshock09,67.5,24.27
52,240530_SEFL21J_trauma_g13,4,trauma,postshock,postshock10,66,15.46
53,240530_SEFL21J_trauma_g14,1,trauma,baseline,baseline,0,236.1
53,240530_SEFL21J_trauma_g14,1,trauma,shock,shock01,0,1334.57
53,240530_SEFL21J_trauma_g14,1,trauma,shock,shock02,0,855.1
53,240530_SEFL21J_trauma_g14,1,trauma,shock,shock03,0,724.57
53,240530_SEFL21J_trauma_g14,1,trauma,shock,shock04,0,807.47
53,240530_SEFL21J_trauma_g14,1,trauma,shock,shock05,0,642.87
53,240530_SEFL21J_trauma_g14,1,trauma,shock,shock06,0,828.7
53,240530_SEFL21J_trauma_g14,1,trauma,shock,shock07,0,899.13
53,240530_SEFL21J_trauma_g14,1,trauma,shock,shock08,0,790.5
53,240530_SEFL21J_trauma_g14,1,trauma,shock,shock09,0,914.03
53,240530_SEFL21J_trauma_g14,1,trauma,shock,shock10,0,480.9
53,240530_SEFL21J_trauma_g14,1,trauma,postshock,postshock01,17.33,79.56
53,240530_SEFL21J_trauma_g14,1,trauma,postshock,postshock02,6.5,144.54
53,240530_SEFL21J_trauma_g14,1,trauma,postshock,postshock03,13.17,109.6
53,240530_SEFL21J_trauma_g14,1,trauma,postshock,postshock04,52.67,50.98
53,240530_SEFL21J_trauma_g14,1,trauma,postshock,postshock05,58.17,54.09
53,240530_SEFL21J_trauma_g14,1,trauma,postshock,postshock06,59.5,10.31
53,240530_SEFL21J_trauma_g14,1,trauma,postshock,postshock07,74.83,12.08
53,240530_SEFL21J_trauma_g14,1,trauma,postshock,postshock08,72.83,25.06
53,240530_SEFL21J_trauma_g14,1,trauma,postshock,postshock09,37.67,11.25
53,240530_SEFL21J_trauma_g14,1,trauma,postshock,postshock10,74.5,16.71
54,240530_SEFL21J_trauma_g14,2,trauma,baseline,baseline,0,229.08
54,240530_SEFL21J_trauma_g14,2,trauma,shock,shock01,0,1081.63
54,240530_SEFL21J_trauma_g14,2,trauma,shock,shock02,0,1245.77
54,240530_SEFL21J_trauma_g14,2,trauma,shock,shock03,0,637.7
54,240530_SEFL21J_trauma_g14,2,trauma,shock,shock04,0,1266.8
54,240530_SEFL21J_trauma_g14,2,trauma,shock,shock05,0,1075.57
54,240530_SEFL21J_trauma_g14,2,trauma,shock,shock06,0,1001.6
54,240530_SEFL21J_trauma_g14,2,trauma,shock,shock07,0,1137.9
54,240530_SEFL21J_trauma_g14,2,trauma,shock,shock08,0,693.9
54,240530_SEFL21J_trauma_g14,2,trauma,shock,shock09,0,1132.7
54,240530_SEFL21J_trauma_g14,2,trauma,shock,shock10,0,772.3
54,240530_SEFL21J_trauma_g14,2,trauma,postshock,postshock01,0,157.77
54,240530_SEFL21J_trauma_g14,2,trauma,postshock,postshock02,0,209.77
54,240530_SEFL21J_trauma_g14,2,trauma,postshock,postshock03,0,117.44
54,240530_SEFL21J_trauma_g14,2,trauma,postshock,postshock04,34.67,72.34
54,240530_SEFL21J_trauma_g14,2,trauma,postshock,postshock05,50.33,21.72
54,240530_SEFL21J_trauma_g14,2,trauma,postshock,postshock06,58,55.22
54,240530_SEFL21J_trauma_g14,2,trauma,postshock,postshock07,77.67,8.1
54,240530_SEFL21J_trauma_g14,2,trauma,postshock,postshock08,66.17,18.84
54,240530_SEFL21J_trauma_g14,2,trauma,postshock,postshock09,92.17,3.22
54,240530_SEFL21J_trauma_g14,2,trauma,postshock,postshock10,73.17,10.02
55,240530_SEFL21J_trauma_g14,3,trauma,baseline,baseline,0,157.47
55,240530_SEFL21J_trauma_g14,3,trauma,shock,shock01,0,804.93
55,240530_SEFL21J_trauma_g14,3,trauma,shock,shock02,0,663.3
55,240530_SEFL21J_trauma_g14,3,trauma,shock,shock03,0,691.63
55,240530_SEFL21J_trauma_g14,3,trauma,shock,shock04,0,364.1
55,240530_SEFL21J_trauma_g14,3,trauma,shock,shock05,0,1112.5
55,240530_SEFL21J_trauma_g14,3,trauma,shock,shock06,0,478.47
55,240530_SEFL21J_trauma_g14,3,trauma,shock,shock07,0,869.7
55,240530_SEFL21J_trauma_g14,3,trauma,shock,shock08,0,473
55,240530_SEFL21J_trauma_g14,3,trauma,shock,shock09,0,1280.53
55,240530_SEFL21J_trauma_g14,3,trauma,shock,shock10,0,503.23
55,240530_SEFL21J_trauma_g14,3,trauma,postshock,postshock01,0,93.13
55,240530_SEFL21J_trauma_g14,3,trauma,postshock,postshock02,33.33,54.93
55,240530_SEFL21J_trauma_g14,3,trauma,postshock,postshock03,10.83,47.24
55,240530_SEFL21J_trauma_g14,3,trauma,postshock,postshock04,81.17,7.82
55,240530_SEFL21J_trauma_g14,3,trauma,postshock,postshock05,93.67,2.32
55,240530_SEFL21J_trauma_g14,3,trauma,postshock,postshock06,68.33,55.39
55,240530_SEFL21J_trauma_g14,3,trauma,postshock,postshock07,59.67,7.82
55,240530_SEFL21J_trauma_g14,3,trauma,postshock,postshock08,84.83,3.96
55,240530_SEFL21J_trauma_g14,3,trauma,postshock,postshock09,79.5,8.42
55,240530_SEFL21J_trauma_g14,3,trauma,postshock,postshock10,100,0
56,240530_SEFL21J_trauma_g14,4,trauma,baseline,baseline,0.99,223.01
56,240530_SEFL21J_trauma_g14,4,trauma,shock,shock01,0,1196.9
56,240530_SEFL21J_trauma_g14,4,trauma,shock,shock02,0,1132
56,240530_SEFL21J_trauma_g14,4,trauma,shock,shock03,0,898.07
56,240530_SEFL21J_trauma_g14,4,trauma,shock,shock04,0,1118.5
56,240530_SEFL21J_trauma_g14,4,trauma,shock,shock05,0,775.77
56,240530_SEFL21J_trauma_g14,4,trauma,shock,shock06,0,1012.83
56,240530_SEFL21J_trauma_g14,4,trauma,shock,shock07,0,1091.43
56,240530_SEFL21J_trauma_g14,4,trauma,shock,shock08,0,515.73
56,240530_SEFL21J_trauma_g14,4,trauma,shock,shock09,0,1001.27
56,240530_SEFL21J_trauma_g14,4,trauma,shock,shock10,0,814.17
56,240530_SEFL21J_trauma_g14,4,trauma,postshock,postshock01,18.67,134.34
56,240530_SEFL21J_trauma_g14,4,trauma,postshock,postshock02,37.67,31.71
56,240530_SEFL21J_trauma_g14,4,trauma,postshock,postshock03,38.17,54.57
56,240530_SEFL21J_trauma_g14,4,trauma,postshock,postshock04,69.33,13.88
56,240530_SEFL21J_trauma_g14,4,trauma,postshock,postshock05,56.17,21.06
56,240530_SEFL21J_trauma_g14,4,trauma,postshock,postshock06,65.67,11.58
56,240530_SEFL21J_trauma_g14,4,trauma,postshock,postshock07,50.33,45.52
56,240530_SEFL21J_trauma_g14,4,trauma,postshock,postshock08,70,26.99
56,240530_SEFL21J_trauma_g14,4,trauma,postshock,postshock09,57,25.03
56,240530_SEFL21J_trauma_g14,4,trauma,postshock,postshock10,87.5,3.92
57,240530_SEFL21J_trauma_g15,1,trauma,baseline,baseline,0.83,194.67
57,240530_SEFL21J_trauma_g15,1,trauma,shock,shock01,0,1863.6
57,240530_SEFL21J_trauma_g15,1,trauma,shock,shock02,0,1325.8
57,240530_SEFL21J_trauma_g15,1,trauma,shock,shock03,0,980.3
57,240530_SEFL21J_trauma_g15,1,trauma,shock,shock04,0,1639.77
57,240530_SEFL21J_trauma_g15,1,trauma,shock,shock05,0,1011.83
57,240530_SEFL21J_trauma_g15,1,trauma,shock,shock06,0,1870.1
57,240530_SEFL21J_trauma_g15,1,trauma,shock,shock07,0,1292.1
57,240530_SEFL21J_trauma_g15,1,trauma,shock,shock08,0,1503
57,240530_SEFL21J_trauma_g15,1,trauma,shock,shock09,0,1198.23
57,240530_SEFL21J_trauma_g15,1,trauma,shock,shock10,0,787.4
57,240530_SEFL21J_trauma_g15,1,trauma,postshock,postshock01,40.17,51.43
57,240530_SEFL21J_trauma_g15,1,trauma,postshock,postshock02,51,28.34
57,240530_SEFL21J_trauma_g15,1,trauma,postshock,postshock03,45.83,69.8
57,240530_SEFL21J_trauma_g15,1,trauma,postshock,postshock04,89.17,9.11
57,240530_SEFL21J_trauma_g15,1,trauma,postshock,postshock05,78.83,8.84
57,240530_SEFL21J_trauma_g15,1,trauma,postshock,postshock06,70.33,5.91
57,240530_SEFL21J_trauma_g15,1,trauma,postshock,postshock07,85.83,11.97
57,240530_SEFL21J_trauma_g15,1,trauma,postshock,postshock08,61.83,13.72
57,240530_SEFL21J_trauma_g15,1,trauma,postshock,postshock09,89.67,1.83
57,240530_SEFL21J_trauma_g15,1,trauma,postshock,postshock10,91.5,6.49
58,240530_SEFL21J_trauma_g15,2,trauma,baseline,baseline,1.39,241.24
58,240530_SEFL21J_trauma_g15,2,trauma,shock,shock01,0,1783.17
58,240530_SEFL21J_trauma_g15,2,trauma,shock,shock02,0,1112.37
58,240530_SEFL21J_trauma_g15,2,trauma,shock,shock03,0,905.17
58,240530_SEFL21J_trauma_g15,2,trauma,shock,shock04,0,1009.83
58,240530_SEFL21J_trauma_g15,2,trauma,shock,shock05,0,1280.9
58,240530_SEFL21J_trauma_g15,2,trauma,shock,shock06,0,952.63
58,240530_SEFL21J_trauma_g15,2,trauma,shock,shock07,0,1389.93
58,240530_SEFL21J_trauma_g15,2,trauma,shock,shock08,0,1137.83
58,240530_SEFL21J_trauma_g15,2,trauma,shock,shock09,0,849.87
58,240530_SEFL21J_trauma_g15,2,trauma,shock,shock10,0,614.97
58,240530_SEFL21J_trauma_g15,2,trauma,postshock,postshock01,0,167.51
58,240530_SEFL21J_trauma_g15,2,trauma,postshock,postshock02,11,49.19
58,240530_SEFL21J_trauma_g15,2,trauma,postshock,postshock03,5.83,58.19
58,240530_SEFL21J_trauma_g15,2,trauma,postshock,postshock04,14,86.04
58,240530_SEFL21J_trauma_g15,2,trauma,postshock,postshock05,23,74.44
58,240530_SEFL21J_trauma_g15,2,trauma,postshock,postshock06,34.83,161.29
58,240530_SEFL21J_trauma_g15,2,trauma,postshock,postshock07,60.33,8.39
58,240530_SEFL21J_trauma_g15,2,trauma,postshock,postshock08,11.83,115.96
58,240530_SEFL21J_trauma_g15,2,trauma,postshock,postshock09,0,139.68
58,240530_SEFL21J_trauma_g15,2,trauma,postshock,postshock10,0,310.56
59,240530_SEFL21J_trauma_g15,3,trauma,baseline,baseline,0.41,214.45
59,240530_SEFL21J_trauma_g15,3,trauma,shock,shock01,0,1313.1
59,240530_SEFL21J_trauma_g15,3,trauma,shock,shock02,0,346.3
59,240530_SEFL21J_trauma_g15,3,trauma,shock,shock03,0,1128.97
59,240530_SEFL21J_trauma_g15,3,trauma,shock,shock04,0,1436.8
59,240530_SEFL21J_trauma_g15,3,trauma,shock,shock05,0,954.8
59,240530_SEFL21J_trauma_g15,3,trauma,shock,shock06,0,1059.33
59,240530_SEFL21J_trauma_g15,3,trauma,shock,shock07,0,772.5
59,240530_SEFL21J_trauma_g15,3,trauma,shock,shock08,0,892.17
59,240530_SEFL21J_trauma_g15,3,trauma,shock,shock09,0,845.77
59,240530_SEFL21J_trauma_g15,3,trauma,shock,shock10,0,798.73
59,240530_SEFL21J_trauma_g15,3,trauma,postshock,postshock01,6.33,60.4
59,240530_SEFL21J_trauma_g15,3,trauma,postshock,postshock02,40,20.99
59,240530_SEFL21J_trauma_g15,3,trauma,postshock,postshock03,13.17,45.9
59,240530_SEFL21J_trauma_g15,3,trauma,postshock,postshock04,51.67,15.79
59,240530_SEFL21J_trauma_g15,3,trauma,postshock,postshock05,20.5,69.95
59,240530_SEFL21J_trauma_g15,3,trauma,postshock,postshock06,39.17,15.23
59,240530_SEFL21J_trauma_g15,3,trauma,postshock,postshock07,16.33,127.27
59,240530_SEFL21J_trauma_g15,3,trauma,postshock,postshock08,39.83,98.13
59,240530_SEFL21J_trauma_g15,3,trauma,postshock,postshock09,24.17,99.67
59,240530_SEFL21J_trauma_g15,3,trauma,postshock,postshock10,6,86.77
60,240530_SEFL21J_trauma_g15,4,trauma,baseline,baseline,0.62,236.92
60,240530_SEFL21J_trauma_g15,4,trauma,shock,shock01,0,1288.13
60,240530_SEFL21J_trauma_g15,4,trauma,shock,shock02,0,1884.63
60,240530_SEFL21J_trauma_g15,4,trauma,shock,shock03,0,1227.47
60,240530_SEFL21J_trauma_g15,4,trauma,shock,shock04,0,1040.3
60,240530_SEFL21J_trauma_g15,4,trauma,shock,shock05,0,1556.4
60,240530_SEFL21J_trauma_g15,4,trauma,shock,shock06,0,673.43
60,240530_SEFL21J_trauma_g15,4,trauma,shock,shock07,0,1210.5
60,240530_SEFL21J_trauma_g15,4,trauma,shock,shock08,0,329.3
60,240530_SEFL21J_trauma_g15,4,trauma,shock,shock09,0,1215
60,240530_SEFL21J_trauma_g15,4,trauma,shock,shock10,0,1043.4
60,240530_SEFL21J_trauma_g15,4,trauma,postshock,postshock01,5,175.38
60,240530_SEFL21J_trauma_g15,4,trauma,postshock,postshock02,7.33,50.23
60,240530_SEFL21J_trauma_g15,4,trauma,postshock,postshock03,6.17,68.51
60,240530_SEFL21J_trauma_g15,4,trauma,postshock,postshock04,38.5,58.87
60,240530_SEFL21J_trauma_g15,4,trauma,postshock,postshock05,21,49.46
60,240530_SEFL21J_trauma_g15,4,trauma,postshock,postshock06,47.5,17.52
60,240530_SEFL21J_trauma_g15,4,trauma,postshock,postshock07,52.5,50.23
60,240530_SEFL21J_trauma_g15,4,trauma,postshock,postshock08,27.17,59.86
60,240530_SEFL21J_trauma_g15,4,trauma,postshock,postshock09,82.67,4.47
60,240530_SEFL21J_trauma_g15,4,trauma,postshock,postshock10,88.83,5.27
1,20240601_sefl21j_trec1_g1,1,trec,1,min_01,31.5,83.79
1,20240601_sefl21j_trec1_g1,1,trec,1,min_02,69.78,6.46
1,20240601_sefl21j_trec1_g1,1,trec,1,min_03,17.39,123.81
1,20240601_sefl21j_trec1_g1,1,trec,1,min_04,30.39,83.14
1,20240601_sefl21j_trec1_g1,1,trec,1,min_05,27.39,120.63
1,20240601_sefl21j_trec1_g1,1,trec,1,avg,35.61,83.57
1,20240603_SEFL_21J_trec2_g1,1,trec,2,min_01,37.28,77.47
1,20240603_SEFL_21J_trec2_g1,1,trec,2,min_02,40.78,99.65
1,20240603_SEFL_21J_trec2_g1,1,trec,2,min_03,11.17,181.41
1,20240603_SEFL_21J_trec2_g1,1,trec,2,min_04,4.22,214.31
1,20240603_SEFL_21J_trec2_g1,1,trec,2,min_05,4.11,188.18
1,20240603_SEFL_21J_trec2_g1,1,trec,2,avg,19.77,152.2
2,20240601_sefl21j_trec1_g1,2,trec,1,min_01,26.67,72.88
2,20240601_sefl21j_trec1_g1,2,trec,1,min_02,19.83,88.72
2,20240601_sefl21j_trec1_g1,2,trec,1,min_03,4.11,127.02
2,20240601_sefl21j_trec1_g1,2,trec,1,min_04,17.72,101.71
2,20240601_sefl21j_trec1_g1,2,trec,1,min_05,29.22,54.85
2,20240601_sefl21j_trec1_g1,2,trec,1,avg,19.51,89.04
2,20240603_SEFL_21J_trec2_g1,2,trec,2,min_01,6.44,107.81
2,20240603_SEFL_21J_trec2_g1,2,trec,2,min_02,11.39,116.02
2,20240603_SEFL_21J_trec2_g1,2,trec,2,min_03,1.67,163.12
2,20240603_SEFL_21J_trec2_g1,2,trec,2,min_04,11.72,86.2
2,20240603_SEFL_21J_trec2_g1,2,trec,2,min_05,21.83,127.32
2,20240603_SEFL_21J_trec2_g1,2,trec,2,avg,10.61,120.09
3,20240601_sefl21j_trec1_g1,3,trec,1,min_01,66.06,11.64
3,20240601_sefl21j_trec1_g1,3,trec,1,min_02,83.44,3.92
3,20240601_sefl21j_trec1_g1,3,trec,1,min_03,75.11,7.22
3,20240601_sefl21j_trec1_g1,3,trec,1,min_04,17.61,111.02
3,20240601_sefl21j_trec1_g1,3,trec,1,min_05,41.28,41.66
3,20240601_sefl21j_trec1_g1,3,trec,1,avg,56.7,35.09
3,20240603_SEFL_21J_trec2_g1,3,trec,2,min_01,32.67,30.83
3,20240603_SEFL_21J_trec2_g1,3,trec,2,min_02,61.11,8.08
3,20240603_SEFL_21J_trec2_g1,3,trec,2,min_03,64.67,10.59
3,20240603_SEFL_21J_trec2_g1,3,trec,2,min_04,53.22,35.61
3,20240603_SEFL_21J_trec2_g1,3,trec,2,min_05,22.11,109.4
3,20240603_SEFL_21J_trec2_g1,3,trec,2,avg,46.94,38.9
4,20240601_sefl21j_trec1_g1,4,trec,1,min_01,76.72,7.14
4,20240601_sefl21j_trec1_g1,4,trec,1,min_02,75.06,16.32
4,20240601_sefl21j_trec1_g1,4,trec,1,min_03,43.22,60.27
4,20240601_sefl21j_trec1_g1,4,trec,1,min_04,29.56,85.18
4,20240601_sefl21j_trec1_g1,4,trec,1,min_05,31.06,115.04
4,20240601_sefl21j_trec1_g1,4,trec,1,avg,51.72,56.79
4,20240603_SEFL_21J_trec2_g1,4,trec,2,min_01,18.06,72.07
4,20240603_SEFL_21J_trec2_g1,4,trec,2,min_02,14.94,175.7
4,20240603_SEFL_21J_trec2_g1,4,trec,2,min_03,9.44,165.43
4,20240603_SEFL_21J_trec2_g1,4,trec,2,min_04,9.33,168.29
4,20240603_SEFL_21J_trec2_g1,4,trec,2,min_05,8.78,169.98
4,20240603_SEFL_21J_trec2_g1,4,trec,2,avg,12.26,150.29
5,20240601_sefl21j_trec1_g2,1,trec,1,min_01,35.11,90.98
5,20240601_sefl21j_trec1_g2,1,trec,1,min_02,70.78,14.04
5,20240601_sefl21j_trec1_g2,1,trec,1,min_03,75.39,15.27
5,20240601_sefl21j_trec1_g2,1,trec,1,min_04,52.22,34.2
5,20240601_sefl21j_trec1_g2,1,trec,1,min_05,21.89,81.72
5,20240601_sefl21j_trec1_g2,1,trec,1,avg,51.38,47.24
5,20240603_SEFL_21J_trec2_g2,1,trec,2,min_01,35.06,49.25
5,20240603_SEFL_21J_trec2_g2,1,trec,2,min_02,43.39,36.6
5,20240603_SEFL_21J_trec2_g2,1,trec,2,min_03,17.33,96.66
5,20240603_SEFL_21J_trec2_g2,1,trec,2,min_04,18.33,133.12
5,20240603_SEFL_21J_trec2_g2,1,trec,2,min_05,15.33,106.99
5,20240603_SEFL_21J_trec2_g2,1,trec,2,avg,26.04,84.53
6,20240601_sefl21j_trec1_g2,2,trec,1,min_01,42.78,28.8
6,20240601_sefl21j_trec1_g2,2,trec,1,min_02,29.5,84.78
6,20240601_sefl21j_trec1_g2,2,trec,1,min_03,7.83,72.15
6,20240601_sefl21j_trec1_g2,2,trec,1,min_04,3.56,116.31
6,20240601_sefl21j_trec1_g2,2,trec,1,min_05,6.56,124.94
6,20240601_sefl21j_trec1_g2,2,trec,1,avg,18.04,85.39
6,20240603_SEFL_21J_trec2_g2,2,trec,2,min_01,18.11,127.63
6,20240603_SEFL_21J_trec2_g2,2,trec,2,min_02,1.72,167.65
6,20240603_SEFL_21J_trec2_g2,2,trec,2,min_03,10.83,170.88
6,20240603_SEFL_21J_trec2_g2,2,trec,2,min_04,14.33,107.78
6,20240603_SEFL_21J_trec2_g2,2,trec,2,min_05,5,122.04
6,20240603_SEFL_21J_trec2_g2,2,trec,2,avg,10,139.2
7,20240601_sefl21j_trec1_g2,3,trec,1,min_01,43.17,32.03
7,20240601_sefl21j_trec1_g2,3,trec,1,min_02,67.39,6.79
7,20240601_sefl21j_trec1_g2,3,trec,1,min_03,43.5,54.47
7,20240601_sefl21j_trec1_g2,3,trec,1,min_04,16.06,94.81
7,20240601_sefl21j_trec1_g2,3,trec,1,min_05,19.5,70.09
7,20240601_sefl21j_trec1_g2,3,trec,1,avg,37.92,51.64
7,20240603_SEFL_21J_trec2_g2,3,trec,2,min_01,12.83,59.02
7,20240603_SEFL_21J_trec2_g2,3,trec,2,min_02,2.5,105.77
7,20240603_SEFL_21J_trec2_g2,3,trec,2,min_03,9.22,98.15
7,20240603_SEFL_21J_trec2_g2,3,trec,2,min_04,3.72,126.9
7,20240603_SEFL_21J_trec2_g2,3,trec,2,min_05,38.28,57.35
7,20240603_SEFL_21J_trec2_g2,3,trec,2,avg,13.66,89.44
8,20240601_sefl21j_trec1_g2,4,trec,1,min_01,49.61,72.82
8,20240601_sefl21j_trec1_g2,4,trec,1,min_02,59.67,8.73
8,20240601_sefl21j_trec1_g2,4,trec,1,min_03,69.83,7.96
8,20240601_sefl21j_trec1_g2,4,trec,1,min_04,79.44,7.39
8,20240601_sefl21j_trec1_g2,4,trec,1,min_05,14.56,121.91
8,20240601_sefl21j_trec1_g2,4,trec,1,avg,55.33,43.76
8,20240603_SEFL_21J_trec2_g2,4,trec,2,min_01,22.56,122.65
8,20240603_SEFL_21J_trec2_g2,4,trec,2,min_02,46.83,90.85
8,20240603_SEFL_21J_trec2_g2,4,trec,2,min_03,41.5,93.78
8,20240603_SEFL_21J_trec2_g2,4,trec,2,min_04,12.61,179.36
8,20240603_SEFL_21J_trec2_g2,4,trec,2,min_05,42.17,72.4
8,20240603_SEFL_21J_trec2_g2,4,trec,2,avg,33.2,111.81
9,20240601_sefl21j_trec1_g3,1,trec,1,min_01,50.61,15.21
9,20240601_sefl21j_trec1_g3,1,trec,1,min_02,23.28,123.31
9,20240601_sefl21j_trec1_g3,1,trec,1,min_03,9.17,198.46
9,20240601_sefl21j_trec1_g3,1,trec,1,min_04,0,208.56
9,20240601_sefl21j_trec1_g3,1,trec,1,min_05,4.06,194.42
9,20240601_sefl21j_trec1_g3,1,trec,1,avg,17.42,147.99
9,20240603_SEFL_21J_trec2_g3,1,trec,2,min_01,0,194.19
9,20240603_SEFL_21J_trec2_g3,1,trec,2,min_02,2.11,217.94
9,20240603_SEFL_21J_trec2_g3,1,trec,2,min_03,1.67,293.68
9,20240603_SEFL_21J_trec2_g3,1,trec,2,min_04,1.83,206.13
9,20240603_SEFL_21J_trec2_g3,1,trec,2,min_05,0,263.2
9,20240603_SEFL_21J_trec2_g3,1,trec,2,avg,1.12,235.03
10,20240601_sefl21j_trec1_g3,2,trec,1,min_01,73.61,11.67
10,20240601_sefl21j_trec1_g3,2,trec,1,min_02,74.06,6.6
10,20240601_sefl21j_trec1_g3,2,trec,1,min_03,4.56,132.9
10,20240601_sefl21j_trec1_g3,2,trec,1,min_04,14.33,98
10,20240601_sefl21j_trec1_g3,2,trec,1,min_05,12.28,120.99
10,20240601_sefl21j_trec1_g3,2,trec,1,avg,35.77,74.03
10,20240603_SEFL_21J_trec2_g3,2,trec,2,min_01,25.11,125.12
10,20240603_SEFL_21J_trec2_g3,2,trec,2,min_02,74.11,13.61
10,20240603_SEFL_21J_trec2_g3,2,trec,2,min_03,4.67,132.55
10,20240603_SEFL_21J_trec2_g3,2,trec,2,min_04,39.44,59.86
10,20240603_SEFL_21J_trec2_g3,2,trec,2,min_05,22.72,102.09
10,20240603_SEFL_21J_trec2_g3,2,trec,2,avg,33.21,86.65
11,20240601_sefl21j_trec1_g3,3,trec,1,min_01,0,155.59
11,20240601_sefl21j_trec1_g3,3,trec,1,min_02,4.83,111.82
11,20240601_sefl21j_trec1_g3,3,trec,1,min_03,16.56,122.96
11,20240601_sefl21j_trec1_g3,3,trec,1,min_04,12.28,102.57
11,20240601_sefl21j_trec1_g3,3,trec,1,min_05,11.11,62.53
11,20240601_sefl21j_trec1_g3,3,trec,1,avg,8.96,111.09
11,20240603_SEFL_21J_trec2_g3,3,trec,2,min_01,1.67,109.52
11,20240603_SEFL_21J_trec2_g3,3,trec,2,min_02,1.83,132.88
11,20240603_SEFL_21J_trec2_g3,3,trec,2,min_03,5.67,82.08
11,20240603_SEFL_21J_trec2_g3,3,trec,2,min_04,54.06,50.66
11,20240603_SEFL_21J_trec2_g3,3,trec,2,min_05,70.67,9.78
11,20240603_SEFL_21J_trec2_g3,3,trec,2,avg,26.78,76.98
12,20240601_sefl21j_trec1_g3,4,trec,1,min_01,29.11,68.9
12,20240601_sefl21j_trec1_g3,4,trec,1,min_02,71.83,19.82
12,20240601_sefl21j_trec1_g3,4,trec,1,min_03,81,13.22
12,20240601_sefl21j_trec1_g3,4,trec,1,min_04,42.72,64.07
12,20240601_sefl21j_trec1_g3,4,trec,1,min_05,63.67,59.74
12,20240601_sefl21j_trec1_g3,4,trec,1,avg,58.16,45.15
12,20240603_SEFL_21J_trec2_g3,4,trec,2,min_01,25.17,60.17
12,20240603_SEFL_21J_trec2_g3,4,trec,2,min_02,29.39,86.44
12,20240603_SEFL_21J_trec2_g3,4,trec,2,min_03,19.06,101.48
12,20240603_SEFL_21J_trec2_g3,4,trec,2,min_04,28.22,122.22
12,20240603_SEFL_21J_trec2_g3,4,trec,2,min_05,23.89,85.34
12,20240603_SEFL_21J_trec2_g3,4,trec,2,avg,25.38,91.13
13,20240601_sefl21j_trec1_g4,1,trec,1,min_01,56.06,27.68
13,20240601_sefl21j_trec1_g4,1,trec,1,min_02,48.89,43.57
13,20240601_sefl21j_trec1_g4,1,trec,1,min_03,50.33,39.19
13,20240601_sefl21j_trec1_g4,1,trec,1,min_04,42.06,56.16
13,20240601_sefl21j_trec1_g4,1,trec,1,min_05,29.22,41.71
13,20240601_sefl21j_trec1_g4,1,trec,1,avg,45.44,41.66
13,20240603_SEFL_21J_trec2_g4,1,trec,2,min_01,49.89,38.79
13,20240603_SEFL_21J_trec2_g4,1,trec,2,min_02,55,40.37
13,20240603_SEFL_21J_trec2_g4,1,trec,2,min_03,28.22,94.68
13,20240603_SEFL_21J_trec2_g4,1,trec,2,min_04,85.5,7.39
13,20240603_SEFL_21J_trec2_g4,1,trec,2,min_05,64.17,11.88
13,20240603_SEFL_21J_trec2_g4,1,trec,2,avg,57.14,38.62
14,20240601_sefl21j_trec1_g4,2,trec,1,min_01,74.06,8.9
14,20240601_sefl21j_trec1_g4,2,trec,1,min_02,74.72,8.43
14,20240601_sefl21j_trec1_g4,2,trec,1,min_03,17.56,90.27
14,20240601_sefl21j_trec1_g4,2,trec,1,min_04,21.94,68.54
14,20240601_sefl21j_trec1_g4,2,trec,1,min_05,18.83,123.34
14,20240601_sefl21j_trec1_g4,2,trec,1,avg,41.42,59.9
14,20240603_SEFL_21J_trec2_g4,2,trec,2,min_01,5.89,110.77
14,20240603_SEFL_21J_trec2_g4,2,trec,2,min_02,5.72,127.94
14,20240603_SEFL_21J_trec2_g4,2,trec,2,min_03,3.56,144.38
14,20240603_SEFL_21J_trec2_g4,2,trec,2,min_04,17.67,114.86
14,20240603_SEFL_21J_trec2_g4,2,trec,2,min_05,34.22,91.34
14,20240603_SEFL_21J_trec2_g4,2,trec,2,avg,13.41,117.86
15,20240601_sefl21j_trec1_g4,3,trec,1,min_01,40.61,26.62
15,20240601_sefl21j_trec1_g4,3,trec,1,min_02,53.11,10.98
15,20240601_sefl21j_trec1_g4,3,trec,1,min_03,26.72,45.65
15,20240601_sefl21j_trec1_g4,3,trec,1,min_04,12,84.31
15,20240601_sefl21j_trec1_g4,3,trec,1,min_05,9.22,125.46
15,20240601_sefl21j_trec1_g4,3,trec,1,avg,28.67,58.6
15,20240603_SEFL_21J_trec2_g4,3,trec,2,min_01,27.67,27.33
15,20240603_SEFL_21J_trec2_g4,3,trec,2,min_02,2.33,159.79
15,20240603_SEFL_21J_trec2_g4,3,trec,2,min_03,1.78,164.14
15,20240603_SEFL_21J_trec2_g4,3,trec,2,min_04,7.28,99.38
15,20240603_SEFL_21J_trec2_g4,3,trec,2,min_05,5.72,130.54
15,20240603_SEFL_21J_trec2_g4,3,trec,2,avg,8.96,116.24
16,20240601_sefl21j_trec1_g4,4,trec,1,min_01,71.06,9.88
16,20240601_sefl21j_trec1_g4,4,trec,1,min_02,82.61,5.76
16,20240601_sefl21j_trec1_g4,4,trec,1,min_03,64.11,17.02
16,20240601_sefl21j_trec1_g4,4,trec,1,min_04,69.89,16.44
16,20240601_sefl21j_trec1_g4,4,trec,1,min_05,100,0.06
16,20240601_sefl21j_trec1_g4,4,trec,1,avg,78.14,9.83
16,20240603_SEFL_21J_trec2_g4,4,trec,2,min_01,49.61,33.29
16,20240603_SEFL_21J_trec2_g4,4,trec,2,min_02,75.89,7.81
16,20240603_SEFL_21J_trec2_g4,4,trec,2,min_03,36.11,82.83
16,20240603_SEFL_21J_trec2_g4,4,trec,2,min_04,74.22,10.66
16,20240603_SEFL_21J_trec2_g4,4,trec,2,min_05,82.89,30.6
16,20240603_SEFL_21J_trec2_g4,4,trec,2,avg,63.74,33.04
17,20240601_sefl21j_trec1_g5,1,trec,1,min_01,61.5,11.17
17,20240601_sefl21j_trec1_g5,1,trec,1,min_02,72.28,12.41
17,20240601_sefl21j_trec1_g5,1,trec,1,min_03,56.89,17.04
17,20240601_sefl21j_trec1_g5,1,trec,1,min_04,69.67,6.53
17,20240601_sefl21j_trec1_g5,1,trec,1,min_05,75.56,5.28
17,20240601_sefl21j_trec1_g5,1,trec,1,avg,67.62,10.49
17,20240603_SEFL_21J_trec2_g5,1,trec,2,min_01,27.39,30.91
17,20240603_SEFL_21J_trec2_g5,1,trec,2,min_02,25.56,46.36
17,20240603_SEFL_21J_trec2_g5,1,trec,2,min_03,29.17,60.19
17,20240603_SEFL_21J_trec2_g5,1,trec,2,min_04,28.17,57.31
17,20240603_SEFL_21J_trec2_g5,1,trec,2,min_05,43.78,30.07
17,20240603_SEFL_21J_trec2_g5,1,trec,2,avg,31.01,44.97
18,20240601_sefl21j_trec1_g5,2,trec,1,min_01,22.5,52.66
18,20240601_sefl21j_trec1_g5,2,trec,1,min_02,32.44,73.91
18,20240601_sefl21j_trec1_g5,2,trec,1,min_03,32.28,54.98
18,20240601_sefl21j_trec1_g5,2,trec,1,min_04,41.44,59.28
18,20240601_sefl21j_trec1_g5,2,trec,1,min_05,33.17,44.88
18,20240601_sefl21j_trec1_g5,2,trec,1,avg,32.37,57.14
18,20240603_SEFL_21J_trec2_g5,2,trec,2,min_01,20.22,50.28
18,20240603_SEFL_21J_trec2_g5,2,trec,2,min_02,17.5,111.4
18,20240603_SEFL_21J_trec2_g5,2,trec,2,min_03,27.67,102.23
18,20240603_SEFL_21J_trec2_g5,2,trec,2,min_04,7.94,158.72
18,20240603_SEFL_21J_trec2_g5,2,trec,2,min_05,38.17,93.94
18,20240603_SEFL_21J_trec2_g5,2,trec,2,avg,22.3,103.31
19,20240601_sefl21j_trec1_g5,3,trec,1,min_01,24.39,51.04
19,20240601_sefl21j_trec1_g5,3,trec,1,min_02,27.22,38.89
19,20240601_sefl21j_trec1_g5,3,trec,1,min_03,57.83,12.63
19,20240601_sefl21j_trec1_g5,3,trec,1,min_04,33.06,33.9
19,20240601_sefl21j_trec1_g5,3,trec,1,min_05,12,116.04
19,20240601_sefl21j_trec1_g5,3,trec,1,avg,30.9,50.5
19,20240603_SEFL_21J_trec2_g5,3,trec,2,min_01,22.61,75.01
19,20240603_SEFL_21J_trec2_g5,3,trec,2,min_02,27.06,43.62
19,20240603_SEFL_21J_trec2_g5,3,trec,2,min_03,10.89,92.31
19,20240603_SEFL_21J_trec2_g5,3,trec,2,min_04,13.78,77.77
19,20240603_SEFL_21J_trec2_g5,3,trec,2,min_05,7.22,95.7
19,20240603_SEFL_21J_trec2_g5,3,trec,2,avg,16.7,76.88
20,20240601_sefl21j_trec1_g5,4,trec,1,min_01,23.72,71.74
20,20240601_sefl21j_trec1_g5,4,trec,1,min_02,21.83,70.32
20,20240601_sefl21j_trec1_g5,4,trec,1,min_03,9.94,121.45
20,20240601_sefl21j_trec1_g5,4,trec,1,min_04,27.78,63.73
20,20240601_sefl21j_trec1_g5,4,trec,1,min_05,31.33,49.75
20,20240601_sefl21j_trec1_g5,4,trec,1,avg,23.08,75.4
20,20240603_SEFL_21J_trec2_g5,4,trec,2,min_01,30.67,31.15
20,20240603_SEFL_21J_trec2_g5,4,trec,2,min_02,55.33,13.23
20,20240603_SEFL_21J_trec2_g5,4,trec,2,min_03,18,103.52
20,20240603_SEFL_21J_trec2_g5,4,trec,2,min_04,0,97.6
20,20240603_SEFL_21J_trec2_g5,4,trec,2,min_05,7.78,146.43
20,20240603_SEFL_21J_trec2_g5,4,trec,2,avg,22.57,78.39
21,20240601_sefl21j_trec1_g6,1,trec,1,min_01,23.11,45.17
21,20240601_sefl21j_trec1_g6,1,trec,1,min_02,14.28,98.86
21,20240601_sefl21j_trec1_g6,1,trec,1,min_03,0,178.33
21,20240601_sefl21j_trec1_g6,1,trec,1,min_04,4.17,211.41
21,20240601_sefl21j_trec1_g6,1,trec,1,min_05,0,163.97
21,20240601_sefl21j_trec1_g6,1,trec,1,avg,8.31,139.55
21,20240603_SEFL_21J_trec2_g6,1,trec,2,min_01,57.83,12.09
21,20240603_SEFL_21J_trec2_g6,1,trec,2,min_02,34.72,42.83
21,20240603_SEFL_21J_trec2_g6,1,trec,2,min_03,12.28,112.72
21,20240603_SEFL_21J_trec2_g6,1,trec,2,min_04,9.67,108.46
21,20240603_SEFL_21J_trec2_g6,1,trec,2,min_05,7.67,137.2
21,20240603_SEFL_21J_trec2_g6,1,trec,2,avg,24.62,82.66
22,20240601_sefl21j_trec1_g6,2,trec,1,min_01,72.61,8.73
22,20240601_sefl21j_trec1_g6,2,trec,1,min_02,88.5,2.65
22,20240601_sefl21j_trec1_g6,2,trec,1,min_03,80.06,5.48
22,20240601_sefl21j_trec1_g6,2,trec,1,min_04,81,4.7
22,20240601_sefl21j_trec1_g6,2,trec,1,min_05,88.89,2.6
22,20240601_sefl21j_trec1_g6,2,trec,1,avg,82.31,4.83
22,20240603_SEFL_21J_trec2_g6,2,trec,2,min_01,68,38.23
22,20240603_SEFL_21J_trec2_g6,2,trec,2,min_02,92.06,2.44
22,20240603_SEFL_21J_trec2_g6,2,trec,2,min_03,64.56,16.44
22,20240603_SEFL_21J_trec2_g6,2,trec,2,min_04,73.83,13.71
22,20240603_SEFL_21J_trec2_g6,2,trec,2,min_05,86.78,4.17
22,20240603_SEFL_21J_trec2_g6,2,trec,2,avg,77.13,15
23,20240601_sefl21j_trec1_g6,3,trec,1,min_01,48.94,21.79
23,20240601_sefl21j_trec1_g6,3,trec,1,min_02,51.17,18.28
23,20240601_sefl21j_trec1_g6,3,trec,1,min_03,86.72,2.52
23,20240601_sefl21j_trec1_g6,3,trec,1,min_04,80.06,3.54
23,20240601_sefl21j_trec1_g6,3,trec,1,min_05,75,7.37
23,20240601_sefl21j_trec1_g6,3,trec,1,avg,68.41,10.7
23,20240603_SEFL_21J_trec2_g6,3,trec,2,min_01,38.67,19.47
23,20240603_SEFL_21J_trec2_g6,3,trec,2,min_02,11.61,116.22
23,20240603_SEFL_21J_trec2_g6,3,trec,2,min_03,28.11,50.67
23,20240603_SEFL_21J_trec2_g6,3,trec,2,min_04,64,17.67
23,20240603_SEFL_21J_trec2_g6,3,trec,2,min_05,38,47
23,20240603_SEFL_21J_trec2_g6,3,trec,2,avg,36.36,50.21
24,20240601_sefl21j_trec1_g6,4,trec,1,min_01,17.89,112.01
24,20240601_sefl21j_trec1_g6,4,trec,1,min_02,36.94,66.32
24,20240601_sefl21j_trec1_g6,4,trec,1,min_03,32.28,70.67
24,20240601_sefl21j_trec1_g6,4,trec,1,min_04,19.83,62.26
24,20240601_sefl21j_trec1_g6,4,trec,1,min_05,13.06,87.91
24,20240601_sefl21j_trec1_g6,4,trec,1,avg,24.81,79.84
24,20240603_SEFL_21J_trec2_g6,4,trec,2,min_01,1.83,125.01
24,20240603_SEFL_21J_trec2_g6,4,trec,2,min_02,25.44,99.5
24,20240603_SEFL_21J_trec2_g6,4,trec,2,min_03,11.94,121.37
24,20240603_SEFL_21J_trec2_g6,4,trec,2,min_04,8.72,101.61
24,20240603_SEFL_21J_trec2_g6,4,trec,2,min_05,11.06,119.81
24,20240603_SEFL_21J_trec2_g6,4,trec,2,avg,11.8,113.46
25,20240601_sefl21j_trec1_g7,1,trec,1,min_01,59.78,14.19
25,20240601_sefl21j_trec1_g7,1,trec,1,min_02,28.28,29.29
25,20240601_sefl21j_trec1_g7,1,trec,1,min_03,71.06,7.9
25,20240601_sefl21j_trec1_g7,1,trec,1,min_04,61.39,10.74
25,20240601_sefl21j_trec1_g7,1,trec,1,min_05,48.83,15.76
25,20240601_sefl21j_trec1_g7,1,trec,1,avg,54.07,15.57
25,20240603_SEFL_21J_trec2_g7,1,trec,2,min_01,3.83,156.36
25,20240603_SEFL_21J_trec2_g7,1,trec,2,min_02,2.39,188.22
25,20240603_SEFL_21J_trec2_g7,1,trec,2,min_03,13.22,91.67
25,20240603_SEFL_21J_trec2_g7,1,trec,2,min_04,4.06,187.96
25,20240603_SEFL_21J_trec2_g7,1,trec,2,min_05,7.17,192.64
25,20240603_SEFL_21J_trec2_g7,1,trec,2,avg,6.13,163.37
26,20240601_sefl21j_trec1_g7,2,trec,1,min_01,64.39,11.04
26,20240601_sefl21j_trec1_g7,2,trec,1,min_02,76.83,5.5
26,20240601_sefl21j_trec1_g7,2,trec,1,min_03,73.89,8.12
26,20240601_sefl21j_trec1_g7,2,trec,1,min_04,76,7.06
26,20240601_sefl21j_trec1_g7,2,trec,1,min_05,82.89,4.93
26,20240601_sefl21j_trec1_g7,2,trec,1,avg,74.88,7.33
26,20240603_SEFL_21J_trec2_g7,2,trec,2,min_01,41.56,23.45
26,20240603_SEFL_21J_trec2_g7,2,trec,2,min_02,11.72,88.92
26,20240603_SEFL_21J_trec2_g7,2,trec,2,min_03,29.78,55.01
26,20240603_SEFL_21J_trec2_g7,2,trec,2,min_04,15.56,85.77
26,20240603_SEFL_21J_trec2_g7,2,trec,2,min_05,30.78,61.51
26,20240603_SEFL_21J_trec2_g7,2,trec,2,avg,26.58,62.93
27,20240601_sefl21j_trec1_g7,3,trec,1,min_01,75.22,10.85
27,20240601_sefl21j_trec1_g7,3,trec,1,min_02,94.5,1.95
27,20240601_sefl21j_trec1_g7,3,trec,1,min_03,96.5,1.37
27,20240601_sefl21j_trec1_g7,3,trec,1,min_04,92.28,1.39
27,20240601_sefl21j_trec1_g7,3,trec,1,min_05,88.44,3
27,20240601_sefl21j_trec1_g7,3,trec,1,avg,89.49,3.71
27,20240603_SEFL_21J_trec2_g7,3,trec,2,min_01,86.06,2.81
27,20240603_SEFL_21J_trec2_g7,3,trec,2,min_02,93.72,1.43
27,20240603_SEFL_21J_trec2_g7,3,trec,2,min_03,88.78,2.39
27,20240603_SEFL_21J_trec2_g7,3,trec,2,min_04,41.67,63.36
27,20240603_SEFL_21J_trec2_g7,3,trec,2,min_05,29.83,60
27,20240603_SEFL_21J_trec2_g7,3,trec,2,avg,68.3,26
28,20240601_sefl21j_trec1_g7,4,trec,1,min_01,38.33,64.67
28,20240601_sefl21j_trec1_g7,4,trec,1,min_02,85.17,3.95
28,20240601_sefl21j_trec1_g7,4,trec,1,min_03,68.28,14.71
28,20240601_sefl21j_trec1_g7,4,trec,1,min_04,35.06,79.66
28,20240601_sefl21j_trec1_g7,4,trec,1,min_05,21.17,60.16
28,20240601_sefl21j_trec1_g7,4,trec,1,avg,49.6,44.63
28,20240603_SEFL_21J_trec2_g7,4,trec,2,min_01,12.33,91.29
28,20240603_SEFL_21J_trec2_g7,4,trec,2,min_02,60.67,12.64
28,20240603_SEFL_21J_trec2_g7,4,trec,2,min_03,44.61,46.56
28,20240603_SEFL_21J_trec2_g7,4,trec,2,min_04,32.17,61.85
28,20240603_SEFL_21J_trec2_g7,4,trec,2,min_05,22.06,138.8
28,20240603_SEFL_21J_trec2_g7,4,trec,2,avg,35.17,70.23
29,20240601_sefl21j_trec1_g8,1,trec,1,min_01,89.17,2.4
29,20240601_sefl21j_trec1_g8,1,trec,1,min_02,73.83,5.37
29,20240601_sefl21j_trec1_g8,1,trec,1,min_03,48,24.02
29,20240601_sefl21j_trec1_g8,1,trec,1,min_04,15.94,88.86
29,20240601_sefl21j_trec1_g8,1,trec,1,min_05,11.72,136.9
29,20240601_sefl21j_trec1_g8,1,trec,1,avg,48.03,51.51
29,20240603_SEFL_21J_trec2_g8,1,trec,2,min_01,51.67,14.33
29,20240603_SEFL_21J_trec2_g8,1,trec,2,min_02,59.44,15.31
29,20240603_SEFL_21J_trec2_g8,1,trec,2,min_03,14.33,118
29,20240603_SEFL_21J_trec2_g8,1,trec,2,min_04,2.56,198.63
29,20240603_SEFL_21J_trec2_g8,1,trec,2,min_05,7,113.4
29,20240603_SEFL_21J_trec2_g8,1,trec,2,avg,27.21,91.94
31,20240603_SEFL_21J_trec2_g8,3,trec,2,min_01,4.28,112.85
31,20240603_SEFL_21J_trec2_g8,3,trec,2,min_02,14,88.13
31,20240603_SEFL_21J_trec2_g8,3,trec,2,min_03,28.72,60.34
31,20240603_SEFL_21J_trec2_g8,3,trec,2,min_04,20.72,81.02
31,20240603_SEFL_21J_trec2_g8,3,trec,2,min_05,23.72,96.49
31,20240603_SEFL_21J_trec2_g8,3,trec,2,avg,18.29,87.77
31,20240601_sefl21j_trec1_g8,3,trec,1,min_01,58.17,11.01
31,20240601_sefl21j_trec1_g8,3,trec,1,min_02,76.11,4.62
31,20240601_sefl21j_trec1_g8,3,trec,1,min_03,78.39,4.4
31,20240601_sefl21j_trec1_g8,3,trec,1,min_04,56.22,9.72
31,20240601_sefl21j_trec1_g8,3,trec,1,min_05,19.56,80.03
31,20240601_sefl21j_trec1_g8,3,trec,1,avg,57.99,21.95
32,20240603_SEFL_21J_trec2_g8,4,trec,2,min_01,39.17,56.34
32,20240603_SEFL_21J_trec2_g8,4,trec,2,min_02,35.33,73.76
32,20240603_SEFL_21J_trec2_g8,4,trec,2,min_03,5.33,141.81
32,20240603_SEFL_21J_trec2_g8,4,trec,2,min_04,11.22,107.14
32,20240603_SEFL_21J_trec2_g8,4,trec,2,min_05,9.06,111.84
32,20240603_SEFL_21J_trec2_g8,4,trec,2,avg,20.02,98.18
32,20240601_sefl21j_trec1_g8,4,trec,1,min_01,46.94,30.32
32,20240601_sefl21j_trec1_g8,4,trec,1,min_02,49.17,19.72
32,20240601_sefl21j_trec1_g8,4,trec,1,min_03,19.22,87.66
32,20240601_sefl21j_trec1_g8,4,trec,1,min_04,24.56,69.76
32,20240601_sefl21j_trec1_g8,4,trec,1,min_05,21.06,70.19
32,20240601_sefl21j_trec1_g8,4,trec,1,avg,32.19,55.53
33,20240601_sefl21j_trec1_g9,1,trec,1,min_01,55.44,20.04
33,20240601_sefl21j_trec1_g9,1,trec,1,min_02,59.94,14.73
33,20240601_sefl21j_trec1_g9,1,trec,1,min_03,40.94,61.39
33,20240601_sefl21j_trec1_g9,1,trec,1,min_04,12.5,164.78
33,20240601_sefl21j_trec1_g9,1,trec,1,min_05,38.61,58.55
33,20240601_sefl21j_trec1_g9,1,trec,1,avg,41.8,63.9
33,20240603_SEFL_21J_trec2_g9,1,trec,2,min_01,25.17,166.65
33,20240603_SEFL_21J_trec2_g9,1,trec,2,min_02,12.22,189.89
33,20240603_SEFL_21J_trec2_g9,1,trec,2,min_03,21.5,152.31
33,20240603_SEFL_21J_trec2_g9,1,trec,2,min_04,8.5,177.48
33,20240603_SEFL_21J_trec2_g9,1,trec,2,min_05,15.67,140.96
33,20240603_SEFL_21J_trec2_g9,1,trec,2,avg,16.7,165.46
34,20240601_sefl21j_trec1_g9,2,trec,1,min_01,82.56,3.57
34,20240601_sefl21j_trec1_g9,2,trec,1,min_02,78,6.09
34,20240601_sefl21j_trec1_g9,2,trec,1,min_03,76.33,12.67
34,20240601_sefl21j_trec1_g9,2,trec,1,min_04,65.11,27.84
34,20240601_sefl21j_trec1_g9,2,trec,1,min_05,64.39,13.65
34,20240601_sefl21j_trec1_g9,2,trec,1,avg,73.84,12.77
34,20240603_SEFL_21J_trec2_g9,2,trec,2,min_01,35.39,66.72
34,20240603_SEFL_21J_trec2_g9,2,trec,2,min_02,24.72,112.71
34,20240603_SEFL_21J_trec2_g9,2,trec,2,min_03,18.61,131.86
34,20240603_SEFL_21J_trec2_g9,2,trec,2,min_04,40.72,89.29
34,20240603_SEFL_21J_trec2_g9,2,trec,2,min_05,37.33,70.39
34,20240603_SEFL_21J_trec2_g9,2,trec,2,avg,31.81,94.19
35,20240601_sefl21j_trec1_g9,3,trec,1,min_01,33.61,82.08
35,20240601_sefl21j_trec1_g9,3,trec,1,min_02,81.67,6.68
35,20240601_sefl21j_trec1_g9,3,trec,1,min_03,97.06,1.12
35,20240601_sefl21j_trec1_g9,3,trec,1,min_04,87.5,1.3
35,20240601_sefl21j_trec1_g9,3,trec,1,min_05,85.67,11.28
35,20240601_sefl21j_trec1_g9,3,trec,1,avg,77.56,20.49
35,20240603_SEFL_21J_trec2_g9,3,trec,2,min_01,5.11,90.62
35,20240603_SEFL_21J_trec2_g9,3,trec,2,min_02,57,13.74
35,20240603_SEFL_21J_trec2_g9,3,trec,2,min_03,18.33,82.49
35,20240603_SEFL_21J_trec2_g9,3,trec,2,min_04,25.06,85.03
35,20240603_SEFL_21J_trec2_g9,3,trec,2,min_05,59.33,8.35
35,20240603_SEFL_21J_trec2_g9,3,trec,2,avg,33,56.05
36,20240601_sefl21j_trec1_g9,4,trec,1,min_01,5.78,86.56
36,20240601_sefl21j_trec1_g9,4,trec,1,min_02,0,143.31
36,20240601_sefl21j_trec1_g9,4,trec,1,min_03,3.33,130.98
36,20240601_sefl21j_trec1_g9,4,trec,1,min_04,12.28,97.69
36,20240601_sefl21j_trec1_g9,4,trec,1,min_05,19.33,73.8
36,20240601_sefl21j_trec1_g9,4,trec,1,avg,8.14,106.47
36,20240603_SEFL_21J_trec2_g9,4,trec,2,min_01,0,140.24
36,20240603_SEFL_21J_trec2_g9,4,trec,2,min_02,1.72,106.3
36,20240603_SEFL_21J_trec2_g9,4,trec,2,min_03,27.33,82.25
36,20240603_SEFL_21J_trec2_g9,4,trec,2,min_04,24.22,88.07
36,20240603_SEFL_21J_trec2_g9,4,trec,2,min_05,18.17,91.07
36,20240603_SEFL_21J_trec2_g9,4,trec,2,avg,14.29,101.59
37,20240601_sefl21j_trec1_g10,1,trec,1,min_01,32.28,20.82
37,20240601_sefl21j_trec1_g10,1,trec,1,min_02,54.56,24.79
37,20240601_sefl21j_trec1_g10,1,trec,1,min_03,42,35.58
37,20240601_sefl21j_trec1_g10,1,trec,1,min_04,71.33,10.37
37,20240601_sefl21j_trec1_g10,1,trec,1,min_05,38.11,32.89
37,20240601_sefl21j_trec1_g10,1,trec,1,avg,47.93,24.89
37,20240603_SEFL_21J_trec2_g10,1,trec,2,min_01,41,35.57
37,20240603_SEFL_21J_trec2_g10,1,trec,2,min_02,61.72,17.35
37,20240603_SEFL_21J_trec2_g10,1,trec,2,min_03,50.83,17.6
37,20240603_SEFL_21J_trec2_g10,1,trec,2,min_04,17.89,126.76
37,20240603_SEFL_21J_trec2_g10,1,trec,2,min_05,5.56,142.66
37,20240603_SEFL_21J_trec2_g10,1,trec,2,avg,35.61,67.99
38,20240601_sefl21j_trec1_g10,2,trec,1,min_01,69.39,7.03
38,20240601_sefl21j_trec1_g10,2,trec,1,min_02,82.89,4.18
38,20240601_sefl21j_trec1_g10,2,trec,1,min_03,69.33,11.61
38,20240601_sefl21j_trec1_g10,2,trec,1,min_04,7.28,137.21
38,20240601_sefl21j_trec1_g10,2,trec,1,min_05,19.33,74.09
38,20240601_sefl21j_trec1_g10,2,trec,1,avg,49.64,46.83
38,20240603_SEFL_21J_trec2_g10,2,trec,2,min_01,44,22.37
38,20240603_SEFL_21J_trec2_g10,2,trec,2,min_02,18.17,68.35
38,20240603_SEFL_21J_trec2_g10,2,trec,2,min_03,17.17,122.33
38,20240603_SEFL_21J_trec2_g10,2,trec,2,min_04,26,81.36
38,20240603_SEFL_21J_trec2_g10,2,trec,2,min_05,14.94,91.9
38,20240603_SEFL_21J_trec2_g10,2,trec,2,avg,24.28,77.26
39,20240601_sefl21j_trec1_g10,3,trec,1,min_01,68.28,5.72
39,20240601_sefl21j_trec1_g10,3,trec,1,min_02,97.83,1.15
39,20240601_sefl21j_trec1_g10,3,trec,1,min_03,76.78,8.04
39,20240601_sefl21j_trec1_g10,3,trec,1,min_04,50.28,33.74
39,20240601_sefl21j_trec1_g10,3,trec,1,min_05,30.28,81.14
39,20240601_sefl21j_trec1_g10,3,trec,1,avg,64.69,25.96
39,20240603_SEFL_21J_trec2_g10,3,trec,2,min_01,21.5,78.4
39,20240603_SEFL_21J_trec2_g10,3,trec,2,min_02,33.22,70.45
39,20240603_SEFL_21J_trec2_g10,3,trec,2,min_03,24.5,58.04
39,20240603_SEFL_21J_trec2_g10,3,trec,2,min_04,15.28,164.76
39,20240603_SEFL_21J_trec2_g10,3,trec,2,min_05,30.94,102.95
39,20240603_SEFL_21J_trec2_g10,3,trec,2,avg,25.09,94.92
40,20240601_sefl21j_trec1_g10,4,trec,1,min_01,69.28,18.42
40,20240601_sefl21j_trec1_g10,4,trec,1,min_02,89.39,2.81
40,20240601_sefl21j_trec1_g10,4,trec,1,min_03,97.94,0.71
40,20240601_sefl21j_trec1_g10,4,trec,1,min_04,93.94,4.74
40,20240601_sefl21j_trec1_g10,4,trec,1,min_05,0,133.38
40,20240601_sefl21j_trec1_g10,4,trec,1,avg,70.11,32.01
40,20240603_SEFL_21J_trec2_g10,4,trec,2,min_01,60.72,11.81
40,20240603_SEFL_21J_trec2_g10,4,trec,2,min_02,62.78,18.14
40,20240603_SEFL_21J_trec2_g10,4,trec,2,min_03,73.61,7.72
40,20240603_SEFL_21J_trec2_g10,4,trec,2,min_04,79.56,5.65
40,20240603_SEFL_21J_trec2_g10,4,trec,2,min_05,57.78,15.62
40,20240603_SEFL_21J_trec2_g10,4,trec,2,avg,67.72,11.79
41,20240601_sefl21j_trec1_g11,1,trec,1,min_01,75.67,15.82
41,20240601_sefl21j_trec1_g11,1,trec,1,min_02,88.5,7.43
41,20240601_sefl21j_trec1_g11,1,trec,1,min_03,89.94,3.16
41,20240601_sefl21j_trec1_g11,1,trec,1,min_04,90.89,2.56
41,20240601_sefl21j_trec1_g11,1,trec,1,min_05,97.5,0.56
41,20240601_sefl21j_trec1_g11,1,trec,1,avg,88.5,5.91
41,20240603_SEFL_21J_trec2_g11,1,trec,2,min_01,83.11,3.06
41,20240603_SEFL_21J_trec2_g11,1,trec,2,min_02,88.44,4.1
41,20240603_SEFL_21J_trec2_g11,1,trec,2,min_03,89.28,4.6
41,20240603_SEFL_21J_trec2_g11,1,trec,2,min_04,94.44,2.49
41,20240603_SEFL_21J_trec2_g11,1,trec,2,min_05,75.44,7.81
41,20240603_SEFL_21J_trec2_g11,1,trec,2,avg,86.48,4.41
42,20240601_sefl21j_trec1_g11,2,trec,1,min_01,46.44,23
42,20240601_sefl21j_trec1_g11,2,trec,1,min_02,9.22,142.85
42,20240601_sefl21j_trec1_g11,2,trec,1,min_03,8.28,98.09
42,20240601_sefl21j_trec1_g11,2,trec,1,min_04,7.11,128.56
42,20240601_sefl21j_trec1_g11,2,trec,1,min_05,6.72,96.69
42,20240601_sefl21j_trec1_g11,2,trec,1,avg,15.64,97.84
42,20240603_SEFL_21J_trec2_g11,2,trec,2,min_01,46.83,38.68
42,20240603_SEFL_21J_trec2_g11,2,trec,2,min_02,60.67,12.11
42,20240603_SEFL_21J_trec2_g11,2,trec,2,min_03,17.22,99.76
42,20240603_SEFL_21J_trec2_g11,2,trec,2,min_04,6.94,107.95
42,20240603_SEFL_21J_trec2_g11,2,trec,2,min_05,11.39,97.65
42,20240603_SEFL_21J_trec2_g11,2,trec,2,avg,28.8,71.23
43,20240601_sefl21j_trec1_g11,3,trec,1,min_01,87.61,4.91
43,20240601_sefl21j_trec1_g11,3,trec,1,min_02,100,0.01
43,20240601_sefl21j_trec1_g11,3,trec,1,min_03,91.72,3.15
43,20240601_sefl21j_trec1_g11,3,trec,1,min_04,91.61,1.84
43,20240601_sefl21j_trec1_g11,3,trec,1,min_05,80.28,5.19
43,20240601_sefl21j_trec1_g11,3,trec,1,avg,90.24,3.02
43,20240603_SEFL_21J_trec2_g11,3,trec,2,min_01,56.17,51.76
43,20240603_SEFL_21J_trec2_g11,3,trec,2,min_02,41.89,57.79
43,20240603_SEFL_21J_trec2_g11,3,trec,2,min_03,21.11,86.98
43,20240603_SEFL_21J_trec2_g11,3,trec,2,min_04,12.61,137.83
43,20240603_SEFL_21J_trec2_g11,3,trec,2,min_05,40.28,34.14
43,20240603_SEFL_21J_trec2_g11,3,trec,2,avg,34.76,73.7
44,20240601_sefl21j_trec1_g11,4,trec,1,min_01,24.72,35.82
44,20240601_sefl21j_trec1_g11,4,trec,1,min_02,64.39,11.3
44,20240601_sefl21j_trec1_g11,4,trec,1,min_03,47,13.62
44,20240601_sefl21j_trec1_g11,4,trec,1,min_04,11.61,115.5
44,20240601_sefl21j_trec1_g11,4,trec,1,min_05,12.44,84.66
44,20240601_sefl21j_trec1_g11,4,trec,1,avg,32.28,52.18
44,20240603_SEFL_21J_trec2_g11,4,trec,2,min_01,0,123.21
44,20240603_SEFL_21J_trec2_g11,4,trec,2,min_02,39.5,76.14
44,20240603_SEFL_21J_trec2_g11,4,trec,2,min_03,13.94,82.41
44,20240603_SEFL_21J_trec2_g11,4,trec,2,min_04,9.28,83.53
44,20240603_SEFL_21J_trec2_g11,4,trec,2,min_05,19.11,54.57
44,20240603_SEFL_21J_trec2_g11,4,trec,2,avg,16.8,83.97
45,20240601_sefl21j_trec1_g12,1,trec,1,min_01,77.67,13.93
45,20240601_sefl21j_trec1_g12,1,trec,1,min_02,80.56,12.56
45,20240601_sefl21j_trec1_g12,1,trec,1,min_03,49.39,35.53
45,20240601_sefl21j_trec1_g12,1,trec,1,min_04,98,0.32
45,20240601_sefl21j_trec1_g12,1,trec,1,min_05,91.72,1.31
45,20240601_sefl21j_trec1_g12,1,trec,1,avg,79.47,12.73
45,20240603_SEFL_21J_trec2_g12,1,trec,2,min_01,0,219.09
45,20240603_SEFL_21J_trec2_g12,1,trec,2,min_02,15,140.57
45,20240603_SEFL_21J_trec2_g12,1,trec,2,min_03,33.39,66.64
45,20240603_SEFL_21J_trec2_g12,1,trec,2,min_04,21.22,119.58
45,20240603_SEFL_21J_trec2_g12,1,trec,2,min_05,62.39,24.73
45,20240603_SEFL_21J_trec2_g12,1,trec,2,avg,26.7,114.12
46,20240601_sefl21j_trec1_g12,2,trec,1,min_01,20.33,31.06
46,20240601_sefl21j_trec1_g12,2,trec,1,min_02,35.44,20.56
46,20240601_sefl21j_trec1_g12,2,trec,1,min_03,49.61,16.69
46,20240601_sefl21j_trec1_g12,2,trec,1,min_04,20.61,110.36
46,20240601_sefl21j_trec1_g12,2,trec,1,min_05,5.56,102.42
46,20240601_sefl21j_trec1_g12,2,trec,1,avg,26.56,56.22
46,20240603_SEFL_21J_trec2_g12,2,trec,2,min_01,49.5,12.03
46,20240603_SEFL_21J_trec2_g12,2,trec,2,min_02,56.22,13.82
46,20240603_SEFL_21J_trec2_g12,2,trec,2,min_03,17.22,104.42
46,20240603_SEFL_21J_trec2_g12,2,trec,2,min_04,10.61,148.28
46,20240603_SEFL_21J_trec2_g12,2,trec,2,min_05,6.83,126.33
46,20240603_SEFL_21J_trec2_g12,2,trec,2,avg,28.43,80.97
47,20240601_sefl21j_trec1_g12,3,trec,1,min_01,52.83,15.58
47,20240601_sefl21j_trec1_g12,3,trec,1,min_02,72.28,5.05
47,20240601_sefl21j_trec1_g12,3,trec,1,min_03,31.33,51.94
47,20240601_sefl21j_trec1_g12,3,trec,1,min_04,19.22,119.29
47,20240601_sefl21j_trec1_g12,3,trec,1,min_05,13.61,135.8
47,20240601_sefl21j_trec1_g12,3,trec,1,avg,38.07,65.53
47,20240603_SEFL_21J_trec2_g12,3,trec,2,min_01,77.94,12.62
47,20240603_SEFL_21J_trec2_g12,3,trec,2,min_02,89,4.86
47,20240603_SEFL_21J_trec2_g12,3,trec,2,min_03,51.56,29.15
47,20240603_SEFL_21J_trec2_g12,3,trec,2,min_04,20.33,69.68
47,20240603_SEFL_21J_trec2_g12,3,trec,2,min_05,14.72,111.98
47,20240603_SEFL_21J_trec2_g12,3,trec,2,avg,50.82,45.65
48,20240601_sefl21j_trec1_g12,4,trec,1,min_01,80.89,20.17
48,20240601_sefl21j_trec1_g12,4,trec,1,min_02,34,77.72
48,20240601_sefl21j_trec1_g12,4,trec,1,min_03,66.56,12.09
48,20240601_sefl21j_trec1_g12,4,trec,1,min_04,31.61,62.96
48,20240601_sefl21j_trec1_g12,4,trec,1,min_05,12.56,130.92
48,20240601_sefl21j_trec1_g12,4,trec,1,avg,45.12,60.77
48,20240603_SEFL_21J_trec2_g12,4,trec,2,min_01,60.39,15.14
48,20240603_SEFL_21J_trec2_g12,4,trec,2,min_02,57.17,16.53
48,20240603_SEFL_21J_trec2_g12,4,trec,2,min_03,41.56,20.89
48,20240603_SEFL_21J_trec2_g12,4,trec,2,min_04,22.83,106.14
48,20240603_SEFL_21J_trec2_g12,4,trec,2,min_05,4.5,147.22
48,20240603_SEFL_21J_trec2_g12,4,trec,2,avg,37.6,61.18
49,20240601_sefl21j_trec1_g13,1,trec,1,min_01,56.5,12.73
49,20240601_sefl21j_trec1_g13,1,trec,1,min_02,48.44,31.59
49,20240601_sefl21j_trec1_g13,1,trec,1,min_03,46.28,28.01
49,20240601_sefl21j_trec1_g13,1,trec,1,min_04,33.28,105.94
49,20240601_sefl21j_trec1_g13,1,trec,1,min_05,9.94,145.1
49,20240601_sefl21j_trec1_g13,1,trec,1,avg,40.01,64.67
49,20240603_SEFL_21J_trec2_g13,1,trec,2,min_01,0,134.19
49,20240603_SEFL_21J_trec2_g13,1,trec,2,min_02,0,210.42
49,20240603_SEFL_21J_trec2_g13,1,trec,2,min_03,0,130.06
49,20240603_SEFL_21J_trec2_g13,1,trec,2,min_04,0,256.66
49,20240603_SEFL_21J_trec2_g13,1,trec,2,min_05,3.28,196.83
49,20240603_SEFL_21J_trec2_g13,1,trec,2,avg,0.66,185.63
50,20240601_sefl21j_trec1_g13,2,trec,1,min_01,77.72,8.93
50,20240601_sefl21j_trec1_g13,2,trec,1,min_02,97.11,1.12
50,20240601_sefl21j_trec1_g13,2,trec,1,min_03,95.61,0.92
50,20240601_sefl21j_trec1_g13,2,trec,1,min_04,41.28,50.74
50,20240601_sefl21j_trec1_g13,2,trec,1,min_05,12.56,123.6
50,20240601_sefl21j_trec1_g13,2,trec,1,avg,65.03,37.06
50,20240603_SEFL_21J_trec2_g13,2,trec,2,min_01,20.72,103.45
50,20240603_SEFL_21J_trec2_g13,2,trec,2,min_02,83.39,5.66
50,20240603_SEFL_21J_trec2_g13,2,trec,2,min_03,46.28,21.03
50,20240603_SEFL_21J_trec2_g13,2,trec,2,min_04,5.28,198.89
50,20240603_SEFL_21J_trec2_g13,2,trec,2,min_05,25.94,91.08
50,20240603_SEFL_21J_trec2_g13,2,trec,2,avg,36.77,84.02
51,20240601_sefl21j_trec1_g13,3,trec,1,min_01,3.83,184.11
51,20240601_sefl21j_trec1_g13,3,trec,1,min_02,27.33,53.74
51,20240601_sefl21j_trec1_g13,3,trec,1,min_03,28,84.08
51,20240601_sefl21j_trec1_g13,3,trec,1,min_04,23.44,93.02
51,20240601_sefl21j_trec1_g13,3,trec,1,min_05,52.67,24.71
51,20240601_sefl21j_trec1_g13,3,trec,1,avg,27.09,87.93
51,20240603_SEFL_21J_trec2_g13,3,trec,2,min_01,1.94,207.14
51,20240603_SEFL_21J_trec2_g13,3,trec,2,min_02,0,166.49
51,20240603_SEFL_21J_trec2_g13,3,trec,2,min_03,10.94,99.69
51,20240603_SEFL_21J_trec2_g13,3,trec,2,min_04,13.61,123.45
51,20240603_SEFL_21J_trec2_g13,3,trec,2,min_05,8.06,157.5
51,20240603_SEFL_21J_trec2_g13,3,trec,2,avg,6.91,150.86
52,20240601_sefl21j_trec1_g13,4,trec,1,min_01,47.67,18.39
52,20240601_sefl21j_trec1_g13,4,trec,1,min_02,71.89,8.32
52,20240601_sefl21j_trec1_g13,4,trec,1,min_03,65.22,9.3
52,20240601_sefl21j_trec1_g13,4,trec,1,min_04,32.5,40.31
52,20240601_sefl21j_trec1_g13,4,trec,1,min_05,0,204.56
52,20240601_sefl21j_trec1_g13,4,trec,1,avg,43.61,56.18
52,20240603_SEFL_21J_trec2_g13,4,trec,2,min_01,49.39,31.15
52,20240603_SEFL_21J_trec2_g13,4,trec,2,min_02,60.44,13.6
52,20240603_SEFL_21J_trec2_g13,4,trec,2,min_03,12.39,120.65
52,20240603_SEFL_21J_trec2_g13,4,trec,2,min_04,30.5,101.6
52,20240603_SEFL_21J_trec2_g13,4,trec,2,min_05,26.33,85.11
52,20240603_SEFL_21J_trec2_g13,4,trec,2,avg,35.98,70.42
53,20240601_sefl21j_trec1_g14,1,trec,1,min_01,58.5,14.92
53,20240601_sefl21j_trec1_g14,1,trec,1,min_02,86.89,3.6
53,20240601_sefl21j_trec1_g14,1,trec,1,min_03,44.83,98
53,20240601_sefl21j_trec1_g14,1,trec,1,min_04,5.17,144.93
53,20240601_sefl21j_trec1_g14,1,trec,1,min_05,6.83,147.24
53,20240601_sefl21j_trec1_g14,1,trec,1,avg,40.44,81.74
53,20240603_SEFL_21J_trec2_g14,1,trec,2,min_01,60.33,19
53,20240603_SEFL_21J_trec2_g14,1,trec,2,min_02,65.78,18.87
53,20240603_SEFL_21J_trec2_g14,1,trec,2,min_03,60.61,15.36
53,20240603_SEFL_21J_trec2_g14,1,trec,2,min_04,5.17,141.28
53,20240603_SEFL_21J_trec2_g14,1,trec,2,min_05,7.67,185.45
53,20240603_SEFL_21J_trec2_g14,1,trec,2,avg,39.91,75.99
54,20240601_sefl21j_trec1_g14,2,trec,1,min_01,72.83,5.44
54,20240601_sefl21j_trec1_g14,2,trec,1,min_02,73.83,7.82
54,20240601_sefl21j_trec1_g14,2,trec,1,min_03,76.5,5.31
54,20240601_sefl21j_trec1_g14,2,trec,1,min_04,15.33,103.4
54,20240601_sefl21j_trec1_g14,2,trec,1,min_05,39,54.23
54,20240601_sefl21j_trec1_g14,2,trec,1,avg,55.58,35.24
54,20240603_SEFL_21J_trec2_g14,2,trec,2,min_01,77.78,3.36
54,20240603_SEFL_21J_trec2_g14,2,trec,2,min_02,88.61,1.58
54,20240603_SEFL_21J_trec2_g14,2,trec,2,min_03,59.28,22.02
54,20240603_SEFL_21J_trec2_g14,2,trec,2,min_04,0,210.93
54,20240603_SEFL_21J_trec2_g14,2,trec,2,min_05,15.11,137.03
54,20240603_SEFL_21J_trec2_g14,2,trec,2,avg,48.16,74.99
55,20240601_sefl21j_trec1_g14,3,trec,1,min_01,79,4.35
55,20240601_sefl21j_trec1_g14,3,trec,1,min_02,71.67,5.28
55,20240601_sefl21j_trec1_g14,3,trec,1,min_03,86.78,3.01
55,20240601_sefl21j_trec1_g14,3,trec,1,min_04,88.11,2.94
55,20240601_sefl21j_trec1_g14,3,trec,1,min_05,80.67,4.04
55,20240601_sefl21j_trec1_g14,3,trec,1,avg,81.24,3.92
55,20240603_SEFL_21J_trec2_g14,3,trec,2,min_01,27.33,23.77
55,20240603_SEFL_21J_trec2_g14,3,trec,2,min_02,27.67,51.89
55,20240603_SEFL_21J_trec2_g14,3,trec,2,min_03,17.5,35.19
55,20240603_SEFL_21J_trec2_g14,3,trec,2,min_04,2.22,186.55
55,20240603_SEFL_21J_trec2_g14,3,trec,2,min_05,14.78,112.63
55,20240603_SEFL_21J_trec2_g14,3,trec,2,avg,17.9,82.01
56,20240601_sefl21j_trec1_g14,4,trec,1,min_01,31.06,78.53
56,20240601_sefl21j_trec1_g14,4,trec,1,min_02,68.61,18.17
56,20240601_sefl21j_trec1_g14,4,trec,1,min_03,59.33,17.52
56,20240601_sefl21j_trec1_g14,4,trec,1,min_04,44.78,50.15
56,20240601_sefl21j_trec1_g14,4,trec,1,min_05,3.33,179.83
56,20240601_sefl21j_trec1_g14,4,trec,1,avg,41.42,68.84
56,20240603_SEFL_21J_trec2_g14,4,trec,2,min_01,22.67,53.47
56,20240603_SEFL_21J_trec2_g14,4,trec,2,min_02,31.22,79.75
56,20240603_SEFL_21J_trec2_g14,4,trec,2,min_03,20.11,76.13
56,20240603_SEFL_21J_trec2_g14,4,trec,2,min_04,5.89,141.54
56,20240603_SEFL_21J_trec2_g14,4,trec,2,min_05,32.11,45.25
56,20240603_SEFL_21J_trec2_g14,4,trec,2,avg,22.64,79.23
57,20240601_sefl21j_trec1_g15,1,trec,1,min_01,57.39,12.11
57,20240601_sefl21j_trec1_g15,1,trec,1,min_02,77.78,7.07
57,20240601_sefl21j_trec1_g15,1,trec,1,min_03,34.72,49.79
57,20240601_sefl21j_trec1_g15,1,trec,1,min_04,78.89,6.94
57,20240601_sefl21j_trec1_g15,1,trec,1,min_05,71.39,8.78
57,20240601_sefl21j_trec1_g15,1,trec,1,avg,64.19,16.94
57,20240603_SEFL_21J_trec2_g15,1,trec,2,min_01,48.78,14.67
57,20240603_SEFL_21J_trec2_g15,1,trec,2,min_02,88.78,2.69
57,20240603_SEFL_21J_trec2_g15,1,trec,2,min_03,92.5,2.18
57,20240603_SEFL_21J_trec2_g15,1,trec,2,min_04,88.22,3.49
57,20240603_SEFL_21J_trec2_g15,1,trec,2,min_05,81.61,3.3
57,20240603_SEFL_21J_trec2_g15,1,trec,2,avg,79.98,5.26
58,20240601_sefl21j_trec1_g15,2,trec,1,min_01,4.22,91.82
58,20240601_sefl21j_trec1_g15,2,trec,1,min_02,19.67,90.21
58,20240601_sefl21j_trec1_g15,2,trec,1,min_03,0,169.4
58,20240601_sefl21j_trec1_g15,2,trec,1,min_04,7.67,100.28
58,20240601_sefl21j_trec1_g15,2,trec,1,min_05,2.61,177.94
58,20240601_sefl21j_trec1_g15,2,trec,1,avg,7.1,125.93
58,20240603_SEFL_21J_trec2_g15,2,trec,2,min_01,3.89,104.87
58,20240603_SEFL_21J_trec2_g15,2,trec,2,min_02,7.06,111.09
58,20240603_SEFL_21J_trec2_g15,2,trec,2,min_03,3.67,183.77
58,20240603_SEFL_21J_trec2_g15,2,trec,2,min_04,30.94,98.85
58,20240603_SEFL_21J_trec2_g15,2,trec,2,min_05,7.17,123.39
58,20240603_SEFL_21J_trec2_g15,2,trec,2,avg,10.54,124.4
59,20240601_sefl21j_trec1_g15,3,trec,1,min_01,23.78,21.39
59,20240601_sefl21j_trec1_g15,3,trec,1,min_02,42.44,40.12
59,20240601_sefl21j_trec1_g15,3,trec,1,min_03,36.28,74.45
59,20240601_sefl21j_trec1_g15,3,trec,1,min_04,18.17,121.26
59,20240601_sefl21j_trec1_g15,3,trec,1,min_05,39.72,41.03
59,20240601_sefl21j_trec1_g15,3,trec,1,avg,32.08,59.65
59,20240603_SEFL_21J_trec2_g15,3,trec,2,min_01,13.44,142.72
59,20240603_SEFL_21J_trec2_g15,3,trec,2,min_02,23,113.26
59,20240603_SEFL_21J_trec2_g15,3,trec,2,min_03,13.17,120.69
59,20240603_SEFL_21J_trec2_g15,3,trec,2,min_04,22.67,134.12
59,20240603_SEFL_21J_trec2_g15,3,trec,2,min_05,0,194.97
59,20240603_SEFL_21J_trec2_g15,3,trec,2,avg,14.49,141.15
60,20240601_sefl21j_trec1_g15,4,trec,1,min_01,7.83,92.45
60,20240601_sefl21j_trec1_g15,4,trec,1,min_02,13.78,68.74
60,20240601_sefl21j_trec1_g15,4,trec,1,min_03,5.5,125.78
60,20240601_sefl21j_trec1_g15,4,trec,1,min_04,8.17,106.74
60,20240601_sefl21j_trec1_g15,4,trec,1,min_05,7.89,131.81
60,20240601_sefl21j_trec1_g15,4,trec,1,avg,8.63,105.11
60,20240603_SEFL_21J_trec2_g15,4,trec,2,min_01,18.28,38.67
60,20240603_SEFL_21J_trec2_g15,4,trec,2,min_02,0,158.02
60,20240603_SEFL_21J_trec2_g15,4,trec,2,min_03,3.44,126.1
60,20240603_SEFL_21J_trec2_g15,4,trec,2,min_04,18.83,101.37
60,20240603_SEFL_21J_trec2_g15,4,trec,2,min_05,4.28,123.05
60,20240603_SEFL_21J_trec2_g15,4,trec,2,avg,9.01,109.44