Animal,File,phase,subphase,t,FileLength,MotionCutoff,FreezeThresh,MinFreezeDuration,bin,range(f),Motion,Freezing
1,200725_SEFL17_MildStressor_g1 Box 1.wmv,min,pre,-30,162087,10,50,15,min_0,"(0, 1800)",0.322222222,99.83333333
1,200725_SEFL17_MildStressor_g1 Box 1.wmv,min,pre,-29,162087,10,50,15,min_1,"(1800, 3600)",0.007222222,100
1,200725_SEFL17_MildStressor_g1 Box 1.wmv,min,pre,-28,162087,10,50,15,min_2,"(3600, 5400)",0.006666667,100
1,200725_SEFL17_MildStressor_g1 Box 1.wmv,min,pre,-27,162087,10,50,15,min_3,"(5400, 7200)",0.007777778,100
1,200725_SEFL17_MildStressor_g1 Box 1.wmv,min,pre,-26,162087,10,50,15,min_4,"(7200, 9000)",0.005,100
1,200725_SEFL17_MildStressor_g1 Box 1.wmv,min,pre,-25,162087,10,50,15,min_5,"(9000, 10800)",0.008888889,100
1,200725_SEFL17_MildStressor_g1 Box 1.wmv,min,pre,-24,162087,10,50,15,min_6,"(10800, 12600)",0.014444444,100
1,200725_SEFL17_MildStressor_g1 Box 1.wmv,min,pre,-23,162087,10,50,15,min_7,"(12600, 14400)",0.038888889,100
1,200725_SEFL17_MildStressor_g1 Box 1.wmv,min,pre,-22,162087,10,50,15,min_8,"(14400, 16200)",0.495,100
1,200725_SEFL17_MildStressor_g1 Box 1.wmv,min,pre,-21,162087,10,50,15,min_9,"(16200, 18000)",3.792777778,94.11111111
1,200725_SEFL17_MildStressor_g1 Box 1.wmv,min,pre,-20,162087,10,50,15,min_10,"(18000, 19800)",0.014444444,100
1,200725_SEFL17_MildStressor_g1 Box 1.wmv,min,pre,-19,162087,10,50,15,min_11,"(19800, 21600)",0.009444444,100
1,200725_SEFL17_MildStressor_g1 Box 1.wmv,min,pre,-18,162087,10,50,15,min_12,"(21600, 23400)",0.233333333,99.66666667
1,200725_SEFL17_MildStressor_g1 Box 1.wmv,min,pre,-17,162087,10,50,15,min_13,"(23400, 25200)",0.013333333,100
1,200725_SEFL17_MildStressor_g1 Box 1.wmv,min,pre,-16,162087,10,50,15,min_14,"(25200, 27000)",3.300555556,99.22222222
1,200725_SEFL17_MildStressor_g1 Box 1.wmv,min,pre,-15,162087,10,50,15,min_15,"(27000, 28800)",0.167222222,99.94444444
1,200725_SEFL17_MildStressor_g1 Box 1.wmv,min,pre,-14,162087,10,50,15,min_16,"(28800, 30600)",0.378888889,100
1,200725_SEFL17_MildStressor_g1 Box 1.wmv,min,pre,-13,162087,10,50,15,min_17,"(30600, 32400)",0.086111111,100
1,200725_SEFL17_MildStressor_g1 Box 1.wmv,min,pre,-12,162087,10,50,15,min_18,"(32400, 34200)",2.052222222,97.94444444
1,200725_SEFL17_MildStressor_g1 Box 1.wmv,min,pre,-11,162087,10,50,15,min_19,"(34200, 36000)",1.196111111,97.83333333
1,200725_SEFL17_MildStressor_g1 Box 1.wmv,min,pre,-10,162087,10,50,15,min_20,"(36000, 37800)",0.037777778,100
1,200725_SEFL17_MildStressor_g1 Box 1.wmv,min,pre,-9,162087,10,50,15,min_21,"(37800, 39600)",0.028888889,100
1,200725_SEFL17_MildStressor_g1 Box 1.wmv,min,pre,-8,162087,10,50,15,min_22,"(39600, 41400)",0.035,100
1,200725_SEFL17_MildStressor_g1 Box 1.wmv,min,pre,-7,162087,10,50,15,min_23,"(41400, 43200)",0.232777778,99.83333333
1,200725_SEFL17_MildStressor_g1 Box 1.wmv,min,pre,-6,162087,10,50,15,min_24,"(43200, 45000)",0.021111111,100
1,200725_SEFL17_MildStressor_g1 Box 1.wmv,min,pre,-5,162087,10,50,15,min_25,"(45000, 46800)",0.009444444,100
1,200725_SEFL17_MildStressor_g1 Box 1.wmv,min,pre,-4,162087,10,50,15,min_26,"(46800, 48600)",0.026666667,100
1,200725_SEFL17_MildStressor_g1 Box 1.wmv,min,pre,-3,162087,10,50,15,min_27,"(48600, 50400)",0.027222222,100
1,200725_SEFL17_MildStressor_g1 Box 1.wmv,min,pre,-2,162087,10,50,15,min_28,"(50400, 52200)",0.053888889,100
1,200725_SEFL17_MildStressor_g1 Box 1.wmv,min,pre,-1,162087,10,50,15,min_29,"(52200, 54000)",0.026666667,100
1,200725_SEFL17_MildStressor_g1 Box 1.wmv,min,post,0,162087,10,50,15,min_30,"(54000, 55800)",31.60833333,74.88888889
1,200725_SEFL17_MildStressor_g1 Box 1.wmv,min,post,1,162087,10,50,15,min_31,"(55800, 57600)",104.4955556,26.72222222
1,200725_SEFL17_MildStressor_g1 Box 1.wmv,min,post,2,162087,10,50,15,min_32,"(57600, 59400)",129.665,15.27777778
1,200725_SEFL17_MildStressor_g1 Box 1.wmv,min,post,3,162087,10,50,15,min_33,"(59400, 61200)",108.5477778,12.55555556
1,200725_SEFL17_MildStressor_g1 Box 1.wmv,min,post,4,162087,10,50,15,min_34,"(61200, 63000)",248.1483333,7.833333333
1,200725_SEFL17_MildStressor_g1 Box 1.wmv,min,post,5,162087,10,50,15,min_35,"(63000, 64800)",20.395,72.77777778
1,200725_SEFL17_MildStressor_g1 Box 1.wmv,min,post,6,162087,10,50,15,min_36,"(64800, 66600)",129.5983333,37.38888889
1,200725_SEFL17_MildStressor_g1 Box 1.wmv,min,post,7,162087,10,50,15,min_37,"(66600, 68400)",131.5944444,36.27777778
1,200725_SEFL17_MildStressor_g1 Box 1.wmv,min,post,8,162087,10,50,15,min_38,"(68400, 70200)",4.967777778,94.94444444
1,200725_SEFL17_MildStressor_g1 Box 1.wmv,min,post,9,162087,10,50,15,min_39,"(70200, 72000)",5.5,93.16666667
1,200725_SEFL17_MildStressor_g1 Box 1.wmv,min,post,10,162087,10,50,15,min_40,"(72000, 73800)",1.006666667,98.33333333
1,200725_SEFL17_MildStressor_g1 Box 1.wmv,min,post,11,162087,10,50,15,min_41,"(73800, 75600)",24.95055556,83.5
1,200725_SEFL17_MildStressor_g1 Box 1.wmv,min,post,12,162087,10,50,15,min_42,"(75600, 77400)",0.027222222,100
1,200725_SEFL17_MildStressor_g1 Box 1.wmv,min,post,13,162087,10,50,15,min_43,"(77400, 79200)",21.08055556,82.22222222
1,200725_SEFL17_MildStressor_g1 Box 1.wmv,min,post,14,162087,10,50,15,min_44,"(79200, 81000)",0.007777778,100
1,200725_SEFL17_MildStressor_g1 Box 1.wmv,min,post,15,162087,10,50,15,min_45,"(81000, 82800)",0.008333333,100
1,200725_SEFL17_MildStressor_g1 Box 1.wmv,min,post,16,162087,10,50,15,min_46,"(82800, 84600)",2.363333333,97.61111111
1,200725_SEFL17_MildStressor_g1 Box 1.wmv,min,post,17,162087,10,50,15,min_47,"(84600, 86400)",0.010555556,100
1,200725_SEFL17_MildStressor_g1 Box 1.wmv,min,post,18,162087,10,50,15,min_48,"(86400, 88200)",0.006111111,100
1,200725_SEFL17_MildStressor_g1 Box 1.wmv,min,post,19,162087,10,50,15,min_49,"(88200, 90000)",0.026111111,100
1,200725_SEFL17_MildStressor_g1 Box 1.wmv,min,post,20,162087,10,50,15,min_50,"(90000, 91800)",11.62222222,92.27777778
1,200725_SEFL17_MildStressor_g1 Box 1.wmv,min,post,21,162087,10,50,15,min_51,"(91800, 93600)",13.68,88.44444444
1,200725_SEFL17_MildStressor_g1 Box 1.wmv,min,post,22,162087,10,50,15,min_52,"(93600, 95400)",19.45611111,86.38888889
1,200725_SEFL17_MildStressor_g1 Box 1.wmv,min,post,23,162087,10,50,15,min_53,"(95400, 97200)",0.025555556,100
1,200725_SEFL17_MildStressor_g1 Box 1.wmv,min,post,24,162087,10,50,15,min_54,"(97200, 99000)",0.032222222,100
1,200725_SEFL17_MildStressor_g1 Box 1.wmv,min,post,25,162087,10,50,15,min_55,"(99000, 100800)",0.122777778,100
1,200725_SEFL17_MildStressor_g1 Box 1.wmv,min,post,26,162087,10,50,15,min_56,"(100800, 102600)",0.064444444,100
1,200725_SEFL17_MildStressor_g1 Box 1.wmv,min,post,27,162087,10,50,15,min_57,"(102600, 104400)",24.41833333,86.94444444
1,200725_SEFL17_MildStressor_g1 Box 1.wmv,min,post,28,162087,10,50,15,min_58,"(104400, 106200)",1.326111111,98.61111111
1,200725_SEFL17_MildStressor_g1 Box 1.wmv,min,post,29,162087,10,50,15,min_59,"(106200, 108000)",25.08444444,80.55555556
1,200725_SEFL17_MildStressor_g1 Box 1.wmv,noise,pre,-10,162087,10,50,15,sec_1790.0,"(53700, 53706)",0,100
1,200725_SEFL17_MildStressor_g1 Box 1.wmv,noise,pre,-9.8,162087,10,50,15,sec_1790.2,"(53706, 53712)",0,100
1,200725_SEFL17_MildStressor_g1 Box 1.wmv,noise,pre,-9.6,162087,10,50,15,sec_1790.4,"(53712, 53718)",0,100
1,200725_SEFL17_MildStressor_g1 Box 1.wmv,noise,pre,-9.4,162087,10,50,15,sec_1790.6,"(53718, 53724)",0,100
1,200725_SEFL17_MildStressor_g1 Box 1.wmv,noise,pre,-9.2,162087,10,50,15,sec_1790.8,"(53724, 53730)",0,100
1,200725_SEFL17_MildStressor_g1 Box 1.wmv,noise,pre,-9,162087,10,50,15,sec_1791.0,"(53730, 53736)",0,100
1,200725_SEFL17_MildStressor_g1 Box 1.wmv,noise,pre,-8.8,162087,10,50,15,sec_1791.2,"(53736, 53742)",0,100
1,200725_SEFL17_MildStressor_g1 Box 1.wmv,noise,pre,-8.6,162087,10,50,15,sec_1791.4,"(53742, 53748)",0,100
1,200725_SEFL17_MildStressor_g1 Box 1.wmv,noise,pre,-8.4,162087,10,50,15,sec_1791.6,"(53748, 53754)",0,100
1,200725_SEFL17_MildStressor_g1 Box 1.wmv,noise,pre,-8.2,162087,10,50,15,sec_1791.8,"(53754, 53760)",0,100
1,200725_SEFL17_MildStressor_g1 Box 1.wmv,noise,pre,-8,162087,10,50,15,sec_1792.0,"(53760, 53766)",1.666666667,100
1,200725_SEFL17_MildStressor_g1 Box 1.wmv,noise,pre,-7.8,162087,10,50,15,sec_1792.2,"(53766, 53772)",0.5,100
1,200725_SEFL17_MildStressor_g1 Box 1.wmv,noise,pre,-7.6,162087,10,50,15,sec_1792.4,"(53772, 53778)",0,100
1,200725_SEFL17_MildStressor_g1 Box 1.wmv,noise,pre,-7.4,162087,10,50,15,sec_1792.6,"(53778, 53784)",0,100
1,200725_SEFL17_MildStressor_g1 Box 1.wmv,noise,pre,-7.2,162087,10,50,15,sec_1792.8,"(53784, 53790)",0,100
1,200725_SEFL17_MildStressor_g1 Box 1.wmv,noise,pre,-7,162087,10,50,15,sec_1793.0,"(53790, 53796)",0,100
1,200725_SEFL17_MildStressor_g1 Box 1.wmv,noise,pre,-6.8,162087,10,50,15,sec_1793.2,"(53796, 53802)",0,100
1,200725_SEFL17_MildStressor_g1 Box 1.wmv,noise,pre,-6.6,162087,10,50,15,sec_1793.4,"(53802, 53808)",0,100
1,200725_SEFL17_MildStressor_g1 Box 1.wmv,noise,pre,-6.4,162087,10,50,15,sec_1793.6,"(53808, 53814)",0,100
1,200725_SEFL17_MildStressor_g1 Box 1.wmv,noise,pre,-6.2,162087,10,50,15,sec_1793.8,"(53814, 53820)",0,100
1,200725_SEFL17_MildStressor_g1 Box 1.wmv,noise,pre,-6,162087,10,50,15,sec_1794.0,"(53820, 53826)",0,100
1,200725_SEFL17_MildStressor_g1 Box 1.wmv,noise,pre,-5.8,162087,10,50,15,sec_1794.2,"(53826, 53832)",0,100
1,200725_SEFL17_MildStressor_g1 Box 1.wmv,noise,pre,-5.6,162087,10,50,15,sec_1794.4,"(53832, 53838)",0,100
1,200725_SEFL17_MildStressor_g1 Box 1.wmv,noise,pre,-5.4,162087,10,50,15,sec_1794.6,"(53838, 53844)",0,100
1,200725_SEFL17_MildStressor_g1 Box 1.wmv,noise,pre,-5.2,162087,10,50,15,sec_1794.8,"(53844, 53850)",0,100
1,200725_SEFL17_MildStressor_g1 Box 1.wmv,noise,pre,-5,162087,10,50,15,sec_1795.0,"(53850, 53856)",0,100
1,200725_SEFL17_MildStressor_g1 Box 1.wmv,noise,pre,-4.8,162087,10,50,15,sec_1795.2,"(53856, 53862)",0,100
1,200725_SEFL17_MildStressor_g1 Box 1.wmv,noise,pre,-4.6,162087,10,50,15,sec_1795.4,"(53862, 53868)",0,100
1,200725_SEFL17_MildStressor_g1 Box 1.wmv,noise,pre,-4.4,162087,10,50,15,sec_1795.6,"(53868, 53874)",0,100
1,200725_SEFL17_MildStressor_g1 Box 1.wmv,noise,pre,-4.2,162087,10,50,15,sec_1795.8,"(53874, 53880)",0,100
1,200725_SEFL17_MildStressor_g1 Box 1.wmv,noise,pre,-4,162087,10,50,15,sec_1796.0,"(53880, 53886)",0,100
1,200725_SEFL17_MildStressor_g1 Box 1.wmv,noise,pre,-3.8,162087,10,50,15,sec_1796.2,"(53886, 53892)",0,100
1,200725_SEFL17_MildStressor_g1 Box 1.wmv,noise,pre,-3.6,162087,10,50,15,sec_1796.4,"(53892, 53898)",0,100
1,200725_SEFL17_MildStressor_g1 Box 1.wmv,noise,pre,-3.4,162087,10,50,15,sec_1796.6,"(53898, 53904)",0,100
1,200725_SEFL17_MildStressor_g1 Box 1.wmv,noise,pre,-3.2,162087,10,50,15,sec_1796.8,"(53904, 53910)",0,100
1,200725_SEFL17_MildStressor_g1 Box 1.wmv,noise,pre,-3,162087,10,50,15,sec_1797.0,"(53910, 53916)",0,100
1,200725_SEFL17_MildStressor_g1 Box 1.wmv,noise,pre,-2.8,162087,10,50,15,sec_1797.2,"(53916, 53922)",0,100
1,200725_SEFL17_MildStressor_g1 Box 1.wmv,noise,pre,-2.6,162087,10,50,15,sec_1797.4,"(53922, 53928)",0,100
1,200725_SEFL17_MildStressor_g1 Box 1.wmv,noise,pre,-2.4,162087,10,50,15,sec_1797.6,"(53928, 53934)",0,100
1,200725_SEFL17_MildStressor_g1 Box 1.wmv,noise,pre,-2.2,162087,10,50,15,sec_1797.8,"(53934, 53940)",0,100
1,200725_SEFL17_MildStressor_g1 Box 1.wmv,noise,pre,-2,162087,10,50,15,sec_1798.0,"(53940, 53946)",0,100
1,200725_SEFL17_MildStressor_g1 Box 1.wmv,noise,pre,-1.8,162087,10,50,15,sec_1798.2,"(53946, 53952)",0,100
1,200725_SEFL17_MildStressor_g1 Box 1.wmv,noise,pre,-1.6,162087,10,50,15,sec_1798.4,"(53952, 53958)",0,100
1,200725_SEFL17_MildStressor_g1 Box 1.wmv,noise,pre,-1.4,162087,10,50,15,sec_1798.6,"(53958, 53964)",0,100
1,200725_SEFL17_MildStressor_g1 Box 1.wmv,noise,pre,-1.2,162087,10,50,15,sec_1798.8,"(53964, 53970)",0,100
1,200725_SEFL17_MildStressor_g1 Box 1.wmv,noise,pre,-1,162087,10,50,15,sec_1799.0,"(53970, 53976)",0,100
1,200725_SEFL17_MildStressor_g1 Box 1.wmv,noise,pre,-0.8,162087,10,50,15,sec_1799.2,"(53976, 53982)",0,100
1,200725_SEFL17_MildStressor_g1 Box 1.wmv,noise,pre,-0.6,162087,10,50,15,sec_1799.4,"(53982, 53988)",0,100
1,200725_SEFL17_MildStressor_g1 Box 1.wmv,noise,pre,-0.4,162087,10,50,15,sec_1799.6,"(53988, 53994)",0,100
1,200725_SEFL17_MildStressor_g1 Box 1.wmv,noise,pre,-0.2,162087,10,50,15,sec_1799.8,"(53994, 54000)",0,100
1,200725_SEFL17_MildStressor_g1 Box 1.wmv,noise,noise,-4.09E-14,162087,10,50,15,sec_1800.0,"(54000, 54006)",0.333333333,100
1,200725_SEFL17_MildStressor_g1 Box 1.wmv,noise,noise,0.2,162087,10,50,15,sec_1800.2,"(54006, 54012)",0,100
1,200725_SEFL17_MildStressor_g1 Box 1.wmv,noise,noise,0.4,162087,10,50,15,sec_1800.4,"(54012, 54018)",0,100
1,200725_SEFL17_MildStressor_g1 Box 1.wmv,noise,noise,0.6,162087,10,50,15,sec_1800.6,"(54018, 54024)",0,100
1,200725_SEFL17_MildStressor_g1 Box 1.wmv,noise,noise,0.8,162087,10,50,15,sec_1800.8,"(54024, 54030)",0,100
1,200725_SEFL17_MildStressor_g1 Box 1.wmv,noise,noise,1,162087,10,50,15,sec_1801.0,"(54030, 54036)",0,100
1,200725_SEFL17_MildStressor_g1 Box 1.wmv,noise,noise,1.2,162087,10,50,15,sec_1801.2,"(54036, 54042)",0,100
1,200725_SEFL17_MildStressor_g1 Box 1.wmv,noise,noise,1.4,162087,10,50,15,sec_1801.4,"(54042, 54048)",0,100
1,200725_SEFL17_MildStressor_g1 Box 1.wmv,noise,noise,1.6,162087,10,50,15,sec_1801.6,"(54048, 54054)",0,100
1,200725_SEFL17_MildStressor_g1 Box 1.wmv,noise,noise,1.8,162087,10,50,15,sec_1801.8,"(54054, 54060)",0,100
1,200725_SEFL17_MildStressor_g1 Box 1.wmv,noise,noise,2,162087,10,50,15,sec_1802.0,"(54060, 54066)",0,100
1,200725_SEFL17_MildStressor_g1 Box 1.wmv,noise,noise,2.2,162087,10,50,15,sec_1802.2,"(54066, 54072)",0,100
1,200725_SEFL17_MildStressor_g1 Box 1.wmv,noise,noise,2.4,162087,10,50,15,sec_1802.4,"(54072, 54078)",0,100
1,200725_SEFL17_MildStressor_g1 Box 1.wmv,noise,noise,2.6,162087,10,50,15,sec_1802.6,"(54078, 54084)",0,100
1,200725_SEFL17_MildStressor_g1 Box 1.wmv,noise,noise,2.8,162087,10,50,15,sec_1802.8,"(54084, 54090)",0,100
1,200725_SEFL17_MildStressor_g1 Box 1.wmv,noise,post,3,162087,10,50,15,sec_1803.0,"(54090, 54096)",0,100
1,200725_SEFL17_MildStressor_g1 Box 1.wmv,noise,post,3.2,162087,10,50,15,sec_1803.2,"(54096, 54102)",0,100
1,200725_SEFL17_MildStressor_g1 Box 1.wmv,noise,post,3.4,162087,10,50,15,sec_1803.4,"(54102, 54108)",0,100
1,200725_SEFL17_MildStressor_g1 Box 1.wmv,noise,post,3.6,162087,10,50,15,sec_1803.6,"(54108, 54114)",0,100
1,200725_SEFL17_MildStressor_g1 Box 1.wmv,noise,post,3.8,162087,10,50,15,sec_1803.8,"(54114, 54120)",0,100
1,200725_SEFL17_MildStressor_g1 Box 1.wmv,noise,post,4,162087,10,50,15,sec_1804.0,"(54120, 54126)",0,100
1,200725_SEFL17_MildStressor_g1 Box 1.wmv,noise,post,4.2,162087,10,50,15,sec_1804.2,"(54126, 54132)",0,100
1,200725_SEFL17_MildStressor_g1 Box 1.wmv,noise,post,4.4,162087,10,50,15,sec_1804.4,"(54132, 54138)",0,100
1,200725_SEFL17_MildStressor_g1 Box 1.wmv,noise,post,4.6,162087,10,50,15,sec_1804.6,"(54138, 54144)",0,100
1,200725_SEFL17_MildStressor_g1 Box 1.wmv,noise,post,4.8,162087,10,50,15,sec_1804.8,"(54144, 54150)",0,100
1,200725_SEFL17_MildStressor_g1 Box 1.wmv,noise,post,5,162087,10,50,15,sec_1805.0,"(54150, 54156)",0,100
1,200725_SEFL17_MildStressor_g1 Box 1.wmv,noise,post,5.2,162087,10,50,15,sec_1805.2,"(54156, 54162)",0,100
1,200725_SEFL17_MildStressor_g1 Box 1.wmv,noise,post,5.4,162087,10,50,15,sec_1805.4,"(54162, 54168)",0,100
1,200725_SEFL17_MildStressor_g1 Box 1.wmv,noise,post,5.6,162087,10,50,15,sec_1805.6,"(54168, 54174)",0,100
1,200725_SEFL17_MildStressor_g1 Box 1.wmv,noise,post,5.8,162087,10,50,15,sec_1805.8,"(54174, 54180)",0,100
1,200725_SEFL17_MildStressor_g1 Box 1.wmv,noise,post,6,162087,10,50,15,sec_1806.0,"(54180, 54186)",0,100
1,200725_SEFL17_MildStressor_g1 Box 1.wmv,noise,post,6.2,162087,10,50,15,sec_1806.2,"(54186, 54192)",0,100
1,200725_SEFL17_MildStressor_g1 Box 1.wmv,noise,post,6.4,162087,10,50,15,sec_1806.4,"(54192, 54198)",0,100
1,200725_SEFL17_MildStressor_g1 Box 1.wmv,noise,post,6.6,162087,10,50,15,sec_1806.6,"(54198, 54204)",0,100
1,200725_SEFL17_MildStressor_g1 Box 1.wmv,noise,post,6.8,162087,10,50,15,sec_1806.8,"(54204, 54210)",0,100
1,200725_SEFL17_MildStressor_g1 Box 1.wmv,noise,post,7,162087,10,50,15,sec_1807.0,"(54210, 54216)",0,100
1,200725_SEFL17_MildStressor_g1 Box 1.wmv,noise,post,7.2,162087,10,50,15,sec_1807.2,"(54216, 54222)",0,100
1,200725_SEFL17_MildStressor_g1 Box 1.wmv,noise,post,7.4,162087,10,50,15,sec_1807.4,"(54222, 54228)",0,100
1,200725_SEFL17_MildStressor_g1 Box 1.wmv,noise,post,7.6,162087,10,50,15,sec_1807.6,"(54228, 54234)",0,100
1,200725_SEFL17_MildStressor_g1 Box 1.wmv,noise,post,7.8,162087,10,50,15,sec_1807.8,"(54234, 54240)",0,100
1,200725_SEFL17_MildStressor_g1 Box 1.wmv,noise,post,8,162087,10,50,15,sec_1808.0,"(54240, 54246)",1.5,100
1,200725_SEFL17_MildStressor_g1 Box 1.wmv,noise,post,8.2,162087,10,50,15,sec_1808.2,"(54246, 54252)",0,100
1,200725_SEFL17_MildStressor_g1 Box 1.wmv,noise,post,8.4,162087,10,50,15,sec_1808.4,"(54252, 54258)",0,100
1,200725_SEFL17_MildStressor_g1 Box 1.wmv,noise,post,8.6,162087,10,50,15,sec_1808.6,"(54258, 54264)",0,100
1,200725_SEFL17_MildStressor_g1 Box 1.wmv,noise,post,8.8,162087,10,50,15,sec_1808.8,"(54264, 54270)",0,100
1,200725_SEFL17_MildStressor_g1 Box 1.wmv,noise,post,9,162087,10,50,15,sec_1809.0,"(54270, 54276)",0,100
1,200725_SEFL17_MildStressor_g1 Box 1.wmv,noise,post,9.2,162087,10,50,15,sec_1809.2,"(54276, 54282)",0,100
1,200725_SEFL17_MildStressor_g1 Box 1.wmv,noise,post,9.4,162087,10,50,15,sec_1809.4,"(54282, 54288)",0,100
1,200725_SEFL17_MildStressor_g1 Box 1.wmv,noise,post,9.6,162087,10,50,15,sec_1809.6,"(54288, 54294)",0,100
1,200725_SEFL17_MildStressor_g1 Box 1.wmv,noise,post,9.8,162087,10,50,15,sec_1809.8,"(54294, 54300)",0,100
1,200725_SEFL17_MildStressor_g1 Box 1.wmv,noise,post,10,162087,10,50,15,sec_1810.0,"(54300, 54306)",0,100
1,200725_SEFL17_MildStressor_g1 Box 1.wmv,noise,post,10.2,162087,10,50,15,sec_1810.2,"(54306, 54312)",0,100
1,200725_SEFL17_MildStressor_g1 Box 1.wmv,noise,post,10.4,162087,10,50,15,sec_1810.4,"(54312, 54318)",0,100
1,200725_SEFL17_MildStressor_g1 Box 1.wmv,noise,post,10.6,162087,10,50,15,sec_1810.6,"(54318, 54324)",0,100
1,200725_SEFL17_MildStressor_g1 Box 1.wmv,noise,post,10.8,162087,10,50,15,sec_1810.8,"(54324, 54330)",0,100
1,200725_SEFL17_MildStressor_g1 Box 1.wmv,noise,post,11,162087,10,50,15,sec_1811.0,"(54330, 54336)",0,100
1,200725_SEFL17_MildStressor_g1 Box 1.wmv,noise,post,11.2,162087,10,50,15,sec_1811.2,"(54336, 54342)",0,100
1,200725_SEFL17_MildStressor_g1 Box 1.wmv,noise,post,11.4,162087,10,50,15,sec_1811.4,"(54342, 54348)",0,100
1,200725_SEFL17_MildStressor_g1 Box 1.wmv,noise,post,11.6,162087,10,50,15,sec_1811.6,"(54348, 54354)",0,100
1,200725_SEFL17_MildStressor_g1 Box 1.wmv,noise,post,11.8,162087,10,50,15,sec_1811.8,"(54354, 54360)",0,100
1,200725_SEFL17_MildStressor_g1 Box 1.wmv,noise,post,12,162087,10,50,15,sec_1812.0,"(54360, 54366)",0,100
1,200725_SEFL17_MildStressor_g1 Box 1.wmv,noise,post,12.2,162087,10,50,15,sec_1812.2,"(54366, 54372)",0,100
1,200725_SEFL17_MildStressor_g1 Box 1.wmv,noise,post,12.4,162087,10,50,15,sec_1812.4,"(54372, 54378)",0,100
1,200725_SEFL17_MildStressor_g1 Box 1.wmv,noise,post,12.6,162087,10,50,15,sec_1812.6,"(54378, 54384)",0,100
1,200725_SEFL17_MildStressor_g1 Box 1.wmv,noise,post,12.8,162087,10,50,15,sec_1812.8,"(54384, 54390)",0,100
2,200725_SEFL17_MildStressor_g1 Box 2.wmv,min,pre,-30,162088,10,50,15,min_0,"(0, 1800)",0.028333333,99.94444444
2,200725_SEFL17_MildStressor_g1 Box 2.wmv,min,pre,-29,162088,10,50,15,min_1,"(1800, 3600)",0.016666667,100
2,200725_SEFL17_MildStressor_g1 Box 2.wmv,min,pre,-28,162088,10,50,15,min_2,"(3600, 5400)",0.008888889,100
2,200725_SEFL17_MildStressor_g1 Box 2.wmv,min,pre,-27,162088,10,50,15,min_3,"(5400, 7200)",0.026666667,100
2,200725_SEFL17_MildStressor_g1 Box 2.wmv,min,pre,-26,162088,10,50,15,min_4,"(7200, 9000)",0.033333333,100
2,200725_SEFL17_MildStressor_g1 Box 2.wmv,min,pre,-25,162088,10,50,15,min_5,"(9000, 10800)",0.521666667,99.16666667
2,200725_SEFL17_MildStressor_g1 Box 2.wmv,min,pre,-24,162088,10,50,15,min_6,"(10800, 12600)",0.023333333,100
2,200725_SEFL17_MildStressor_g1 Box 2.wmv,min,pre,-23,162088,10,50,15,min_7,"(12600, 14400)",0.013888889,100
2,200725_SEFL17_MildStressor_g1 Box 2.wmv,min,pre,-22,162088,10,50,15,min_8,"(14400, 16200)",0.015555556,100
2,200725_SEFL17_MildStressor_g1 Box 2.wmv,min,pre,-21,162088,10,50,15,min_9,"(16200, 18000)",0.007777778,100
2,200725_SEFL17_MildStressor_g1 Box 2.wmv,min,pre,-20,162088,10,50,15,min_10,"(18000, 19800)",0.013333333,100
2,200725_SEFL17_MildStressor_g1 Box 2.wmv,min,pre,-19,162088,10,50,15,min_11,"(19800, 21600)",0.016666667,100
2,200725_SEFL17_MildStressor_g1 Box 2.wmv,min,pre,-18,162088,10,50,15,min_12,"(21600, 23400)",0.031666667,100
2,200725_SEFL17_MildStressor_g1 Box 2.wmv,min,pre,-17,162088,10,50,15,min_13,"(23400, 25200)",0.005,100
2,200725_SEFL17_MildStressor_g1 Box 2.wmv,min,pre,-16,162088,10,50,15,min_14,"(25200, 27000)",0.018888889,100
2,200725_SEFL17_MildStressor_g1 Box 2.wmv,min,pre,-15,162088,10,50,15,min_15,"(27000, 28800)",0.020555556,100
2,200725_SEFL17_MildStressor_g1 Box 2.wmv,min,pre,-14,162088,10,50,15,min_16,"(28800, 30600)",0.014444444,100
2,200725_SEFL17_MildStressor_g1 Box 2.wmv,min,pre,-13,162088,10,50,15,min_17,"(30600, 32400)",0.011666667,100
2,200725_SEFL17_MildStressor_g1 Box 2.wmv,min,pre,-12,162088,10,50,15,min_18,"(32400, 34200)",0.010555556,100
2,200725_SEFL17_MildStressor_g1 Box 2.wmv,min,pre,-11,162088,10,50,15,min_19,"(34200, 36000)",0.228333333,99.88888889
2,200725_SEFL17_MildStressor_g1 Box 2.wmv,min,pre,-10,162088,10,50,15,min_20,"(36000, 37800)",0.015555556,100
2,200725_SEFL17_MildStressor_g1 Box 2.wmv,min,pre,-9,162088,10,50,15,min_21,"(37800, 39600)",0.024444444,100
2,200725_SEFL17_MildStressor_g1 Box 2.wmv,min,pre,-8,162088,10,50,15,min_22,"(39600, 41400)",0.121111111,100
2,200725_SEFL17_MildStressor_g1 Box 2.wmv,min,pre,-7,162088,10,50,15,min_23,"(41400, 43200)",0.012777778,100
2,200725_SEFL17_MildStressor_g1 Box 2.wmv,min,pre,-6,162088,10,50,15,min_24,"(43200, 45000)",0.017222222,100
2,200725_SEFL17_MildStressor_g1 Box 2.wmv,min,pre,-5,162088,10,50,15,min_25,"(45000, 46800)",0.01,100
2,200725_SEFL17_MildStressor_g1 Box 2.wmv,min,pre,-4,162088,10,50,15,min_26,"(46800, 48600)",0.012222222,100
2,200725_SEFL17_MildStressor_g1 Box 2.wmv,min,pre,-3,162088,10,50,15,min_27,"(48600, 50400)",1.051666667,98
2,200725_SEFL17_MildStressor_g1 Box 2.wmv,min,pre,-2,162088,10,50,15,min_28,"(50400, 52200)",0.012222222,100
2,200725_SEFL17_MildStressor_g1 Box 2.wmv,min,pre,-1,162088,10,50,15,min_29,"(52200, 54000)",0.011111111,100
2,200725_SEFL17_MildStressor_g1 Box 2.wmv,min,post,0,162088,10,50,15,min_30,"(54000, 55800)",0.016111111,100
2,200725_SEFL17_MildStressor_g1 Box 2.wmv,min,post,1,162088,10,50,15,min_31,"(55800, 57600)",0.025,100
2,200725_SEFL17_MildStressor_g1 Box 2.wmv,min,post,2,162088,10,50,15,min_32,"(57600, 59400)",0.018333333,100
2,200725_SEFL17_MildStressor_g1 Box 2.wmv,min,post,3,162088,10,50,15,min_33,"(59400, 61200)",0.441666667,99.61111111
2,200725_SEFL17_MildStressor_g1 Box 2.wmv,min,post,4,162088,10,50,15,min_34,"(61200, 63000)",0.013888889,100
2,200725_SEFL17_MildStressor_g1 Box 2.wmv,min,post,5,162088,10,50,15,min_35,"(63000, 64800)",0.008888889,100
2,200725_SEFL17_MildStressor_g1 Box 2.wmv,min,post,6,162088,10,50,15,min_36,"(64800, 66600)",0.015555556,100
2,200725_SEFL17_MildStressor_g1 Box 2.wmv,min,post,7,162088,10,50,15,min_37,"(66600, 68400)",0.022777778,100
2,200725_SEFL17_MildStressor_g1 Box 2.wmv,min,post,8,162088,10,50,15,min_38,"(68400, 70200)",0.012222222,100
2,200725_SEFL17_MildStressor_g1 Box 2.wmv,min,post,9,162088,10,50,15,min_39,"(70200, 72000)",0.008333333,100
2,200725_SEFL17_MildStressor_g1 Box 2.wmv,min,post,10,162088,10,50,15,min_40,"(72000, 73800)",0.018333333,100
2,200725_SEFL17_MildStressor_g1 Box 2.wmv,min,post,11,162088,10,50,15,min_41,"(73800, 75600)",2.713333333,96.83333333
2,200725_SEFL17_MildStressor_g1 Box 2.wmv,min,post,12,162088,10,50,15,min_42,"(75600, 77400)",41.23888889,59.11111111
2,200725_SEFL17_MildStressor_g1 Box 2.wmv,min,post,13,162088,10,50,15,min_43,"(77400, 79200)",10.28111111,83.55555556
2,200725_SEFL17_MildStressor_g1 Box 2.wmv,min,post,14,162088,10,50,15,min_44,"(79200, 81000)",10.11,83.33333333
2,200725_SEFL17_MildStressor_g1 Box 2.wmv,min,post,15,162088,10,50,15,min_45,"(81000, 82800)",23.23722222,67.44444444
2,200725_SEFL17_MildStressor_g1 Box 2.wmv,min,post,16,162088,10,50,15,min_46,"(82800, 84600)",0.870555556,99.05555556
2,200725_SEFL17_MildStressor_g1 Box 2.wmv,min,post,17,162088,10,50,15,min_47,"(84600, 86400)",0.020555556,100
2,200725_SEFL17_MildStressor_g1 Box 2.wmv,min,post,18,162088,10,50,15,min_48,"(86400, 88200)",0.033333333,100
2,200725_SEFL17_MildStressor_g1 Box 2.wmv,min,post,19,162088,10,50,15,min_49,"(88200, 90000)",0.037222222,100
2,200725_SEFL17_MildStressor_g1 Box 2.wmv,min,post,20,162088,10,50,15,min_50,"(90000, 91800)",0.016111111,100
2,200725_SEFL17_MildStressor_g1 Box 2.wmv,min,post,21,162088,10,50,15,min_51,"(91800, 93600)",0.031111111,100
2,200725_SEFL17_MildStressor_g1 Box 2.wmv,min,post,22,162088,10,50,15,min_52,"(93600, 95400)",3.010555556,96.5
2,200725_SEFL17_MildStressor_g1 Box 2.wmv,min,post,23,162088,10,50,15,min_53,"(95400, 97200)",0.128333333,100
2,200725_SEFL17_MildStressor_g1 Box 2.wmv,min,post,24,162088,10,50,15,min_54,"(97200, 99000)",0.024444444,100
2,200725_SEFL17_MildStressor_g1 Box 2.wmv,min,post,25,162088,10,50,15,min_55,"(99000, 100800)",0.030555556,100
2,200725_SEFL17_MildStressor_g1 Box 2.wmv,min,post,26,162088,10,50,15,min_56,"(100800, 102600)",0.025555556,100
2,200725_SEFL17_MildStressor_g1 Box 2.wmv,min,post,27,162088,10,50,15,min_57,"(102600, 104400)",5.39,94.66666667
2,200725_SEFL17_MildStressor_g1 Box 2.wmv,min,post,28,162088,10,50,15,min_58,"(104400, 106200)",0.182777778,99.83333333
2,200725_SEFL17_MildStressor_g1 Box 2.wmv,min,post,29,162088,10,50,15,min_59,"(106200, 108000)",0.033888889,100
2,200725_SEFL17_MildStressor_g1 Box 2.wmv,noise,pre,-10,162088,10,50,15,sec_1790.0,"(53700, 53706)",0,100
2,200725_SEFL17_MildStressor_g1 Box 2.wmv,noise,pre,-9.8,162088,10,50,15,sec_1790.2,"(53706, 53712)",0,100
2,200725_SEFL17_MildStressor_g1 Box 2.wmv,noise,pre,-9.6,162088,10,50,15,sec_1790.4,"(53712, 53718)",0,100
2,200725_SEFL17_MildStressor_g1 Box 2.wmv,noise,pre,-9.4,162088,10,50,15,sec_1790.6,"(53718, 53724)",0,100
2,200725_SEFL17_MildStressor_g1 Box 2.wmv,noise,pre,-9.2,162088,10,50,15,sec_1790.8,"(53724, 53730)",0,100
2,200725_SEFL17_MildStressor_g1 Box 2.wmv,noise,pre,-9,162088,10,50,15,sec_1791.0,"(53730, 53736)",0,100
2,200725_SEFL17_MildStressor_g1 Box 2.wmv,noise,pre,-8.8,162088,10,50,15,sec_1791.2,"(53736, 53742)",0,100
2,200725_SEFL17_MildStressor_g1 Box 2.wmv,noise,pre,-8.6,162088,10,50,15,sec_1791.4,"(53742, 53748)",0,100
2,200725_SEFL17_MildStressor_g1 Box 2.wmv,noise,pre,-8.4,162088,10,50,15,sec_1791.6,"(53748, 53754)",0,100
2,200725_SEFL17_MildStressor_g1 Box 2.wmv,noise,pre,-8.2,162088,10,50,15,sec_1791.8,"(53754, 53760)",0,100
2,200725_SEFL17_MildStressor_g1 Box 2.wmv,noise,pre,-8,162088,10,50,15,sec_1792.0,"(53760, 53766)",0.833333333,100
2,200725_SEFL17_MildStressor_g1 Box 2.wmv,noise,pre,-7.8,162088,10,50,15,sec_1792.2,"(53766, 53772)",0,100
2,200725_SEFL17_MildStressor_g1 Box 2.wmv,noise,pre,-7.6,162088,10,50,15,sec_1792.4,"(53772, 53778)",0,100
2,200725_SEFL17_MildStressor_g1 Box 2.wmv,noise,pre,-7.4,162088,10,50,15,sec_1792.6,"(53778, 53784)",0,100
2,200725_SEFL17_MildStressor_g1 Box 2.wmv,noise,pre,-7.2,162088,10,50,15,sec_1792.8,"(53784, 53790)",0,100
2,200725_SEFL17_MildStressor_g1 Box 2.wmv,noise,pre,-7,162088,10,50,15,sec_1793.0,"(53790, 53796)",0,100
2,200725_SEFL17_MildStressor_g1 Box 2.wmv,noise,pre,-6.8,162088,10,50,15,sec_1793.2,"(53796, 53802)",0,100
2,200725_SEFL17_MildStressor_g1 Box 2.wmv,noise,pre,-6.6,162088,10,50,15,sec_1793.4,"(53802, 53808)",0,100
2,200725_SEFL17_MildStressor_g1 Box 2.wmv,noise,pre,-6.4,162088,10,50,15,sec_1793.6,"(53808, 53814)",0,100
2,200725_SEFL17_MildStressor_g1 Box 2.wmv,noise,pre,-6.2,162088,10,50,15,sec_1793.8,"(53814, 53820)",0,100
2,200725_SEFL17_MildStressor_g1 Box 2.wmv,noise,pre,-6,162088,10,50,15,sec_1794.0,"(53820, 53826)",0,100
2,200725_SEFL17_MildStressor_g1 Box 2.wmv,noise,pre,-5.8,162088,10,50,15,sec_1794.2,"(53826, 53832)",0,100
2,200725_SEFL17_MildStressor_g1 Box 2.wmv,noise,pre,-5.6,162088,10,50,15,sec_1794.4,"(53832, 53838)",0,100
2,200725_SEFL17_MildStressor_g1 Box 2.wmv,noise,pre,-5.4,162088,10,50,15,sec_1794.6,"(53838, 53844)",0,100
2,200725_SEFL17_MildStressor_g1 Box 2.wmv,noise,pre,-5.2,162088,10,50,15,sec_1794.8,"(53844, 53850)",0,100
2,200725_SEFL17_MildStressor_g1 Box 2.wmv,noise,pre,-5,162088,10,50,15,sec_1795.0,"(53850, 53856)",0,100
2,200725_SEFL17_MildStressor_g1 Box 2.wmv,noise,pre,-4.8,162088,10,50,15,sec_1795.2,"(53856, 53862)",0,100
2,200725_SEFL17_MildStressor_g1 Box 2.wmv,noise,pre,-4.6,162088,10,50,15,sec_1795.4,"(53862, 53868)",0,100
2,200725_SEFL17_MildStressor_g1 Box 2.wmv,noise,pre,-4.4,162088,10,50,15,sec_1795.6,"(53868, 53874)",0,100
2,200725_SEFL17_MildStressor_g1 Box 2.wmv,noise,pre,-4.2,162088,10,50,15,sec_1795.8,"(53874, 53880)",0,100
2,200725_SEFL17_MildStressor_g1 Box 2.wmv,noise,pre,-4,162088,10,50,15,sec_1796.0,"(53880, 53886)",0,100
2,200725_SEFL17_MildStressor_g1 Box 2.wmv,noise,pre,-3.8,162088,10,50,15,sec_1796.2,"(53886, 53892)",0,100
2,200725_SEFL17_MildStressor_g1 Box 2.wmv,noise,pre,-3.6,162088,10,50,15,sec_1796.4,"(53892, 53898)",0,100
2,200725_SEFL17_MildStressor_g1 Box 2.wmv,noise,pre,-3.4,162088,10,50,15,sec_1796.6,"(53898, 53904)",0,100
2,200725_SEFL17_MildStressor_g1 Box 2.wmv,noise,pre,-3.2,162088,10,50,15,sec_1796.8,"(53904, 53910)",0,100
2,200725_SEFL17_MildStressor_g1 Box 2.wmv,noise,pre,-3,162088,10,50,15,sec_1797.0,"(53910, 53916)",0,100
2,200725_SEFL17_MildStressor_g1 Box 2.wmv,noise,pre,-2.8,162088,10,50,15,sec_1797.2,"(53916, 53922)",0,100
2,200725_SEFL17_MildStressor_g1 Box 2.wmv,noise,pre,-2.6,162088,10,50,15,sec_1797.4,"(53922, 53928)",0,100
2,200725_SEFL17_MildStressor_g1 Box 2.wmv,noise,pre,-2.4,162088,10,50,15,sec_1797.6,"(53928, 53934)",0,100
2,200725_SEFL17_MildStressor_g1 Box 2.wmv,noise,pre,-2.2,162088,10,50,15,sec_1797.8,"(53934, 53940)",0,100
2,200725_SEFL17_MildStressor_g1 Box 2.wmv,noise,pre,-2,162088,10,50,15,sec_1798.0,"(53940, 53946)",0,100
2,200725_SEFL17_MildStressor_g1 Box 2.wmv,noise,pre,-1.8,162088,10,50,15,sec_1798.2,"(53946, 53952)",0,100
2,200725_SEFL17_MildStressor_g1 Box 2.wmv,noise,pre,-1.6,162088,10,50,15,sec_1798.4,"(53952, 53958)",0,100
2,200725_SEFL17_MildStressor_g1 Box 2.wmv,noise,pre,-1.4,162088,10,50,15,sec_1798.6,"(53958, 53964)",0,100
2,200725_SEFL17_MildStressor_g1 Box 2.wmv,noise,pre,-1.2,162088,10,50,15,sec_1798.8,"(53964, 53970)",0,100
2,200725_SEFL17_MildStressor_g1 Box 2.wmv,noise,pre,-1,162088,10,50,15,sec_1799.0,"(53970, 53976)",0,100
2,200725_SEFL17_MildStressor_g1 Box 2.wmv,noise,pre,-0.8,162088,10,50,15,sec_1799.2,"(53976, 53982)",0,100
2,200725_SEFL17_MildStressor_g1 Box 2.wmv,noise,pre,-0.6,162088,10,50,15,sec_1799.4,"(53982, 53988)",0,100
2,200725_SEFL17_MildStressor_g1 Box 2.wmv,noise,pre,-0.4,162088,10,50,15,sec_1799.6,"(53988, 53994)",0,100
2,200725_SEFL17_MildStressor_g1 Box 2.wmv,noise,pre,-0.2,162088,10,50,15,sec_1799.8,"(53994, 54000)",0,100
2,200725_SEFL17_MildStressor_g1 Box 2.wmv,noise,noise,-4.09E-14,162088,10,50,15,sec_1800.0,"(54000, 54006)",0.166666667,100
2,200725_SEFL17_MildStressor_g1 Box 2.wmv,noise,noise,0.2,162088,10,50,15,sec_1800.2,"(54006, 54012)",0,100
2,200725_SEFL17_MildStressor_g1 Box 2.wmv,noise,noise,0.4,162088,10,50,15,sec_1800.4,"(54012, 54018)",0,100
2,200725_SEFL17_MildStressor_g1 Box 2.wmv,noise,noise,0.6,162088,10,50,15,sec_1800.6,"(54018, 54024)",0,100
2,200725_SEFL17_MildStressor_g1 Box 2.wmv,noise,noise,0.8,162088,10,50,15,sec_1800.8,"(54024, 54030)",0,100
2,200725_SEFL17_MildStressor_g1 Box 2.wmv,noise,noise,1,162088,10,50,15,sec_1801.0,"(54030, 54036)",0,100
2,200725_SEFL17_MildStressor_g1 Box 2.wmv,noise,noise,1.2,162088,10,50,15,sec_1801.2,"(54036, 54042)",0,100
2,200725_SEFL17_MildStressor_g1 Box 2.wmv,noise,noise,1.4,162088,10,50,15,sec_1801.4,"(54042, 54048)",0,100
2,200725_SEFL17_MildStressor_g1 Box 2.wmv,noise,noise,1.6,162088,10,50,15,sec_1801.6,"(54048, 54054)",0,100
2,200725_SEFL17_MildStressor_g1 Box 2.wmv,noise,noise,1.8,162088,10,50,15,sec_1801.8,"(54054, 54060)",0,100
2,200725_SEFL17_MildStressor_g1 Box 2.wmv,noise,noise,2,162088,10,50,15,sec_1802.0,"(54060, 54066)",0,100
2,200725_SEFL17_MildStressor_g1 Box 2.wmv,noise,noise,2.2,162088,10,50,15,sec_1802.2,"(54066, 54072)",0,100
2,200725_SEFL17_MildStressor_g1 Box 2.wmv,noise,noise,2.4,162088,10,50,15,sec_1802.4,"(54072, 54078)",0,100
2,200725_SEFL17_MildStressor_g1 Box 2.wmv,noise,noise,2.6,162088,10,50,15,sec_1802.6,"(54078, 54084)",0,100
2,200725_SEFL17_MildStressor_g1 Box 2.wmv,noise,noise,2.8,162088,10,50,15,sec_1802.8,"(54084, 54090)",0,100
2,200725_SEFL17_MildStressor_g1 Box 2.wmv,noise,post,3,162088,10,50,15,sec_1803.0,"(54090, 54096)",0,100
2,200725_SEFL17_MildStressor_g1 Box 2.wmv,noise,post,3.2,162088,10,50,15,sec_1803.2,"(54096, 54102)",0,100
2,200725_SEFL17_MildStressor_g1 Box 2.wmv,noise,post,3.4,162088,10,50,15,sec_1803.4,"(54102, 54108)",0,100
2,200725_SEFL17_MildStressor_g1 Box 2.wmv,noise,post,3.6,162088,10,50,15,sec_1803.6,"(54108, 54114)",0,100
2,200725_SEFL17_MildStressor_g1 Box 2.wmv,noise,post,3.8,162088,10,50,15,sec_1803.8,"(54114, 54120)",0,100
2,200725_SEFL17_MildStressor_g1 Box 2.wmv,noise,post,4,162088,10,50,15,sec_1804.0,"(54120, 54126)",0,100
2,200725_SEFL17_MildStressor_g1 Box 2.wmv,noise,post,4.2,162088,10,50,15,sec_1804.2,"(54126, 54132)",0,100
2,200725_SEFL17_MildStressor_g1 Box 2.wmv,noise,post,4.4,162088,10,50,15,sec_1804.4,"(54132, 54138)",0,100
2,200725_SEFL17_MildStressor_g1 Box 2.wmv,noise,post,4.6,162088,10,50,15,sec_1804.6,"(54138, 54144)",0,100
2,200725_SEFL17_MildStressor_g1 Box 2.wmv,noise,post,4.8,162088,10,50,15,sec_1804.8,"(54144, 54150)",0,100
2,200725_SEFL17_MildStressor_g1 Box 2.wmv,noise,post,5,162088,10,50,15,sec_1805.0,"(54150, 54156)",0,100
2,200725_SEFL17_MildStressor_g1 Box 2.wmv,noise,post,5.2,162088,10,50,15,sec_1805.2,"(54156, 54162)",0,100
2,200725_SEFL17_MildStressor_g1 Box 2.wmv,noise,post,5.4,162088,10,50,15,sec_1805.4,"(54162, 54168)",0,100
2,200725_SEFL17_MildStressor_g1 Box 2.wmv,noise,post,5.6,162088,10,50,15,sec_1805.6,"(54168, 54174)",0,100
2,200725_SEFL17_MildStressor_g1 Box 2.wmv,noise,post,5.8,162088,10,50,15,sec_1805.8,"(54174, 54180)",0,100
2,200725_SEFL17_MildStressor_g1 Box 2.wmv,noise,post,6,162088,10,50,15,sec_1806.0,"(54180, 54186)",0,100
2,200725_SEFL17_MildStressor_g1 Box 2.wmv,noise,post,6.2,162088,10,50,15,sec_1806.2,"(54186, 54192)",0,100
2,200725_SEFL17_MildStressor_g1 Box 2.wmv,noise,post,6.4,162088,10,50,15,sec_1806.4,"(54192, 54198)",0,100
2,200725_SEFL17_MildStressor_g1 Box 2.wmv,noise,post,6.6,162088,10,50,15,sec_1806.6,"(54198, 54204)",0,100
2,200725_SEFL17_MildStressor_g1 Box 2.wmv,noise,post,6.8,162088,10,50,15,sec_1806.8,"(54204, 54210)",0,100
2,200725_SEFL17_MildStressor_g1 Box 2.wmv,noise,post,7,162088,10,50,15,sec_1807.0,"(54210, 54216)",0,100
2,200725_SEFL17_MildStressor_g1 Box 2.wmv,noise,post,7.2,162088,10,50,15,sec_1807.2,"(54216, 54222)",0,100
2,200725_SEFL17_MildStressor_g1 Box 2.wmv,noise,post,7.4,162088,10,50,15,sec_1807.4,"(54222, 54228)",0,100
2,200725_SEFL17_MildStressor_g1 Box 2.wmv,noise,post,7.6,162088,10,50,15,sec_1807.6,"(54228, 54234)",0,100
2,200725_SEFL17_MildStressor_g1 Box 2.wmv,noise,post,7.8,162088,10,50,15,sec_1807.8,"(54234, 54240)",0,100
2,200725_SEFL17_MildStressor_g1 Box 2.wmv,noise,post,8,162088,10,50,15,sec_1808.0,"(54240, 54246)",0.333333333,100
2,200725_SEFL17_MildStressor_g1 Box 2.wmv,noise,post,8.2,162088,10,50,15,sec_1808.2,"(54246, 54252)",0,100
2,200725_SEFL17_MildStressor_g1 Box 2.wmv,noise,post,8.4,162088,10,50,15,sec_1808.4,"(54252, 54258)",0,100
2,200725_SEFL17_MildStressor_g1 Box 2.wmv,noise,post,8.6,162088,10,50,15,sec_1808.6,"(54258, 54264)",0,100
2,200725_SEFL17_MildStressor_g1 Box 2.wmv,noise,post,8.8,162088,10,50,15,sec_1808.8,"(54264, 54270)",0,100
2,200725_SEFL17_MildStressor_g1 Box 2.wmv,noise,post,9,162088,10,50,15,sec_1809.0,"(54270, 54276)",0,100
2,200725_SEFL17_MildStressor_g1 Box 2.wmv,noise,post,9.2,162088,10,50,15,sec_1809.2,"(54276, 54282)",0,100
2,200725_SEFL17_MildStressor_g1 Box 2.wmv,noise,post,9.4,162088,10,50,15,sec_1809.4,"(54282, 54288)",0,100
2,200725_SEFL17_MildStressor_g1 Box 2.wmv,noise,post,9.6,162088,10,50,15,sec_1809.6,"(54288, 54294)",0,100
2,200725_SEFL17_MildStressor_g1 Box 2.wmv,noise,post,9.8,162088,10,50,15,sec_1809.8,"(54294, 54300)",0,100
2,200725_SEFL17_MildStressor_g1 Box 2.wmv,noise,post,10,162088,10,50,15,sec_1810.0,"(54300, 54306)",0,100
2,200725_SEFL17_MildStressor_g1 Box 2.wmv,noise,post,10.2,162088,10,50,15,sec_1810.2,"(54306, 54312)",0,100
2,200725_SEFL17_MildStressor_g1 Box 2.wmv,noise,post,10.4,162088,10,50,15,sec_1810.4,"(54312, 54318)",0,100
2,200725_SEFL17_MildStressor_g1 Box 2.wmv,noise,post,10.6,162088,10,50,15,sec_1810.6,"(54318, 54324)",0,100
2,200725_SEFL17_MildStressor_g1 Box 2.wmv,noise,post,10.8,162088,10,50,15,sec_1810.8,"(54324, 54330)",0,100
2,200725_SEFL17_MildStressor_g1 Box 2.wmv,noise,post,11,162088,10,50,15,sec_1811.0,"(54330, 54336)",0,100
2,200725_SEFL17_MildStressor_g1 Box 2.wmv,noise,post,11.2,162088,10,50,15,sec_1811.2,"(54336, 54342)",0,100
2,200725_SEFL17_MildStressor_g1 Box 2.wmv,noise,post,11.4,162088,10,50,15,sec_1811.4,"(54342, 54348)",0,100
2,200725_SEFL17_MildStressor_g1 Box 2.wmv,noise,post,11.6,162088,10,50,15,sec_1811.6,"(54348, 54354)",0,100
2,200725_SEFL17_MildStressor_g1 Box 2.wmv,noise,post,11.8,162088,10,50,15,sec_1811.8,"(54354, 54360)",0,100
2,200725_SEFL17_MildStressor_g1 Box 2.wmv,noise,post,12,162088,10,50,15,sec_1812.0,"(54360, 54366)",0,100
2,200725_SEFL17_MildStressor_g1 Box 2.wmv,noise,post,12.2,162088,10,50,15,sec_1812.2,"(54366, 54372)",0,100
2,200725_SEFL17_MildStressor_g1 Box 2.wmv,noise,post,12.4,162088,10,50,15,sec_1812.4,"(54372, 54378)",0,100
2,200725_SEFL17_MildStressor_g1 Box 2.wmv,noise,post,12.6,162088,10,50,15,sec_1812.6,"(54378, 54384)",0,100
2,200725_SEFL17_MildStressor_g1 Box 2.wmv,noise,post,12.8,162088,10,50,15,sec_1812.8,"(54384, 54390)",0,100
3,200725_SEFL17_MildStressor_g1 Box 3.wmv,min,pre,-30,162087,10,50,15,min_0,"(0, 1800)",0.005555556,99.94444444
3,200725_SEFL17_MildStressor_g1 Box 3.wmv,min,pre,-29,162087,10,50,15,min_1,"(1800, 3600)",0.018333333,100
3,200725_SEFL17_MildStressor_g1 Box 3.wmv,min,pre,-28,162087,10,50,15,min_2,"(3600, 5400)",0.015555556,100
3,200725_SEFL17_MildStressor_g1 Box 3.wmv,min,pre,-27,162087,10,50,15,min_3,"(5400, 7200)",0.017222222,100
3,200725_SEFL17_MildStressor_g1 Box 3.wmv,min,pre,-26,162087,10,50,15,min_4,"(7200, 9000)",0.016666667,100
3,200725_SEFL17_MildStressor_g1 Box 3.wmv,min,pre,-25,162087,10,50,15,min_5,"(9000, 10800)",1.465,98.61111111
3,200725_SEFL17_MildStressor_g1 Box 3.wmv,min,pre,-24,162087,10,50,15,min_6,"(10800, 12600)",13.92722222,76.44444444
3,200725_SEFL17_MildStressor_g1 Box 3.wmv,min,pre,-23,162087,10,50,15,min_7,"(12600, 14400)",0.012777778,100
3,200725_SEFL17_MildStressor_g1 Box 3.wmv,min,pre,-22,162087,10,50,15,min_8,"(14400, 16200)",0.011111111,100
3,200725_SEFL17_MildStressor_g1 Box 3.wmv,min,pre,-21,162087,10,50,15,min_9,"(16200, 18000)",0.006111111,100
3,200725_SEFL17_MildStressor_g1 Box 3.wmv,min,pre,-20,162087,10,50,15,min_10,"(18000, 19800)",0.531111111,99.55555556
3,200725_SEFL17_MildStressor_g1 Box 3.wmv,min,pre,-19,162087,10,50,15,min_11,"(19800, 21600)",0.006666667,100
3,200725_SEFL17_MildStressor_g1 Box 3.wmv,min,pre,-18,162087,10,50,15,min_12,"(21600, 23400)",0.029444444,100
3,200725_SEFL17_MildStressor_g1 Box 3.wmv,min,pre,-17,162087,10,50,15,min_13,"(23400, 25200)",0.007222222,100
3,200725_SEFL17_MildStressor_g1 Box 3.wmv,min,pre,-16,162087,10,50,15,min_14,"(25200, 27000)",1.059444444,98.88888889
3,200725_SEFL17_MildStressor_g1 Box 3.wmv,min,pre,-15,162087,10,50,15,min_15,"(27000, 28800)",0.013888889,100
3,200725_SEFL17_MildStressor_g1 Box 3.wmv,min,pre,-14,162087,10,50,15,min_16,"(28800, 30600)",0.005,100
3,200725_SEFL17_MildStressor_g1 Box 3.wmv,min,pre,-13,162087,10,50,15,min_17,"(30600, 32400)",1.381666667,98.66666667
3,200725_SEFL17_MildStressor_g1 Box 3.wmv,min,pre,-12,162087,10,50,15,min_18,"(32400, 34200)",0.030555556,100
3,200725_SEFL17_MildStressor_g1 Box 3.wmv,min,pre,-11,162087,10,50,15,min_19,"(34200, 36000)",2.105555556,97
3,200725_SEFL17_MildStressor_g1 Box 3.wmv,min,pre,-10,162087,10,50,15,min_20,"(36000, 37800)",0.024444444,100
3,200725_SEFL17_MildStressor_g1 Box 3.wmv,min,pre,-9,162087,10,50,15,min_21,"(37800, 39600)",0.139444444,99.66666667
3,200725_SEFL17_MildStressor_g1 Box 3.wmv,min,pre,-8,162087,10,50,15,min_22,"(39600, 41400)",0.295,99.88888889
3,200725_SEFL17_MildStressor_g1 Box 3.wmv,min,pre,-7,162087,10,50,15,min_23,"(41400, 43200)",0.013333333,100
3,200725_SEFL17_MildStressor_g1 Box 3.wmv,min,pre,-6,162087,10,50,15,min_24,"(43200, 45000)",0.02,100
3,200725_SEFL17_MildStressor_g1 Box 3.wmv,min,pre,-5,162087,10,50,15,min_25,"(45000, 46800)",0.015555556,100
3,200725_SEFL17_MildStressor_g1 Box 3.wmv,min,pre,-4,162087,10,50,15,min_26,"(46800, 48600)",0.006666667,100
3,200725_SEFL17_MildStressor_g1 Box 3.wmv,min,pre,-3,162087,10,50,15,min_27,"(48600, 50400)",1.32,98.5
3,200725_SEFL17_MildStressor_g1 Box 3.wmv,min,pre,-2,162087,10,50,15,min_28,"(50400, 52200)",0.021666667,100
3,200725_SEFL17_MildStressor_g1 Box 3.wmv,min,pre,-1,162087,10,50,15,min_29,"(52200, 54000)",0.162222222,99.88888889
3,200725_SEFL17_MildStressor_g1 Box 3.wmv,min,post,0,162087,10,50,15,min_30,"(54000, 55800)",0.016666667,100
3,200725_SEFL17_MildStressor_g1 Box 3.wmv,min,post,1,162087,10,50,15,min_31,"(55800, 57600)",0.023333333,100
3,200725_SEFL17_MildStressor_g1 Box 3.wmv,min,post,2,162087,10,50,15,min_32,"(57600, 59400)",0.028888889,100
3,200725_SEFL17_MildStressor_g1 Box 3.wmv,min,post,3,162087,10,50,15,min_33,"(59400, 61200)",0.005555556,100
3,200725_SEFL17_MildStressor_g1 Box 3.wmv,min,post,4,162087,10,50,15,min_34,"(61200, 63000)",0.023888889,100
3,200725_SEFL17_MildStressor_g1 Box 3.wmv,min,post,5,162087,10,50,15,min_35,"(63000, 64800)",0.020555556,100
3,200725_SEFL17_MildStressor_g1 Box 3.wmv,min,post,6,162087,10,50,15,min_36,"(64800, 66600)",0.023888889,100
3,200725_SEFL17_MildStressor_g1 Box 3.wmv,min,post,7,162087,10,50,15,min_37,"(66600, 68400)",0.017222222,100
3,200725_SEFL17_MildStressor_g1 Box 3.wmv,min,post,8,162087,10,50,15,min_38,"(68400, 70200)",0.012777778,100
3,200725_SEFL17_MildStressor_g1 Box 3.wmv,min,post,9,162087,10,50,15,min_39,"(70200, 72000)",0.860555556,98.38888889
3,200725_SEFL17_MildStressor_g1 Box 3.wmv,min,post,10,162087,10,50,15,min_40,"(72000, 73800)",0.031666667,100
3,200725_SEFL17_MildStressor_g1 Box 3.wmv,min,post,11,162087,10,50,15,min_41,"(73800, 75600)",0.003333333,100
3,200725_SEFL17_MildStressor_g1 Box 3.wmv,min,post,12,162087,10,50,15,min_42,"(75600, 77400)",0.011666667,100
3,200725_SEFL17_MildStressor_g1 Box 3.wmv,min,post,13,162087,10,50,15,min_43,"(77400, 79200)",0.007222222,100
3,200725_SEFL17_MildStressor_g1 Box 3.wmv,min,post,14,162087,10,50,15,min_44,"(79200, 81000)",0.023333333,100
3,200725_SEFL17_MildStressor_g1 Box 3.wmv,min,post,15,162087,10,50,15,min_45,"(81000, 82800)",0.015555556,100
3,200725_SEFL17_MildStressor_g1 Box 3.wmv,min,post,16,162087,10,50,15,min_46,"(82800, 84600)",0.028888889,100
3,200725_SEFL17_MildStressor_g1 Box 3.wmv,min,post,17,162087,10,50,15,min_47,"(84600, 86400)",0.007222222,100
3,200725_SEFL17_MildStressor_g1 Box 3.wmv,min,post,18,162087,10,50,15,min_48,"(86400, 88200)",0.014444444,100
3,200725_SEFL17_MildStressor_g1 Box 3.wmv,min,post,19,162087,10,50,15,min_49,"(88200, 90000)",0.018333333,100
3,200725_SEFL17_MildStressor_g1 Box 3.wmv,min,post,20,162087,10,50,15,min_50,"(90000, 91800)",0.01,100
3,200725_SEFL17_MildStressor_g1 Box 3.wmv,min,post,21,162087,10,50,15,min_51,"(91800, 93600)",0.014444444,100
3,200725_SEFL17_MildStressor_g1 Box 3.wmv,min,post,22,162087,10,50,15,min_52,"(93600, 95400)",0.013888889,100
3,200725_SEFL17_MildStressor_g1 Box 3.wmv,min,post,23,162087,10,50,15,min_53,"(95400, 97200)",0.026666667,100
3,200725_SEFL17_MildStressor_g1 Box 3.wmv,min,post,24,162087,10,50,15,min_54,"(97200, 99000)",0.012222222,100
3,200725_SEFL17_MildStressor_g1 Box 3.wmv,min,post,25,162087,10,50,15,min_55,"(99000, 100800)",1.976111111,96.55555556
3,200725_SEFL17_MildStressor_g1 Box 3.wmv,min,post,26,162087,10,50,15,min_56,"(100800, 102600)",13.24111111,84.66666667
3,200725_SEFL17_MildStressor_g1 Box 3.wmv,min,post,27,162087,10,50,15,min_57,"(102600, 104400)",20.34388889,65.55555556
3,200725_SEFL17_MildStressor_g1 Box 3.wmv,min,post,28,162087,10,50,15,min_58,"(104400, 106200)",29.41777778,45.11111111
3,200725_SEFL17_MildStressor_g1 Box 3.wmv,min,post,29,162087,10,50,15,min_59,"(106200, 108000)",24.01722222,48.88888889
3,200725_SEFL17_MildStressor_g1 Box 3.wmv,noise,pre,-10,162087,10,50,15,sec_1790.0,"(53700, 53706)",0,100
3,200725_SEFL17_MildStressor_g1 Box 3.wmv,noise,pre,-9.8,162087,10,50,15,sec_1790.2,"(53706, 53712)",0,100
3,200725_SEFL17_MildStressor_g1 Box 3.wmv,noise,pre,-9.6,162087,10,50,15,sec_1790.4,"(53712, 53718)",0,100
3,200725_SEFL17_MildStressor_g1 Box 3.wmv,noise,pre,-9.4,162087,10,50,15,sec_1790.6,"(53718, 53724)",0,100
3,200725_SEFL17_MildStressor_g1 Box 3.wmv,noise,pre,-9.2,162087,10,50,15,sec_1790.8,"(53724, 53730)",0,100
3,200725_SEFL17_MildStressor_g1 Box 3.wmv,noise,pre,-9,162087,10,50,15,sec_1791.0,"(53730, 53736)",0,100
3,200725_SEFL17_MildStressor_g1 Box 3.wmv,noise,pre,-8.8,162087,10,50,15,sec_1791.2,"(53736, 53742)",0,100
3,200725_SEFL17_MildStressor_g1 Box 3.wmv,noise,pre,-8.6,162087,10,50,15,sec_1791.4,"(53742, 53748)",0,100
3,200725_SEFL17_MildStressor_g1 Box 3.wmv,noise,pre,-8.4,162087,10,50,15,sec_1791.6,"(53748, 53754)",0,100
3,200725_SEFL17_MildStressor_g1 Box 3.wmv,noise,pre,-8.2,162087,10,50,15,sec_1791.8,"(53754, 53760)",0,100
3,200725_SEFL17_MildStressor_g1 Box 3.wmv,noise,pre,-8,162087,10,50,15,sec_1792.0,"(53760, 53766)",0.666666667,100
3,200725_SEFL17_MildStressor_g1 Box 3.wmv,noise,pre,-7.8,162087,10,50,15,sec_1792.2,"(53766, 53772)",0,100
3,200725_SEFL17_MildStressor_g1 Box 3.wmv,noise,pre,-7.6,162087,10,50,15,sec_1792.4,"(53772, 53778)",0,100
3,200725_SEFL17_MildStressor_g1 Box 3.wmv,noise,pre,-7.4,162087,10,50,15,sec_1792.6,"(53778, 53784)",0,100
3,200725_SEFL17_MildStressor_g1 Box 3.wmv,noise,pre,-7.2,162087,10,50,15,sec_1792.8,"(53784, 53790)",0,100
3,200725_SEFL17_MildStressor_g1 Box 3.wmv,noise,pre,-7,162087,10,50,15,sec_1793.0,"(53790, 53796)",0,100
3,200725_SEFL17_MildStressor_g1 Box 3.wmv,noise,pre,-6.8,162087,10,50,15,sec_1793.2,"(53796, 53802)",0,100
3,200725_SEFL17_MildStressor_g1 Box 3.wmv,noise,pre,-6.6,162087,10,50,15,sec_1793.4,"(53802, 53808)",0,100
3,200725_SEFL17_MildStressor_g1 Box 3.wmv,noise,pre,-6.4,162087,10,50,15,sec_1793.6,"(53808, 53814)",0,100
3,200725_SEFL17_MildStressor_g1 Box 3.wmv,noise,pre,-6.2,162087,10,50,15,sec_1793.8,"(53814, 53820)",0,100
3,200725_SEFL17_MildStressor_g1 Box 3.wmv,noise,pre,-6,162087,10,50,15,sec_1794.0,"(53820, 53826)",0,100
3,200725_SEFL17_MildStressor_g1 Box 3.wmv,noise,pre,-5.8,162087,10,50,15,sec_1794.2,"(53826, 53832)",0,100
3,200725_SEFL17_MildStressor_g1 Box 3.wmv,noise,pre,-5.6,162087,10,50,15,sec_1794.4,"(53832, 53838)",0,100
3,200725_SEFL17_MildStressor_g1 Box 3.wmv,noise,pre,-5.4,162087,10,50,15,sec_1794.6,"(53838, 53844)",0,100
3,200725_SEFL17_MildStressor_g1 Box 3.wmv,noise,pre,-5.2,162087,10,50,15,sec_1794.8,"(53844, 53850)",0,100
3,200725_SEFL17_MildStressor_g1 Box 3.wmv,noise,pre,-5,162087,10,50,15,sec_1795.0,"(53850, 53856)",0,100
3,200725_SEFL17_MildStressor_g1 Box 3.wmv,noise,pre,-4.8,162087,10,50,15,sec_1795.2,"(53856, 53862)",0,100
3,200725_SEFL17_MildStressor_g1 Box 3.wmv,noise,pre,-4.6,162087,10,50,15,sec_1795.4,"(53862, 53868)",0,100
3,200725_SEFL17_MildStressor_g1 Box 3.wmv,noise,pre,-4.4,162087,10,50,15,sec_1795.6,"(53868, 53874)",0,100
3,200725_SEFL17_MildStressor_g1 Box 3.wmv,noise,pre,-4.2,162087,10,50,15,sec_1795.8,"(53874, 53880)",0,100
3,200725_SEFL17_MildStressor_g1 Box 3.wmv,noise,pre,-4,162087,10,50,15,sec_1796.0,"(53880, 53886)",0,100
3,200725_SEFL17_MildStressor_g1 Box 3.wmv,noise,pre,-3.8,162087,10,50,15,sec_1796.2,"(53886, 53892)",0,100
3,200725_SEFL17_MildStressor_g1 Box 3.wmv,noise,pre,-3.6,162087,10,50,15,sec_1796.4,"(53892, 53898)",0,100
3,200725_SEFL17_MildStressor_g1 Box 3.wmv,noise,pre,-3.4,162087,10,50,15,sec_1796.6,"(53898, 53904)",0,100
3,200725_SEFL17_MildStressor_g1 Box 3.wmv,noise,pre,-3.2,162087,10,50,15,sec_1796.8,"(53904, 53910)",0,100
3,200725_SEFL17_MildStressor_g1 Box 3.wmv,noise,pre,-3,162087,10,50,15,sec_1797.0,"(53910, 53916)",0,100
3,200725_SEFL17_MildStressor_g1 Box 3.wmv,noise,pre,-2.8,162087,10,50,15,sec_1797.2,"(53916, 53922)",0,100
3,200725_SEFL17_MildStressor_g1 Box 3.wmv,noise,pre,-2.6,162087,10,50,15,sec_1797.4,"(53922, 53928)",0,100
3,200725_SEFL17_MildStressor_g1 Box 3.wmv,noise,pre,-2.4,162087,10,50,15,sec_1797.6,"(53928, 53934)",0,100
3,200725_SEFL17_MildStressor_g1 Box 3.wmv,noise,pre,-2.2,162087,10,50,15,sec_1797.8,"(53934, 53940)",0,100
3,200725_SEFL17_MildStressor_g1 Box 3.wmv,noise,pre,-2,162087,10,50,15,sec_1798.0,"(53940, 53946)",0,100
3,200725_SEFL17_MildStressor_g1 Box 3.wmv,noise,pre,-1.8,162087,10,50,15,sec_1798.2,"(53946, 53952)",0,100
3,200725_SEFL17_MildStressor_g1 Box 3.wmv,noise,pre,-1.6,162087,10,50,15,sec_1798.4,"(53952, 53958)",0,100
3,200725_SEFL17_MildStressor_g1 Box 3.wmv,noise,pre,-1.4,162087,10,50,15,sec_1798.6,"(53958, 53964)",0,100
3,200725_SEFL17_MildStressor_g1 Box 3.wmv,noise,pre,-1.2,162087,10,50,15,sec_1798.8,"(53964, 53970)",0,100
3,200725_SEFL17_MildStressor_g1 Box 3.wmv,noise,pre,-1,162087,10,50,15,sec_1799.0,"(53970, 53976)",0,100
3,200725_SEFL17_MildStressor_g1 Box 3.wmv,noise,pre,-0.8,162087,10,50,15,sec_1799.2,"(53976, 53982)",0,100
3,200725_SEFL17_MildStressor_g1 Box 3.wmv,noise,pre,-0.6,162087,10,50,15,sec_1799.4,"(53982, 53988)",0,100
3,200725_SEFL17_MildStressor_g1 Box 3.wmv,noise,pre,-0.4,162087,10,50,15,sec_1799.6,"(53988, 53994)",0,100
3,200725_SEFL17_MildStressor_g1 Box 3.wmv,noise,pre,-0.2,162087,10,50,15,sec_1799.8,"(53994, 54000)",0,100
3,200725_SEFL17_MildStressor_g1 Box 3.wmv,noise,noise,-4.09E-14,162087,10,50,15,sec_1800.0,"(54000, 54006)",1.333333333,100
3,200725_SEFL17_MildStressor_g1 Box 3.wmv,noise,noise,0.2,162087,10,50,15,sec_1800.2,"(54006, 54012)",0,100
3,200725_SEFL17_MildStressor_g1 Box 3.wmv,noise,noise,0.4,162087,10,50,15,sec_1800.4,"(54012, 54018)",0,100
3,200725_SEFL17_MildStressor_g1 Box 3.wmv,noise,noise,0.6,162087,10,50,15,sec_1800.6,"(54018, 54024)",0,100
3,200725_SEFL17_MildStressor_g1 Box 3.wmv,noise,noise,0.8,162087,10,50,15,sec_1800.8,"(54024, 54030)",0,100
3,200725_SEFL17_MildStressor_g1 Box 3.wmv,noise,noise,1,162087,10,50,15,sec_1801.0,"(54030, 54036)",0,100
3,200725_SEFL17_MildStressor_g1 Box 3.wmv,noise,noise,1.2,162087,10,50,15,sec_1801.2,"(54036, 54042)",0,100
3,200725_SEFL17_MildStressor_g1 Box 3.wmv,noise,noise,1.4,162087,10,50,15,sec_1801.4,"(54042, 54048)",0,100
3,200725_SEFL17_MildStressor_g1 Box 3.wmv,noise,noise,1.6,162087,10,50,15,sec_1801.6,"(54048, 54054)",0,100
3,200725_SEFL17_MildStressor_g1 Box 3.wmv,noise,noise,1.8,162087,10,50,15,sec_1801.8,"(54054, 54060)",0,100
3,200725_SEFL17_MildStressor_g1 Box 3.wmv,noise,noise,2,162087,10,50,15,sec_1802.0,"(54060, 54066)",0,100
3,200725_SEFL17_MildStressor_g1 Box 3.wmv,noise,noise,2.2,162087,10,50,15,sec_1802.2,"(54066, 54072)",0,100
3,200725_SEFL17_MildStressor_g1 Box 3.wmv,noise,noise,2.4,162087,10,50,15,sec_1802.4,"(54072, 54078)",0,100
3,200725_SEFL17_MildStressor_g1 Box 3.wmv,noise,noise,2.6,162087,10,50,15,sec_1802.6,"(54078, 54084)",0,100
3,200725_SEFL17_MildStressor_g1 Box 3.wmv,noise,noise,2.8,162087,10,50,15,sec_1802.8,"(54084, 54090)",0,100
3,200725_SEFL17_MildStressor_g1 Box 3.wmv,noise,post,3,162087,10,50,15,sec_1803.0,"(54090, 54096)",0,100
3,200725_SEFL17_MildStressor_g1 Box 3.wmv,noise,post,3.2,162087,10,50,15,sec_1803.2,"(54096, 54102)",0,100
3,200725_SEFL17_MildStressor_g1 Box 3.wmv,noise,post,3.4,162087,10,50,15,sec_1803.4,"(54102, 54108)",0,100
3,200725_SEFL17_MildStressor_g1 Box 3.wmv,noise,post,3.6,162087,10,50,15,sec_1803.6,"(54108, 54114)",0,100
3,200725_SEFL17_MildStressor_g1 Box 3.wmv,noise,post,3.8,162087,10,50,15,sec_1803.8,"(54114, 54120)",0,100
3,200725_SEFL17_MildStressor_g1 Box 3.wmv,noise,post,4,162087,10,50,15,sec_1804.0,"(54120, 54126)",0,100
3,200725_SEFL17_MildStressor_g1 Box 3.wmv,noise,post,4.2,162087,10,50,15,sec_1804.2,"(54126, 54132)",0,100
3,200725_SEFL17_MildStressor_g1 Box 3.wmv,noise,post,4.4,162087,10,50,15,sec_1804.4,"(54132, 54138)",0,100
3,200725_SEFL17_MildStressor_g1 Box 3.wmv,noise,post,4.6,162087,10,50,15,sec_1804.6,"(54138, 54144)",0,100
3,200725_SEFL17_MildStressor_g1 Box 3.wmv,noise,post,4.8,162087,10,50,15,sec_1804.8,"(54144, 54150)",0,100
3,200725_SEFL17_MildStressor_g1 Box 3.wmv,noise,post,5,162087,10,50,15,sec_1805.0,"(54150, 54156)",0,100
3,200725_SEFL17_MildStressor_g1 Box 3.wmv,noise,post,5.2,162087,10,50,15,sec_1805.2,"(54156, 54162)",0,100
3,200725_SEFL17_MildStressor_g1 Box 3.wmv,noise,post,5.4,162087,10,50,15,sec_1805.4,"(54162, 54168)",0,100
3,200725_SEFL17_MildStressor_g1 Box 3.wmv,noise,post,5.6,162087,10,50,15,sec_1805.6,"(54168, 54174)",0,100
3,200725_SEFL17_MildStressor_g1 Box 3.wmv,noise,post,5.8,162087,10,50,15,sec_1805.8,"(54174, 54180)",0,100
3,200725_SEFL17_MildStressor_g1 Box 3.wmv,noise,post,6,162087,10,50,15,sec_1806.0,"(54180, 54186)",0,100
3,200725_SEFL17_MildStressor_g1 Box 3.wmv,noise,post,6.2,162087,10,50,15,sec_1806.2,"(54186, 54192)",0,100
3,200725_SEFL17_MildStressor_g1 Box 3.wmv,noise,post,6.4,162087,10,50,15,sec_1806.4,"(54192, 54198)",0,100
3,200725_SEFL17_MildStressor_g1 Box 3.wmv,noise,post,6.6,162087,10,50,15,sec_1806.6,"(54198, 54204)",0,100
3,200725_SEFL17_MildStressor_g1 Box 3.wmv,noise,post,6.8,162087,10,50,15,sec_1806.8,"(54204, 54210)",0,100
3,200725_SEFL17_MildStressor_g1 Box 3.wmv,noise,post,7,162087,10,50,15,sec_1807.0,"(54210, 54216)",0,100
3,200725_SEFL17_MildStressor_g1 Box 3.wmv,noise,post,7.2,162087,10,50,15,sec_1807.2,"(54216, 54222)",0,100
3,200725_SEFL17_MildStressor_g1 Box 3.wmv,noise,post,7.4,162087,10,50,15,sec_1807.4,"(54222, 54228)",0,100
3,200725_SEFL17_MildStressor_g1 Box 3.wmv,noise,post,7.6,162087,10,50,15,sec_1807.6,"(54228, 54234)",0,100
3,200725_SEFL17_MildStressor_g1 Box 3.wmv,noise,post,7.8,162087,10,50,15,sec_1807.8,"(54234, 54240)",0,100
3,200725_SEFL17_MildStressor_g1 Box 3.wmv,noise,post,8,162087,10,50,15,sec_1808.0,"(54240, 54246)",0.166666667,100
3,200725_SEFL17_MildStressor_g1 Box 3.wmv,noise,post,8.2,162087,10,50,15,sec_1808.2,"(54246, 54252)",0,100
3,200725_SEFL17_MildStressor_g1 Box 3.wmv,noise,post,8.4,162087,10,50,15,sec_1808.4,"(54252, 54258)",0,100
3,200725_SEFL17_MildStressor_g1 Box 3.wmv,noise,post,8.6,162087,10,50,15,sec_1808.6,"(54258, 54264)",0,100
3,200725_SEFL17_MildStressor_g1 Box 3.wmv,noise,post,8.8,162087,10,50,15,sec_1808.8,"(54264, 54270)",0,100
3,200725_SEFL17_MildStressor_g1 Box 3.wmv,noise,post,9,162087,10,50,15,sec_1809.0,"(54270, 54276)",0,100
3,200725_SEFL17_MildStressor_g1 Box 3.wmv,noise,post,9.2,162087,10,50,15,sec_1809.2,"(54276, 54282)",0,100
3,200725_SEFL17_MildStressor_g1 Box 3.wmv,noise,post,9.4,162087,10,50,15,sec_1809.4,"(54282, 54288)",0,100
3,200725_SEFL17_MildStressor_g1 Box 3.wmv,noise,post,9.6,162087,10,50,15,sec_1809.6,"(54288, 54294)",0,100
3,200725_SEFL17_MildStressor_g1 Box 3.wmv,noise,post,9.8,162087,10,50,15,sec_1809.8,"(54294, 54300)",0,100
3,200725_SEFL17_MildStressor_g1 Box 3.wmv,noise,post,10,162087,10,50,15,sec_1810.0,"(54300, 54306)",0,100
3,200725_SEFL17_MildStressor_g1 Box 3.wmv,noise,post,10.2,162087,10,50,15,sec_1810.2,"(54306, 54312)",0,100
3,200725_SEFL17_MildStressor_g1 Box 3.wmv,noise,post,10.4,162087,10,50,15,sec_1810.4,"(54312, 54318)",0,100
3,200725_SEFL17_MildStressor_g1 Box 3.wmv,noise,post,10.6,162087,10,50,15,sec_1810.6,"(54318, 54324)",0,100
3,200725_SEFL17_MildStressor_g1 Box 3.wmv,noise,post,10.8,162087,10,50,15,sec_1810.8,"(54324, 54330)",0,100
3,200725_SEFL17_MildStressor_g1 Box 3.wmv,noise,post,11,162087,10,50,15,sec_1811.0,"(54330, 54336)",0,100
3,200725_SEFL17_MildStressor_g1 Box 3.wmv,noise,post,11.2,162087,10,50,15,sec_1811.2,"(54336, 54342)",0,100
3,200725_SEFL17_MildStressor_g1 Box 3.wmv,noise,post,11.4,162087,10,50,15,sec_1811.4,"(54342, 54348)",0,100
3,200725_SEFL17_MildStressor_g1 Box 3.wmv,noise,post,11.6,162087,10,50,15,sec_1811.6,"(54348, 54354)",0,100
3,200725_SEFL17_MildStressor_g1 Box 3.wmv,noise,post,11.8,162087,10,50,15,sec_1811.8,"(54354, 54360)",0,100
3,200725_SEFL17_MildStressor_g1 Box 3.wmv,noise,post,12,162087,10,50,15,sec_1812.0,"(54360, 54366)",0,100
3,200725_SEFL17_MildStressor_g1 Box 3.wmv,noise,post,12.2,162087,10,50,15,sec_1812.2,"(54366, 54372)",0,100
3,200725_SEFL17_MildStressor_g1 Box 3.wmv,noise,post,12.4,162087,10,50,15,sec_1812.4,"(54372, 54378)",0,100
3,200725_SEFL17_MildStressor_g1 Box 3.wmv,noise,post,12.6,162087,10,50,15,sec_1812.6,"(54378, 54384)",0,100
3,200725_SEFL17_MildStressor_g1 Box 3.wmv,noise,post,12.8,162087,10,50,15,sec_1812.8,"(54384, 54390)",0,100
4,200725_SEFL17_MildStressor_g1 Box 4.wmv,min,pre,-30,162087,10,50,15,min_0,"(0, 1800)",0.012777778,99.94444444
4,200725_SEFL17_MildStressor_g1 Box 4.wmv,min,pre,-29,162087,10,50,15,min_1,"(1800, 3600)",0.034444444,100
4,200725_SEFL17_MildStressor_g1 Box 4.wmv,min,pre,-28,162087,10,50,15,min_2,"(3600, 5400)",0.01,100
4,200725_SEFL17_MildStressor_g1 Box 4.wmv,min,pre,-27,162087,10,50,15,min_3,"(5400, 7200)",0.214444444,100
4,200725_SEFL17_MildStressor_g1 Box 4.wmv,min,pre,-26,162087,10,50,15,min_4,"(7200, 9000)",0.019444444,100
4,200725_SEFL17_MildStressor_g1 Box 4.wmv,min,pre,-25,162087,10,50,15,min_5,"(9000, 10800)",0.009444444,100
4,200725_SEFL17_MildStressor_g1 Box 4.wmv,min,pre,-24,162087,10,50,15,min_6,"(10800, 12600)",0.302777778,100
4,200725_SEFL17_MildStressor_g1 Box 4.wmv,min,pre,-23,162087,10,50,15,min_7,"(12600, 14400)",0.132777778,99.94444444
4,200725_SEFL17_MildStressor_g1 Box 4.wmv,min,pre,-22,162087,10,50,15,min_8,"(14400, 16200)",0.007222222,100
4,200725_SEFL17_MildStressor_g1 Box 4.wmv,min,pre,-21,162087,10,50,15,min_9,"(16200, 18000)",0.018333333,100
4,200725_SEFL17_MildStressor_g1 Box 4.wmv,min,pre,-20,162087,10,50,15,min_10,"(18000, 19800)",1.687777778,98.38888889
4,200725_SEFL17_MildStressor_g1 Box 4.wmv,min,pre,-19,162087,10,50,15,min_11,"(19800, 21600)",1.081111111,99.05555556
4,200725_SEFL17_MildStressor_g1 Box 4.wmv,min,pre,-18,162087,10,50,15,min_12,"(21600, 23400)",0.013333333,100
4,200725_SEFL17_MildStressor_g1 Box 4.wmv,min,pre,-17,162087,10,50,15,min_13,"(23400, 25200)",0.007222222,100
4,200725_SEFL17_MildStressor_g1 Box 4.wmv,min,pre,-16,162087,10,50,15,min_14,"(25200, 27000)",0.022222222,100
4,200725_SEFL17_MildStressor_g1 Box 4.wmv,min,pre,-15,162087,10,50,15,min_15,"(27000, 28800)",1.932222222,97.05555556
4,200725_SEFL17_MildStressor_g1 Box 4.wmv,min,pre,-14,162087,10,50,15,min_16,"(28800, 30600)",0.010555556,100
4,200725_SEFL17_MildStressor_g1 Box 4.wmv,min,pre,-13,162087,10,50,15,min_17,"(30600, 32400)",0.006111111,100
4,200725_SEFL17_MildStressor_g1 Box 4.wmv,min,pre,-12,162087,10,50,15,min_18,"(32400, 34200)",0.017222222,100
4,200725_SEFL17_MildStressor_g1 Box 4.wmv,min,pre,-11,162087,10,50,15,min_19,"(34200, 36000)",2.2,97.66666667
4,200725_SEFL17_MildStressor_g1 Box 4.wmv,min,pre,-10,162087,10,50,15,min_20,"(36000, 37800)",0.020555556,100
4,200725_SEFL17_MildStressor_g1 Box 4.wmv,min,pre,-9,162087,10,50,15,min_21,"(37800, 39600)",1.658333333,97.38888889
4,200725_SEFL17_MildStressor_g1 Box 4.wmv,min,pre,-8,162087,10,50,15,min_22,"(39600, 41400)",0.013888889,100
4,200725_SEFL17_MildStressor_g1 Box 4.wmv,min,pre,-7,162087,10,50,15,min_23,"(41400, 43200)",0.008888889,100
4,200725_SEFL17_MildStressor_g1 Box 4.wmv,min,pre,-6,162087,10,50,15,min_24,"(43200, 45000)",0.198333333,99.94444444
4,200725_SEFL17_MildStressor_g1 Box 4.wmv,min,pre,-5,162087,10,50,15,min_25,"(45000, 46800)",0.023888889,100
4,200725_SEFL17_MildStressor_g1 Box 4.wmv,min,pre,-4,162087,10,50,15,min_26,"(46800, 48600)",0.020555556,100
4,200725_SEFL17_MildStressor_g1 Box 4.wmv,min,pre,-3,162087,10,50,15,min_27,"(48600, 50400)",0.011111111,100
4,200725_SEFL17_MildStressor_g1 Box 4.wmv,min,pre,-2,162087,10,50,15,min_28,"(50400, 52200)",0.003333333,100
4,200725_SEFL17_MildStressor_g1 Box 4.wmv,min,pre,-1,162087,10,50,15,min_29,"(52200, 54000)",0.008888889,100
4,200725_SEFL17_MildStressor_g1 Box 4.wmv,min,post,0,162087,10,50,15,min_30,"(54000, 55800)",0.019444444,100
4,200725_SEFL17_MildStressor_g1 Box 4.wmv,min,post,1,162087,10,50,15,min_31,"(55800, 57600)",0.016111111,100
4,200725_SEFL17_MildStressor_g1 Box 4.wmv,min,post,2,162087,10,50,15,min_32,"(57600, 59400)",0.013888889,100
4,200725_SEFL17_MildStressor_g1 Box 4.wmv,min,post,3,162087,10,50,15,min_33,"(59400, 61200)",0.01,100
4,200725_SEFL17_MildStressor_g1 Box 4.wmv,min,post,4,162087,10,50,15,min_34,"(61200, 63000)",0.015,100
4,200725_SEFL17_MildStressor_g1 Box 4.wmv,min,post,5,162087,10,50,15,min_35,"(63000, 64800)",0.005,100
4,200725_SEFL17_MildStressor_g1 Box 4.wmv,min,post,6,162087,10,50,15,min_36,"(64800, 66600)",0.019444444,100
4,200725_SEFL17_MildStressor_g1 Box 4.wmv,min,post,7,162087,10,50,15,min_37,"(66600, 68400)",0.877777778,99.72222222
4,200725_SEFL17_MildStressor_g1 Box 4.wmv,min,post,8,162087,10,50,15,min_38,"(68400, 70200)",17.11444444,72.5
4,200725_SEFL17_MildStressor_g1 Box 4.wmv,min,post,9,162087,10,50,15,min_39,"(70200, 72000)",48.19111111,37.61111111
4,200725_SEFL17_MildStressor_g1 Box 4.wmv,min,post,10,162087,10,50,15,min_40,"(72000, 73800)",50.07833333,21.72222222
4,200725_SEFL17_MildStressor_g1 Box 4.wmv,min,post,11,162087,10,50,15,min_41,"(73800, 75600)",49.97277778,32.55555556
4,200725_SEFL17_MildStressor_g1 Box 4.wmv,min,post,12,162087,10,50,15,min_42,"(75600, 77400)",16.25166667,72.27777778
4,200725_SEFL17_MildStressor_g1 Box 4.wmv,min,post,13,162087,10,50,15,min_43,"(77400, 79200)",15.17277778,77.05555556
4,200725_SEFL17_MildStressor_g1 Box 4.wmv,min,post,14,162087,10,50,15,min_44,"(79200, 81000)",103.3016667,41.05555556
4,200725_SEFL17_MildStressor_g1 Box 4.wmv,min,post,15,162087,10,50,15,min_45,"(81000, 82800)",164.2544444,11.33333333
4,200725_SEFL17_MildStressor_g1 Box 4.wmv,min,post,16,162087,10,50,15,min_46,"(82800, 84600)",62.05888889,39.33333333
4,200725_SEFL17_MildStressor_g1 Box 4.wmv,min,post,17,162087,10,50,15,min_47,"(84600, 86400)",57.56333333,36.11111111
4,200725_SEFL17_MildStressor_g1 Box 4.wmv,min,post,18,162087,10,50,15,min_48,"(86400, 88200)",35.82888889,66.11111111
4,200725_SEFL17_MildStressor_g1 Box 4.wmv,min,post,19,162087,10,50,15,min_49,"(88200, 90000)",65.91888889,51.22222222
4,200725_SEFL17_MildStressor_g1 Box 4.wmv,min,post,20,162087,10,50,15,min_50,"(90000, 91800)",66.91888889,45
4,200725_SEFL17_MildStressor_g1 Box 4.wmv,min,post,21,162087,10,50,15,min_51,"(91800, 93600)",118.7466667,44.61111111
4,200725_SEFL17_MildStressor_g1 Box 4.wmv,min,post,22,162087,10,50,15,min_52,"(93600, 95400)",242.1972222,5.777777778
4,200725_SEFL17_MildStressor_g1 Box 4.wmv,min,post,23,162087,10,50,15,min_53,"(95400, 97200)",31.34833333,67.05555556
4,200725_SEFL17_MildStressor_g1 Box 4.wmv,min,post,24,162087,10,50,15,min_54,"(97200, 99000)",0.824444444,99.55555556
4,200725_SEFL17_MildStressor_g1 Box 4.wmv,min,post,25,162087,10,50,15,min_55,"(99000, 100800)",0.019444444,100
4,200725_SEFL17_MildStressor_g1 Box 4.wmv,min,post,26,162087,10,50,15,min_56,"(100800, 102600)",0.890555556,98
4,200725_SEFL17_MildStressor_g1 Box 4.wmv,min,post,27,162087,10,50,15,min_57,"(102600, 104400)",2.953333333,96.61111111
4,200725_SEFL17_MildStressor_g1 Box 4.wmv,min,post,28,162087,10,50,15,min_58,"(104400, 106200)",0.510555556,98.44444444
4,200725_SEFL17_MildStressor_g1 Box 4.wmv,min,post,29,162087,10,50,15,min_59,"(106200, 108000)",0.007222222,100
4,200725_SEFL17_MildStressor_g1 Box 4.wmv,noise,pre,-10,162087,10,50,15,sec_1790.0,"(53700, 53706)",0,100
4,200725_SEFL17_MildStressor_g1 Box 4.wmv,noise,pre,-9.8,162087,10,50,15,sec_1790.2,"(53706, 53712)",0,100
4,200725_SEFL17_MildStressor_g1 Box 4.wmv,noise,pre,-9.6,162087,10,50,15,sec_1790.4,"(53712, 53718)",0,100
4,200725_SEFL17_MildStressor_g1 Box 4.wmv,noise,pre,-9.4,162087,10,50,15,sec_1790.6,"(53718, 53724)",0,100
4,200725_SEFL17_MildStressor_g1 Box 4.wmv,noise,pre,-9.2,162087,10,50,15,sec_1790.8,"(53724, 53730)",0,100
4,200725_SEFL17_MildStressor_g1 Box 4.wmv,noise,pre,-9,162087,10,50,15,sec_1791.0,"(53730, 53736)",0,100
4,200725_SEFL17_MildStressor_g1 Box 4.wmv,noise,pre,-8.8,162087,10,50,15,sec_1791.2,"(53736, 53742)",0,100
4,200725_SEFL17_MildStressor_g1 Box 4.wmv,noise,pre,-8.6,162087,10,50,15,sec_1791.4,"(53742, 53748)",0,100
4,200725_SEFL17_MildStressor_g1 Box 4.wmv,noise,pre,-8.4,162087,10,50,15,sec_1791.6,"(53748, 53754)",0,100
4,200725_SEFL17_MildStressor_g1 Box 4.wmv,noise,pre,-8.2,162087,10,50,15,sec_1791.8,"(53754, 53760)",0,100
4,200725_SEFL17_MildStressor_g1 Box 4.wmv,noise,pre,-8,162087,10,50,15,sec_1792.0,"(53760, 53766)",1.166666667,100
4,200725_SEFL17_MildStressor_g1 Box 4.wmv,noise,pre,-7.8,162087,10,50,15,sec_1792.2,"(53766, 53772)",0,100
4,200725_SEFL17_MildStressor_g1 Box 4.wmv,noise,pre,-7.6,162087,10,50,15,sec_1792.4,"(53772, 53778)",0,100
4,200725_SEFL17_MildStressor_g1 Box 4.wmv,noise,pre,-7.4,162087,10,50,15,sec_1792.6,"(53778, 53784)",0,100
4,200725_SEFL17_MildStressor_g1 Box 4.wmv,noise,pre,-7.2,162087,10,50,15,sec_1792.8,"(53784, 53790)",0,100
4,200725_SEFL17_MildStressor_g1 Box 4.wmv,noise,pre,-7,162087,10,50,15,sec_1793.0,"(53790, 53796)",0,100
4,200725_SEFL17_MildStressor_g1 Box 4.wmv,noise,pre,-6.8,162087,10,50,15,sec_1793.2,"(53796, 53802)",0,100
4,200725_SEFL17_MildStressor_g1 Box 4.wmv,noise,pre,-6.6,162087,10,50,15,sec_1793.4,"(53802, 53808)",0,100
4,200725_SEFL17_MildStressor_g1 Box 4.wmv,noise,pre,-6.4,162087,10,50,15,sec_1793.6,"(53808, 53814)",0,100
4,200725_SEFL17_MildStressor_g1 Box 4.wmv,noise,pre,-6.2,162087,10,50,15,sec_1793.8,"(53814, 53820)",0,100
4,200725_SEFL17_MildStressor_g1 Box 4.wmv,noise,pre,-6,162087,10,50,15,sec_1794.0,"(53820, 53826)",0,100
4,200725_SEFL17_MildStressor_g1 Box 4.wmv,noise,pre,-5.8,162087,10,50,15,sec_1794.2,"(53826, 53832)",0,100
4,200725_SEFL17_MildStressor_g1 Box 4.wmv,noise,pre,-5.6,162087,10,50,15,sec_1794.4,"(53832, 53838)",0,100
4,200725_SEFL17_MildStressor_g1 Box 4.wmv,noise,pre,-5.4,162087,10,50,15,sec_1794.6,"(53838, 53844)",0,100
4,200725_SEFL17_MildStressor_g1 Box 4.wmv,noise,pre,-5.2,162087,10,50,15,sec_1794.8,"(53844, 53850)",0,100
4,200725_SEFL17_MildStressor_g1 Box 4.wmv,noise,pre,-5,162087,10,50,15,sec_1795.0,"(53850, 53856)",0,100
4,200725_SEFL17_MildStressor_g1 Box 4.wmv,noise,pre,-4.8,162087,10,50,15,sec_1795.2,"(53856, 53862)",0,100
4,200725_SEFL17_MildStressor_g1 Box 4.wmv,noise,pre,-4.6,162087,10,50,15,sec_1795.4,"(53862, 53868)",0,100
4,200725_SEFL17_MildStressor_g1 Box 4.wmv,noise,pre,-4.4,162087,10,50,15,sec_1795.6,"(53868, 53874)",0,100
4,200725_SEFL17_MildStressor_g1 Box 4.wmv,noise,pre,-4.2,162087,10,50,15,sec_1795.8,"(53874, 53880)",0,100
4,200725_SEFL17_MildStressor_g1 Box 4.wmv,noise,pre,-4,162087,10,50,15,sec_1796.0,"(53880, 53886)",0,100
4,200725_SEFL17_MildStressor_g1 Box 4.wmv,noise,pre,-3.8,162087,10,50,15,sec_1796.2,"(53886, 53892)",0,100
4,200725_SEFL17_MildStressor_g1 Box 4.wmv,noise,pre,-3.6,162087,10,50,15,sec_1796.4,"(53892, 53898)",0,100
4,200725_SEFL17_MildStressor_g1 Box 4.wmv,noise,pre,-3.4,162087,10,50,15,sec_1796.6,"(53898, 53904)",0,100
4,200725_SEFL17_MildStressor_g1 Box 4.wmv,noise,pre,-3.2,162087,10,50,15,sec_1796.8,"(53904, 53910)",0,100
4,200725_SEFL17_MildStressor_g1 Box 4.wmv,noise,pre,-3,162087,10,50,15,sec_1797.0,"(53910, 53916)",0,100
4,200725_SEFL17_MildStressor_g1 Box 4.wmv,noise,pre,-2.8,162087,10,50,15,sec_1797.2,"(53916, 53922)",0,100
4,200725_SEFL17_MildStressor_g1 Box 4.wmv,noise,pre,-2.6,162087,10,50,15,sec_1797.4,"(53922, 53928)",0,100
4,200725_SEFL17_MildStressor_g1 Box 4.wmv,noise,pre,-2.4,162087,10,50,15,sec_1797.6,"(53928, 53934)",0,100
4,200725_SEFL17_MildStressor_g1 Box 4.wmv,noise,pre,-2.2,162087,10,50,15,sec_1797.8,"(53934, 53940)",0,100
4,200725_SEFL17_MildStressor_g1 Box 4.wmv,noise,pre,-2,162087,10,50,15,sec_1798.0,"(53940, 53946)",0,100
4,200725_SEFL17_MildStressor_g1 Box 4.wmv,noise,pre,-1.8,162087,10,50,15,sec_1798.2,"(53946, 53952)",0,100
4,200725_SEFL17_MildStressor_g1 Box 4.wmv,noise,pre,-1.6,162087,10,50,15,sec_1798.4,"(53952, 53958)",0,100
4,200725_SEFL17_MildStressor_g1 Box 4.wmv,noise,pre,-1.4,162087,10,50,15,sec_1798.6,"(53958, 53964)",0,100
4,200725_SEFL17_MildStressor_g1 Box 4.wmv,noise,pre,-1.2,162087,10,50,15,sec_1798.8,"(53964, 53970)",0,100
4,200725_SEFL17_MildStressor_g1 Box 4.wmv,noise,pre,-1,162087,10,50,15,sec_1799.0,"(53970, 53976)",0,100
4,200725_SEFL17_MildStressor_g1 Box 4.wmv,noise,pre,-0.8,162087,10,50,15,sec_1799.2,"(53976, 53982)",0,100
4,200725_SEFL17_MildStressor_g1 Box 4.wmv,noise,pre,-0.6,162087,10,50,15,sec_1799.4,"(53982, 53988)",0,100
4,200725_SEFL17_MildStressor_g1 Box 4.wmv,noise,pre,-0.4,162087,10,50,15,sec_1799.6,"(53988, 53994)",0,100
4,200725_SEFL17_MildStressor_g1 Box 4.wmv,noise,pre,-0.2,162087,10,50,15,sec_1799.8,"(53994, 54000)",0,100
4,200725_SEFL17_MildStressor_g1 Box 4.wmv,noise,noise,-4.09E-14,162087,10,50,15,sec_1800.0,"(54000, 54006)",0.166666667,100
4,200725_SEFL17_MildStressor_g1 Box 4.wmv,noise,noise,0.2,162087,10,50,15,sec_1800.2,"(54006, 54012)",0,100
4,200725_SEFL17_MildStressor_g1 Box 4.wmv,noise,noise,0.4,162087,10,50,15,sec_1800.4,"(54012, 54018)",0,100
4,200725_SEFL17_MildStressor_g1 Box 4.wmv,noise,noise,0.6,162087,10,50,15,sec_1800.6,"(54018, 54024)",0,100
4,200725_SEFL17_MildStressor_g1 Box 4.wmv,noise,noise,0.8,162087,10,50,15,sec_1800.8,"(54024, 54030)",0,100
4,200725_SEFL17_MildStressor_g1 Box 4.wmv,noise,noise,1,162087,10,50,15,sec_1801.0,"(54030, 54036)",0,100
4,200725_SEFL17_MildStressor_g1 Box 4.wmv,noise,noise,1.2,162087,10,50,15,sec_1801.2,"(54036, 54042)",0,100
4,200725_SEFL17_MildStressor_g1 Box 4.wmv,noise,noise,1.4,162087,10,50,15,sec_1801.4,"(54042, 54048)",0,100
4,200725_SEFL17_MildStressor_g1 Box 4.wmv,noise,noise,1.6,162087,10,50,15,sec_1801.6,"(54048, 54054)",0,100
4,200725_SEFL17_MildStressor_g1 Box 4.wmv,noise,noise,1.8,162087,10,50,15,sec_1801.8,"(54054, 54060)",0,100
4,200725_SEFL17_MildStressor_g1 Box 4.wmv,noise,noise,2,162087,10,50,15,sec_1802.0,"(54060, 54066)",0,100
4,200725_SEFL17_MildStressor_g1 Box 4.wmv,noise,noise,2.2,162087,10,50,15,sec_1802.2,"(54066, 54072)",0,100
4,200725_SEFL17_MildStressor_g1 Box 4.wmv,noise,noise,2.4,162087,10,50,15,sec_1802.4,"(54072, 54078)",0,100
4,200725_SEFL17_MildStressor_g1 Box 4.wmv,noise,noise,2.6,162087,10,50,15,sec_1802.6,"(54078, 54084)",0,100
4,200725_SEFL17_MildStressor_g1 Box 4.wmv,noise,noise,2.8,162087,10,50,15,sec_1802.8,"(54084, 54090)",0,100
4,200725_SEFL17_MildStressor_g1 Box 4.wmv,noise,post,3,162087,10,50,15,sec_1803.0,"(54090, 54096)",0,100
4,200725_SEFL17_MildStressor_g1 Box 4.wmv,noise,post,3.2,162087,10,50,15,sec_1803.2,"(54096, 54102)",0,100
4,200725_SEFL17_MildStressor_g1 Box 4.wmv,noise,post,3.4,162087,10,50,15,sec_1803.4,"(54102, 54108)",0,100
4,200725_SEFL17_MildStressor_g1 Box 4.wmv,noise,post,3.6,162087,10,50,15,sec_1803.6,"(54108, 54114)",0,100
4,200725_SEFL17_MildStressor_g1 Box 4.wmv,noise,post,3.8,162087,10,50,15,sec_1803.8,"(54114, 54120)",0,100
4,200725_SEFL17_MildStressor_g1 Box 4.wmv,noise,post,4,162087,10,50,15,sec_1804.0,"(54120, 54126)",0,100
4,200725_SEFL17_MildStressor_g1 Box 4.wmv,noise,post,4.2,162087,10,50,15,sec_1804.2,"(54126, 54132)",0,100
4,200725_SEFL17_MildStressor_g1 Box 4.wmv,noise,post,4.4,162087,10,50,15,sec_1804.4,"(54132, 54138)",0,100
4,200725_SEFL17_MildStressor_g1 Box 4.wmv,noise,post,4.6,162087,10,50,15,sec_1804.6,"(54138, 54144)",0,100
4,200725_SEFL17_MildStressor_g1 Box 4.wmv,noise,post,4.8,162087,10,50,15,sec_1804.8,"(54144, 54150)",0,100
4,200725_SEFL17_MildStressor_g1 Box 4.wmv,noise,post,5,162087,10,50,15,sec_1805.0,"(54150, 54156)",0,100
4,200725_SEFL17_MildStressor_g1 Box 4.wmv,noise,post,5.2,162087,10,50,15,sec_1805.2,"(54156, 54162)",0,100
4,200725_SEFL17_MildStressor_g1 Box 4.wmv,noise,post,5.4,162087,10,50,15,sec_1805.4,"(54162, 54168)",0,100
4,200725_SEFL17_MildStressor_g1 Box 4.wmv,noise,post,5.6,162087,10,50,15,sec_1805.6,"(54168, 54174)",0,100
4,200725_SEFL17_MildStressor_g1 Box 4.wmv,noise,post,5.8,162087,10,50,15,sec_1805.8,"(54174, 54180)",0,100
4,200725_SEFL17_MildStressor_g1 Box 4.wmv,noise,post,6,162087,10,50,15,sec_1806.0,"(54180, 54186)",0,100
4,200725_SEFL17_MildStressor_g1 Box 4.wmv,noise,post,6.2,162087,10,50,15,sec_1806.2,"(54186, 54192)",0,100
4,200725_SEFL17_MildStressor_g1 Box 4.wmv,noise,post,6.4,162087,10,50,15,sec_1806.4,"(54192, 54198)",0,100
4,200725_SEFL17_MildStressor_g1 Box 4.wmv,noise,post,6.6,162087,10,50,15,sec_1806.6,"(54198, 54204)",0,100
4,200725_SEFL17_MildStressor_g1 Box 4.wmv,noise,post,6.8,162087,10,50,15,sec_1806.8,"(54204, 54210)",0,100
4,200725_SEFL17_MildStressor_g1 Box 4.wmv,noise,post,7,162087,10,50,15,sec_1807.0,"(54210, 54216)",0,100
4,200725_SEFL17_MildStressor_g1 Box 4.wmv,noise,post,7.2,162087,10,50,15,sec_1807.2,"(54216, 54222)",0,100
4,200725_SEFL17_MildStressor_g1 Box 4.wmv,noise,post,7.4,162087,10,50,15,sec_1807.4,"(54222, 54228)",0,100
4,200725_SEFL17_MildStressor_g1 Box 4.wmv,noise,post,7.6,162087,10,50,15,sec_1807.6,"(54228, 54234)",0,100
4,200725_SEFL17_MildStressor_g1 Box 4.wmv,noise,post,7.8,162087,10,50,15,sec_1807.8,"(54234, 54240)",0,100
4,200725_SEFL17_MildStressor_g1 Box 4.wmv,noise,post,8,162087,10,50,15,sec_1808.0,"(54240, 54246)",0.333333333,100
4,200725_SEFL17_MildStressor_g1 Box 4.wmv,noise,post,8.2,162087,10,50,15,sec_1808.2,"(54246, 54252)",0,100
4,200725_SEFL17_MildStressor_g1 Box 4.wmv,noise,post,8.4,162087,10,50,15,sec_1808.4,"(54252, 54258)",0,100
4,200725_SEFL17_MildStressor_g1 Box 4.wmv,noise,post,8.6,162087,10,50,15,sec_1808.6,"(54258, 54264)",0,100
4,200725_SEFL17_MildStressor_g1 Box 4.wmv,noise,post,8.8,162087,10,50,15,sec_1808.8,"(54264, 54270)",0,100
4,200725_SEFL17_MildStressor_g1 Box 4.wmv,noise,post,9,162087,10,50,15,sec_1809.0,"(54270, 54276)",0,100
4,200725_SEFL17_MildStressor_g1 Box 4.wmv,noise,post,9.2,162087,10,50,15,sec_1809.2,"(54276, 54282)",0,100
4,200725_SEFL17_MildStressor_g1 Box 4.wmv,noise,post,9.4,162087,10,50,15,sec_1809.4,"(54282, 54288)",0,100
4,200725_SEFL17_MildStressor_g1 Box 4.wmv,noise,post,9.6,162087,10,50,15,sec_1809.6,"(54288, 54294)",0,100
4,200725_SEFL17_MildStressor_g1 Box 4.wmv,noise,post,9.8,162087,10,50,15,sec_1809.8,"(54294, 54300)",0,100
4,200725_SEFL17_MildStressor_g1 Box 4.wmv,noise,post,10,162087,10,50,15,sec_1810.0,"(54300, 54306)",0,100
4,200725_SEFL17_MildStressor_g1 Box 4.wmv,noise,post,10.2,162087,10,50,15,sec_1810.2,"(54306, 54312)",0,100
4,200725_SEFL17_MildStressor_g1 Box 4.wmv,noise,post,10.4,162087,10,50,15,sec_1810.4,"(54312, 54318)",0,100
4,200725_SEFL17_MildStressor_g1 Box 4.wmv,noise,post,10.6,162087,10,50,15,sec_1810.6,"(54318, 54324)",0,100
4,200725_SEFL17_MildStressor_g1 Box 4.wmv,noise,post,10.8,162087,10,50,15,sec_1810.8,"(54324, 54330)",0,100
4,200725_SEFL17_MildStressor_g1 Box 4.wmv,noise,post,11,162087,10,50,15,sec_1811.0,"(54330, 54336)",0,100
4,200725_SEFL17_MildStressor_g1 Box 4.wmv,noise,post,11.2,162087,10,50,15,sec_1811.2,"(54336, 54342)",0,100
4,200725_SEFL17_MildStressor_g1 Box 4.wmv,noise,post,11.4,162087,10,50,15,sec_1811.4,"(54342, 54348)",0,100
4,200725_SEFL17_MildStressor_g1 Box 4.wmv,noise,post,11.6,162087,10,50,15,sec_1811.6,"(54348, 54354)",0,100
4,200725_SEFL17_MildStressor_g1 Box 4.wmv,noise,post,11.8,162087,10,50,15,sec_1811.8,"(54354, 54360)",0,100
4,200725_SEFL17_MildStressor_g1 Box 4.wmv,noise,post,12,162087,10,50,15,sec_1812.0,"(54360, 54366)",0,100
4,200725_SEFL17_MildStressor_g1 Box 4.wmv,noise,post,12.2,162087,10,50,15,sec_1812.2,"(54366, 54372)",0,100
4,200725_SEFL17_MildStressor_g1 Box 4.wmv,noise,post,12.4,162087,10,50,15,sec_1812.4,"(54372, 54378)",0,100
4,200725_SEFL17_MildStressor_g1 Box 4.wmv,noise,post,12.6,162087,10,50,15,sec_1812.6,"(54378, 54384)",0,100
4,200725_SEFL17_MildStressor_g1 Box 4.wmv,noise,post,12.8,162087,10,50,15,sec_1812.8,"(54384, 54390)",0,100
5,200726_SEFL17_MildStressor_g2 Box 1.wmv,min,pre,-30,108088,10,50,15,min_0,"(0, 1800)",270.8138889,7.888888889
5,200726_SEFL17_MildStressor_g2 Box 1.wmv,min,pre,-29,108088,10,50,15,min_1,"(1800, 3600)",287.935,2.333333333
5,200726_SEFL17_MildStressor_g2 Box 1.wmv,min,pre,-28,108088,10,50,15,min_2,"(3600, 5400)",328.4638889,0
5,200726_SEFL17_MildStressor_g2 Box 1.wmv,min,pre,-27,108088,10,50,15,min_3,"(5400, 7200)",307.7961111,6
5,200726_SEFL17_MildStressor_g2 Box 1.wmv,min,pre,-26,108088,10,50,15,min_4,"(7200, 9000)",212.8461111,4.111111111
5,200726_SEFL17_MildStressor_g2 Box 1.wmv,min,pre,-25,108088,10,50,15,min_5,"(9000, 10800)",85.81111111,19.22222222
5,200726_SEFL17_MildStressor_g2 Box 1.wmv,min,pre,-24,108088,10,50,15,min_6,"(10800, 12600)",271.245,14.16666667
5,200726_SEFL17_MildStressor_g2 Box 1.wmv,min,pre,-23,108088,10,50,15,min_7,"(12600, 14400)",267.5638889,1.5
5,200726_SEFL17_MildStressor_g2 Box 1.wmv,min,pre,-22,108088,10,50,15,min_8,"(14400, 16200)",560.365,0
5,200726_SEFL17_MildStressor_g2 Box 1.wmv,min,pre,-21,108088,10,50,15,min_9,"(16200, 18000)",354.4438889,5.277777778
5,200726_SEFL17_MildStressor_g2 Box 1.wmv,min,pre,-20,108088,10,50,15,min_10,"(18000, 19800)",369.3105556,2.611111111
5,200726_SEFL17_MildStressor_g2 Box 1.wmv,min,pre,-19,108088,10,50,15,min_11,"(19800, 21600)",165.0033333,30.94444444
5,200726_SEFL17_MildStressor_g2 Box 1.wmv,min,pre,-18,108088,10,50,15,min_12,"(21600, 23400)",424.1738889,0.944444444
5,200726_SEFL17_MildStressor_g2 Box 1.wmv,min,pre,-17,108088,10,50,15,min_13,"(23400, 25200)",459.4361111,0
5,200726_SEFL17_MildStressor_g2 Box 1.wmv,min,pre,-16,108088,10,50,15,min_14,"(25200, 27000)",391.9938889,2.166666667
5,200726_SEFL17_MildStressor_g2 Box 1.wmv,min,pre,-15,108088,10,50,15,min_15,"(27000, 28800)",256.0577778,3
5,200726_SEFL17_MildStressor_g2 Box 1.wmv,min,pre,-14,108088,10,50,15,min_16,"(28800, 30600)",158.6411111,29.77777778
5,200726_SEFL17_MildStressor_g2 Box 1.wmv,min,pre,-13,108088,10,50,15,min_17,"(30600, 32400)",72.60444444,24.33333333
5,200726_SEFL17_MildStressor_g2 Box 1.wmv,min,pre,-12,108088,10,50,15,min_18,"(32400, 34200)",46.42222222,40.38888889
5,200726_SEFL17_MildStressor_g2 Box 1.wmv,min,pre,-11,108088,10,50,15,min_19,"(34200, 36000)",41.01111111,42.38888889
5,200726_SEFL17_MildStressor_g2 Box 1.wmv,min,pre,-10,108088,10,50,15,min_20,"(36000, 37800)",33.02944444,47
5,200726_SEFL17_MildStressor_g2 Box 1.wmv,min,pre,-9,108088,10,50,15,min_21,"(37800, 39600)",25.20388889,61.61111111
5,200726_SEFL17_MildStressor_g2 Box 1.wmv,min,pre,-8,108088,10,50,15,min_22,"(39600, 41400)",21.11111111,63.05555556
5,200726_SEFL17_MildStressor_g2 Box 1.wmv,min,pre,-7,108088,10,50,15,min_23,"(41400, 43200)",33.10888889,61.88888889
5,200726_SEFL17_MildStressor_g2 Box 1.wmv,min,pre,-6,108088,10,50,15,min_24,"(43200, 45000)",13.13111111,75.72222222
5,200726_SEFL17_MildStressor_g2 Box 1.wmv,min,pre,-5,108088,10,50,15,min_25,"(45000, 46800)",1.42,99.11111111
5,200726_SEFL17_MildStressor_g2 Box 1.wmv,min,pre,-4,108088,10,50,15,min_26,"(46800, 48600)",0.062222222,100
5,200726_SEFL17_MildStressor_g2 Box 1.wmv,min,pre,-3,108088,10,50,15,min_27,"(48600, 50400)",0.007777778,100
5,200726_SEFL17_MildStressor_g2 Box 1.wmv,min,pre,-2,108088,10,50,15,min_28,"(50400, 52200)",0.013888889,100
5,200726_SEFL17_MildStressor_g2 Box 1.wmv,min,pre,-1,108088,10,50,15,min_29,"(52200, 54000)",0.02,100
5,200726_SEFL17_MildStressor_g2 Box 1.wmv,min,post,0,108088,10,50,15,min_30,"(54000, 55800)",252.8872222,14.38888889
5,200726_SEFL17_MildStressor_g2 Box 1.wmv,min,post,1,108088,10,50,15,min_31,"(55800, 57600)",148.4288889,13.16666667
5,200726_SEFL17_MildStressor_g2 Box 1.wmv,min,post,2,108088,10,50,15,min_32,"(57600, 59400)",96.73777778,18.22222222
5,200726_SEFL17_MildStressor_g2 Box 1.wmv,min,post,3,108088,10,50,15,min_33,"(59400, 61200)",258.9272222,6.611111111
5,200726_SEFL17_MildStressor_g2 Box 1.wmv,min,post,4,108088,10,50,15,min_34,"(61200, 63000)",174.9488889,13.66666667
5,200726_SEFL17_MildStressor_g2 Box 1.wmv,min,post,5,108088,10,50,15,min_35,"(63000, 64800)",156.3294444,5.555555556
5,200726_SEFL17_MildStressor_g2 Box 1.wmv,min,post,6,108088,10,50,15,min_36,"(64800, 66600)",50.36944444,45.83333333
5,200726_SEFL17_MildStressor_g2 Box 1.wmv,min,post,7,108088,10,50,15,min_37,"(66600, 68400)",48.225,49.38888889
5,200726_SEFL17_MildStressor_g2 Box 1.wmv,min,post,8,108088,10,50,15,min_38,"(68400, 70200)",103.205,24.16666667
5,200726_SEFL17_MildStressor_g2 Box 1.wmv,min,post,9,108088,10,50,15,min_39,"(70200, 72000)",4.143888889,94.27777778
5,200726_SEFL17_MildStressor_g2 Box 1.wmv,min,post,10,108088,10,50,15,min_40,"(72000, 73800)",0.478333333,99.83333333
5,200726_SEFL17_MildStressor_g2 Box 1.wmv,min,post,11,108088,10,50,15,min_41,"(73800, 75600)",0.127222222,99.94444444
5,200726_SEFL17_MildStressor_g2 Box 1.wmv,min,post,12,108088,10,50,15,min_42,"(75600, 77400)",0.053333333,100
5,200726_SEFL17_MildStressor_g2 Box 1.wmv,min,post,13,108088,10,50,15,min_43,"(77400, 79200)",6.100555556,90.55555556
5,200726_SEFL17_MildStressor_g2 Box 1.wmv,min,post,14,108088,10,50,15,min_44,"(79200, 81000)",0.008888889,100
5,200726_SEFL17_MildStressor_g2 Box 1.wmv,min,post,15,108088,10,50,15,min_45,"(81000, 82800)",0.030555556,100
5,200726_SEFL17_MildStressor_g2 Box 1.wmv,min,post,16,108088,10,50,15,min_46,"(82800, 84600)",0.025555556,100
5,200726_SEFL17_MildStressor_g2 Box 1.wmv,min,post,17,108088,10,50,15,min_47,"(84600, 86400)",0.013333333,100
5,200726_SEFL17_MildStressor_g2 Box 1.wmv,min,post,18,108088,10,50,15,min_48,"(86400, 88200)",0.114444444,100
5,200726_SEFL17_MildStressor_g2 Box 1.wmv,min,post,19,108088,10,50,15,min_49,"(88200, 90000)",0.005555556,100
5,200726_SEFL17_MildStressor_g2 Box 1.wmv,min,post,20,108088,10,50,15,min_50,"(90000, 91800)",0.036666667,100
5,200726_SEFL17_MildStressor_g2 Box 1.wmv,min,post,21,108088,10,50,15,min_51,"(91800, 93600)",1.633888889,99.33333333
5,200726_SEFL17_MildStressor_g2 Box 1.wmv,min,post,22,108088,10,50,15,min_52,"(93600, 95400)",0.017222222,100
5,200726_SEFL17_MildStressor_g2 Box 1.wmv,min,post,23,108088,10,50,15,min_53,"(95400, 97200)",0.019444444,100
5,200726_SEFL17_MildStressor_g2 Box 1.wmv,min,post,24,108088,10,50,15,min_54,"(97200, 99000)",0.025555556,100
5,200726_SEFL17_MildStressor_g2 Box 1.wmv,min,post,25,108088,10,50,15,min_55,"(99000, 100800)",0.01,100
5,200726_SEFL17_MildStressor_g2 Box 1.wmv,min,post,26,108088,10,50,15,min_56,"(100800, 102600)",0.240555556,99.77777778
5,200726_SEFL17_MildStressor_g2 Box 1.wmv,min,post,27,108088,10,50,15,min_57,"(102600, 104400)",0.025555556,100
5,200726_SEFL17_MildStressor_g2 Box 1.wmv,min,post,28,108088,10,50,15,min_58,"(104400, 106200)",0.010555556,100
5,200726_SEFL17_MildStressor_g2 Box 1.wmv,min,post,29,108088,10,50,15,min_59,"(106200, 108000)",0.008333333,100
5,200726_SEFL17_MildStressor_g2 Box 1.wmv,noise,pre,-10,108088,10,50,15,sec_1790.0,"(53700, 53706)",0,100
5,200726_SEFL17_MildStressor_g2 Box 1.wmv,noise,pre,-9.8,108088,10,50,15,sec_1790.2,"(53706, 53712)",0,100
5,200726_SEFL17_MildStressor_g2 Box 1.wmv,noise,pre,-9.6,108088,10,50,15,sec_1790.4,"(53712, 53718)",0,100
5,200726_SEFL17_MildStressor_g2 Box 1.wmv,noise,pre,-9.4,108088,10,50,15,sec_1790.6,"(53718, 53724)",0,100
5,200726_SEFL17_MildStressor_g2 Box 1.wmv,noise,pre,-9.2,108088,10,50,15,sec_1790.8,"(53724, 53730)",0,100
5,200726_SEFL17_MildStressor_g2 Box 1.wmv,noise,pre,-9,108088,10,50,15,sec_1791.0,"(53730, 53736)",0,100
5,200726_SEFL17_MildStressor_g2 Box 1.wmv,noise,pre,-8.8,108088,10,50,15,sec_1791.2,"(53736, 53742)",0,100
5,200726_SEFL17_MildStressor_g2 Box 1.wmv,noise,pre,-8.6,108088,10,50,15,sec_1791.4,"(53742, 53748)",0,100
5,200726_SEFL17_MildStressor_g2 Box 1.wmv,noise,pre,-8.4,108088,10,50,15,sec_1791.6,"(53748, 53754)",0,100
5,200726_SEFL17_MildStressor_g2 Box 1.wmv,noise,pre,-8.2,108088,10,50,15,sec_1791.8,"(53754, 53760)",0,100
5,200726_SEFL17_MildStressor_g2 Box 1.wmv,noise,pre,-8,108088,10,50,15,sec_1792.0,"(53760, 53766)",2.5,100
5,200726_SEFL17_MildStressor_g2 Box 1.wmv,noise,pre,-7.8,108088,10,50,15,sec_1792.2,"(53766, 53772)",0,100
5,200726_SEFL17_MildStressor_g2 Box 1.wmv,noise,pre,-7.6,108088,10,50,15,sec_1792.4,"(53772, 53778)",0,100
5,200726_SEFL17_MildStressor_g2 Box 1.wmv,noise,pre,-7.4,108088,10,50,15,sec_1792.6,"(53778, 53784)",0,100
5,200726_SEFL17_MildStressor_g2 Box 1.wmv,noise,pre,-7.2,108088,10,50,15,sec_1792.8,"(53784, 53790)",0,100
5,200726_SEFL17_MildStressor_g2 Box 1.wmv,noise,pre,-7,108088,10,50,15,sec_1793.0,"(53790, 53796)",0,100
5,200726_SEFL17_MildStressor_g2 Box 1.wmv,noise,pre,-6.8,108088,10,50,15,sec_1793.2,"(53796, 53802)",0,100
5,200726_SEFL17_MildStressor_g2 Box 1.wmv,noise,pre,-6.6,108088,10,50,15,sec_1793.4,"(53802, 53808)",0,100
5,200726_SEFL17_MildStressor_g2 Box 1.wmv,noise,pre,-6.4,108088,10,50,15,sec_1793.6,"(53808, 53814)",0,100
5,200726_SEFL17_MildStressor_g2 Box 1.wmv,noise,pre,-6.2,108088,10,50,15,sec_1793.8,"(53814, 53820)",0,100
5,200726_SEFL17_MildStressor_g2 Box 1.wmv,noise,pre,-6,108088,10,50,15,sec_1794.0,"(53820, 53826)",0,100
5,200726_SEFL17_MildStressor_g2 Box 1.wmv,noise,pre,-5.8,108088,10,50,15,sec_1794.2,"(53826, 53832)",0,100
5,200726_SEFL17_MildStressor_g2 Box 1.wmv,noise,pre,-5.6,108088,10,50,15,sec_1794.4,"(53832, 53838)",0,100
5,200726_SEFL17_MildStressor_g2 Box 1.wmv,noise,pre,-5.4,108088,10,50,15,sec_1794.6,"(53838, 53844)",0,100
5,200726_SEFL17_MildStressor_g2 Box 1.wmv,noise,pre,-5.2,108088,10,50,15,sec_1794.8,"(53844, 53850)",0,100
5,200726_SEFL17_MildStressor_g2 Box 1.wmv,noise,pre,-5,108088,10,50,15,sec_1795.0,"(53850, 53856)",0,100
5,200726_SEFL17_MildStressor_g2 Box 1.wmv,noise,pre,-4.8,108088,10,50,15,sec_1795.2,"(53856, 53862)",0,100
5,200726_SEFL17_MildStressor_g2 Box 1.wmv,noise,pre,-4.6,108088,10,50,15,sec_1795.4,"(53862, 53868)",0,100
5,200726_SEFL17_MildStressor_g2 Box 1.wmv,noise,pre,-4.4,108088,10,50,15,sec_1795.6,"(53868, 53874)",0,100
5,200726_SEFL17_MildStressor_g2 Box 1.wmv,noise,pre,-4.2,108088,10,50,15,sec_1795.8,"(53874, 53880)",0,100
5,200726_SEFL17_MildStressor_g2 Box 1.wmv,noise,pre,-4,108088,10,50,15,sec_1796.0,"(53880, 53886)",0,100
5,200726_SEFL17_MildStressor_g2 Box 1.wmv,noise,pre,-3.8,108088,10,50,15,sec_1796.2,"(53886, 53892)",0,100
5,200726_SEFL17_MildStressor_g2 Box 1.wmv,noise,pre,-3.6,108088,10,50,15,sec_1796.4,"(53892, 53898)",0,100
5,200726_SEFL17_MildStressor_g2 Box 1.wmv,noise,pre,-3.4,108088,10,50,15,sec_1796.6,"(53898, 53904)",0,100
5,200726_SEFL17_MildStressor_g2 Box 1.wmv,noise,pre,-3.2,108088,10,50,15,sec_1796.8,"(53904, 53910)",0,100
5,200726_SEFL17_MildStressor_g2 Box 1.wmv,noise,pre,-3,108088,10,50,15,sec_1797.0,"(53910, 53916)",0,100
5,200726_SEFL17_MildStressor_g2 Box 1.wmv,noise,pre,-2.8,108088,10,50,15,sec_1797.2,"(53916, 53922)",0,100
5,200726_SEFL17_MildStressor_g2 Box 1.wmv,noise,pre,-2.6,108088,10,50,15,sec_1797.4,"(53922, 53928)",0,100
5,200726_SEFL17_MildStressor_g2 Box 1.wmv,noise,pre,-2.4,108088,10,50,15,sec_1797.6,"(53928, 53934)",0,100
5,200726_SEFL17_MildStressor_g2 Box 1.wmv,noise,pre,-2.2,108088,10,50,15,sec_1797.8,"(53934, 53940)",0,100
5,200726_SEFL17_MildStressor_g2 Box 1.wmv,noise,pre,-2,108088,10,50,15,sec_1798.0,"(53940, 53946)",0,100
5,200726_SEFL17_MildStressor_g2 Box 1.wmv,noise,pre,-1.8,108088,10,50,15,sec_1798.2,"(53946, 53952)",0,100
5,200726_SEFL17_MildStressor_g2 Box 1.wmv,noise,pre,-1.6,108088,10,50,15,sec_1798.4,"(53952, 53958)",0,100
5,200726_SEFL17_MildStressor_g2 Box 1.wmv,noise,pre,-1.4,108088,10,50,15,sec_1798.6,"(53958, 53964)",0,100
5,200726_SEFL17_MildStressor_g2 Box 1.wmv,noise,pre,-1.2,108088,10,50,15,sec_1798.8,"(53964, 53970)",0,100
5,200726_SEFL17_MildStressor_g2 Box 1.wmv,noise,pre,-1,108088,10,50,15,sec_1799.0,"(53970, 53976)",0,100
5,200726_SEFL17_MildStressor_g2 Box 1.wmv,noise,pre,-0.8,108088,10,50,15,sec_1799.2,"(53976, 53982)",0,100
5,200726_SEFL17_MildStressor_g2 Box 1.wmv,noise,pre,-0.6,108088,10,50,15,sec_1799.4,"(53982, 53988)",0,100
5,200726_SEFL17_MildStressor_g2 Box 1.wmv,noise,pre,-0.4,108088,10,50,15,sec_1799.6,"(53988, 53994)",0,100
5,200726_SEFL17_MildStressor_g2 Box 1.wmv,noise,pre,-0.2,108088,10,50,15,sec_1799.8,"(53994, 54000)",0,100
5,200726_SEFL17_MildStressor_g2 Box 1.wmv,noise,noise,-4.09E-14,108088,10,50,15,sec_1800.0,"(54000, 54006)",451.5,33.33333333
5,200726_SEFL17_MildStressor_g2 Box 1.wmv,noise,noise,0.2,108088,10,50,15,sec_1800.2,"(54006, 54012)",1118.333333,0
5,200726_SEFL17_MildStressor_g2 Box 1.wmv,noise,noise,0.4,108088,10,50,15,sec_1800.4,"(54012, 54018)",1130.833333,0
5,200726_SEFL17_MildStressor_g2 Box 1.wmv,noise,noise,0.6,108088,10,50,15,sec_1800.6,"(54018, 54024)",1867.5,0
5,200726_SEFL17_MildStressor_g2 Box 1.wmv,noise,noise,0.8,108088,10,50,15,sec_1800.8,"(54024, 54030)",463.6666667,0
5,200726_SEFL17_MildStressor_g2 Box 1.wmv,noise,noise,1,108088,10,50,15,sec_1801.0,"(54030, 54036)",627.8333333,0
5,200726_SEFL17_MildStressor_g2 Box 1.wmv,noise,noise,1.2,108088,10,50,15,sec_1801.2,"(54036, 54042)",513,0
5,200726_SEFL17_MildStressor_g2 Box 1.wmv,noise,noise,1.4,108088,10,50,15,sec_1801.4,"(54042, 54048)",835.6666667,0
5,200726_SEFL17_MildStressor_g2 Box 1.wmv,noise,noise,1.6,108088,10,50,15,sec_1801.6,"(54048, 54054)",138,0
5,200726_SEFL17_MildStressor_g2 Box 1.wmv,noise,noise,1.8,108088,10,50,15,sec_1801.8,"(54054, 54060)",644.6666667,0
5,200726_SEFL17_MildStressor_g2 Box 1.wmv,noise,noise,2,108088,10,50,15,sec_1802.0,"(54060, 54066)",130.8333333,0
5,200726_SEFL17_MildStressor_g2 Box 1.wmv,noise,noise,2.2,108088,10,50,15,sec_1802.2,"(54066, 54072)",48.16666667,0
5,200726_SEFL17_MildStressor_g2 Box 1.wmv,noise,noise,2.4,108088,10,50,15,sec_1802.4,"(54072, 54078)",25.66666667,0
5,200726_SEFL17_MildStressor_g2 Box 1.wmv,noise,noise,2.6,108088,10,50,15,sec_1802.6,"(54078, 54084)",211,0
5,200726_SEFL17_MildStressor_g2 Box 1.wmv,noise,noise,2.8,108088,10,50,15,sec_1802.8,"(54084, 54090)",229.6666667,0
5,200726_SEFL17_MildStressor_g2 Box 1.wmv,noise,post,3,108088,10,50,15,sec_1803.0,"(54090, 54096)",586.1666667,0
5,200726_SEFL17_MildStressor_g2 Box 1.wmv,noise,post,3.2,108088,10,50,15,sec_1803.2,"(54096, 54102)",2.833333333,100
5,200726_SEFL17_MildStressor_g2 Box 1.wmv,noise,post,3.4,108088,10,50,15,sec_1803.4,"(54102, 54108)",0,100
5,200726_SEFL17_MildStressor_g2 Box 1.wmv,noise,post,3.6,108088,10,50,15,sec_1803.6,"(54108, 54114)",0,100
5,200726_SEFL17_MildStressor_g2 Box 1.wmv,noise,post,3.8,108088,10,50,15,sec_1803.8,"(54114, 54120)",0,100
5,200726_SEFL17_MildStressor_g2 Box 1.wmv,noise,post,4,108088,10,50,15,sec_1804.0,"(54120, 54126)",0,100
5,200726_SEFL17_MildStressor_g2 Box 1.wmv,noise,post,4.2,108088,10,50,15,sec_1804.2,"(54126, 54132)",0,100
5,200726_SEFL17_MildStressor_g2 Box 1.wmv,noise,post,4.4,108088,10,50,15,sec_1804.4,"(54132, 54138)",37.33333333,66.66666667
5,200726_SEFL17_MildStressor_g2 Box 1.wmv,noise,post,4.6,108088,10,50,15,sec_1804.6,"(54138, 54144)",7,100
5,200726_SEFL17_MildStressor_g2 Box 1.wmv,noise,post,4.8,108088,10,50,15,sec_1804.8,"(54144, 54150)",7.5,100
5,200726_SEFL17_MildStressor_g2 Box 1.wmv,noise,post,5,108088,10,50,15,sec_1805.0,"(54150, 54156)",11.83333333,100
5,200726_SEFL17_MildStressor_g2 Box 1.wmv,noise,post,5.2,108088,10,50,15,sec_1805.2,"(54156, 54162)",11.33333333,100
5,200726_SEFL17_MildStressor_g2 Box 1.wmv,noise,post,5.4,108088,10,50,15,sec_1805.4,"(54162, 54168)",0,100
5,200726_SEFL17_MildStressor_g2 Box 1.wmv,noise,post,5.6,108088,10,50,15,sec_1805.6,"(54168, 54174)",86.66666667,16.66666667
5,200726_SEFL17_MildStressor_g2 Box 1.wmv,noise,post,5.8,108088,10,50,15,sec_1805.8,"(54174, 54180)",35.66666667,66.66666667
5,200726_SEFL17_MildStressor_g2 Box 1.wmv,noise,post,6,108088,10,50,15,sec_1806.0,"(54180, 54186)",0.666666667,100
5,200726_SEFL17_MildStressor_g2 Box 1.wmv,noise,post,6.2,108088,10,50,15,sec_1806.2,"(54186, 54192)",24.66666667,83.33333333
5,200726_SEFL17_MildStressor_g2 Box 1.wmv,noise,post,6.4,108088,10,50,15,sec_1806.4,"(54192, 54198)",66.66666667,0
5,200726_SEFL17_MildStressor_g2 Box 1.wmv,noise,post,6.6,108088,10,50,15,sec_1806.6,"(54198, 54204)",4.166666667,0
5,200726_SEFL17_MildStressor_g2 Box 1.wmv,noise,post,6.8,108088,10,50,15,sec_1806.8,"(54204, 54210)",61.33333333,0
5,200726_SEFL17_MildStressor_g2 Box 1.wmv,noise,post,7,108088,10,50,15,sec_1807.0,"(54210, 54216)",183.1666667,0
5,200726_SEFL17_MildStressor_g2 Box 1.wmv,noise,post,7.2,108088,10,50,15,sec_1807.2,"(54216, 54222)",235.8333333,0
5,200726_SEFL17_MildStressor_g2 Box 1.wmv,noise,post,7.4,108088,10,50,15,sec_1807.4,"(54222, 54228)",107.1666667,16.66666667
5,200726_SEFL17_MildStressor_g2 Box 1.wmv,noise,post,7.6,108088,10,50,15,sec_1807.6,"(54228, 54234)",2.5,100
5,200726_SEFL17_MildStressor_g2 Box 1.wmv,noise,post,7.8,108088,10,50,15,sec_1807.8,"(54234, 54240)",0,100
5,200726_SEFL17_MildStressor_g2 Box 1.wmv,noise,post,8,108088,10,50,15,sec_1808.0,"(54240, 54246)",0.833333333,100
5,200726_SEFL17_MildStressor_g2 Box 1.wmv,noise,post,8.2,108088,10,50,15,sec_1808.2,"(54246, 54252)",67.33333333,33.33333333
5,200726_SEFL17_MildStressor_g2 Box 1.wmv,noise,post,8.4,108088,10,50,15,sec_1808.4,"(54252, 54258)",57,0
5,200726_SEFL17_MildStressor_g2 Box 1.wmv,noise,post,8.6,108088,10,50,15,sec_1808.6,"(54258, 54264)",34.33333333,0
5,200726_SEFL17_MildStressor_g2 Box 1.wmv,noise,post,8.8,108088,10,50,15,sec_1808.8,"(54264, 54270)",48.66666667,0
5,200726_SEFL17_MildStressor_g2 Box 1.wmv,noise,post,9,108088,10,50,15,sec_1809.0,"(54270, 54276)",8.833333333,100
5,200726_SEFL17_MildStressor_g2 Box 1.wmv,noise,post,9.2,108088,10,50,15,sec_1809.2,"(54276, 54282)",0.166666667,100
5,200726_SEFL17_MildStressor_g2 Box 1.wmv,noise,post,9.4,108088,10,50,15,sec_1809.4,"(54282, 54288)",0,100
5,200726_SEFL17_MildStressor_g2 Box 1.wmv,noise,post,9.6,108088,10,50,15,sec_1809.6,"(54288, 54294)",0,100
5,200726_SEFL17_MildStressor_g2 Box 1.wmv,noise,post,9.8,108088,10,50,15,sec_1809.8,"(54294, 54300)",112.3333333,50
5,200726_SEFL17_MildStressor_g2 Box 1.wmv,noise,post,10,108088,10,50,15,sec_1810.0,"(54300, 54306)",85.33333333,0
5,200726_SEFL17_MildStressor_g2 Box 1.wmv,noise,post,10.2,108088,10,50,15,sec_1810.2,"(54306, 54312)",90.66666667,0
5,200726_SEFL17_MildStressor_g2 Box 1.wmv,noise,post,10.4,108088,10,50,15,sec_1810.4,"(54312, 54318)",3,100
5,200726_SEFL17_MildStressor_g2 Box 1.wmv,noise,post,10.6,108088,10,50,15,sec_1810.6,"(54318, 54324)",0,100
5,200726_SEFL17_MildStressor_g2 Box 1.wmv,noise,post,10.8,108088,10,50,15,sec_1810.8,"(54324, 54330)",0,100
5,200726_SEFL17_MildStressor_g2 Box 1.wmv,noise,post,11,108088,10,50,15,sec_1811.0,"(54330, 54336)",246.3333333,16.66666667
5,200726_SEFL17_MildStressor_g2 Box 1.wmv,noise,post,11.2,108088,10,50,15,sec_1811.2,"(54336, 54342)",74,0
5,200726_SEFL17_MildStressor_g2 Box 1.wmv,noise,post,11.4,108088,10,50,15,sec_1811.4,"(54342, 54348)",95.66666667,0
5,200726_SEFL17_MildStressor_g2 Box 1.wmv,noise,post,11.6,108088,10,50,15,sec_1811.6,"(54348, 54354)",196.8333333,0
5,200726_SEFL17_MildStressor_g2 Box 1.wmv,noise,post,11.8,108088,10,50,15,sec_1811.8,"(54354, 54360)",252.3333333,0
5,200726_SEFL17_MildStressor_g2 Box 1.wmv,noise,post,12,108088,10,50,15,sec_1812.0,"(54360, 54366)",114.5,0
5,200726_SEFL17_MildStressor_g2 Box 1.wmv,noise,post,12.2,108088,10,50,15,sec_1812.2,"(54366, 54372)",134.6666667,0
5,200726_SEFL17_MildStressor_g2 Box 1.wmv,noise,post,12.4,108088,10,50,15,sec_1812.4,"(54372, 54378)",241.3333333,0
5,200726_SEFL17_MildStressor_g2 Box 1.wmv,noise,post,12.6,108088,10,50,15,sec_1812.6,"(54378, 54384)",0.833333333,0
5,200726_SEFL17_MildStressor_g2 Box 1.wmv,noise,post,12.8,108088,10,50,15,sec_1812.8,"(54384, 54390)",196.3333333,0
6,200726_SEFL17_MildStressor_g2 Box 2.wmv,min,pre,-30,108088,10,50,15,min_0,"(0, 1800)",0.017777778,99.94444444
6,200726_SEFL17_MildStressor_g2 Box 2.wmv,min,pre,-29,108088,10,50,15,min_1,"(1800, 3600)",0.022222222,100
6,200726_SEFL17_MildStressor_g2 Box 2.wmv,min,pre,-28,108088,10,50,15,min_2,"(3600, 5400)",7.166111111,91.88888889
6,200726_SEFL17_MildStressor_g2 Box 2.wmv,min,pre,-27,108088,10,50,15,min_3,"(5400, 7200)",0.007777778,100
6,200726_SEFL17_MildStressor_g2 Box 2.wmv,min,pre,-26,108088,10,50,15,min_4,"(7200, 9000)",0.008333333,100
6,200726_SEFL17_MildStressor_g2 Box 2.wmv,min,pre,-25,108088,10,50,15,min_5,"(9000, 10800)",0.003888889,100
6,200726_SEFL17_MildStressor_g2 Box 2.wmv,min,pre,-24,108088,10,50,15,min_6,"(10800, 12600)",0.006111111,100
6,200726_SEFL17_MildStressor_g2 Box 2.wmv,min,pre,-23,108088,10,50,15,min_7,"(12600, 14400)",0.008888889,100
6,200726_SEFL17_MildStressor_g2 Box 2.wmv,min,pre,-22,108088,10,50,15,min_8,"(14400, 16200)",0.010555556,100
6,200726_SEFL17_MildStressor_g2 Box 2.wmv,min,pre,-21,108088,10,50,15,min_9,"(16200, 18000)",0.006111111,100
6,200726_SEFL17_MildStressor_g2 Box 2.wmv,min,pre,-20,108088,10,50,15,min_10,"(18000, 19800)",0.008888889,100
6,200726_SEFL17_MildStressor_g2 Box 2.wmv,min,pre,-19,108088,10,50,15,min_11,"(19800, 21600)",0.007777778,100
6,200726_SEFL17_MildStressor_g2 Box 2.wmv,min,pre,-18,108088,10,50,15,min_12,"(21600, 23400)",0.035,100
6,200726_SEFL17_MildStressor_g2 Box 2.wmv,min,pre,-17,108088,10,50,15,min_13,"(23400, 25200)",0.007777778,100
6,200726_SEFL17_MildStressor_g2 Box 2.wmv,min,pre,-16,108088,10,50,15,min_14,"(25200, 27000)",0.032777778,100
6,200726_SEFL17_MildStressor_g2 Box 2.wmv,min,pre,-15,108088,10,50,15,min_15,"(27000, 28800)",0.010555556,100
6,200726_SEFL17_MildStressor_g2 Box 2.wmv,min,pre,-14,108088,10,50,15,min_16,"(28800, 30600)",0.008888889,100
6,200726_SEFL17_MildStressor_g2 Box 2.wmv,min,pre,-13,108088,10,50,15,min_17,"(30600, 32400)",0.004444444,100
6,200726_SEFL17_MildStressor_g2 Box 2.wmv,min,pre,-12,108088,10,50,15,min_18,"(32400, 34200)",0.012222222,100
6,200726_SEFL17_MildStressor_g2 Box 2.wmv,min,pre,-11,108088,10,50,15,min_19,"(34200, 36000)",0.011666667,100
6,200726_SEFL17_MildStressor_g2 Box 2.wmv,min,pre,-10,108088,10,50,15,min_20,"(36000, 37800)",0.005,100
6,200726_SEFL17_MildStressor_g2 Box 2.wmv,min,pre,-9,108088,10,50,15,min_21,"(37800, 39600)",0.007777778,100
6,200726_SEFL17_MildStressor_g2 Box 2.wmv,min,pre,-8,108088,10,50,15,min_22,"(39600, 41400)",0.002222222,100
6,200726_SEFL17_MildStressor_g2 Box 2.wmv,min,pre,-7,108088,10,50,15,min_23,"(41400, 43200)",0.022222222,100
6,200726_SEFL17_MildStressor_g2 Box 2.wmv,min,pre,-6,108088,10,50,15,min_24,"(43200, 45000)",0.016111111,100
6,200726_SEFL17_MildStressor_g2 Box 2.wmv,min,pre,-5,108088,10,50,15,min_25,"(45000, 46800)",0.011111111,100
6,200726_SEFL17_MildStressor_g2 Box 2.wmv,min,pre,-4,108088,10,50,15,min_26,"(46800, 48600)",5.252777778,93.27777778
6,200726_SEFL17_MildStressor_g2 Box 2.wmv,min,pre,-3,108088,10,50,15,min_27,"(48600, 50400)",0.017777778,100
6,200726_SEFL17_MildStressor_g2 Box 2.wmv,min,pre,-2,108088,10,50,15,min_28,"(50400, 52200)",8.387777778,90.55555556
6,200726_SEFL17_MildStressor_g2 Box 2.wmv,min,pre,-1,108088,10,50,15,min_29,"(52200, 54000)",21.75444444,61.27777778
6,200726_SEFL17_MildStressor_g2 Box 2.wmv,min,post,0,108088,10,50,15,min_30,"(54000, 55800)",106.43,43.61111111
6,200726_SEFL17_MildStressor_g2 Box 2.wmv,min,post,1,108088,10,50,15,min_31,"(55800, 57600)",21.41944444,65.27777778
6,200726_SEFL17_MildStressor_g2 Box 2.wmv,min,post,2,108088,10,50,15,min_32,"(57600, 59400)",132.8766667,33.16666667
6,200726_SEFL17_MildStressor_g2 Box 2.wmv,min,post,3,108088,10,50,15,min_33,"(59400, 61200)",206.255,14.61111111
6,200726_SEFL17_MildStressor_g2 Box 2.wmv,min,post,4,108088,10,50,15,min_34,"(61200, 63000)",263.0827778,17.88888889
6,200726_SEFL17_MildStressor_g2 Box 2.wmv,min,post,5,108088,10,50,15,min_35,"(63000, 64800)",223.4316667,5.888888889
6,200726_SEFL17_MildStressor_g2 Box 2.wmv,min,post,6,108088,10,50,15,min_36,"(64800, 66600)",172.6744444,32.61111111
6,200726_SEFL17_MildStressor_g2 Box 2.wmv,min,post,7,108088,10,50,15,min_37,"(66600, 68400)",2.453888889,98.33333333
6,200726_SEFL17_MildStressor_g2 Box 2.wmv,min,post,8,108088,10,50,15,min_38,"(68400, 70200)",2.947777778,98.27777778
6,200726_SEFL17_MildStressor_g2 Box 2.wmv,min,post,9,108088,10,50,15,min_39,"(70200, 72000)",14.185,82.77777778
6,200726_SEFL17_MildStressor_g2 Box 2.wmv,min,post,10,108088,10,50,15,min_40,"(72000, 73800)",40.35833333,45.77777778
6,200726_SEFL17_MildStressor_g2 Box 2.wmv,min,post,11,108088,10,50,15,min_41,"(73800, 75600)",150.9966667,18.22222222
6,200726_SEFL17_MildStressor_g2 Box 2.wmv,min,post,12,108088,10,50,15,min_42,"(75600, 77400)",83.28,37.38888889
6,200726_SEFL17_MildStressor_g2 Box 2.wmv,min,post,13,108088,10,50,15,min_43,"(77400, 79200)",92.78333333,49.11111111
6,200726_SEFL17_MildStressor_g2 Box 2.wmv,min,post,14,108088,10,50,15,min_44,"(79200, 81000)",27.34444444,59.55555556
6,200726_SEFL17_MildStressor_g2 Box 2.wmv,min,post,15,108088,10,50,15,min_45,"(81000, 82800)",43.69277778,64.44444444
6,200726_SEFL17_MildStressor_g2 Box 2.wmv,min,post,16,108088,10,50,15,min_46,"(82800, 84600)",87.89111111,53
6,200726_SEFL17_MildStressor_g2 Box 2.wmv,min,post,17,108088,10,50,15,min_47,"(84600, 86400)",68.79611111,54.94444444
6,200726_SEFL17_MildStressor_g2 Box 2.wmv,min,post,18,108088,10,50,15,min_48,"(86400, 88200)",231.7833333,5.944444444
6,200726_SEFL17_MildStressor_g2 Box 2.wmv,min,post,19,108088,10,50,15,min_49,"(88200, 90000)",126.3527778,13.5
6,200726_SEFL17_MildStressor_g2 Box 2.wmv,min,post,20,108088,10,50,15,min_50,"(90000, 91800)",167.2394444,16.88888889
6,200726_SEFL17_MildStressor_g2 Box 2.wmv,min,post,21,108088,10,50,15,min_51,"(91800, 93600)",73.61111111,29.61111111
6,200726_SEFL17_MildStressor_g2 Box 2.wmv,min,post,22,108088,10,50,15,min_52,"(93600, 95400)",30.23166667,64.5
6,200726_SEFL17_MildStressor_g2 Box 2.wmv,min,post,23,108088,10,50,15,min_53,"(95400, 97200)",34.93833333,62.22222222
6,200726_SEFL17_MildStressor_g2 Box 2.wmv,min,post,24,108088,10,50,15,min_54,"(97200, 99000)",13.27888889,71.61111111
6,200726_SEFL17_MildStressor_g2 Box 2.wmv,min,post,25,108088,10,50,15,min_55,"(99000, 100800)",0.877777778,98.94444444
6,200726_SEFL17_MildStressor_g2 Box 2.wmv,min,post,26,108088,10,50,15,min_56,"(100800, 102600)",3.336111111,97
6,200726_SEFL17_MildStressor_g2 Box 2.wmv,min,post,27,108088,10,50,15,min_57,"(102600, 104400)",6.873333333,87.44444444
6,200726_SEFL17_MildStressor_g2 Box 2.wmv,min,post,28,108088,10,50,15,min_58,"(104400, 106200)",17.61555556,72.44444444
6,200726_SEFL17_MildStressor_g2 Box 2.wmv,min,post,29,108088,10,50,15,min_59,"(106200, 108000)",17.75,70.55555556
6,200726_SEFL17_MildStressor_g2 Box 2.wmv,noise,pre,-10,108088,10,50,15,sec_1790.0,"(53700, 53706)",66.5,0
6,200726_SEFL17_MildStressor_g2 Box 2.wmv,noise,pre,-9.8,108088,10,50,15,sec_1790.2,"(53706, 53712)",79.16666667,0
6,200726_SEFL17_MildStressor_g2 Box 2.wmv,noise,pre,-9.6,108088,10,50,15,sec_1790.4,"(53712, 53718)",56.83333333,0
6,200726_SEFL17_MildStressor_g2 Box 2.wmv,noise,pre,-9.4,108088,10,50,15,sec_1790.6,"(53718, 53724)",81.33333333,0
6,200726_SEFL17_MildStressor_g2 Box 2.wmv,noise,pre,-9.2,108088,10,50,15,sec_1790.8,"(53724, 53730)",57.66666667,0
6,200726_SEFL17_MildStressor_g2 Box 2.wmv,noise,pre,-9,108088,10,50,15,sec_1791.0,"(53730, 53736)",94.33333333,0
6,200726_SEFL17_MildStressor_g2 Box 2.wmv,noise,pre,-8.8,108088,10,50,15,sec_1791.2,"(53736, 53742)",41.33333333,0
6,200726_SEFL17_MildStressor_g2 Box 2.wmv,noise,pre,-8.6,108088,10,50,15,sec_1791.4,"(53742, 53748)",56.83333333,0
6,200726_SEFL17_MildStressor_g2 Box 2.wmv,noise,pre,-8.4,108088,10,50,15,sec_1791.6,"(53748, 53754)",34.16666667,0
6,200726_SEFL17_MildStressor_g2 Box 2.wmv,noise,pre,-8.2,108088,10,50,15,sec_1791.8,"(53754, 53760)",57.16666667,0
6,200726_SEFL17_MildStressor_g2 Box 2.wmv,noise,pre,-8,108088,10,50,15,sec_1792.0,"(53760, 53766)",61.83333333,0
6,200726_SEFL17_MildStressor_g2 Box 2.wmv,noise,pre,-7.8,108088,10,50,15,sec_1792.2,"(53766, 53772)",55.16666667,0
6,200726_SEFL17_MildStressor_g2 Box 2.wmv,noise,pre,-7.6,108088,10,50,15,sec_1792.4,"(53772, 53778)",23.83333333,0
6,200726_SEFL17_MildStressor_g2 Box 2.wmv,noise,pre,-7.4,108088,10,50,15,sec_1792.6,"(53778, 53784)",38.83333333,0
6,200726_SEFL17_MildStressor_g2 Box 2.wmv,noise,pre,-7.2,108088,10,50,15,sec_1792.8,"(53784, 53790)",56.5,0
6,200726_SEFL17_MildStressor_g2 Box 2.wmv,noise,pre,-7,108088,10,50,15,sec_1793.0,"(53790, 53796)",65,0
6,200726_SEFL17_MildStressor_g2 Box 2.wmv,noise,pre,-6.8,108088,10,50,15,sec_1793.2,"(53796, 53802)",32.16666667,50
6,200726_SEFL17_MildStressor_g2 Box 2.wmv,noise,pre,-6.6,108088,10,50,15,sec_1793.4,"(53802, 53808)",0.166666667,100
6,200726_SEFL17_MildStressor_g2 Box 2.wmv,noise,pre,-6.4,108088,10,50,15,sec_1793.6,"(53808, 53814)",2.5,100
6,200726_SEFL17_MildStressor_g2 Box 2.wmv,noise,pre,-6.2,108088,10,50,15,sec_1793.8,"(53814, 53820)",0.166666667,100
6,200726_SEFL17_MildStressor_g2 Box 2.wmv,noise,pre,-6,108088,10,50,15,sec_1794.0,"(53820, 53826)",0,100
6,200726_SEFL17_MildStressor_g2 Box 2.wmv,noise,pre,-5.8,108088,10,50,15,sec_1794.2,"(53826, 53832)",0,100
6,200726_SEFL17_MildStressor_g2 Box 2.wmv,noise,pre,-5.6,108088,10,50,15,sec_1794.4,"(53832, 53838)",6.333333333,100
6,200726_SEFL17_MildStressor_g2 Box 2.wmv,noise,pre,-5.4,108088,10,50,15,sec_1794.6,"(53838, 53844)",8.666666667,100
6,200726_SEFL17_MildStressor_g2 Box 2.wmv,noise,pre,-5.2,108088,10,50,15,sec_1794.8,"(53844, 53850)",22.33333333,100
6,200726_SEFL17_MildStressor_g2 Box 2.wmv,noise,pre,-5,108088,10,50,15,sec_1795.0,"(53850, 53856)",23.66666667,83.33333333
6,200726_SEFL17_MildStressor_g2 Box 2.wmv,noise,pre,-4.8,108088,10,50,15,sec_1795.2,"(53856, 53862)",36.5,0
6,200726_SEFL17_MildStressor_g2 Box 2.wmv,noise,pre,-4.6,108088,10,50,15,sec_1795.4,"(53862, 53868)",39.66666667,0
6,200726_SEFL17_MildStressor_g2 Box 2.wmv,noise,pre,-4.4,108088,10,50,15,sec_1795.6,"(53868, 53874)",22.33333333,100
6,200726_SEFL17_MildStressor_g2 Box 2.wmv,noise,pre,-4.2,108088,10,50,15,sec_1795.8,"(53874, 53880)",9.666666667,100
6,200726_SEFL17_MildStressor_g2 Box 2.wmv,noise,pre,-4,108088,10,50,15,sec_1796.0,"(53880, 53886)",10.83333333,100
6,200726_SEFL17_MildStressor_g2 Box 2.wmv,noise,pre,-3.8,108088,10,50,15,sec_1796.2,"(53886, 53892)",0,100
6,200726_SEFL17_MildStressor_g2 Box 2.wmv,noise,pre,-3.6,108088,10,50,15,sec_1796.4,"(53892, 53898)",42.83333333,33.33333333
6,200726_SEFL17_MildStressor_g2 Box 2.wmv,noise,pre,-3.4,108088,10,50,15,sec_1796.6,"(53898, 53904)",1.333333333,0
6,200726_SEFL17_MildStressor_g2 Box 2.wmv,noise,pre,-3.2,108088,10,50,15,sec_1796.8,"(53904, 53910)",20.16666667,0
6,200726_SEFL17_MildStressor_g2 Box 2.wmv,noise,pre,-3,108088,10,50,15,sec_1797.0,"(53910, 53916)",44.66666667,0
6,200726_SEFL17_MildStressor_g2 Box 2.wmv,noise,pre,-2.8,108088,10,50,15,sec_1797.2,"(53916, 53922)",49.83333333,0
6,200726_SEFL17_MildStressor_g2 Box 2.wmv,noise,pre,-2.6,108088,10,50,15,sec_1797.4,"(53922, 53928)",84.33333333,0
6,200726_SEFL17_MildStressor_g2 Box 2.wmv,noise,pre,-2.4,108088,10,50,15,sec_1797.6,"(53928, 53934)",17.16666667,0
6,200726_SEFL17_MildStressor_g2 Box 2.wmv,noise,pre,-2.2,108088,10,50,15,sec_1797.8,"(53934, 53940)",128.6666667,0
6,200726_SEFL17_MildStressor_g2 Box 2.wmv,noise,pre,-2,108088,10,50,15,sec_1798.0,"(53940, 53946)",8.333333333,0
6,200726_SEFL17_MildStressor_g2 Box 2.wmv,noise,pre,-1.8,108088,10,50,15,sec_1798.2,"(53946, 53952)",1.166666667,0
6,200726_SEFL17_MildStressor_g2 Box 2.wmv,noise,pre,-1.6,108088,10,50,15,sec_1798.4,"(53952, 53958)",26.83333333,0
6,200726_SEFL17_MildStressor_g2 Box 2.wmv,noise,pre,-1.4,108088,10,50,15,sec_1798.6,"(53958, 53964)",35,0
6,200726_SEFL17_MildStressor_g2 Box 2.wmv,noise,pre,-1.2,108088,10,50,15,sec_1798.8,"(53964, 53970)",18,66.66666667
6,200726_SEFL17_MildStressor_g2 Box 2.wmv,noise,pre,-1,108088,10,50,15,sec_1799.0,"(53970, 53976)",0,100
6,200726_SEFL17_MildStressor_g2 Box 2.wmv,noise,pre,-0.8,108088,10,50,15,sec_1799.2,"(53976, 53982)",0,100
6,200726_SEFL17_MildStressor_g2 Box 2.wmv,noise,pre,-0.6,108088,10,50,15,sec_1799.4,"(53982, 53988)",0,100
6,200726_SEFL17_MildStressor_g2 Box 2.wmv,noise,pre,-0.4,108088,10,50,15,sec_1799.6,"(53988, 53994)",0,100
6,200726_SEFL17_MildStressor_g2 Box 2.wmv,noise,pre,-0.2,108088,10,50,15,sec_1799.8,"(53994, 54000)",0.5,100
6,200726_SEFL17_MildStressor_g2 Box 2.wmv,noise,noise,-4.09E-14,108088,10,50,15,sec_1800.0,"(54000, 54006)",927,33.33333333
6,200726_SEFL17_MildStressor_g2 Box 2.wmv,noise,noise,0.2,108088,10,50,15,sec_1800.2,"(54006, 54012)",3863,0
6,200726_SEFL17_MildStressor_g2 Box 2.wmv,noise,noise,0.4,108088,10,50,15,sec_1800.4,"(54012, 54018)",1752.166667,0
6,200726_SEFL17_MildStressor_g2 Box 2.wmv,noise,noise,0.6,108088,10,50,15,sec_1800.6,"(54018, 54024)",907.8333333,0
6,200726_SEFL17_MildStressor_g2 Box 2.wmv,noise,noise,0.8,108088,10,50,15,sec_1800.8,"(54024, 54030)",848,0
6,200726_SEFL17_MildStressor_g2 Box 2.wmv,noise,noise,1,108088,10,50,15,sec_1801.0,"(54030, 54036)",147.8333333,0
6,200726_SEFL17_MildStressor_g2 Box 2.wmv,noise,noise,1.2,108088,10,50,15,sec_1801.2,"(54036, 54042)",315.8333333,0
6,200726_SEFL17_MildStressor_g2 Box 2.wmv,noise,noise,1.4,108088,10,50,15,sec_1801.4,"(54042, 54048)",62.5,0
6,200726_SEFL17_MildStressor_g2 Box 2.wmv,noise,noise,1.6,108088,10,50,15,sec_1801.6,"(54048, 54054)",30.83333333,0
6,200726_SEFL17_MildStressor_g2 Box 2.wmv,noise,noise,1.8,108088,10,50,15,sec_1801.8,"(54054, 54060)",116.6666667,0
6,200726_SEFL17_MildStressor_g2 Box 2.wmv,noise,noise,2,108088,10,50,15,sec_1802.0,"(54060, 54066)",792.8333333,0
6,200726_SEFL17_MildStressor_g2 Box 2.wmv,noise,noise,2.2,108088,10,50,15,sec_1802.2,"(54066, 54072)",1790.833333,0
6,200726_SEFL17_MildStressor_g2 Box 2.wmv,noise,noise,2.4,108088,10,50,15,sec_1802.4,"(54072, 54078)",2151.166667,0
6,200726_SEFL17_MildStressor_g2 Box 2.wmv,noise,noise,2.6,108088,10,50,15,sec_1802.6,"(54078, 54084)",1586.833333,0
6,200726_SEFL17_MildStressor_g2 Box 2.wmv,noise,noise,2.8,108088,10,50,15,sec_1802.8,"(54084, 54090)",355,0
6,200726_SEFL17_MildStressor_g2 Box 2.wmv,noise,post,3,108088,10,50,15,sec_1803.0,"(54090, 54096)",507.1666667,0
6,200726_SEFL17_MildStressor_g2 Box 2.wmv,noise,post,3.2,108088,10,50,15,sec_1803.2,"(54096, 54102)",25.83333333,83.33333333
6,200726_SEFL17_MildStressor_g2 Box 2.wmv,noise,post,3.4,108088,10,50,15,sec_1803.4,"(54102, 54108)",3.666666667,100
6,200726_SEFL17_MildStressor_g2 Box 2.wmv,noise,post,3.6,108088,10,50,15,sec_1803.6,"(54108, 54114)",0,100
6,200726_SEFL17_MildStressor_g2 Box 2.wmv,noise,post,3.8,108088,10,50,15,sec_1803.8,"(54114, 54120)",0,100
6,200726_SEFL17_MildStressor_g2 Box 2.wmv,noise,post,4,108088,10,50,15,sec_1804.0,"(54120, 54126)",0,100
6,200726_SEFL17_MildStressor_g2 Box 2.wmv,noise,post,4.2,108088,10,50,15,sec_1804.2,"(54126, 54132)",0,100
6,200726_SEFL17_MildStressor_g2 Box 2.wmv,noise,post,4.4,108088,10,50,15,sec_1804.4,"(54132, 54138)",0,100
6,200726_SEFL17_MildStressor_g2 Box 2.wmv,noise,post,4.6,108088,10,50,15,sec_1804.6,"(54138, 54144)",2.666666667,100
6,200726_SEFL17_MildStressor_g2 Box 2.wmv,noise,post,4.8,108088,10,50,15,sec_1804.8,"(54144, 54150)",0,100
6,200726_SEFL17_MildStressor_g2 Box 2.wmv,noise,post,5,108088,10,50,15,sec_1805.0,"(54150, 54156)",0,100
6,200726_SEFL17_MildStressor_g2 Box 2.wmv,noise,post,5.2,108088,10,50,15,sec_1805.2,"(54156, 54162)",215.3333333,33.33333333
6,200726_SEFL17_MildStressor_g2 Box 2.wmv,noise,post,5.4,108088,10,50,15,sec_1805.4,"(54162, 54168)",358.1666667,0
6,200726_SEFL17_MildStressor_g2 Box 2.wmv,noise,post,5.6,108088,10,50,15,sec_1805.6,"(54168, 54174)",304.6666667,0
6,200726_SEFL17_MildStressor_g2 Box 2.wmv,noise,post,5.8,108088,10,50,15,sec_1805.8,"(54174, 54180)",373.3333333,0
6,200726_SEFL17_MildStressor_g2 Box 2.wmv,noise,post,6,108088,10,50,15,sec_1806.0,"(54180, 54186)",100.5,0
6,200726_SEFL17_MildStressor_g2 Box 2.wmv,noise,post,6.2,108088,10,50,15,sec_1806.2,"(54186, 54192)",68.66666667,0
6,200726_SEFL17_MildStressor_g2 Box 2.wmv,noise,post,6.4,108088,10,50,15,sec_1806.4,"(54192, 54198)",317.6666667,0
6,200726_SEFL17_MildStressor_g2 Box 2.wmv,noise,post,6.6,108088,10,50,15,sec_1806.6,"(54198, 54204)",702.8333333,0
6,200726_SEFL17_MildStressor_g2 Box 2.wmv,noise,post,6.8,108088,10,50,15,sec_1806.8,"(54204, 54210)",473.6666667,0
6,200726_SEFL17_MildStressor_g2 Box 2.wmv,noise,post,7,108088,10,50,15,sec_1807.0,"(54210, 54216)",149.5,0
6,200726_SEFL17_MildStressor_g2 Box 2.wmv,noise,post,7.2,108088,10,50,15,sec_1807.2,"(54216, 54222)",327.1666667,0
6,200726_SEFL17_MildStressor_g2 Box 2.wmv,noise,post,7.4,108088,10,50,15,sec_1807.4,"(54222, 54228)",149.6666667,0
6,200726_SEFL17_MildStressor_g2 Box 2.wmv,noise,post,7.6,108088,10,50,15,sec_1807.6,"(54228, 54234)",4,100
6,200726_SEFL17_MildStressor_g2 Box 2.wmv,noise,post,7.8,108088,10,50,15,sec_1807.8,"(54234, 54240)",8.333333333,100
6,200726_SEFL17_MildStressor_g2 Box 2.wmv,noise,post,8,108088,10,50,15,sec_1808.0,"(54240, 54246)",0.333333333,100
6,200726_SEFL17_MildStressor_g2 Box 2.wmv,noise,post,8.2,108088,10,50,15,sec_1808.2,"(54246, 54252)",157.1666667,16.66666667
6,200726_SEFL17_MildStressor_g2 Box 2.wmv,noise,post,8.4,108088,10,50,15,sec_1808.4,"(54252, 54258)",58.33333333,0
6,200726_SEFL17_MildStressor_g2 Box 2.wmv,noise,post,8.6,108088,10,50,15,sec_1808.6,"(54258, 54264)",100.8333333,0
6,200726_SEFL17_MildStressor_g2 Box 2.wmv,noise,post,8.8,108088,10,50,15,sec_1808.8,"(54264, 54270)",123.3333333,0
6,200726_SEFL17_MildStressor_g2 Box 2.wmv,noise,post,9,108088,10,50,15,sec_1809.0,"(54270, 54276)",193.6666667,0
6,200726_SEFL17_MildStressor_g2 Box 2.wmv,noise,post,9.2,108088,10,50,15,sec_1809.2,"(54276, 54282)",184.3333333,0
6,200726_SEFL17_MildStressor_g2 Box 2.wmv,noise,post,9.4,108088,10,50,15,sec_1809.4,"(54282, 54288)",170.8333333,0
6,200726_SEFL17_MildStressor_g2 Box 2.wmv,noise,post,9.6,108088,10,50,15,sec_1809.6,"(54288, 54294)",210.5,0
6,200726_SEFL17_MildStressor_g2 Box 2.wmv,noise,post,9.8,108088,10,50,15,sec_1809.8,"(54294, 54300)",202.1666667,0
6,200726_SEFL17_MildStressor_g2 Box 2.wmv,noise,post,10,108088,10,50,15,sec_1810.0,"(54300, 54306)",311,0
6,200726_SEFL17_MildStressor_g2 Box 2.wmv,noise,post,10.2,108088,10,50,15,sec_1810.2,"(54306, 54312)",158.3333333,0
6,200726_SEFL17_MildStressor_g2 Box 2.wmv,noise,post,10.4,108088,10,50,15,sec_1810.4,"(54312, 54318)",216.8333333,0
6,200726_SEFL17_MildStressor_g2 Box 2.wmv,noise,post,10.6,108088,10,50,15,sec_1810.6,"(54318, 54324)",91.66666667,0
6,200726_SEFL17_MildStressor_g2 Box 2.wmv,noise,post,10.8,108088,10,50,15,sec_1810.8,"(54324, 54330)",261.6666667,0
6,200726_SEFL17_MildStressor_g2 Box 2.wmv,noise,post,11,108088,10,50,15,sec_1811.0,"(54330, 54336)",167.8333333,0
6,200726_SEFL17_MildStressor_g2 Box 2.wmv,noise,post,11.2,108088,10,50,15,sec_1811.2,"(54336, 54342)",120.3333333,0
6,200726_SEFL17_MildStressor_g2 Box 2.wmv,noise,post,11.4,108088,10,50,15,sec_1811.4,"(54342, 54348)",100.8333333,0
6,200726_SEFL17_MildStressor_g2 Box 2.wmv,noise,post,11.6,108088,10,50,15,sec_1811.6,"(54348, 54354)",103.8333333,0
6,200726_SEFL17_MildStressor_g2 Box 2.wmv,noise,post,11.8,108088,10,50,15,sec_1811.8,"(54354, 54360)",34.16666667,0
6,200726_SEFL17_MildStressor_g2 Box 2.wmv,noise,post,12,108088,10,50,15,sec_1812.0,"(54360, 54366)",108.1666667,0
6,200726_SEFL17_MildStressor_g2 Box 2.wmv,noise,post,12.2,108088,10,50,15,sec_1812.2,"(54366, 54372)",9.333333333,100
6,200726_SEFL17_MildStressor_g2 Box 2.wmv,noise,post,12.4,108088,10,50,15,sec_1812.4,"(54372, 54378)",0.5,100
6,200726_SEFL17_MildStressor_g2 Box 2.wmv,noise,post,12.6,108088,10,50,15,sec_1812.6,"(54378, 54384)",18,66.66666667
6,200726_SEFL17_MildStressor_g2 Box 2.wmv,noise,post,12.8,108088,10,50,15,sec_1812.8,"(54384, 54390)",35.83333333,0
7,200726_SEFL17_MildStressor_g2 Box 3.wmv,min,pre,-30,108088,10,50,15,min_0,"(0, 1800)",0.012222222,99.94444444
7,200726_SEFL17_MildStressor_g2 Box 3.wmv,min,pre,-29,108088,10,50,15,min_1,"(1800, 3600)",0.032222222,100
7,200726_SEFL17_MildStressor_g2 Box 3.wmv,min,pre,-28,108088,10,50,15,min_2,"(3600, 5400)",0.013888889,100
7,200726_SEFL17_MildStressor_g2 Box 3.wmv,min,pre,-27,108088,10,50,15,min_3,"(5400, 7200)",0.011666667,100
7,200726_SEFL17_MildStressor_g2 Box 3.wmv,min,pre,-26,108088,10,50,15,min_4,"(7200, 9000)",0.05,100
7,200726_SEFL17_MildStressor_g2 Box 3.wmv,min,pre,-25,108088,10,50,15,min_5,"(9000, 10800)",0.015555556,100
7,200726_SEFL17_MildStressor_g2 Box 3.wmv,min,pre,-24,108088,10,50,15,min_6,"(10800, 12600)",0.032222222,100
7,200726_SEFL17_MildStressor_g2 Box 3.wmv,min,pre,-23,108088,10,50,15,min_7,"(12600, 14400)",0.015,100
7,200726_SEFL17_MildStressor_g2 Box 3.wmv,min,pre,-22,108088,10,50,15,min_8,"(14400, 16200)",0.944444444,99.38888889
7,200726_SEFL17_MildStressor_g2 Box 3.wmv,min,pre,-21,108088,10,50,15,min_9,"(16200, 18000)",25.27277778,40.77777778
7,200726_SEFL17_MildStressor_g2 Box 3.wmv,min,pre,-20,108088,10,50,15,min_10,"(18000, 19800)",25.76777778,49.16666667
7,200726_SEFL17_MildStressor_g2 Box 3.wmv,min,pre,-19,108088,10,50,15,min_11,"(19800, 21600)",13.53444444,73.16666667
7,200726_SEFL17_MildStressor_g2 Box 3.wmv,min,pre,-18,108088,10,50,15,min_12,"(21600, 23400)",28.36833333,53.38888889
7,200726_SEFL17_MildStressor_g2 Box 3.wmv,min,pre,-17,108088,10,50,15,min_13,"(23400, 25200)",9.768333333,80.77777778
7,200726_SEFL17_MildStressor_g2 Box 3.wmv,min,pre,-16,108088,10,50,15,min_14,"(25200, 27000)",10.035,91.44444444
7,200726_SEFL17_MildStressor_g2 Box 3.wmv,min,pre,-15,108088,10,50,15,min_15,"(27000, 28800)",40.67166667,18.88888889
7,200726_SEFL17_MildStressor_g2 Box 3.wmv,min,pre,-14,108088,10,50,15,min_16,"(28800, 30600)",26.54388889,55.88888889
7,200726_SEFL17_MildStressor_g2 Box 3.wmv,min,pre,-13,108088,10,50,15,min_17,"(30600, 32400)",106.7672222,24.72222222
7,200726_SEFL17_MildStressor_g2 Box 3.wmv,min,pre,-12,108088,10,50,15,min_18,"(32400, 34200)",105.2272222,15.33333333
7,200726_SEFL17_MildStressor_g2 Box 3.wmv,min,pre,-11,108088,10,50,15,min_19,"(34200, 36000)",74.09555556,43.44444444
7,200726_SEFL17_MildStressor_g2 Box 3.wmv,min,pre,-10,108088,10,50,15,min_20,"(36000, 37800)",266.4788889,24.16666667
7,200726_SEFL17_MildStressor_g2 Box 3.wmv,min,pre,-9,108088,10,50,15,min_21,"(37800, 39600)",424.385,7.055555556
7,200726_SEFL17_MildStressor_g2 Box 3.wmv,min,pre,-8,108088,10,50,15,min_22,"(39600, 41400)",362.465,18.16666667
7,200726_SEFL17_MildStressor_g2 Box 3.wmv,min,pre,-7,108088,10,50,15,min_23,"(41400, 43200)",96.53277778,27.16666667
7,200726_SEFL17_MildStressor_g2 Box 3.wmv,min,pre,-6,108088,10,50,15,min_24,"(43200, 45000)",44.06555556,55.05555556
7,200726_SEFL17_MildStressor_g2 Box 3.wmv,min,pre,-5,108088,10,50,15,min_25,"(45000, 46800)",52.81444444,43
7,200726_SEFL17_MildStressor_g2 Box 3.wmv,min,pre,-4,108088,10,50,15,min_26,"(46800, 48600)",60.57833333,41.66666667
7,200726_SEFL17_MildStressor_g2 Box 3.wmv,min,pre,-3,108088,10,50,15,min_27,"(48600, 50400)",76.44833333,34.55555556
7,200726_SEFL17_MildStressor_g2 Box 3.wmv,min,pre,-2,108088,10,50,15,min_28,"(50400, 52200)",198.2166667,24.66666667
7,200726_SEFL17_MildStressor_g2 Box 3.wmv,min,pre,-1,108088,10,50,15,min_29,"(52200, 54000)",455.5194444,5.611111111
7,200726_SEFL17_MildStressor_g2 Box 3.wmv,min,post,0,108088,10,50,15,min_30,"(54000, 55800)",165.3305556,27.61111111
7,200726_SEFL17_MildStressor_g2 Box 3.wmv,min,post,1,108088,10,50,15,min_31,"(55800, 57600)",186.2777778,15.72222222
7,200726_SEFL17_MildStressor_g2 Box 3.wmv,min,post,2,108088,10,50,15,min_32,"(57600, 59400)",337.0694444,0.944444444
7,200726_SEFL17_MildStressor_g2 Box 3.wmv,min,post,3,108088,10,50,15,min_33,"(59400, 61200)",173.6216667,22.55555556
7,200726_SEFL17_MildStressor_g2 Box 3.wmv,min,post,4,108088,10,50,15,min_34,"(61200, 63000)",133.8288889,30.11111111
7,200726_SEFL17_MildStressor_g2 Box 3.wmv,min,post,5,108088,10,50,15,min_35,"(63000, 64800)",98.235,24.27777778
7,200726_SEFL17_MildStressor_g2 Box 3.wmv,min,post,6,108088,10,50,15,min_36,"(64800, 66600)",269.7711111,2.333333333
7,200726_SEFL17_MildStressor_g2 Box 3.wmv,min,post,7,108088,10,50,15,min_37,"(66600, 68400)",140.5088889,30.61111111
7,200726_SEFL17_MildStressor_g2 Box 3.wmv,min,post,8,108088,10,50,15,min_38,"(68400, 70200)",111.6594444,18.77777778
7,200726_SEFL17_MildStressor_g2 Box 3.wmv,min,post,9,108088,10,50,15,min_39,"(70200, 72000)",124.9188889,24.27777778
7,200726_SEFL17_MildStressor_g2 Box 3.wmv,min,post,10,108088,10,50,15,min_40,"(72000, 73800)",148.8311111,27.33333333
7,200726_SEFL17_MildStressor_g2 Box 3.wmv,min,post,11,108088,10,50,15,min_41,"(73800, 75600)",92.43555556,29.61111111
7,200726_SEFL17_MildStressor_g2 Box 3.wmv,min,post,12,108088,10,50,15,min_42,"(75600, 77400)",98.78777778,33.22222222
7,200726_SEFL17_MildStressor_g2 Box 3.wmv,min,post,13,108088,10,50,15,min_43,"(77400, 79200)",183.8,13.61111111
7,200726_SEFL17_MildStressor_g2 Box 3.wmv,min,post,14,108088,10,50,15,min_44,"(79200, 81000)",191.98,37.27777778
7,200726_SEFL17_MildStressor_g2 Box 3.wmv,min,post,15,108088,10,50,15,min_45,"(81000, 82800)",35.72388889,62.22222222
7,200726_SEFL17_MildStressor_g2 Box 3.wmv,min,post,16,108088,10,50,15,min_46,"(82800, 84600)",34.83444444,54.38888889
7,200726_SEFL17_MildStressor_g2 Box 3.wmv,min,post,17,108088,10,50,15,min_47,"(84600, 86400)",134.1961111,24.22222222
7,200726_SEFL17_MildStressor_g2 Box 3.wmv,min,post,18,108088,10,50,15,min_48,"(86400, 88200)",52.47888889,61.5
7,200726_SEFL17_MildStressor_g2 Box 3.wmv,min,post,19,108088,10,50,15,min_49,"(88200, 90000)",91.635,38.83333333
7,200726_SEFL17_MildStressor_g2 Box 3.wmv,min,post,20,108088,10,50,15,min_50,"(90000, 91800)",54.75333333,59.61111111
7,200726_SEFL17_MildStressor_g2 Box 3.wmv,min,post,21,108088,10,50,15,min_51,"(91800, 93600)",78.67388889,49.16666667
7,200726_SEFL17_MildStressor_g2 Box 3.wmv,min,post,22,108088,10,50,15,min_52,"(93600, 95400)",197.8722222,26.77777778
7,200726_SEFL17_MildStressor_g2 Box 3.wmv,min,post,23,108088,10,50,15,min_53,"(95400, 97200)",354.9994444,12.22222222
7,200726_SEFL17_MildStressor_g2 Box 3.wmv,min,post,24,108088,10,50,15,min_54,"(97200, 99000)",361.4061111,7.333333333
7,200726_SEFL17_MildStressor_g2 Box 3.wmv,min,post,25,108088,10,50,15,min_55,"(99000, 100800)",174.8116667,36.5
7,200726_SEFL17_MildStressor_g2 Box 3.wmv,min,post,26,108088,10,50,15,min_56,"(100800, 102600)",91.09722222,49.27777778
7,200726_SEFL17_MildStressor_g2 Box 3.wmv,min,post,27,108088,10,50,15,min_57,"(102600, 104400)",181.1783333,22.72222222
7,200726_SEFL17_MildStressor_g2 Box 3.wmv,min,post,28,108088,10,50,15,min_58,"(104400, 106200)",3.211111111,97.94444444
7,200726_SEFL17_MildStressor_g2 Box 3.wmv,min,post,29,108088,10,50,15,min_59,"(106200, 108000)",1.299444444,98.33333333
7,200726_SEFL17_MildStressor_g2 Box 3.wmv,noise,pre,-10,108088,10,50,15,sec_1790.0,"(53700, 53706)",227.5,0
7,200726_SEFL17_MildStressor_g2 Box 3.wmv,noise,pre,-9.8,108088,10,50,15,sec_1790.2,"(53706, 53712)",474.8333333,0
7,200726_SEFL17_MildStressor_g2 Box 3.wmv,noise,pre,-9.6,108088,10,50,15,sec_1790.4,"(53712, 53718)",698.1666667,0
7,200726_SEFL17_MildStressor_g2 Box 3.wmv,noise,pre,-9.4,108088,10,50,15,sec_1790.6,"(53718, 53724)",794.5,0
7,200726_SEFL17_MildStressor_g2 Box 3.wmv,noise,pre,-9.2,108088,10,50,15,sec_1790.8,"(53724, 53730)",1421,0
7,200726_SEFL17_MildStressor_g2 Box 3.wmv,noise,pre,-9,108088,10,50,15,sec_1791.0,"(53730, 53736)",1703.5,0
7,200726_SEFL17_MildStressor_g2 Box 3.wmv,noise,pre,-8.8,108088,10,50,15,sec_1791.2,"(53736, 53742)",1373.833333,0
7,200726_SEFL17_MildStressor_g2 Box 3.wmv,noise,pre,-8.6,108088,10,50,15,sec_1791.4,"(53742, 53748)",801.6666667,0
7,200726_SEFL17_MildStressor_g2 Box 3.wmv,noise,pre,-8.4,108088,10,50,15,sec_1791.6,"(53748, 53754)",584.1666667,0
7,200726_SEFL17_MildStressor_g2 Box 3.wmv,noise,pre,-8.2,108088,10,50,15,sec_1791.8,"(53754, 53760)",599.3333333,0
7,200726_SEFL17_MildStressor_g2 Box 3.wmv,noise,pre,-8,108088,10,50,15,sec_1792.0,"(53760, 53766)",511.1666667,0
7,200726_SEFL17_MildStressor_g2 Box 3.wmv,noise,pre,-7.8,108088,10,50,15,sec_1792.2,"(53766, 53772)",425.3333333,0
7,200726_SEFL17_MildStressor_g2 Box 3.wmv,noise,pre,-7.6,108088,10,50,15,sec_1792.4,"(53772, 53778)",460,0
7,200726_SEFL17_MildStressor_g2 Box 3.wmv,noise,pre,-7.4,108088,10,50,15,sec_1792.6,"(53778, 53784)",373.1666667,0
7,200726_SEFL17_MildStressor_g2 Box 3.wmv,noise,pre,-7.2,108088,10,50,15,sec_1792.8,"(53784, 53790)",475,0
7,200726_SEFL17_MildStressor_g2 Box 3.wmv,noise,pre,-7,108088,10,50,15,sec_1793.0,"(53790, 53796)",645.8333333,0
7,200726_SEFL17_MildStressor_g2 Box 3.wmv,noise,pre,-6.8,108088,10,50,15,sec_1793.2,"(53796, 53802)",501,0
7,200726_SEFL17_MildStressor_g2 Box 3.wmv,noise,pre,-6.6,108088,10,50,15,sec_1793.4,"(53802, 53808)",354,0
7,200726_SEFL17_MildStressor_g2 Box 3.wmv,noise,pre,-6.4,108088,10,50,15,sec_1793.6,"(53808, 53814)",333,0
7,200726_SEFL17_MildStressor_g2 Box 3.wmv,noise,pre,-6.2,108088,10,50,15,sec_1793.8,"(53814, 53820)",776,0
7,200726_SEFL17_MildStressor_g2 Box 3.wmv,noise,pre,-6,108088,10,50,15,sec_1794.0,"(53820, 53826)",1032.166667,0
7,200726_SEFL17_MildStressor_g2 Box 3.wmv,noise,pre,-5.8,108088,10,50,15,sec_1794.2,"(53826, 53832)",767.8333333,0
7,200726_SEFL17_MildStressor_g2 Box 3.wmv,noise,pre,-5.6,108088,10,50,15,sec_1794.4,"(53832, 53838)",596.6666667,0
7,200726_SEFL17_MildStressor_g2 Box 3.wmv,noise,pre,-5.4,108088,10,50,15,sec_1794.6,"(53838, 53844)",1138.833333,0
7,200726_SEFL17_MildStressor_g2 Box 3.wmv,noise,pre,-5.2,108088,10,50,15,sec_1794.8,"(53844, 53850)",1193.5,0
7,200726_SEFL17_MildStressor_g2 Box 3.wmv,noise,pre,-5,108088,10,50,15,sec_1795.0,"(53850, 53856)",1167.166667,0
7,200726_SEFL17_MildStressor_g2 Box 3.wmv,noise,pre,-4.8,108088,10,50,15,sec_1795.2,"(53856, 53862)",995.5,0
7,200726_SEFL17_MildStressor_g2 Box 3.wmv,noise,pre,-4.6,108088,10,50,15,sec_1795.4,"(53862, 53868)",480.1666667,0
7,200726_SEFL17_MildStressor_g2 Box 3.wmv,noise,pre,-4.4,108088,10,50,15,sec_1795.6,"(53868, 53874)",264,0
7,200726_SEFL17_MildStressor_g2 Box 3.wmv,noise,pre,-4.2,108088,10,50,15,sec_1795.8,"(53874, 53880)",871.8333333,0
7,200726_SEFL17_MildStressor_g2 Box 3.wmv,noise,pre,-4,108088,10,50,15,sec_1796.0,"(53880, 53886)",532.8333333,0
7,200726_SEFL17_MildStressor_g2 Box 3.wmv,noise,pre,-3.8,108088,10,50,15,sec_1796.2,"(53886, 53892)",720.1666667,0
7,200726_SEFL17_MildStressor_g2 Box 3.wmv,noise,pre,-3.6,108088,10,50,15,sec_1796.4,"(53892, 53898)",443,0
7,200726_SEFL17_MildStressor_g2 Box 3.wmv,noise,pre,-3.4,108088,10,50,15,sec_1796.6,"(53898, 53904)",466,0
7,200726_SEFL17_MildStressor_g2 Box 3.wmv,noise,pre,-3.2,108088,10,50,15,sec_1796.8,"(53904, 53910)",843.6666667,0
7,200726_SEFL17_MildStressor_g2 Box 3.wmv,noise,pre,-3,108088,10,50,15,sec_1797.0,"(53910, 53916)",803.5,0
7,200726_SEFL17_MildStressor_g2 Box 3.wmv,noise,pre,-2.8,108088,10,50,15,sec_1797.2,"(53916, 53922)",659.5,0
7,200726_SEFL17_MildStressor_g2 Box 3.wmv,noise,pre,-2.6,108088,10,50,15,sec_1797.4,"(53922, 53928)",531.6666667,0
7,200726_SEFL17_MildStressor_g2 Box 3.wmv,noise,pre,-2.4,108088,10,50,15,sec_1797.6,"(53928, 53934)",1427.833333,0
7,200726_SEFL17_MildStressor_g2 Box 3.wmv,noise,pre,-2.2,108088,10,50,15,sec_1797.8,"(53934, 53940)",1866,0
7,200726_SEFL17_MildStressor_g2 Box 3.wmv,noise,pre,-2,108088,10,50,15,sec_1798.0,"(53940, 53946)",1231.333333,0
7,200726_SEFL17_MildStressor_g2 Box 3.wmv,noise,pre,-1.8,108088,10,50,15,sec_1798.2,"(53946, 53952)",416.3333333,0
7,200726_SEFL17_MildStressor_g2 Box 3.wmv,noise,pre,-1.6,108088,10,50,15,sec_1798.4,"(53952, 53958)",438.5,0
7,200726_SEFL17_MildStressor_g2 Box 3.wmv,noise,pre,-1.4,108088,10,50,15,sec_1798.6,"(53958, 53964)",3295.666667,0
7,200726_SEFL17_MildStressor_g2 Box 3.wmv,noise,pre,-1.2,108088,10,50,15,sec_1798.8,"(53964, 53970)",1180,0
7,200726_SEFL17_MildStressor_g2 Box 3.wmv,noise,pre,-1,108088,10,50,15,sec_1799.0,"(53970, 53976)",712.1666667,0
7,200726_SEFL17_MildStressor_g2 Box 3.wmv,noise,pre,-0.8,108088,10,50,15,sec_1799.2,"(53976, 53982)",532,0
7,200726_SEFL17_MildStressor_g2 Box 3.wmv,noise,pre,-0.6,108088,10,50,15,sec_1799.4,"(53982, 53988)",345.1666667,0
7,200726_SEFL17_MildStressor_g2 Box 3.wmv,noise,pre,-0.4,108088,10,50,15,sec_1799.6,"(53988, 53994)",726.3333333,0
7,200726_SEFL17_MildStressor_g2 Box 3.wmv,noise,pre,-0.2,108088,10,50,15,sec_1799.8,"(53994, 54000)",608.6666667,0
7,200726_SEFL17_MildStressor_g2 Box 3.wmv,noise,noise,-4.09E-14,108088,10,50,15,sec_1800.0,"(54000, 54006)",1167.166667,0
7,200726_SEFL17_MildStressor_g2 Box 3.wmv,noise,noise,0.2,108088,10,50,15,sec_1800.2,"(54006, 54012)",1056.833333,0
7,200726_SEFL17_MildStressor_g2 Box 3.wmv,noise,noise,0.4,108088,10,50,15,sec_1800.4,"(54012, 54018)",1430,0
7,200726_SEFL17_MildStressor_g2 Box 3.wmv,noise,noise,0.6,108088,10,50,15,sec_1800.6,"(54018, 54024)",1399.5,0
7,200726_SEFL17_MildStressor_g2 Box 3.wmv,noise,noise,0.8,108088,10,50,15,sec_1800.8,"(54024, 54030)",1096.333333,0
7,200726_SEFL17_MildStressor_g2 Box 3.wmv,noise,noise,1,108088,10,50,15,sec_1801.0,"(54030, 54036)",1478.5,0
7,200726_SEFL17_MildStressor_g2 Box 3.wmv,noise,noise,1.2,108088,10,50,15,sec_1801.2,"(54036, 54042)",867.8333333,0
7,200726_SEFL17_MildStressor_g2 Box 3.wmv,noise,noise,1.4,108088,10,50,15,sec_1801.4,"(54042, 54048)",149,0
7,200726_SEFL17_MildStressor_g2 Box 3.wmv,noise,noise,1.6,108088,10,50,15,sec_1801.6,"(54048, 54054)",41.83333333,0
7,200726_SEFL17_MildStressor_g2 Box 3.wmv,noise,noise,1.8,108088,10,50,15,sec_1801.8,"(54054, 54060)",41,0
7,200726_SEFL17_MildStressor_g2 Box 3.wmv,noise,noise,2,108088,10,50,15,sec_1802.0,"(54060, 54066)",1235,0
7,200726_SEFL17_MildStressor_g2 Box 3.wmv,noise,noise,2.2,108088,10,50,15,sec_1802.2,"(54066, 54072)",501.6666667,0
7,200726_SEFL17_MildStressor_g2 Box 3.wmv,noise,noise,2.4,108088,10,50,15,sec_1802.4,"(54072, 54078)",10.16666667,83.33333333
7,200726_SEFL17_MildStressor_g2 Box 3.wmv,noise,noise,2.6,108088,10,50,15,sec_1802.6,"(54078, 54084)",4.333333333,100
7,200726_SEFL17_MildStressor_g2 Box 3.wmv,noise,noise,2.8,108088,10,50,15,sec_1802.8,"(54084, 54090)",1.333333333,100
7,200726_SEFL17_MildStressor_g2 Box 3.wmv,noise,post,3,108088,10,50,15,sec_1803.0,"(54090, 54096)",5,100
7,200726_SEFL17_MildStressor_g2 Box 3.wmv,noise,post,3.2,108088,10,50,15,sec_1803.2,"(54096, 54102)",0,100
7,200726_SEFL17_MildStressor_g2 Box 3.wmv,noise,post,3.4,108088,10,50,15,sec_1803.4,"(54102, 54108)",0,100
7,200726_SEFL17_MildStressor_g2 Box 3.wmv,noise,post,3.6,108088,10,50,15,sec_1803.6,"(54108, 54114)",0,100
7,200726_SEFL17_MildStressor_g2 Box 3.wmv,noise,post,3.8,108088,10,50,15,sec_1803.8,"(54114, 54120)",0,100
7,200726_SEFL17_MildStressor_g2 Box 3.wmv,noise,post,4,108088,10,50,15,sec_1804.0,"(54120, 54126)",0,100
7,200726_SEFL17_MildStressor_g2 Box 3.wmv,noise,post,4.2,108088,10,50,15,sec_1804.2,"(54126, 54132)",0,100
7,200726_SEFL17_MildStressor_g2 Box 3.wmv,noise,post,4.4,108088,10,50,15,sec_1804.4,"(54132, 54138)",0,100
7,200726_SEFL17_MildStressor_g2 Box 3.wmv,noise,post,4.6,108088,10,50,15,sec_1804.6,"(54138, 54144)",0,100
7,200726_SEFL17_MildStressor_g2 Box 3.wmv,noise,post,4.8,108088,10,50,15,sec_1804.8,"(54144, 54150)",0,100
7,200726_SEFL17_MildStressor_g2 Box 3.wmv,noise,post,5,108088,10,50,15,sec_1805.0,"(54150, 54156)",0,100
7,200726_SEFL17_MildStressor_g2 Box 3.wmv,noise,post,5.2,108088,10,50,15,sec_1805.2,"(54156, 54162)",0,100
7,200726_SEFL17_MildStressor_g2 Box 3.wmv,noise,post,5.4,108088,10,50,15,sec_1805.4,"(54162, 54168)",0,100
7,200726_SEFL17_MildStressor_g2 Box 3.wmv,noise,post,5.6,108088,10,50,15,sec_1805.6,"(54168, 54174)",0,100
7,200726_SEFL17_MildStressor_g2 Box 3.wmv,noise,post,5.8,108088,10,50,15,sec_1805.8,"(54174, 54180)",0,100
7,200726_SEFL17_MildStressor_g2 Box 3.wmv,noise,post,6,108088,10,50,15,sec_1806.0,"(54180, 54186)",6.833333333,100
7,200726_SEFL17_MildStressor_g2 Box 3.wmv,noise,post,6.2,108088,10,50,15,sec_1806.2,"(54186, 54192)",0,100
7,200726_SEFL17_MildStressor_g2 Box 3.wmv,noise,post,6.4,108088,10,50,15,sec_1806.4,"(54192, 54198)",0,100
7,200726_SEFL17_MildStressor_g2 Box 3.wmv,noise,post,6.6,108088,10,50,15,sec_1806.6,"(54198, 54204)",0,100
7,200726_SEFL17_MildStressor_g2 Box 3.wmv,noise,post,6.8,108088,10,50,15,sec_1806.8,"(54204, 54210)",0,100
7,200726_SEFL17_MildStressor_g2 Box 3.wmv,noise,post,7,108088,10,50,15,sec_1807.0,"(54210, 54216)",0,100
7,200726_SEFL17_MildStressor_g2 Box 3.wmv,noise,post,7.2,108088,10,50,15,sec_1807.2,"(54216, 54222)",0,100
7,200726_SEFL17_MildStressor_g2 Box 3.wmv,noise,post,7.4,108088,10,50,15,sec_1807.4,"(54222, 54228)",0,100
7,200726_SEFL17_MildStressor_g2 Box 3.wmv,noise,post,7.6,108088,10,50,15,sec_1807.6,"(54228, 54234)",0,100
7,200726_SEFL17_MildStressor_g2 Box 3.wmv,noise,post,7.8,108088,10,50,15,sec_1807.8,"(54234, 54240)",0,100
7,200726_SEFL17_MildStressor_g2 Box 3.wmv,noise,post,8,108088,10,50,15,sec_1808.0,"(54240, 54246)",1.333333333,100
7,200726_SEFL17_MildStressor_g2 Box 3.wmv,noise,post,8.2,108088,10,50,15,sec_1808.2,"(54246, 54252)",0,100
7,200726_SEFL17_MildStressor_g2 Box 3.wmv,noise,post,8.4,108088,10,50,15,sec_1808.4,"(54252, 54258)",0,100
7,200726_SEFL17_MildStressor_g2 Box 3.wmv,noise,post,8.6,108088,10,50,15,sec_1808.6,"(54258, 54264)",0,100
7,200726_SEFL17_MildStressor_g2 Box 3.wmv,noise,post,8.8,108088,10,50,15,sec_1808.8,"(54264, 54270)",0,100
7,200726_SEFL17_MildStressor_g2 Box 3.wmv,noise,post,9,108088,10,50,15,sec_1809.0,"(54270, 54276)",0,100
7,200726_SEFL17_MildStressor_g2 Box 3.wmv,noise,post,9.2,108088,10,50,15,sec_1809.2,"(54276, 54282)",1.5,100
7,200726_SEFL17_MildStressor_g2 Box 3.wmv,noise,post,9.4,108088,10,50,15,sec_1809.4,"(54282, 54288)",5.833333333,100
7,200726_SEFL17_MildStressor_g2 Box 3.wmv,noise,post,9.6,108088,10,50,15,sec_1809.6,"(54288, 54294)",0,100
7,200726_SEFL17_MildStressor_g2 Box 3.wmv,noise,post,9.8,108088,10,50,15,sec_1809.8,"(54294, 54300)",0,100
7,200726_SEFL17_MildStressor_g2 Box 3.wmv,noise,post,10,108088,10,50,15,sec_1810.0,"(54300, 54306)",4.166666667,100
7,200726_SEFL17_MildStressor_g2 Box 3.wmv,noise,post,10.2,108088,10,50,15,sec_1810.2,"(54306, 54312)",16.5,100
7,200726_SEFL17_MildStressor_g2 Box 3.wmv,noise,post,10.4,108088,10,50,15,sec_1810.4,"(54312, 54318)",18,100
7,200726_SEFL17_MildStressor_g2 Box 3.wmv,noise,post,10.6,108088,10,50,15,sec_1810.6,"(54318, 54324)",3.333333333,100
7,200726_SEFL17_MildStressor_g2 Box 3.wmv,noise,post,10.8,108088,10,50,15,sec_1810.8,"(54324, 54330)",0,100
7,200726_SEFL17_MildStressor_g2 Box 3.wmv,noise,post,11,108088,10,50,15,sec_1811.0,"(54330, 54336)",0,100
7,200726_SEFL17_MildStressor_g2 Box 3.wmv,noise,post,11.2,108088,10,50,15,sec_1811.2,"(54336, 54342)",0,100
7,200726_SEFL17_MildStressor_g2 Box 3.wmv,noise,post,11.4,108088,10,50,15,sec_1811.4,"(54342, 54348)",0,100
7,200726_SEFL17_MildStressor_g2 Box 3.wmv,noise,post,11.6,108088,10,50,15,sec_1811.6,"(54348, 54354)",0,100
7,200726_SEFL17_MildStressor_g2 Box 3.wmv,noise,post,11.8,108088,10,50,15,sec_1811.8,"(54354, 54360)",0,100
7,200726_SEFL17_MildStressor_g2 Box 3.wmv,noise,post,12,108088,10,50,15,sec_1812.0,"(54360, 54366)",0,100
7,200726_SEFL17_MildStressor_g2 Box 3.wmv,noise,post,12.2,108088,10,50,15,sec_1812.2,"(54366, 54372)",0,100
7,200726_SEFL17_MildStressor_g2 Box 3.wmv,noise,post,12.4,108088,10,50,15,sec_1812.4,"(54372, 54378)",4.166666667,100
7,200726_SEFL17_MildStressor_g2 Box 3.wmv,noise,post,12.6,108088,10,50,15,sec_1812.6,"(54378, 54384)",12.66666667,100
7,200726_SEFL17_MildStressor_g2 Box 3.wmv,noise,post,12.8,108088,10,50,15,sec_1812.8,"(54384, 54390)",0.5,100
8,200726_SEFL17_MildStressor_g2 Box 4.wmv,min,pre,-30,108088,10,50,15,min_0,"(0, 1800)",2.653888889,97.77777778
8,200726_SEFL17_MildStressor_g2 Box 4.wmv,min,pre,-29,108088,10,50,15,min_1,"(1800, 3600)",0.073333333,100
8,200726_SEFL17_MildStressor_g2 Box 4.wmv,min,pre,-28,108088,10,50,15,min_2,"(3600, 5400)",1.093333333,98.11111111
8,200726_SEFL17_MildStressor_g2 Box 4.wmv,min,pre,-27,108088,10,50,15,min_3,"(5400, 7200)",0.097222222,99.94444444
8,200726_SEFL17_MildStressor_g2 Box 4.wmv,min,pre,-26,108088,10,50,15,min_4,"(7200, 9000)",0.046111111,100
8,200726_SEFL17_MildStressor_g2 Box 4.wmv,min,pre,-25,108088,10,50,15,min_5,"(9000, 10800)",0.192777778,99.55555556
8,200726_SEFL17_MildStressor_g2 Box 4.wmv,min,pre,-24,108088,10,50,15,min_6,"(10800, 12600)",0.075555556,100
8,200726_SEFL17_MildStressor_g2 Box 4.wmv,min,pre,-23,108088,10,50,15,min_7,"(12600, 14400)",0.132777778,99.94444444
8,200726_SEFL17_MildStressor_g2 Box 4.wmv,min,pre,-22,108088,10,50,15,min_8,"(14400, 16200)",2.650555556,95.83333333
8,200726_SEFL17_MildStressor_g2 Box 4.wmv,min,pre,-21,108088,10,50,15,min_9,"(16200, 18000)",0.057777778,100
8,200726_SEFL17_MildStressor_g2 Box 4.wmv,min,pre,-20,108088,10,50,15,min_10,"(18000, 19800)",2.921666667,96.77777778
8,200726_SEFL17_MildStressor_g2 Box 4.wmv,min,pre,-19,108088,10,50,15,min_11,"(19800, 21600)",0.166111111,100
8,200726_SEFL17_MildStressor_g2 Box 4.wmv,min,pre,-18,108088,10,50,15,min_12,"(21600, 23400)",0.133888889,100
8,200726_SEFL17_MildStressor_g2 Box 4.wmv,min,pre,-17,108088,10,50,15,min_13,"(23400, 25200)",2.475,97.05555556
8,200726_SEFL17_MildStressor_g2 Box 4.wmv,min,pre,-16,108088,10,50,15,min_14,"(25200, 27000)",0.581666667,99.5
8,200726_SEFL17_MildStressor_g2 Box 4.wmv,min,pre,-15,108088,10,50,15,min_15,"(27000, 28800)",2.325555556,96.5
8,200726_SEFL17_MildStressor_g2 Box 4.wmv,min,pre,-14,108088,10,50,15,min_16,"(28800, 30600)",0.083888889,100
8,200726_SEFL17_MildStressor_g2 Box 4.wmv,min,pre,-13,108088,10,50,15,min_17,"(30600, 32400)",0.357222222,100
8,200726_SEFL17_MildStressor_g2 Box 4.wmv,min,pre,-12,108088,10,50,15,min_18,"(32400, 34200)",0.115,100
8,200726_SEFL17_MildStressor_g2 Box 4.wmv,min,pre,-11,108088,10,50,15,min_19,"(34200, 36000)",0.082222222,100
8,200726_SEFL17_MildStressor_g2 Box 4.wmv,min,pre,-10,108088,10,50,15,min_20,"(36000, 37800)",0.265555556,99.94444444
8,200726_SEFL17_MildStressor_g2 Box 4.wmv,min,pre,-9,108088,10,50,15,min_21,"(37800, 39600)",0.059444444,100
8,200726_SEFL17_MildStressor_g2 Box 4.wmv,min,pre,-8,108088,10,50,15,min_22,"(39600, 41400)",0.202777778,99.94444444
8,200726_SEFL17_MildStressor_g2 Box 4.wmv,min,pre,-7,108088,10,50,15,min_23,"(41400, 43200)",0.127777778,100
8,200726_SEFL17_MildStressor_g2 Box 4.wmv,min,pre,-6,108088,10,50,15,min_24,"(43200, 45000)",0.183333333,100
8,200726_SEFL17_MildStressor_g2 Box 4.wmv,min,pre,-5,108088,10,50,15,min_25,"(45000, 46800)",9.726666667,87.94444444
8,200726_SEFL17_MildStressor_g2 Box 4.wmv,min,pre,-4,108088,10,50,15,min_26,"(46800, 48600)",10.39333333,90.72222222
8,200726_SEFL17_MildStressor_g2 Box 4.wmv,min,pre,-3,108088,10,50,15,min_27,"(48600, 50400)",54.18833333,48.33333333
8,200726_SEFL17_MildStressor_g2 Box 4.wmv,min,pre,-2,108088,10,50,15,min_28,"(50400, 52200)",0.043888889,100
8,200726_SEFL17_MildStressor_g2 Box 4.wmv,min,pre,-1,108088,10,50,15,min_29,"(52200, 54000)",0.045555556,100
8,200726_SEFL17_MildStressor_g2 Box 4.wmv,min,post,0,108088,10,50,15,min_30,"(54000, 55800)",87.49166667,36.55555556
8,200726_SEFL17_MildStressor_g2 Box 4.wmv,min,post,1,108088,10,50,15,min_31,"(55800, 57600)",121.71,26.88888889
8,200726_SEFL17_MildStressor_g2 Box 4.wmv,min,post,2,108088,10,50,15,min_32,"(57600, 59400)",202.3094444,6.5
8,200726_SEFL17_MildStressor_g2 Box 4.wmv,min,post,3,108088,10,50,15,min_33,"(59400, 61200)",248.1911111,4.055555556
8,200726_SEFL17_MildStressor_g2 Box 4.wmv,min,post,4,108088,10,50,15,min_34,"(61200, 63000)",195.3333333,12.66666667
8,200726_SEFL17_MildStressor_g2 Box 4.wmv,min,post,5,108088,10,50,15,min_35,"(63000, 64800)",256.8538889,3.333333333
8,200726_SEFL17_MildStressor_g2 Box 4.wmv,min,post,6,108088,10,50,15,min_36,"(64800, 66600)",186.7322222,7.388888889
8,200726_SEFL17_MildStressor_g2 Box 4.wmv,min,post,7,108088,10,50,15,min_37,"(66600, 68400)",141.6894444,23.38888889
8,200726_SEFL17_MildStressor_g2 Box 4.wmv,min,post,8,108088,10,50,15,min_38,"(68400, 70200)",150.9016667,15.94444444
8,200726_SEFL17_MildStressor_g2 Box 4.wmv,min,post,9,108088,10,50,15,min_39,"(70200, 72000)",221.1927778,7.277777778
8,200726_SEFL17_MildStressor_g2 Box 4.wmv,min,post,10,108088,10,50,15,min_40,"(72000, 73800)",137.7361111,22.94444444
8,200726_SEFL17_MildStressor_g2 Box 4.wmv,min,post,11,108088,10,50,15,min_41,"(73800, 75600)",106.4238889,31.77777778
8,200726_SEFL17_MildStressor_g2 Box 4.wmv,min,post,12,108088,10,50,15,min_42,"(75600, 77400)",136.3533333,9.5
8,200726_SEFL17_MildStressor_g2 Box 4.wmv,min,post,13,108088,10,50,15,min_43,"(77400, 79200)",144.4755556,8.444444444
8,200726_SEFL17_MildStressor_g2 Box 4.wmv,min,post,14,108088,10,50,15,min_44,"(79200, 81000)",79.50666667,41.38888889
8,200726_SEFL17_MildStressor_g2 Box 4.wmv,min,post,15,108088,10,50,15,min_45,"(81000, 82800)",1.392222222,99.5
8,200726_SEFL17_MildStressor_g2 Box 4.wmv,min,post,16,108088,10,50,15,min_46,"(82800, 84600)",0.206666667,99.94444444
8,200726_SEFL17_MildStressor_g2 Box 4.wmv,min,post,17,108088,10,50,15,min_47,"(84600, 86400)",4.493333333,92.77777778
8,200726_SEFL17_MildStressor_g2 Box 4.wmv,min,post,18,108088,10,50,15,min_48,"(86400, 88200)",0.363333333,99.72222222
8,200726_SEFL17_MildStressor_g2 Box 4.wmv,min,post,19,108088,10,50,15,min_49,"(88200, 90000)",0.042222222,100
8,200726_SEFL17_MildStressor_g2 Box 4.wmv,min,post,20,108088,10,50,15,min_50,"(90000, 91800)",0.374444444,99.66666667
8,200726_SEFL17_MildStressor_g2 Box 4.wmv,min,post,21,108088,10,50,15,min_51,"(91800, 93600)",1.171666667,96.44444444
8,200726_SEFL17_MildStressor_g2 Box 4.wmv,min,post,22,108088,10,50,15,min_52,"(93600, 95400)",26.44055556,70.61111111
8,200726_SEFL17_MildStressor_g2 Box 4.wmv,min,post,23,108088,10,50,15,min_53,"(95400, 97200)",2.055555556,98.38888889
8,200726_SEFL17_MildStressor_g2 Box 4.wmv,min,post,24,108088,10,50,15,min_54,"(97200, 99000)",0.061111111,100
8,200726_SEFL17_MildStressor_g2 Box 4.wmv,min,post,25,108088,10,50,15,min_55,"(99000, 100800)",0.405555556,99.77777778
8,200726_SEFL17_MildStressor_g2 Box 4.wmv,min,post,26,108088,10,50,15,min_56,"(100800, 102600)",1.345,98.55555556
8,200726_SEFL17_MildStressor_g2 Box 4.wmv,min,post,27,108088,10,50,15,min_57,"(102600, 104400)",0.274444444,99.83333333
8,200726_SEFL17_MildStressor_g2 Box 4.wmv,min,post,28,108088,10,50,15,min_58,"(104400, 106200)",0.131666667,100
8,200726_SEFL17_MildStressor_g2 Box 4.wmv,min,post,29,108088,10,50,15,min_59,"(106200, 108000)",0.036111111,100
8,200726_SEFL17_MildStressor_g2 Box 4.wmv,noise,pre,-10,108088,10,50,15,sec_1790.0,"(53700, 53706)",0,100
8,200726_SEFL17_MildStressor_g2 Box 4.wmv,noise,pre,-9.8,108088,10,50,15,sec_1790.2,"(53706, 53712)",0.333333333,100
8,200726_SEFL17_MildStressor_g2 Box 4.wmv,noise,pre,-9.6,108088,10,50,15,sec_1790.4,"(53712, 53718)",1.333333333,100
8,200726_SEFL17_MildStressor_g2 Box 4.wmv,noise,pre,-9.4,108088,10,50,15,sec_1790.6,"(53718, 53724)",0,100
8,200726_SEFL17_MildStressor_g2 Box 4.wmv,noise,pre,-9.2,108088,10,50,15,sec_1790.8,"(53724, 53730)",0,100
8,200726_SEFL17_MildStressor_g2 Box 4.wmv,noise,pre,-9,108088,10,50,15,sec_1791.0,"(53730, 53736)",0,100
8,200726_SEFL17_MildStressor_g2 Box 4.wmv,noise,pre,-8.8,108088,10,50,15,sec_1791.2,"(53736, 53742)",1,100
8,200726_SEFL17_MildStressor_g2 Box 4.wmv,noise,pre,-8.6,108088,10,50,15,sec_1791.4,"(53742, 53748)",0,100
8,200726_SEFL17_MildStressor_g2 Box 4.wmv,noise,pre,-8.4,108088,10,50,15,sec_1791.6,"(53748, 53754)",0,100
8,200726_SEFL17_MildStressor_g2 Box 4.wmv,noise,pre,-8.2,108088,10,50,15,sec_1791.8,"(53754, 53760)",0,100
8,200726_SEFL17_MildStressor_g2 Box 4.wmv,noise,pre,-8,108088,10,50,15,sec_1792.0,"(53760, 53766)",3.666666667,100
8,200726_SEFL17_MildStressor_g2 Box 4.wmv,noise,pre,-7.8,108088,10,50,15,sec_1792.2,"(53766, 53772)",0,100
8,200726_SEFL17_MildStressor_g2 Box 4.wmv,noise,pre,-7.6,108088,10,50,15,sec_1792.4,"(53772, 53778)",0,100
8,200726_SEFL17_MildStressor_g2 Box 4.wmv,noise,pre,-7.4,108088,10,50,15,sec_1792.6,"(53778, 53784)",0,100
8,200726_SEFL17_MildStressor_g2 Box 4.wmv,noise,pre,-7.2,108088,10,50,15,sec_1792.8,"(53784, 53790)",0,100
8,200726_SEFL17_MildStressor_g2 Box 4.wmv,noise,pre,-7,108088,10,50,15,sec_1793.0,"(53790, 53796)",0,100
8,200726_SEFL17_MildStressor_g2 Box 4.wmv,noise,pre,-6.8,108088,10,50,15,sec_1793.2,"(53796, 53802)",0,100
8,200726_SEFL17_MildStressor_g2 Box 4.wmv,noise,pre,-6.6,108088,10,50,15,sec_1793.4,"(53802, 53808)",0,100
8,200726_SEFL17_MildStressor_g2 Box 4.wmv,noise,pre,-6.4,108088,10,50,15,sec_1793.6,"(53808, 53814)",0,100
8,200726_SEFL17_MildStressor_g2 Box 4.wmv,noise,pre,-6.2,108088,10,50,15,sec_1793.8,"(53814, 53820)",0,100
8,200726_SEFL17_MildStressor_g2 Box 4.wmv,noise,pre,-6,108088,10,50,15,sec_1794.0,"(53820, 53826)",0,100
8,200726_SEFL17_MildStressor_g2 Box 4.wmv,noise,pre,-5.8,108088,10,50,15,sec_1794.2,"(53826, 53832)",0,100
8,200726_SEFL17_MildStressor_g2 Box 4.wmv,noise,pre,-5.6,108088,10,50,15,sec_1794.4,"(53832, 53838)",0,100
8,200726_SEFL17_MildStressor_g2 Box 4.wmv,noise,pre,-5.4,108088,10,50,15,sec_1794.6,"(53838, 53844)",0,100
8,200726_SEFL17_MildStressor_g2 Box 4.wmv,noise,pre,-5.2,108088,10,50,15,sec_1794.8,"(53844, 53850)",0,100
8,200726_SEFL17_MildStressor_g2 Box 4.wmv,noise,pre,-5,108088,10,50,15,sec_1795.0,"(53850, 53856)",0,100
8,200726_SEFL17_MildStressor_g2 Box 4.wmv,noise,pre,-4.8,108088,10,50,15,sec_1795.2,"(53856, 53862)",0,100
8,200726_SEFL17_MildStressor_g2 Box 4.wmv,noise,pre,-4.6,108088,10,50,15,sec_1795.4,"(53862, 53868)",0,100
8,200726_SEFL17_MildStressor_g2 Box 4.wmv,noise,pre,-4.4,108088,10,50,15,sec_1795.6,"(53868, 53874)",0,100
8,200726_SEFL17_MildStressor_g2 Box 4.wmv,noise,pre,-4.2,108088,10,50,15,sec_1795.8,"(53874, 53880)",0,100
8,200726_SEFL17_MildStressor_g2 Box 4.wmv,noise,pre,-4,108088,10,50,15,sec_1796.0,"(53880, 53886)",0,100
8,200726_SEFL17_MildStressor_g2 Box 4.wmv,noise,pre,-3.8,108088,10,50,15,sec_1796.2,"(53886, 53892)",0,100
8,200726_SEFL17_MildStressor_g2 Box 4.wmv,noise,pre,-3.6,108088,10,50,15,sec_1796.4,"(53892, 53898)",0,100
8,200726_SEFL17_MildStressor_g2 Box 4.wmv,noise,pre,-3.4,108088,10,50,15,sec_1796.6,"(53898, 53904)",0,100
8,200726_SEFL17_MildStressor_g2 Box 4.wmv,noise,pre,-3.2,108088,10,50,15,sec_1796.8,"(53904, 53910)",0,100
8,200726_SEFL17_MildStressor_g2 Box 4.wmv,noise,pre,-3,108088,10,50,15,sec_1797.0,"(53910, 53916)",0,100
8,200726_SEFL17_MildStressor_g2 Box 4.wmv,noise,pre,-2.8,108088,10,50,15,sec_1797.2,"(53916, 53922)",0,100
8,200726_SEFL17_MildStressor_g2 Box 4.wmv,noise,pre,-2.6,108088,10,50,15,sec_1797.4,"(53922, 53928)",0.166666667,100
8,200726_SEFL17_MildStressor_g2 Box 4.wmv,noise,pre,-2.4,108088,10,50,15,sec_1797.6,"(53928, 53934)",0,100
8,200726_SEFL17_MildStressor_g2 Box 4.wmv,noise,pre,-2.2,108088,10,50,15,sec_1797.8,"(53934, 53940)",0,100
8,200726_SEFL17_MildStressor_g2 Box 4.wmv,noise,pre,-2,108088,10,50,15,sec_1798.0,"(53940, 53946)",0,100
8,200726_SEFL17_MildStressor_g2 Box 4.wmv,noise,pre,-1.8,108088,10,50,15,sec_1798.2,"(53946, 53952)",0,100
8,200726_SEFL17_MildStressor_g2 Box 4.wmv,noise,pre,-1.6,108088,10,50,15,sec_1798.4,"(53952, 53958)",0,100
8,200726_SEFL17_MildStressor_g2 Box 4.wmv,noise,pre,-1.4,108088,10,50,15,sec_1798.6,"(53958, 53964)",0,100
8,200726_SEFL17_MildStressor_g2 Box 4.wmv,noise,pre,-1.2,108088,10,50,15,sec_1798.8,"(53964, 53970)",0,100
8,200726_SEFL17_MildStressor_g2 Box 4.wmv,noise,pre,-1,108088,10,50,15,sec_1799.0,"(53970, 53976)",0,100
8,200726_SEFL17_MildStressor_g2 Box 4.wmv,noise,pre,-0.8,108088,10,50,15,sec_1799.2,"(53976, 53982)",0,100
8,200726_SEFL17_MildStressor_g2 Box 4.wmv,noise,pre,-0.6,108088,10,50,15,sec_1799.4,"(53982, 53988)",0,100
8,200726_SEFL17_MildStressor_g2 Box 4.wmv,noise,pre,-0.4,108088,10,50,15,sec_1799.6,"(53988, 53994)",0,100
8,200726_SEFL17_MildStressor_g2 Box 4.wmv,noise,pre,-0.2,108088,10,50,15,sec_1799.8,"(53994, 54000)",0,100
8,200726_SEFL17_MildStressor_g2 Box 4.wmv,noise,noise,-4.09E-14,108088,10,50,15,sec_1800.0,"(54000, 54006)",651.1666667,33.33333333
8,200726_SEFL17_MildStressor_g2 Box 4.wmv,noise,noise,0.2,108088,10,50,15,sec_1800.2,"(54006, 54012)",1148.666667,0
8,200726_SEFL17_MildStressor_g2 Box 4.wmv,noise,noise,0.4,108088,10,50,15,sec_1800.4,"(54012, 54018)",569.3333333,0
8,200726_SEFL17_MildStressor_g2 Box 4.wmv,noise,noise,0.6,108088,10,50,15,sec_1800.6,"(54018, 54024)",193.1666667,0
8,200726_SEFL17_MildStressor_g2 Box 4.wmv,noise,noise,0.8,108088,10,50,15,sec_1800.8,"(54024, 54030)",366,0
8,200726_SEFL17_MildStressor_g2 Box 4.wmv,noise,noise,1,108088,10,50,15,sec_1801.0,"(54030, 54036)",540.5,0
8,200726_SEFL17_MildStressor_g2 Box 4.wmv,noise,noise,1.2,108088,10,50,15,sec_1801.2,"(54036, 54042)",1106.333333,0
8,200726_SEFL17_MildStressor_g2 Box 4.wmv,noise,noise,1.4,108088,10,50,15,sec_1801.4,"(54042, 54048)",1645.5,0
8,200726_SEFL17_MildStressor_g2 Box 4.wmv,noise,noise,1.6,108088,10,50,15,sec_1801.6,"(54048, 54054)",669.5,0
8,200726_SEFL17_MildStressor_g2 Box 4.wmv,noise,noise,1.8,108088,10,50,15,sec_1801.8,"(54054, 54060)",379,0
8,200726_SEFL17_MildStressor_g2 Box 4.wmv,noise,noise,2,108088,10,50,15,sec_1802.0,"(54060, 54066)",59.83333333,0
8,200726_SEFL17_MildStressor_g2 Box 4.wmv,noise,noise,2.2,108088,10,50,15,sec_1802.2,"(54066, 54072)",248.1666667,0
8,200726_SEFL17_MildStressor_g2 Box 4.wmv,noise,noise,2.4,108088,10,50,15,sec_1802.4,"(54072, 54078)",227.3333333,0
8,200726_SEFL17_MildStressor_g2 Box 4.wmv,noise,noise,2.6,108088,10,50,15,sec_1802.6,"(54078, 54084)",103.5,0
8,200726_SEFL17_MildStressor_g2 Box 4.wmv,noise,noise,2.8,108088,10,50,15,sec_1802.8,"(54084, 54090)",257.6666667,0
8,200726_SEFL17_MildStressor_g2 Box 4.wmv,noise,post,3,108088,10,50,15,sec_1803.0,"(54090, 54096)",35.16666667,66.66666667
8,200726_SEFL17_MildStressor_g2 Box 4.wmv,noise,post,3.2,108088,10,50,15,sec_1803.2,"(54096, 54102)",0.5,100
8,200726_SEFL17_MildStressor_g2 Box 4.wmv,noise,post,3.4,108088,10,50,15,sec_1803.4,"(54102, 54108)",0,100
8,200726_SEFL17_MildStressor_g2 Box 4.wmv,noise,post,3.6,108088,10,50,15,sec_1803.6,"(54108, 54114)",0,100
8,200726_SEFL17_MildStressor_g2 Box 4.wmv,noise,post,3.8,108088,10,50,15,sec_1803.8,"(54114, 54120)",0,100
8,200726_SEFL17_MildStressor_g2 Box 4.wmv,noise,post,4,108088,10,50,15,sec_1804.0,"(54120, 54126)",0,100
8,200726_SEFL17_MildStressor_g2 Box 4.wmv,noise,post,4.2,108088,10,50,15,sec_1804.2,"(54126, 54132)",4.5,100
8,200726_SEFL17_MildStressor_g2 Box 4.wmv,noise,post,4.4,108088,10,50,15,sec_1804.4,"(54132, 54138)",20,83.33333333
8,200726_SEFL17_MildStressor_g2 Box 4.wmv,noise,post,4.6,108088,10,50,15,sec_1804.6,"(54138, 54144)",0,100
8,200726_SEFL17_MildStressor_g2 Box 4.wmv,noise,post,4.8,108088,10,50,15,sec_1804.8,"(54144, 54150)",0,100
8,200726_SEFL17_MildStressor_g2 Box 4.wmv,noise,post,5,108088,10,50,15,sec_1805.0,"(54150, 54156)",36.33333333,66.66666667
8,200726_SEFL17_MildStressor_g2 Box 4.wmv,noise,post,5.2,108088,10,50,15,sec_1805.2,"(54156, 54162)",0,100
8,200726_SEFL17_MildStressor_g2 Box 4.wmv,noise,post,5.4,108088,10,50,15,sec_1805.4,"(54162, 54168)",0,100
8,200726_SEFL17_MildStressor_g2 Box 4.wmv,noise,post,5.6,108088,10,50,15,sec_1805.6,"(54168, 54174)",19.33333333,83.33333333
8,200726_SEFL17_MildStressor_g2 Box 4.wmv,noise,post,5.8,108088,10,50,15,sec_1805.8,"(54174, 54180)",1,100
8,200726_SEFL17_MildStressor_g2 Box 4.wmv,noise,post,6,108088,10,50,15,sec_1806.0,"(54180, 54186)",0,100
8,200726_SEFL17_MildStressor_g2 Box 4.wmv,noise,post,6.2,108088,10,50,15,sec_1806.2,"(54186, 54192)",0,100
8,200726_SEFL17_MildStressor_g2 Box 4.wmv,noise,post,6.4,108088,10,50,15,sec_1806.4,"(54192, 54198)",0,100
8,200726_SEFL17_MildStressor_g2 Box 4.wmv,noise,post,6.6,108088,10,50,15,sec_1806.6,"(54198, 54204)",17.33333333,100
8,200726_SEFL17_MildStressor_g2 Box 4.wmv,noise,post,6.8,108088,10,50,15,sec_1806.8,"(54204, 54210)",2,100
8,200726_SEFL17_MildStressor_g2 Box 4.wmv,noise,post,7,108088,10,50,15,sec_1807.0,"(54210, 54216)",0.166666667,100
8,200726_SEFL17_MildStressor_g2 Box 4.wmv,noise,post,7.2,108088,10,50,15,sec_1807.2,"(54216, 54222)",4,100
8,200726_SEFL17_MildStressor_g2 Box 4.wmv,noise,post,7.4,108088,10,50,15,sec_1807.4,"(54222, 54228)",0,100
8,200726_SEFL17_MildStressor_g2 Box 4.wmv,noise,post,7.6,108088,10,50,15,sec_1807.6,"(54228, 54234)",5,100
8,200726_SEFL17_MildStressor_g2 Box 4.wmv,noise,post,7.8,108088,10,50,15,sec_1807.8,"(54234, 54240)",21.33333333,83.33333333
8,200726_SEFL17_MildStressor_g2 Box 4.wmv,noise,post,8,108088,10,50,15,sec_1808.0,"(54240, 54246)",2.166666667,100
8,200726_SEFL17_MildStressor_g2 Box 4.wmv,noise,post,8.2,108088,10,50,15,sec_1808.2,"(54246, 54252)",0,100
8,200726_SEFL17_MildStressor_g2 Box 4.wmv,noise,post,8.4,108088,10,50,15,sec_1808.4,"(54252, 54258)",0,100
8,200726_SEFL17_MildStressor_g2 Box 4.wmv,noise,post,8.6,108088,10,50,15,sec_1808.6,"(54258, 54264)",16.83333333,83.33333333
8,200726_SEFL17_MildStressor_g2 Box 4.wmv,noise,post,8.8,108088,10,50,15,sec_1808.8,"(54264, 54270)",0,100
8,200726_SEFL17_MildStressor_g2 Box 4.wmv,noise,post,9,108088,10,50,15,sec_1809.0,"(54270, 54276)",0,100
8,200726_SEFL17_MildStressor_g2 Box 4.wmv,noise,post,9.2,108088,10,50,15,sec_1809.2,"(54276, 54282)",10.33333333,83.33333333
8,200726_SEFL17_MildStressor_g2 Box 4.wmv,noise,post,9.4,108088,10,50,15,sec_1809.4,"(54282, 54288)",15.16666667,83.33333333
8,200726_SEFL17_MildStressor_g2 Box 4.wmv,noise,post,9.6,108088,10,50,15,sec_1809.6,"(54288, 54294)",0,100
8,200726_SEFL17_MildStressor_g2 Box 4.wmv,noise,post,9.8,108088,10,50,15,sec_1809.8,"(54294, 54300)",8.666666667,83.33333333
8,200726_SEFL17_MildStressor_g2 Box 4.wmv,noise,post,10,108088,10,50,15,sec_1810.0,"(54300, 54306)",14.16666667,83.33333333
8,200726_SEFL17_MildStressor_g2 Box 4.wmv,noise,post,10.2,108088,10,50,15,sec_1810.2,"(54306, 54312)",1.5,100
8,200726_SEFL17_MildStressor_g2 Box 4.wmv,noise,post,10.4,108088,10,50,15,sec_1810.4,"(54312, 54318)",21.33333333,83.33333333
8,200726_SEFL17_MildStressor_g2 Box 4.wmv,noise,post,10.6,108088,10,50,15,sec_1810.6,"(54318, 54324)",11.83333333,0
8,200726_SEFL17_MildStressor_g2 Box 4.wmv,noise,post,10.8,108088,10,50,15,sec_1810.8,"(54324, 54330)",24.16666667,16.66666667
8,200726_SEFL17_MildStressor_g2 Box 4.wmv,noise,post,11,108088,10,50,15,sec_1811.0,"(54330, 54336)",0.166666667,100
8,200726_SEFL17_MildStressor_g2 Box 4.wmv,noise,post,11.2,108088,10,50,15,sec_1811.2,"(54336, 54342)",2,100
8,200726_SEFL17_MildStressor_g2 Box 4.wmv,noise,post,11.4,108088,10,50,15,sec_1811.4,"(54342, 54348)",2.5,100
8,200726_SEFL17_MildStressor_g2 Box 4.wmv,noise,post,11.6,108088,10,50,15,sec_1811.6,"(54348, 54354)",5,100
8,200726_SEFL17_MildStressor_g2 Box 4.wmv,noise,post,11.8,108088,10,50,15,sec_1811.8,"(54354, 54360)",9.833333333,100
8,200726_SEFL17_MildStressor_g2 Box 4.wmv,noise,post,12,108088,10,50,15,sec_1812.0,"(54360, 54366)",27.5,83.33333333
8,200726_SEFL17_MildStressor_g2 Box 4.wmv,noise,post,12.2,108088,10,50,15,sec_1812.2,"(54366, 54372)",25.5,0
8,200726_SEFL17_MildStressor_g2 Box 4.wmv,noise,post,12.4,108088,10,50,15,sec_1812.4,"(54372, 54378)",74,0
8,200726_SEFL17_MildStressor_g2 Box 4.wmv,noise,post,12.6,108088,10,50,15,sec_1812.6,"(54378, 54384)",54.66666667,0
8,200726_SEFL17_MildStressor_g2 Box 4.wmv,noise,post,12.8,108088,10,50,15,sec_1812.8,"(54384, 54390)",45.66666667,0
9,200727_SEFL17_MildStressor_g3 Box 1.wmv,min,pre,-30,108089,10,50,15,min_0,"(0, 1800)",6.084444444,96.38888889
9,200727_SEFL17_MildStressor_g3 Box 1.wmv,min,pre,-29,108089,10,50,15,min_1,"(1800, 3600)",23.24888889,67.72222222
9,200727_SEFL17_MildStressor_g3 Box 1.wmv,min,pre,-28,108089,10,50,15,min_2,"(3600, 5400)",1.960555556,98.88888889
9,200727_SEFL17_MildStressor_g3 Box 1.wmv,min,pre,-27,108089,10,50,15,min_3,"(5400, 7200)",1.828888889,98.77777778
9,200727_SEFL17_MildStressor_g3 Box 1.wmv,min,pre,-26,108089,10,50,15,min_4,"(7200, 9000)",12.39388889,76.27777778
9,200727_SEFL17_MildStressor_g3 Box 1.wmv,min,pre,-25,108089,10,50,15,min_5,"(9000, 10800)",1.601111111,99.61111111
9,200727_SEFL17_MildStressor_g3 Box 1.wmv,min,pre,-24,108089,10,50,15,min_6,"(10800, 12600)",4.039444444,95.5
9,200727_SEFL17_MildStressor_g3 Box 1.wmv,min,pre,-23,108089,10,50,15,min_7,"(12600, 14400)",0.315555556,99.94444444
9,200727_SEFL17_MildStressor_g3 Box 1.wmv,min,pre,-22,108089,10,50,15,min_8,"(14400, 16200)",0.003888889,100
9,200727_SEFL17_MildStressor_g3 Box 1.wmv,min,pre,-21,108089,10,50,15,min_9,"(16200, 18000)",0.005555556,100
9,200727_SEFL17_MildStressor_g3 Box 1.wmv,min,pre,-20,108089,10,50,15,min_10,"(18000, 19800)",1.421111111,98.94444444
9,200727_SEFL17_MildStressor_g3 Box 1.wmv,min,pre,-19,108089,10,50,15,min_11,"(19800, 21600)",0.641111111,99.83333333
9,200727_SEFL17_MildStressor_g3 Box 1.wmv,min,pre,-18,108089,10,50,15,min_12,"(21600, 23400)",0.006666667,100
9,200727_SEFL17_MildStressor_g3 Box 1.wmv,min,pre,-17,108089,10,50,15,min_13,"(23400, 25200)",0.001111111,100
9,200727_SEFL17_MildStressor_g3 Box 1.wmv,min,pre,-16,108089,10,50,15,min_14,"(25200, 27000)",0.005555556,100
9,200727_SEFL17_MildStressor_g3 Box 1.wmv,min,pre,-15,108089,10,50,15,min_15,"(27000, 28800)",0.007222222,100
9,200727_SEFL17_MildStressor_g3 Box 1.wmv,min,pre,-14,108089,10,50,15,min_16,"(28800, 30600)",0.005555556,100
9,200727_SEFL17_MildStressor_g3 Box 1.wmv,min,pre,-13,108089,10,50,15,min_17,"(30600, 32400)",0.222222222,99.94444444
9,200727_SEFL17_MildStressor_g3 Box 1.wmv,min,pre,-12,108089,10,50,15,min_18,"(32400, 34200)",0.003333333,100
9,200727_SEFL17_MildStressor_g3 Box 1.wmv,min,pre,-11,108089,10,50,15,min_19,"(34200, 36000)",0.005555556,100
9,200727_SEFL17_MildStressor_g3 Box 1.wmv,min,pre,-10,108089,10,50,15,min_20,"(36000, 37800)",0.002222222,100
9,200727_SEFL17_MildStressor_g3 Box 1.wmv,min,pre,-9,108089,10,50,15,min_21,"(37800, 39600)",0.002222222,100
9,200727_SEFL17_MildStressor_g3 Box 1.wmv,min,pre,-8,108089,10,50,15,min_22,"(39600, 41400)",0.007777778,100
9,200727_SEFL17_MildStressor_g3 Box 1.wmv,min,pre,-7,108089,10,50,15,min_23,"(41400, 43200)",0.66,99.61111111
9,200727_SEFL17_MildStressor_g3 Box 1.wmv,min,pre,-6,108089,10,50,15,min_24,"(43200, 45000)",0.011111111,100
9,200727_SEFL17_MildStressor_g3 Box 1.wmv,min,pre,-5,108089,10,50,15,min_25,"(45000, 46800)",0.002222222,100
9,200727_SEFL17_MildStressor_g3 Box 1.wmv,min,pre,-4,108089,10,50,15,min_26,"(46800, 48600)",0.015,100
9,200727_SEFL17_MildStressor_g3 Box 1.wmv,min,pre,-3,108089,10,50,15,min_27,"(48600, 50400)",0.005,100
9,200727_SEFL17_MildStressor_g3 Box 1.wmv,min,pre,-2,108089,10,50,15,min_28,"(50400, 52200)",0.011666667,100
9,200727_SEFL17_MildStressor_g3 Box 1.wmv,min,pre,-1,108089,10,50,15,min_29,"(52200, 54000)",0.003333333,100
9,200727_SEFL17_MildStressor_g3 Box 1.wmv,min,post,0,108089,10,50,15,min_30,"(54000, 55800)",7.736111111,92.38888889
9,200727_SEFL17_MildStressor_g3 Box 1.wmv,min,post,1,108089,10,50,15,min_31,"(55800, 57600)",61.41055556,54.77777778
9,200727_SEFL17_MildStressor_g3 Box 1.wmv,min,post,2,108089,10,50,15,min_32,"(57600, 59400)",3.060555556,98.61111111
9,200727_SEFL17_MildStressor_g3 Box 1.wmv,min,post,3,108089,10,50,15,min_33,"(59400, 61200)",8.500555556,90.5
9,200727_SEFL17_MildStressor_g3 Box 1.wmv,min,post,4,108089,10,50,15,min_34,"(61200, 63000)",120.5144444,43.33333333
9,200727_SEFL17_MildStressor_g3 Box 1.wmv,min,post,5,108089,10,50,15,min_35,"(63000, 64800)",100.2455556,51
9,200727_SEFL17_MildStressor_g3 Box 1.wmv,min,post,6,108089,10,50,15,min_36,"(64800, 66600)",48.13833333,48.61111111
9,200727_SEFL17_MildStressor_g3 Box 1.wmv,min,post,7,108089,10,50,15,min_37,"(66600, 68400)",1.198333333,98.77777778
9,200727_SEFL17_MildStressor_g3 Box 1.wmv,min,post,8,108089,10,50,15,min_38,"(68400, 70200)",6.135555556,93
9,200727_SEFL17_MildStressor_g3 Box 1.wmv,min,post,9,108089,10,50,15,min_39,"(70200, 72000)",0.002777778,100
9,200727_SEFL17_MildStressor_g3 Box 1.wmv,min,post,10,108089,10,50,15,min_40,"(72000, 73800)",0.006666667,100
9,200727_SEFL17_MildStressor_g3 Box 1.wmv,min,post,11,108089,10,50,15,min_41,"(73800, 75600)",0.003888889,100
9,200727_SEFL17_MildStressor_g3 Box 1.wmv,min,post,12,108089,10,50,15,min_42,"(75600, 77400)",0.005555556,100
9,200727_SEFL17_MildStressor_g3 Box 1.wmv,min,post,13,108089,10,50,15,min_43,"(77400, 79200)",0.281111111,100
9,200727_SEFL17_MildStressor_g3 Box 1.wmv,min,post,14,108089,10,50,15,min_44,"(79200, 81000)",0.007777778,100
9,200727_SEFL17_MildStressor_g3 Box 1.wmv,min,post,15,108089,10,50,15,min_45,"(81000, 82800)",0.022777778,100
9,200727_SEFL17_MildStressor_g3 Box 1.wmv,min,post,16,108089,10,50,15,min_46,"(82800, 84600)",0.008333333,100
9,200727_SEFL17_MildStressor_g3 Box 1.wmv,min,post,17,108089,10,50,15,min_47,"(84600, 86400)",0.065,100
9,200727_SEFL17_MildStressor_g3 Box 1.wmv,min,post,18,108089,10,50,15,min_48,"(86400, 88200)",0.011111111,100
9,200727_SEFL17_MildStressor_g3 Box 1.wmv,min,post,19,108089,10,50,15,min_49,"(88200, 90000)",0.013888889,100
9,200727_SEFL17_MildStressor_g3 Box 1.wmv,min,post,20,108089,10,50,15,min_50,"(90000, 91800)",0.008333333,100
9,200727_SEFL17_MildStressor_g3 Box 1.wmv,min,post,21,108089,10,50,15,min_51,"(91800, 93600)",0.003333333,100
9,200727_SEFL17_MildStressor_g3 Box 1.wmv,min,post,22,108089,10,50,15,min_52,"(93600, 95400)",0.005555556,100
9,200727_SEFL17_MildStressor_g3 Box 1.wmv,min,post,23,108089,10,50,15,min_53,"(95400, 97200)",0.242222222,100
9,200727_SEFL17_MildStressor_g3 Box 1.wmv,min,post,24,108089,10,50,15,min_54,"(97200, 99000)",0.003888889,100
9,200727_SEFL17_MildStressor_g3 Box 1.wmv,min,post,25,108089,10,50,15,min_55,"(99000, 100800)",0.007777778,100
9,200727_SEFL17_MildStressor_g3 Box 1.wmv,min,post,26,108089,10,50,15,min_56,"(100800, 102600)",0.006666667,100
9,200727_SEFL17_MildStressor_g3 Box 1.wmv,min,post,27,108089,10,50,15,min_57,"(102600, 104400)",0.003888889,100
9,200727_SEFL17_MildStressor_g3 Box 1.wmv,min,post,28,108089,10,50,15,min_58,"(104400, 106200)",0.005,100
9,200727_SEFL17_MildStressor_g3 Box 1.wmv,min,post,29,108089,10,50,15,min_59,"(106200, 108000)",0.345,99.72222222
9,200727_SEFL17_MildStressor_g3 Box 1.wmv,noise,pre,-10,108089,10,50,15,sec_1790.0,"(53700, 53706)",0,100
9,200727_SEFL17_MildStressor_g3 Box 1.wmv,noise,pre,-9.8,108089,10,50,15,sec_1790.2,"(53706, 53712)",0,100
9,200727_SEFL17_MildStressor_g3 Box 1.wmv,noise,pre,-9.6,108089,10,50,15,sec_1790.4,"(53712, 53718)",0,100
9,200727_SEFL17_MildStressor_g3 Box 1.wmv,noise,pre,-9.4,108089,10,50,15,sec_1790.6,"(53718, 53724)",0,100
9,200727_SEFL17_MildStressor_g3 Box 1.wmv,noise,pre,-9.2,108089,10,50,15,sec_1790.8,"(53724, 53730)",0,100
9,200727_SEFL17_MildStressor_g3 Box 1.wmv,noise,pre,-9,108089,10,50,15,sec_1791.0,"(53730, 53736)",0,100
9,200727_SEFL17_MildStressor_g3 Box 1.wmv,noise,pre,-8.8,108089,10,50,15,sec_1791.2,"(53736, 53742)",0,100
9,200727_SEFL17_MildStressor_g3 Box 1.wmv,noise,pre,-8.6,108089,10,50,15,sec_1791.4,"(53742, 53748)",0,100
9,200727_SEFL17_MildStressor_g3 Box 1.wmv,noise,pre,-8.4,108089,10,50,15,sec_1791.6,"(53748, 53754)",0,100
9,200727_SEFL17_MildStressor_g3 Box 1.wmv,noise,pre,-8.2,108089,10,50,15,sec_1791.8,"(53754, 53760)",0,100
9,200727_SEFL17_MildStressor_g3 Box 1.wmv,noise,pre,-8,108089,10,50,15,sec_1792.0,"(53760, 53766)",0,100
9,200727_SEFL17_MildStressor_g3 Box 1.wmv,noise,pre,-7.8,108089,10,50,15,sec_1792.2,"(53766, 53772)",0,100
9,200727_SEFL17_MildStressor_g3 Box 1.wmv,noise,pre,-7.6,108089,10,50,15,sec_1792.4,"(53772, 53778)",0,100
9,200727_SEFL17_MildStressor_g3 Box 1.wmv,noise,pre,-7.4,108089,10,50,15,sec_1792.6,"(53778, 53784)",0,100
9,200727_SEFL17_MildStressor_g3 Box 1.wmv,noise,pre,-7.2,108089,10,50,15,sec_1792.8,"(53784, 53790)",0,100
9,200727_SEFL17_MildStressor_g3 Box 1.wmv,noise,pre,-7,108089,10,50,15,sec_1793.0,"(53790, 53796)",0,100
9,200727_SEFL17_MildStressor_g3 Box 1.wmv,noise,pre,-6.8,108089,10,50,15,sec_1793.2,"(53796, 53802)",0,100
9,200727_SEFL17_MildStressor_g3 Box 1.wmv,noise,pre,-6.6,108089,10,50,15,sec_1793.4,"(53802, 53808)",0,100
9,200727_SEFL17_MildStressor_g3 Box 1.wmv,noise,pre,-6.4,108089,10,50,15,sec_1793.6,"(53808, 53814)",0,100
9,200727_SEFL17_MildStressor_g3 Box 1.wmv,noise,pre,-6.2,108089,10,50,15,sec_1793.8,"(53814, 53820)",0,100
9,200727_SEFL17_MildStressor_g3 Box 1.wmv,noise,pre,-6,108089,10,50,15,sec_1794.0,"(53820, 53826)",0,100
9,200727_SEFL17_MildStressor_g3 Box 1.wmv,noise,pre,-5.8,108089,10,50,15,sec_1794.2,"(53826, 53832)",0,100
9,200727_SEFL17_MildStressor_g3 Box 1.wmv,noise,pre,-5.6,108089,10,50,15,sec_1794.4,"(53832, 53838)",0,100
9,200727_SEFL17_MildStressor_g3 Box 1.wmv,noise,pre,-5.4,108089,10,50,15,sec_1794.6,"(53838, 53844)",0,100
9,200727_SEFL17_MildStressor_g3 Box 1.wmv,noise,pre,-5.2,108089,10,50,15,sec_1794.8,"(53844, 53850)",0,100
9,200727_SEFL17_MildStressor_g3 Box 1.wmv,noise,pre,-5,108089,10,50,15,sec_1795.0,"(53850, 53856)",0,100
9,200727_SEFL17_MildStressor_g3 Box 1.wmv,noise,pre,-4.8,108089,10,50,15,sec_1795.2,"(53856, 53862)",0,100
9,200727_SEFL17_MildStressor_g3 Box 1.wmv,noise,pre,-4.6,108089,10,50,15,sec_1795.4,"(53862, 53868)",0,100
9,200727_SEFL17_MildStressor_g3 Box 1.wmv,noise,pre,-4.4,108089,10,50,15,sec_1795.6,"(53868, 53874)",0,100
9,200727_SEFL17_MildStressor_g3 Box 1.wmv,noise,pre,-4.2,108089,10,50,15,sec_1795.8,"(53874, 53880)",0,100
9,200727_SEFL17_MildStressor_g3 Box 1.wmv,noise,pre,-4,108089,10,50,15,sec_1796.0,"(53880, 53886)",0,100
9,200727_SEFL17_MildStressor_g3 Box 1.wmv,noise,pre,-3.8,108089,10,50,15,sec_1796.2,"(53886, 53892)",0,100
9,200727_SEFL17_MildStressor_g3 Box 1.wmv,noise,pre,-3.6,108089,10,50,15,sec_1796.4,"(53892, 53898)",0,100
9,200727_SEFL17_MildStressor_g3 Box 1.wmv,noise,pre,-3.4,108089,10,50,15,sec_1796.6,"(53898, 53904)",0,100
9,200727_SEFL17_MildStressor_g3 Box 1.wmv,noise,pre,-3.2,108089,10,50,15,sec_1796.8,"(53904, 53910)",0,100
9,200727_SEFL17_MildStressor_g3 Box 1.wmv,noise,pre,-3,108089,10,50,15,sec_1797.0,"(53910, 53916)",0,100
9,200727_SEFL17_MildStressor_g3 Box 1.wmv,noise,pre,-2.8,108089,10,50,15,sec_1797.2,"(53916, 53922)",0,100
9,200727_SEFL17_MildStressor_g3 Box 1.wmv,noise,pre,-2.6,108089,10,50,15,sec_1797.4,"(53922, 53928)",0,100
9,200727_SEFL17_MildStressor_g3 Box 1.wmv,noise,pre,-2.4,108089,10,50,15,sec_1797.6,"(53928, 53934)",0,100
9,200727_SEFL17_MildStressor_g3 Box 1.wmv,noise,pre,-2.2,108089,10,50,15,sec_1797.8,"(53934, 53940)",0,100
9,200727_SEFL17_MildStressor_g3 Box 1.wmv,noise,pre,-2,108089,10,50,15,sec_1798.0,"(53940, 53946)",0,100
9,200727_SEFL17_MildStressor_g3 Box 1.wmv,noise,pre,-1.8,108089,10,50,15,sec_1798.2,"(53946, 53952)",0,100
9,200727_SEFL17_MildStressor_g3 Box 1.wmv,noise,pre,-1.6,108089,10,50,15,sec_1798.4,"(53952, 53958)",0,100
9,200727_SEFL17_MildStressor_g3 Box 1.wmv,noise,pre,-1.4,108089,10,50,15,sec_1798.6,"(53958, 53964)",0,100
9,200727_SEFL17_MildStressor_g3 Box 1.wmv,noise,pre,-1.2,108089,10,50,15,sec_1798.8,"(53964, 53970)",0,100
9,200727_SEFL17_MildStressor_g3 Box 1.wmv,noise,pre,-1,108089,10,50,15,sec_1799.0,"(53970, 53976)",0,100
9,200727_SEFL17_MildStressor_g3 Box 1.wmv,noise,pre,-0.8,108089,10,50,15,sec_1799.2,"(53976, 53982)",0,100
9,200727_SEFL17_MildStressor_g3 Box 1.wmv,noise,pre,-0.6,108089,10,50,15,sec_1799.4,"(53982, 53988)",0,100
9,200727_SEFL17_MildStressor_g3 Box 1.wmv,noise,pre,-0.4,108089,10,50,15,sec_1799.6,"(53988, 53994)",0,100
9,200727_SEFL17_MildStressor_g3 Box 1.wmv,noise,pre,-0.2,108089,10,50,15,sec_1799.8,"(53994, 54000)",0,100
9,200727_SEFL17_MildStressor_g3 Box 1.wmv,noise,noise,-4.09E-14,108089,10,50,15,sec_1800.0,"(54000, 54006)",39.83333333,33.33333333
9,200727_SEFL17_MildStressor_g3 Box 1.wmv,noise,noise,0.2,108089,10,50,15,sec_1800.2,"(54006, 54012)",141.6666667,0
9,200727_SEFL17_MildStressor_g3 Box 1.wmv,noise,noise,0.4,108089,10,50,15,sec_1800.4,"(54012, 54018)",180.1666667,0
9,200727_SEFL17_MildStressor_g3 Box 1.wmv,noise,noise,0.6,108089,10,50,15,sec_1800.6,"(54018, 54024)",141.1666667,0
9,200727_SEFL17_MildStressor_g3 Box 1.wmv,noise,noise,0.8,108089,10,50,15,sec_1800.8,"(54024, 54030)",67.16666667,0
9,200727_SEFL17_MildStressor_g3 Box 1.wmv,noise,noise,1,108089,10,50,15,sec_1801.0,"(54030, 54036)",19.83333333,0
9,200727_SEFL17_MildStressor_g3 Box 1.wmv,noise,noise,1.2,108089,10,50,15,sec_1801.2,"(54036, 54042)",11.66666667,0
9,200727_SEFL17_MildStressor_g3 Box 1.wmv,noise,noise,1.4,108089,10,50,15,sec_1801.4,"(54042, 54048)",53.16666667,0
9,200727_SEFL17_MildStressor_g3 Box 1.wmv,noise,noise,1.6,108089,10,50,15,sec_1801.6,"(54048, 54054)",80,0
9,200727_SEFL17_MildStressor_g3 Box 1.wmv,noise,noise,1.8,108089,10,50,15,sec_1801.8,"(54054, 54060)",76.66666667,0
9,200727_SEFL17_MildStressor_g3 Box 1.wmv,noise,noise,2,108089,10,50,15,sec_1802.0,"(54060, 54066)",39,0
9,200727_SEFL17_MildStressor_g3 Box 1.wmv,noise,noise,2.2,108089,10,50,15,sec_1802.2,"(54066, 54072)",2.166666667,0
9,200727_SEFL17_MildStressor_g3 Box 1.wmv,noise,noise,2.4,108089,10,50,15,sec_1802.4,"(54072, 54078)",45,0
9,200727_SEFL17_MildStressor_g3 Box 1.wmv,noise,noise,2.6,108089,10,50,15,sec_1802.6,"(54078, 54084)",89.16666667,0
9,200727_SEFL17_MildStressor_g3 Box 1.wmv,noise,noise,2.8,108089,10,50,15,sec_1802.8,"(54084, 54090)",363,0
9,200727_SEFL17_MildStressor_g3 Box 1.wmv,noise,post,3,108089,10,50,15,sec_1803.0,"(54090, 54096)",355.5,0
9,200727_SEFL17_MildStressor_g3 Box 1.wmv,noise,post,3.2,108089,10,50,15,sec_1803.2,"(54096, 54102)",203.3333333,0
9,200727_SEFL17_MildStressor_g3 Box 1.wmv,noise,post,3.4,108089,10,50,15,sec_1803.4,"(54102, 54108)",33.83333333,83.33333333
9,200727_SEFL17_MildStressor_g3 Box 1.wmv,noise,post,3.6,108089,10,50,15,sec_1803.6,"(54108, 54114)",0,100
9,200727_SEFL17_MildStressor_g3 Box 1.wmv,noise,post,3.8,108089,10,50,15,sec_1803.8,"(54114, 54120)",0,100
9,200727_SEFL17_MildStressor_g3 Box 1.wmv,noise,post,4,108089,10,50,15,sec_1804.0,"(54120, 54126)",0,100
9,200727_SEFL17_MildStressor_g3 Box 1.wmv,noise,post,4.2,108089,10,50,15,sec_1804.2,"(54126, 54132)",0,100
9,200727_SEFL17_MildStressor_g3 Box 1.wmv,noise,post,4.4,108089,10,50,15,sec_1804.4,"(54132, 54138)",0,100
9,200727_SEFL17_MildStressor_g3 Box 1.wmv,noise,post,4.6,108089,10,50,15,sec_1804.6,"(54138, 54144)",0,100
9,200727_SEFL17_MildStressor_g3 Box 1.wmv,noise,post,4.8,108089,10,50,15,sec_1804.8,"(54144, 54150)",0,100
9,200727_SEFL17_MildStressor_g3 Box 1.wmv,noise,post,5,108089,10,50,15,sec_1805.0,"(54150, 54156)",0,100
9,200727_SEFL17_MildStressor_g3 Box 1.wmv,noise,post,5.2,108089,10,50,15,sec_1805.2,"(54156, 54162)",0,100
9,200727_SEFL17_MildStressor_g3 Box 1.wmv,noise,post,5.4,108089,10,50,15,sec_1805.4,"(54162, 54168)",0,100
9,200727_SEFL17_MildStressor_g3 Box 1.wmv,noise,post,5.6,108089,10,50,15,sec_1805.6,"(54168, 54174)",0,100
9,200727_SEFL17_MildStressor_g3 Box 1.wmv,noise,post,5.8,108089,10,50,15,sec_1805.8,"(54174, 54180)",0,100
9,200727_SEFL17_MildStressor_g3 Box 1.wmv,noise,post,6,108089,10,50,15,sec_1806.0,"(54180, 54186)",0,100
9,200727_SEFL17_MildStressor_g3 Box 1.wmv,noise,post,6.2,108089,10,50,15,sec_1806.2,"(54186, 54192)",0,100
9,200727_SEFL17_MildStressor_g3 Box 1.wmv,noise,post,6.4,108089,10,50,15,sec_1806.4,"(54192, 54198)",0,100
9,200727_SEFL17_MildStressor_g3 Box 1.wmv,noise,post,6.6,108089,10,50,15,sec_1806.6,"(54198, 54204)",0,100
9,200727_SEFL17_MildStressor_g3 Box 1.wmv,noise,post,6.8,108089,10,50,15,sec_1806.8,"(54204, 54210)",0,100
9,200727_SEFL17_MildStressor_g3 Box 1.wmv,noise,post,7,108089,10,50,15,sec_1807.0,"(54210, 54216)",0,100
9,200727_SEFL17_MildStressor_g3 Box 1.wmv,noise,post,7.2,108089,10,50,15,sec_1807.2,"(54216, 54222)",0,100
9,200727_SEFL17_MildStressor_g3 Box 1.wmv,noise,post,7.4,108089,10,50,15,sec_1807.4,"(54222, 54228)",0,100
9,200727_SEFL17_MildStressor_g3 Box 1.wmv,noise,post,7.6,108089,10,50,15,sec_1807.6,"(54228, 54234)",0,100
9,200727_SEFL17_MildStressor_g3 Box 1.wmv,noise,post,7.8,108089,10,50,15,sec_1807.8,"(54234, 54240)",0,100
9,200727_SEFL17_MildStressor_g3 Box 1.wmv,noise,post,8,108089,10,50,15,sec_1808.0,"(54240, 54246)",0,100
9,200727_SEFL17_MildStressor_g3 Box 1.wmv,noise,post,8.2,108089,10,50,15,sec_1808.2,"(54246, 54252)",0,100
9,200727_SEFL17_MildStressor_g3 Box 1.wmv,noise,post,8.4,108089,10,50,15,sec_1808.4,"(54252, 54258)",0,100
9,200727_SEFL17_MildStressor_g3 Box 1.wmv,noise,post,8.6,108089,10,50,15,sec_1808.6,"(54258, 54264)",0,100
9,200727_SEFL17_MildStressor_g3 Box 1.wmv,noise,post,8.8,108089,10,50,15,sec_1808.8,"(54264, 54270)",0,100
9,200727_SEFL17_MildStressor_g3 Box 1.wmv,noise,post,9,108089,10,50,15,sec_1809.0,"(54270, 54276)",0,100
9,200727_SEFL17_MildStressor_g3 Box 1.wmv,noise,post,9.2,108089,10,50,15,sec_1809.2,"(54276, 54282)",0,100
9,200727_SEFL17_MildStressor_g3 Box 1.wmv,noise,post,9.4,108089,10,50,15,sec_1809.4,"(54282, 54288)",0,100
9,200727_SEFL17_MildStressor_g3 Box 1.wmv,noise,post,9.6,108089,10,50,15,sec_1809.6,"(54288, 54294)",0,100
9,200727_SEFL17_MildStressor_g3 Box 1.wmv,noise,post,9.8,108089,10,50,15,sec_1809.8,"(54294, 54300)",0,100
9,200727_SEFL17_MildStressor_g3 Box 1.wmv,noise,post,10,108089,10,50,15,sec_1810.0,"(54300, 54306)",0,100
9,200727_SEFL17_MildStressor_g3 Box 1.wmv,noise,post,10.2,108089,10,50,15,sec_1810.2,"(54306, 54312)",0,100
9,200727_SEFL17_MildStressor_g3 Box 1.wmv,noise,post,10.4,108089,10,50,15,sec_1810.4,"(54312, 54318)",0,100
9,200727_SEFL17_MildStressor_g3 Box 1.wmv,noise,post,10.6,108089,10,50,15,sec_1810.6,"(54318, 54324)",0,100
9,200727_SEFL17_MildStressor_g3 Box 1.wmv,noise,post,10.8,108089,10,50,15,sec_1810.8,"(54324, 54330)",0,100
9,200727_SEFL17_MildStressor_g3 Box 1.wmv,noise,post,11,108089,10,50,15,sec_1811.0,"(54330, 54336)",0,100
9,200727_SEFL17_MildStressor_g3 Box 1.wmv,noise,post,11.2,108089,10,50,15,sec_1811.2,"(54336, 54342)",0,100
9,200727_SEFL17_MildStressor_g3 Box 1.wmv,noise,post,11.4,108089,10,50,15,sec_1811.4,"(54342, 54348)",0,100
9,200727_SEFL17_MildStressor_g3 Box 1.wmv,noise,post,11.6,108089,10,50,15,sec_1811.6,"(54348, 54354)",0,100
9,200727_SEFL17_MildStressor_g3 Box 1.wmv,noise,post,11.8,108089,10,50,15,sec_1811.8,"(54354, 54360)",0,100
9,200727_SEFL17_MildStressor_g3 Box 1.wmv,noise,post,12,108089,10,50,15,sec_1812.0,"(54360, 54366)",0,100
9,200727_SEFL17_MildStressor_g3 Box 1.wmv,noise,post,12.2,108089,10,50,15,sec_1812.2,"(54366, 54372)",0,100
9,200727_SEFL17_MildStressor_g3 Box 1.wmv,noise,post,12.4,108089,10,50,15,sec_1812.4,"(54372, 54378)",0,100
9,200727_SEFL17_MildStressor_g3 Box 1.wmv,noise,post,12.6,108089,10,50,15,sec_1812.6,"(54378, 54384)",0,100
9,200727_SEFL17_MildStressor_g3 Box 1.wmv,noise,post,12.8,108089,10,50,15,sec_1812.8,"(54384, 54390)",0,100
10,200727_SEFL17_MildStressor_g3 Box 2.wmv,min,pre,-30,108089,10,50,15,min_0,"(0, 1800)",0.117222222,99.88888889
10,200727_SEFL17_MildStressor_g3 Box 2.wmv,min,pre,-29,108089,10,50,15,min_1,"(1800, 3600)",0.002777778,100
10,200727_SEFL17_MildStressor_g3 Box 2.wmv,min,pre,-28,108089,10,50,15,min_2,"(3600, 5400)",0.395,99.77777778
10,200727_SEFL17_MildStressor_g3 Box 2.wmv,min,pre,-27,108089,10,50,15,min_3,"(5400, 7200)",0.005555556,100
10,200727_SEFL17_MildStressor_g3 Box 2.wmv,min,pre,-26,108089,10,50,15,min_4,"(7200, 9000)",0.005,100
10,200727_SEFL17_MildStressor_g3 Box 2.wmv,min,pre,-25,108089,10,50,15,min_5,"(9000, 10800)",0.009444444,100
10,200727_SEFL17_MildStressor_g3 Box 2.wmv,min,pre,-24,108089,10,50,15,min_6,"(10800, 12600)",0.085,99.94444444
10,200727_SEFL17_MildStressor_g3 Box 2.wmv,min,pre,-23,108089,10,50,15,min_7,"(12600, 14400)",1.440555556,97.44444444
10,200727_SEFL17_MildStressor_g3 Box 2.wmv,min,pre,-22,108089,10,50,15,min_8,"(14400, 16200)",0.001111111,100
10,200727_SEFL17_MildStressor_g3 Box 2.wmv,min,pre,-21,108089,10,50,15,min_9,"(16200, 18000)",0.002222222,100
10,200727_SEFL17_MildStressor_g3 Box 2.wmv,min,pre,-20,108089,10,50,15,min_10,"(18000, 19800)",0.374444444,99.77777778
10,200727_SEFL17_MildStressor_g3 Box 2.wmv,min,pre,-19,108089,10,50,15,min_11,"(19800, 21600)",0.873333333,99.11111111
10,200727_SEFL17_MildStressor_g3 Box 2.wmv,min,pre,-18,108089,10,50,15,min_12,"(21600, 23400)",0.001111111,100
10,200727_SEFL17_MildStressor_g3 Box 2.wmv,min,pre,-17,108089,10,50,15,min_13,"(23400, 25200)",0.003888889,100
10,200727_SEFL17_MildStressor_g3 Box 2.wmv,min,pre,-16,108089,10,50,15,min_14,"(25200, 27000)",0.002777778,100
10,200727_SEFL17_MildStressor_g3 Box 2.wmv,min,pre,-15,108089,10,50,15,min_15,"(27000, 28800)",0.008888889,100
10,200727_SEFL17_MildStressor_g3 Box 2.wmv,min,pre,-14,108089,10,50,15,min_16,"(28800, 30600)",0.276666667,99.72222222
10,200727_SEFL17_MildStressor_g3 Box 2.wmv,min,pre,-13,108089,10,50,15,min_17,"(30600, 32400)",0.52,99.61111111
10,200727_SEFL17_MildStressor_g3 Box 2.wmv,min,pre,-12,108089,10,50,15,min_18,"(32400, 34200)",0.005,100
10,200727_SEFL17_MildStressor_g3 Box 2.wmv,min,pre,-11,108089,10,50,15,min_19,"(34200, 36000)",0.002222222,100
10,200727_SEFL17_MildStressor_g3 Box 2.wmv,min,pre,-10,108089,10,50,15,min_20,"(36000, 37800)",0.193888889,99.88888889
10,200727_SEFL17_MildStressor_g3 Box 2.wmv,min,pre,-9,108089,10,50,15,min_21,"(37800, 39600)",0.005,100
10,200727_SEFL17_MildStressor_g3 Box 2.wmv,min,pre,-8,108089,10,50,15,min_22,"(39600, 41400)",13.86611111,87.55555556
10,200727_SEFL17_MildStressor_g3 Box 2.wmv,min,pre,-7,108089,10,50,15,min_23,"(41400, 43200)",126.0544444,28.5
10,200727_SEFL17_MildStressor_g3 Box 2.wmv,min,pre,-6,108089,10,50,15,min_24,"(43200, 45000)",109.6555556,46.11111111
10,200727_SEFL17_MildStressor_g3 Box 2.wmv,min,pre,-5,108089,10,50,15,min_25,"(45000, 46800)",69.80333333,44.22222222
10,200727_SEFL17_MildStressor_g3 Box 2.wmv,min,pre,-4,108089,10,50,15,min_26,"(46800, 48600)",45.86055556,42.94444444
10,200727_SEFL17_MildStressor_g3 Box 2.wmv,min,pre,-3,108089,10,50,15,min_27,"(48600, 50400)",51.65166667,46.05555556
10,200727_SEFL17_MildStressor_g3 Box 2.wmv,min,pre,-2,108089,10,50,15,min_28,"(50400, 52200)",48.16611111,36.38888889
10,200727_SEFL17_MildStressor_g3 Box 2.wmv,min,pre,-1,108089,10,50,15,min_29,"(52200, 54000)",171.8988889,17.11111111
10,200727_SEFL17_MildStressor_g3 Box 2.wmv,min,post,0,108089,10,50,15,min_30,"(54000, 55800)",85.41833333,55.94444444
10,200727_SEFL17_MildStressor_g3 Box 2.wmv,min,post,1,108089,10,50,15,min_31,"(55800, 57600)",10.76666667,81.22222222
10,200727_SEFL17_MildStressor_g3 Box 2.wmv,min,post,2,108089,10,50,15,min_32,"(57600, 59400)",24.58833333,66.11111111
10,200727_SEFL17_MildStressor_g3 Box 2.wmv,min,post,3,108089,10,50,15,min_33,"(59400, 61200)",110.7816667,26.5
10,200727_SEFL17_MildStressor_g3 Box 2.wmv,min,post,4,108089,10,50,15,min_34,"(61200, 63000)",94.60277778,28.72222222
10,200727_SEFL17_MildStressor_g3 Box 2.wmv,min,post,5,108089,10,50,15,min_35,"(63000, 64800)",189.4038889,8.888888889
10,200727_SEFL17_MildStressor_g3 Box 2.wmv,min,post,6,108089,10,50,15,min_36,"(64800, 66600)",76.04944444,24.83333333
10,200727_SEFL17_MildStressor_g3 Box 2.wmv,min,post,7,108089,10,50,15,min_37,"(66600, 68400)",126.7233333,13.5
10,200727_SEFL17_MildStressor_g3 Box 2.wmv,min,post,8,108089,10,50,15,min_38,"(68400, 70200)",79.66722222,38.05555556
10,200727_SEFL17_MildStressor_g3 Box 2.wmv,min,post,9,108089,10,50,15,min_39,"(70200, 72000)",8.399444444,86.88888889
10,200727_SEFL17_MildStressor_g3 Box 2.wmv,min,post,10,108089,10,50,15,min_40,"(72000, 73800)",4.621111111,97.72222222
10,200727_SEFL17_MildStressor_g3 Box 2.wmv,min,post,11,108089,10,50,15,min_41,"(73800, 75600)",4.987777778,94.05555556
10,200727_SEFL17_MildStressor_g3 Box 2.wmv,min,post,12,108089,10,50,15,min_42,"(75600, 77400)",4.653888889,92.66666667
10,200727_SEFL17_MildStressor_g3 Box 2.wmv,min,post,13,108089,10,50,15,min_43,"(77400, 79200)",19.27277778,51.77777778
10,200727_SEFL17_MildStressor_g3 Box 2.wmv,min,post,14,108089,10,50,15,min_44,"(79200, 81000)",4.93,92.72222222
10,200727_SEFL17_MildStressor_g3 Box 2.wmv,min,post,15,108089,10,50,15,min_45,"(81000, 82800)",3.223333333,97.16666667
10,200727_SEFL17_MildStressor_g3 Box 2.wmv,min,post,16,108089,10,50,15,min_46,"(82800, 84600)",5.707777778,92.83333333
10,200727_SEFL17_MildStressor_g3 Box 2.wmv,min,post,17,108089,10,50,15,min_47,"(84600, 86400)",2.516111111,95.83333333
10,200727_SEFL17_MildStressor_g3 Box 2.wmv,min,post,18,108089,10,50,15,min_48,"(86400, 88200)",12.14111111,82.72222222
10,200727_SEFL17_MildStressor_g3 Box 2.wmv,min,post,19,108089,10,50,15,min_49,"(88200, 90000)",2.307222222,93.77777778
10,200727_SEFL17_MildStressor_g3 Box 2.wmv,min,post,20,108089,10,50,15,min_50,"(90000, 91800)",0.005,100
10,200727_SEFL17_MildStressor_g3 Box 2.wmv,min,post,21,108089,10,50,15,min_51,"(91800, 93600)",0.002222222,100
10,200727_SEFL17_MildStressor_g3 Box 2.wmv,min,post,22,108089,10,50,15,min_52,"(93600, 95400)",0.016666667,100
10,200727_SEFL17_MildStressor_g3 Box 2.wmv,min,post,23,108089,10,50,15,min_53,"(95400, 97200)",3.095555556,96.27777778
10,200727_SEFL17_MildStressor_g3 Box 2.wmv,min,post,24,108089,10,50,15,min_54,"(97200, 99000)",0.008888889,100
10,200727_SEFL17_MildStressor_g3 Box 2.wmv,min,post,25,108089,10,50,15,min_55,"(99000, 100800)",0.000555556,100
10,200727_SEFL17_MildStressor_g3 Box 2.wmv,min,post,26,108089,10,50,15,min_56,"(100800, 102600)",2.344444444,97.33333333
10,200727_SEFL17_MildStressor_g3 Box 2.wmv,min,post,27,108089,10,50,15,min_57,"(102600, 104400)",0.046666667,100
10,200727_SEFL17_MildStressor_g3 Box 2.wmv,min,post,28,108089,10,50,15,min_58,"(104400, 106200)",0.003888889,100
10,200727_SEFL17_MildStressor_g3 Box 2.wmv,min,post,29,108089,10,50,15,min_59,"(106200, 108000)",0.000555556,100
10,200727_SEFL17_MildStressor_g3 Box 2.wmv,noise,pre,-10,108089,10,50,15,sec_1790.0,"(53700, 53706)",2,100
10,200727_SEFL17_MildStressor_g3 Box 2.wmv,noise,pre,-9.8,108089,10,50,15,sec_1790.2,"(53706, 53712)",0,100
10,200727_SEFL17_MildStressor_g3 Box 2.wmv,noise,pre,-9.6,108089,10,50,15,sec_1790.4,"(53712, 53718)",5.5,100
10,200727_SEFL17_MildStressor_g3 Box 2.wmv,noise,pre,-9.4,108089,10,50,15,sec_1790.6,"(53718, 53724)",66.83333333,0
10,200727_SEFL17_MildStressor_g3 Box 2.wmv,noise,pre,-9.2,108089,10,50,15,sec_1790.8,"(53724, 53730)",3,100
10,200727_SEFL17_MildStressor_g3 Box 2.wmv,noise,pre,-9,108089,10,50,15,sec_1791.0,"(53730, 53736)",0,100
10,200727_SEFL17_MildStressor_g3 Box 2.wmv,noise,pre,-8.8,108089,10,50,15,sec_1791.2,"(53736, 53742)",0,100
10,200727_SEFL17_MildStressor_g3 Box 2.wmv,noise,pre,-8.6,108089,10,50,15,sec_1791.4,"(53742, 53748)",0,100
10,200727_SEFL17_MildStressor_g3 Box 2.wmv,noise,pre,-8.4,108089,10,50,15,sec_1791.6,"(53748, 53754)",0,100
10,200727_SEFL17_MildStressor_g3 Box 2.wmv,noise,pre,-8.2,108089,10,50,15,sec_1791.8,"(53754, 53760)",0,100
10,200727_SEFL17_MildStressor_g3 Box 2.wmv,noise,pre,-8,108089,10,50,15,sec_1792.0,"(53760, 53766)",0.333333333,100
10,200727_SEFL17_MildStressor_g3 Box 2.wmv,noise,pre,-7.8,108089,10,50,15,sec_1792.2,"(53766, 53772)",0,100
10,200727_SEFL17_MildStressor_g3 Box 2.wmv,noise,pre,-7.6,108089,10,50,15,sec_1792.4,"(53772, 53778)",0,100
10,200727_SEFL17_MildStressor_g3 Box 2.wmv,noise,pre,-7.4,108089,10,50,15,sec_1792.6,"(53778, 53784)",0,100
10,200727_SEFL17_MildStressor_g3 Box 2.wmv,noise,pre,-7.2,108089,10,50,15,sec_1792.8,"(53784, 53790)",30.83333333,83.33333333
10,200727_SEFL17_MildStressor_g3 Box 2.wmv,noise,pre,-7,108089,10,50,15,sec_1793.0,"(53790, 53796)",9.666666667,0
10,200727_SEFL17_MildStressor_g3 Box 2.wmv,noise,pre,-6.8,108089,10,50,15,sec_1793.2,"(53796, 53802)",56.83333333,0
10,200727_SEFL17_MildStressor_g3 Box 2.wmv,noise,pre,-6.6,108089,10,50,15,sec_1793.4,"(53802, 53808)",36.5,0
10,200727_SEFL17_MildStressor_g3 Box 2.wmv,noise,pre,-6.4,108089,10,50,15,sec_1793.6,"(53808, 53814)",110.3333333,0
10,200727_SEFL17_MildStressor_g3 Box 2.wmv,noise,pre,-6.2,108089,10,50,15,sec_1793.8,"(53814, 53820)",94.16666667,0
10,200727_SEFL17_MildStressor_g3 Box 2.wmv,noise,pre,-6,108089,10,50,15,sec_1794.0,"(53820, 53826)",79.83333333,0
10,200727_SEFL17_MildStressor_g3 Box 2.wmv,noise,pre,-5.8,108089,10,50,15,sec_1794.2,"(53826, 53832)",53.5,0
10,200727_SEFL17_MildStressor_g3 Box 2.wmv,noise,pre,-5.6,108089,10,50,15,sec_1794.4,"(53832, 53838)",25.5,0
10,200727_SEFL17_MildStressor_g3 Box 2.wmv,noise,pre,-5.4,108089,10,50,15,sec_1794.6,"(53838, 53844)",108.1666667,0
10,200727_SEFL17_MildStressor_g3 Box 2.wmv,noise,pre,-5.2,108089,10,50,15,sec_1794.8,"(53844, 53850)",61.83333333,0
10,200727_SEFL17_MildStressor_g3 Box 2.wmv,noise,pre,-5,108089,10,50,15,sec_1795.0,"(53850, 53856)",62,33.33333333
10,200727_SEFL17_MildStressor_g3 Box 2.wmv,noise,pre,-4.8,108089,10,50,15,sec_1795.2,"(53856, 53862)",0.666666667,100
10,200727_SEFL17_MildStressor_g3 Box 2.wmv,noise,pre,-4.6,108089,10,50,15,sec_1795.4,"(53862, 53868)",10,100
10,200727_SEFL17_MildStressor_g3 Box 2.wmv,noise,pre,-4.4,108089,10,50,15,sec_1795.6,"(53868, 53874)",11.83333333,100
10,200727_SEFL17_MildStressor_g3 Box 2.wmv,noise,pre,-4.2,108089,10,50,15,sec_1795.8,"(53874, 53880)",6.833333333,100
10,200727_SEFL17_MildStressor_g3 Box 2.wmv,noise,pre,-4,108089,10,50,15,sec_1796.0,"(53880, 53886)",2,100
10,200727_SEFL17_MildStressor_g3 Box 2.wmv,noise,pre,-3.8,108089,10,50,15,sec_1796.2,"(53886, 53892)",24,83.33333333
10,200727_SEFL17_MildStressor_g3 Box 2.wmv,noise,pre,-3.6,108089,10,50,15,sec_1796.4,"(53892, 53898)",103.6666667,0
10,200727_SEFL17_MildStressor_g3 Box 2.wmv,noise,pre,-3.4,108089,10,50,15,sec_1796.6,"(53898, 53904)",72.33333333,0
10,200727_SEFL17_MildStressor_g3 Box 2.wmv,noise,pre,-3.2,108089,10,50,15,sec_1796.8,"(53904, 53910)",67.16666667,0
10,200727_SEFL17_MildStressor_g3 Box 2.wmv,noise,pre,-3,108089,10,50,15,sec_1797.0,"(53910, 53916)",193.5,0
10,200727_SEFL17_MildStressor_g3 Box 2.wmv,noise,pre,-2.8,108089,10,50,15,sec_1797.2,"(53916, 53922)",207.3333333,0
10,200727_SEFL17_MildStressor_g3 Box 2.wmv,noise,pre,-2.6,108089,10,50,15,sec_1797.4,"(53922, 53928)",345.3333333,0
10,200727_SEFL17_MildStressor_g3 Box 2.wmv,noise,pre,-2.4,108089,10,50,15,sec_1797.6,"(53928, 53934)",221.6666667,0
10,200727_SEFL17_MildStressor_g3 Box 2.wmv,noise,pre,-2.2,108089,10,50,15,sec_1797.8,"(53934, 53940)",282.6666667,0
10,200727_SEFL17_MildStressor_g3 Box 2.wmv,noise,pre,-2,108089,10,50,15,sec_1798.0,"(53940, 53946)",157.8333333,0
10,200727_SEFL17_MildStressor_g3 Box 2.wmv,noise,pre,-1.8,108089,10,50,15,sec_1798.2,"(53946, 53952)",62.83333333,0
10,200727_SEFL17_MildStressor_g3 Box 2.wmv,noise,pre,-1.6,108089,10,50,15,sec_1798.4,"(53952, 53958)",27.5,66.66666667
10,200727_SEFL17_MildStressor_g3 Box 2.wmv,noise,pre,-1.4,108089,10,50,15,sec_1798.6,"(53958, 53964)",6.833333333,100
10,200727_SEFL17_MildStressor_g3 Box 2.wmv,noise,pre,-1.2,108089,10,50,15,sec_1798.8,"(53964, 53970)",3.833333333,100
10,200727_SEFL17_MildStressor_g3 Box 2.wmv,noise,pre,-1,108089,10,50,15,sec_1799.0,"(53970, 53976)",15.33333333,66.66666667
10,200727_SEFL17_MildStressor_g3 Box 2.wmv,noise,pre,-0.8,108089,10,50,15,sec_1799.2,"(53976, 53982)",58.33333333,0
10,200727_SEFL17_MildStressor_g3 Box 2.wmv,noise,pre,-0.6,108089,10,50,15,sec_1799.4,"(53982, 53988)",22.83333333,0
10,200727_SEFL17_MildStressor_g3 Box 2.wmv,noise,pre,-0.4,108089,10,50,15,sec_1799.6,"(53988, 53994)",78.33333333,0
10,200727_SEFL17_MildStressor_g3 Box 2.wmv,noise,pre,-0.2,108089,10,50,15,sec_1799.8,"(53994, 54000)",52.66666667,0
10,200727_SEFL17_MildStressor_g3 Box 2.wmv,noise,noise,-4.09E-14,108089,10,50,15,sec_1800.0,"(54000, 54006)",520.5,0
10,200727_SEFL17_MildStressor_g3 Box 2.wmv,noise,noise,0.2,108089,10,50,15,sec_1800.2,"(54006, 54012)",1030.833333,0
10,200727_SEFL17_MildStressor_g3 Box 2.wmv,noise,noise,0.4,108089,10,50,15,sec_1800.4,"(54012, 54018)",386.5,0
10,200727_SEFL17_MildStressor_g3 Box 2.wmv,noise,noise,0.6,108089,10,50,15,sec_1800.6,"(54018, 54024)",658,0
10,200727_SEFL17_MildStressor_g3 Box 2.wmv,noise,noise,0.8,108089,10,50,15,sec_1800.8,"(54024, 54030)",463.6666667,0
10,200727_SEFL17_MildStressor_g3 Box 2.wmv,noise,noise,1,108089,10,50,15,sec_1801.0,"(54030, 54036)",43,0
10,200727_SEFL17_MildStressor_g3 Box 2.wmv,noise,noise,1.2,108089,10,50,15,sec_1801.2,"(54036, 54042)",1143.833333,0
10,200727_SEFL17_MildStressor_g3 Box 2.wmv,noise,noise,1.4,108089,10,50,15,sec_1801.4,"(54042, 54048)",1172.666667,0
10,200727_SEFL17_MildStressor_g3 Box 2.wmv,noise,noise,1.6,108089,10,50,15,sec_1801.6,"(54048, 54054)",1221.666667,0
10,200727_SEFL17_MildStressor_g3 Box 2.wmv,noise,noise,1.8,108089,10,50,15,sec_1801.8,"(54054, 54060)",641,0
10,200727_SEFL17_MildStressor_g3 Box 2.wmv,noise,noise,2,108089,10,50,15,sec_1802.0,"(54060, 54066)",647.5,0
10,200727_SEFL17_MildStressor_g3 Box 2.wmv,noise,noise,2.2,108089,10,50,15,sec_1802.2,"(54066, 54072)",491,0
10,200727_SEFL17_MildStressor_g3 Box 2.wmv,noise,noise,2.4,108089,10,50,15,sec_1802.4,"(54072, 54078)",184,0
10,200727_SEFL17_MildStressor_g3 Box 2.wmv,noise,noise,2.6,108089,10,50,15,sec_1802.6,"(54078, 54084)",38.5,0
10,200727_SEFL17_MildStressor_g3 Box 2.wmv,noise,noise,2.8,108089,10,50,15,sec_1802.8,"(54084, 54090)",49.33333333,33.33333333
10,200727_SEFL17_MildStressor_g3 Box 2.wmv,noise,post,3,108089,10,50,15,sec_1803.0,"(54090, 54096)",16.66666667,100
10,200727_SEFL17_MildStressor_g3 Box 2.wmv,noise,post,3.2,108089,10,50,15,sec_1803.2,"(54096, 54102)",9.666666667,100
10,200727_SEFL17_MildStressor_g3 Box 2.wmv,noise,post,3.4,108089,10,50,15,sec_1803.4,"(54102, 54108)",4,100
10,200727_SEFL17_MildStressor_g3 Box 2.wmv,noise,post,3.6,108089,10,50,15,sec_1803.6,"(54108, 54114)",0.333333333,100
10,200727_SEFL17_MildStressor_g3 Box 2.wmv,noise,post,3.8,108089,10,50,15,sec_1803.8,"(54114, 54120)",0,100
10,200727_SEFL17_MildStressor_g3 Box 2.wmv,noise,post,4,108089,10,50,15,sec_1804.0,"(54120, 54126)",5.5,100
10,200727_SEFL17_MildStressor_g3 Box 2.wmv,noise,post,4.2,108089,10,50,15,sec_1804.2,"(54126, 54132)",2.333333333,100
10,200727_SEFL17_MildStressor_g3 Box 2.wmv,noise,post,4.4,108089,10,50,15,sec_1804.4,"(54132, 54138)",0,100
10,200727_SEFL17_MildStressor_g3 Box 2.wmv,noise,post,4.6,108089,10,50,15,sec_1804.6,"(54138, 54144)",1.5,100
10,200727_SEFL17_MildStressor_g3 Box 2.wmv,noise,post,4.8,108089,10,50,15,sec_1804.8,"(54144, 54150)",0.166666667,100
10,200727_SEFL17_MildStressor_g3 Box 2.wmv,noise,post,5,108089,10,50,15,sec_1805.0,"(54150, 54156)",0,100
10,200727_SEFL17_MildStressor_g3 Box 2.wmv,noise,post,5.2,108089,10,50,15,sec_1805.2,"(54156, 54162)",1.166666667,100
10,200727_SEFL17_MildStressor_g3 Box 2.wmv,noise,post,5.4,108089,10,50,15,sec_1805.4,"(54162, 54168)",0.666666667,100
10,200727_SEFL17_MildStressor_g3 Box 2.wmv,noise,post,5.6,108089,10,50,15,sec_1805.6,"(54168, 54174)",0.666666667,100
10,200727_SEFL17_MildStressor_g3 Box 2.wmv,noise,post,5.8,108089,10,50,15,sec_1805.8,"(54174, 54180)",0.166666667,100
10,200727_SEFL17_MildStressor_g3 Box 2.wmv,noise,post,6,108089,10,50,15,sec_1806.0,"(54180, 54186)",0,100
10,200727_SEFL17_MildStressor_g3 Box 2.wmv,noise,post,6.2,108089,10,50,15,sec_1806.2,"(54186, 54192)",0,100
10,200727_SEFL17_MildStressor_g3 Box 2.wmv,noise,post,6.4,108089,10,50,15,sec_1806.4,"(54192, 54198)",0,100
10,200727_SEFL17_MildStressor_g3 Box 2.wmv,noise,post,6.6,108089,10,50,15,sec_1806.6,"(54198, 54204)",0,100
10,200727_SEFL17_MildStressor_g3 Box 2.wmv,noise,post,6.8,108089,10,50,15,sec_1806.8,"(54204, 54210)",0,100
10,200727_SEFL17_MildStressor_g3 Box 2.wmv,noise,post,7,108089,10,50,15,sec_1807.0,"(54210, 54216)",0.666666667,100
10,200727_SEFL17_MildStressor_g3 Box 2.wmv,noise,post,7.2,108089,10,50,15,sec_1807.2,"(54216, 54222)",0,100
10,200727_SEFL17_MildStressor_g3 Box 2.wmv,noise,post,7.4,108089,10,50,15,sec_1807.4,"(54222, 54228)",0,100
10,200727_SEFL17_MildStressor_g3 Box 2.wmv,noise,post,7.6,108089,10,50,15,sec_1807.6,"(54228, 54234)",95.33333333,0
10,200727_SEFL17_MildStressor_g3 Box 2.wmv,noise,post,7.8,108089,10,50,15,sec_1807.8,"(54234, 54240)",81.33333333,0
10,200727_SEFL17_MildStressor_g3 Box 2.wmv,noise,post,8,108089,10,50,15,sec_1808.0,"(54240, 54246)",48.16666667,0
10,200727_SEFL17_MildStressor_g3 Box 2.wmv,noise,post,8.2,108089,10,50,15,sec_1808.2,"(54246, 54252)",46.66666667,16.66666667
10,200727_SEFL17_MildStressor_g3 Box 2.wmv,noise,post,8.4,108089,10,50,15,sec_1808.4,"(54252, 54258)",5.333333333,100
10,200727_SEFL17_MildStressor_g3 Box 2.wmv,noise,post,8.6,108089,10,50,15,sec_1808.6,"(54258, 54264)",0,100
10,200727_SEFL17_MildStressor_g3 Box 2.wmv,noise,post,8.8,108089,10,50,15,sec_1808.8,"(54264, 54270)",0,100
10,200727_SEFL17_MildStressor_g3 Box 2.wmv,noise,post,9,108089,10,50,15,sec_1809.0,"(54270, 54276)",0,100
10,200727_SEFL17_MildStressor_g3 Box 2.wmv,noise,post,9.2,108089,10,50,15,sec_1809.2,"(54276, 54282)",0,100
10,200727_SEFL17_MildStressor_g3 Box 2.wmv,noise,post,9.4,108089,10,50,15,sec_1809.4,"(54282, 54288)",0,100
10,200727_SEFL17_MildStressor_g3 Box 2.wmv,noise,post,9.6,108089,10,50,15,sec_1809.6,"(54288, 54294)",0,100
10,200727_SEFL17_MildStressor_g3 Box 2.wmv,noise,post,9.8,108089,10,50,15,sec_1809.8,"(54294, 54300)",0,100
10,200727_SEFL17_MildStressor_g3 Box 2.wmv,noise,post,10,108089,10,50,15,sec_1810.0,"(54300, 54306)",0.166666667,100
10,200727_SEFL17_MildStressor_g3 Box 2.wmv,noise,post,10.2,108089,10,50,15,sec_1810.2,"(54306, 54312)",0,100
10,200727_SEFL17_MildStressor_g3 Box 2.wmv,noise,post,10.4,108089,10,50,15,sec_1810.4,"(54312, 54318)",0,100
10,200727_SEFL17_MildStressor_g3 Box 2.wmv,noise,post,10.6,108089,10,50,15,sec_1810.6,"(54318, 54324)",0,100
10,200727_SEFL17_MildStressor_g3 Box 2.wmv,noise,post,10.8,108089,10,50,15,sec_1810.8,"(54324, 54330)",0,100
10,200727_SEFL17_MildStressor_g3 Box 2.wmv,noise,post,11,108089,10,50,15,sec_1811.0,"(54330, 54336)",0,100
10,200727_SEFL17_MildStressor_g3 Box 2.wmv,noise,post,11.2,108089,10,50,15,sec_1811.2,"(54336, 54342)",0,100
10,200727_SEFL17_MildStressor_g3 Box 2.wmv,noise,post,11.4,108089,10,50,15,sec_1811.4,"(54342, 54348)",0,100
10,200727_SEFL17_MildStressor_g3 Box 2.wmv,noise,post,11.6,108089,10,50,15,sec_1811.6,"(54348, 54354)",0,100
10,200727_SEFL17_MildStressor_g3 Box 2.wmv,noise,post,11.8,108089,10,50,15,sec_1811.8,"(54354, 54360)",0,100
10,200727_SEFL17_MildStressor_g3 Box 2.wmv,noise,post,12,108089,10,50,15,sec_1812.0,"(54360, 54366)",0,100
10,200727_SEFL17_MildStressor_g3 Box 2.wmv,noise,post,12.2,108089,10,50,15,sec_1812.2,"(54366, 54372)",0,100
10,200727_SEFL17_MildStressor_g3 Box 2.wmv,noise,post,12.4,108089,10,50,15,sec_1812.4,"(54372, 54378)",0,100
10,200727_SEFL17_MildStressor_g3 Box 2.wmv,noise,post,12.6,108089,10,50,15,sec_1812.6,"(54378, 54384)",0,100
10,200727_SEFL17_MildStressor_g3 Box 2.wmv,noise,post,12.8,108089,10,50,15,sec_1812.8,"(54384, 54390)",0,100
11,200727_SEFL17_MildStressor_g3 Box 3.wmv,min,pre,-30,108090,10,50,15,min_0,"(0, 1800)",276.5955556,7.555555556
11,200727_SEFL17_MildStressor_g3 Box 3.wmv,min,pre,-29,108090,10,50,15,min_1,"(1800, 3600)",53.56666667,67.83333333
11,200727_SEFL17_MildStressor_g3 Box 3.wmv,min,pre,-28,108090,10,50,15,min_2,"(3600, 5400)",13.62055556,73.11111111
11,200727_SEFL17_MildStressor_g3 Box 3.wmv,min,pre,-27,108090,10,50,15,min_3,"(5400, 7200)",6.488333333,84.33333333
11,200727_SEFL17_MildStressor_g3 Box 3.wmv,min,pre,-26,108090,10,50,15,min_4,"(7200, 9000)",105.6527778,44.33333333
11,200727_SEFL17_MildStressor_g3 Box 3.wmv,min,pre,-25,108090,10,50,15,min_5,"(9000, 10800)",106.7622222,25.5
11,200727_SEFL17_MildStressor_g3 Box 3.wmv,min,pre,-24,108090,10,50,15,min_6,"(10800, 12600)",87.28888889,59.44444444
11,200727_SEFL17_MildStressor_g3 Box 3.wmv,min,pre,-23,108090,10,50,15,min_7,"(12600, 14400)",379.7888889,0
11,200727_SEFL17_MildStressor_g3 Box 3.wmv,min,pre,-22,108090,10,50,15,min_8,"(14400, 16200)",359.87,9.277777778
11,200727_SEFL17_MildStressor_g3 Box 3.wmv,min,pre,-21,108090,10,50,15,min_9,"(16200, 18000)",17.83388889,86.05555556
11,200727_SEFL17_MildStressor_g3 Box 3.wmv,min,pre,-20,108090,10,50,15,min_10,"(18000, 19800)",105.2983333,32.05555556
11,200727_SEFL17_MildStressor_g3 Box 3.wmv,min,pre,-19,108090,10,50,15,min_11,"(19800, 21600)",87.27666667,20.77777778
11,200727_SEFL17_MildStressor_g3 Box 3.wmv,min,pre,-18,108090,10,50,15,min_12,"(21600, 23400)",140.9405556,27.33333333
11,200727_SEFL17_MildStressor_g3 Box 3.wmv,min,pre,-17,108090,10,50,15,min_13,"(23400, 25200)",34.84722222,88.77777778
11,200727_SEFL17_MildStressor_g3 Box 3.wmv,min,pre,-16,108090,10,50,15,min_14,"(25200, 27000)",104.7722222,33.16666667
11,200727_SEFL17_MildStressor_g3 Box 3.wmv,min,pre,-15,108090,10,50,15,min_15,"(27000, 28800)",95.95111111,29.61111111
11,200727_SEFL17_MildStressor_g3 Box 3.wmv,min,pre,-14,108090,10,50,15,min_16,"(28800, 30600)",248.7372222,2
11,200727_SEFL17_MildStressor_g3 Box 3.wmv,min,pre,-13,108090,10,50,15,min_17,"(30600, 32400)",307.7977778,5.611111111
11,200727_SEFL17_MildStressor_g3 Box 3.wmv,min,pre,-12,108090,10,50,15,min_18,"(32400, 34200)",44.77777778,45.16666667
11,200727_SEFL17_MildStressor_g3 Box 3.wmv,min,pre,-11,108090,10,50,15,min_19,"(34200, 36000)",125.6566667,17.22222222
11,200727_SEFL17_MildStressor_g3 Box 3.wmv,min,pre,-10,108090,10,50,15,min_20,"(36000, 37800)",110.69,42.44444444
11,200727_SEFL17_MildStressor_g3 Box 3.wmv,min,pre,-9,108090,10,50,15,min_21,"(37800, 39600)",21.26888889,81.16666667
11,200727_SEFL17_MildStressor_g3 Box 3.wmv,min,pre,-8,108090,10,50,15,min_22,"(39600, 41400)",64.74555556,43.55555556
11,200727_SEFL17_MildStressor_g3 Box 3.wmv,min,pre,-7,108090,10,50,15,min_23,"(41400, 43200)",4.185,95.38888889
11,200727_SEFL17_MildStressor_g3 Box 3.wmv,min,pre,-6,108090,10,50,15,min_24,"(43200, 45000)",1.153888889,99.94444444
11,200727_SEFL17_MildStressor_g3 Box 3.wmv,min,pre,-5,108090,10,50,15,min_25,"(45000, 46800)",8.022777778,90.16666667
11,200727_SEFL17_MildStressor_g3 Box 3.wmv,min,pre,-4,108090,10,50,15,min_26,"(46800, 48600)",8.716111111,89.66666667
11,200727_SEFL17_MildStressor_g3 Box 3.wmv,min,pre,-3,108090,10,50,15,min_27,"(48600, 50400)",125.3627778,43.11111111
11,200727_SEFL17_MildStressor_g3 Box 3.wmv,min,pre,-2,108090,10,50,15,min_28,"(50400, 52200)",274.8472222,1.944444444
11,200727_SEFL17_MildStressor_g3 Box 3.wmv,min,pre,-1,108090,10,50,15,min_29,"(52200, 54000)",95.39333333,43.27777778
11,200727_SEFL17_MildStressor_g3 Box 3.wmv,min,post,0,108090,10,50,15,min_30,"(54000, 55800)",121.1411111,21.83333333
11,200727_SEFL17_MildStressor_g3 Box 3.wmv,min,post,1,108090,10,50,15,min_31,"(55800, 57600)",142.7177778,6.611111111
11,200727_SEFL17_MildStressor_g3 Box 3.wmv,min,post,2,108090,10,50,15,min_32,"(57600, 59400)",162.6672222,20.77777778
11,200727_SEFL17_MildStressor_g3 Box 3.wmv,min,post,3,108090,10,50,15,min_33,"(59400, 61200)",116.5761111,23.33333333
11,200727_SEFL17_MildStressor_g3 Box 3.wmv,min,post,4,108090,10,50,15,min_34,"(61200, 63000)",197.8894444,18.72222222
11,200727_SEFL17_MildStressor_g3 Box 3.wmv,min,post,5,108090,10,50,15,min_35,"(63000, 64800)",62.46944444,43.5
11,200727_SEFL17_MildStressor_g3 Box 3.wmv,min,post,6,108090,10,50,15,min_36,"(64800, 66600)",4.930555556,94.05555556
11,200727_SEFL17_MildStressor_g3 Box 3.wmv,min,post,7,108090,10,50,15,min_37,"(66600, 68400)",0.037222222,100
11,200727_SEFL17_MildStressor_g3 Box 3.wmv,min,post,8,108090,10,50,15,min_38,"(68400, 70200)",0.073333333,100
11,200727_SEFL17_MildStressor_g3 Box 3.wmv,min,post,9,108090,10,50,15,min_39,"(70200, 72000)",12.97277778,80.55555556
11,200727_SEFL17_MildStressor_g3 Box 3.wmv,min,post,10,108090,10,50,15,min_40,"(72000, 73800)",54.49777778,38.5
11,200727_SEFL17_MildStressor_g3 Box 3.wmv,min,post,11,108090,10,50,15,min_41,"(73800, 75600)",3.438888889,94.5
11,200727_SEFL17_MildStressor_g3 Box 3.wmv,min,post,12,108090,10,50,15,min_42,"(75600, 77400)",20.93388889,69.72222222
11,200727_SEFL17_MildStressor_g3 Box 3.wmv,min,post,13,108090,10,50,15,min_43,"(77400, 79200)",25.36444444,57.77777778
11,200727_SEFL17_MildStressor_g3 Box 3.wmv,min,post,14,108090,10,50,15,min_44,"(79200, 81000)",0.237777778,99.11111111
11,200727_SEFL17_MildStressor_g3 Box 3.wmv,min,post,15,108090,10,50,15,min_45,"(81000, 82800)",0.02,100
11,200727_SEFL17_MildStressor_g3 Box 3.wmv,min,post,16,108090,10,50,15,min_46,"(82800, 84600)",0.018888889,100
11,200727_SEFL17_MildStressor_g3 Box 3.wmv,min,post,17,108090,10,50,15,min_47,"(84600, 86400)",0.061666667,99.94444444
11,200727_SEFL17_MildStressor_g3 Box 3.wmv,min,post,18,108090,10,50,15,min_48,"(86400, 88200)",0.011666667,100
11,200727_SEFL17_MildStressor_g3 Box 3.wmv,min,post,19,108090,10,50,15,min_49,"(88200, 90000)",0.018333333,100
11,200727_SEFL17_MildStressor_g3 Box 3.wmv,min,post,20,108090,10,50,15,min_50,"(90000, 91800)",0.010555556,100
11,200727_SEFL17_MildStressor_g3 Box 3.wmv,min,post,21,108090,10,50,15,min_51,"(91800, 93600)",0.017777778,100
11,200727_SEFL17_MildStressor_g3 Box 3.wmv,min,post,22,108090,10,50,15,min_52,"(93600, 95400)",0.015,100
11,200727_SEFL17_MildStressor_g3 Box 3.wmv,min,post,23,108090,10,50,15,min_53,"(95400, 97200)",0.183888889,99.94444444
11,200727_SEFL17_MildStressor_g3 Box 3.wmv,min,post,24,108090,10,50,15,min_54,"(97200, 99000)",0.017222222,100
11,200727_SEFL17_MildStressor_g3 Box 3.wmv,min,post,25,108090,10,50,15,min_55,"(99000, 100800)",6.078888889,92.55555556
11,200727_SEFL17_MildStressor_g3 Box 3.wmv,min,post,26,108090,10,50,15,min_56,"(100800, 102600)",0.007222222,100
11,200727_SEFL17_MildStressor_g3 Box 3.wmv,min,post,27,108090,10,50,15,min_57,"(102600, 104400)",4.616666667,96.33333333
11,200727_SEFL17_MildStressor_g3 Box 3.wmv,min,post,28,108090,10,50,15,min_58,"(104400, 106200)",0.013333333,100
11,200727_SEFL17_MildStressor_g3 Box 3.wmv,min,post,29,108090,10,50,15,min_59,"(106200, 108000)",0.604444444,99.55555556
11,200727_SEFL17_MildStressor_g3 Box 3.wmv,noise,pre,-10,108090,10,50,15,sec_1790.0,"(53700, 53706)",3.333333333,100
11,200727_SEFL17_MildStressor_g3 Box 3.wmv,noise,pre,-9.8,108090,10,50,15,sec_1790.2,"(53706, 53712)",19.83333333,83.33333333
11,200727_SEFL17_MildStressor_g3 Box 3.wmv,noise,pre,-9.6,108090,10,50,15,sec_1790.4,"(53712, 53718)",8,100
11,200727_SEFL17_MildStressor_g3 Box 3.wmv,noise,pre,-9.4,108090,10,50,15,sec_1790.6,"(53718, 53724)",1.333333333,100
11,200727_SEFL17_MildStressor_g3 Box 3.wmv,noise,pre,-9.2,108090,10,50,15,sec_1790.8,"(53724, 53730)",6.333333333,100
11,200727_SEFL17_MildStressor_g3 Box 3.wmv,noise,pre,-9,108090,10,50,15,sec_1791.0,"(53730, 53736)",3.166666667,100
11,200727_SEFL17_MildStressor_g3 Box 3.wmv,noise,pre,-8.8,108090,10,50,15,sec_1791.2,"(53736, 53742)",43.16666667,66.66666667
11,200727_SEFL17_MildStressor_g3 Box 3.wmv,noise,pre,-8.6,108090,10,50,15,sec_1791.4,"(53742, 53748)",0,100
11,200727_SEFL17_MildStressor_g3 Box 3.wmv,noise,pre,-8.4,108090,10,50,15,sec_1791.6,"(53748, 53754)",1,100
11,200727_SEFL17_MildStressor_g3 Box 3.wmv,noise,pre,-8.2,108090,10,50,15,sec_1791.8,"(53754, 53760)",5.166666667,100
11,200727_SEFL17_MildStressor_g3 Box 3.wmv,noise,pre,-8,108090,10,50,15,sec_1792.0,"(53760, 53766)",5.833333333,100
11,200727_SEFL17_MildStressor_g3 Box 3.wmv,noise,pre,-7.8,108090,10,50,15,sec_1792.2,"(53766, 53772)",31.5,0
11,200727_SEFL17_MildStressor_g3 Box 3.wmv,noise,pre,-7.6,108090,10,50,15,sec_1792.4,"(53772, 53778)",36.16666667,33.33333333
11,200727_SEFL17_MildStressor_g3 Box 3.wmv,noise,pre,-7.4,108090,10,50,15,sec_1792.6,"(53778, 53784)",8.833333333,100
11,200727_SEFL17_MildStressor_g3 Box 3.wmv,noise,pre,-7.2,108090,10,50,15,sec_1792.8,"(53784, 53790)",0.666666667,100
11,200727_SEFL17_MildStressor_g3 Box 3.wmv,noise,pre,-7,108090,10,50,15,sec_1793.0,"(53790, 53796)",0,100
11,200727_SEFL17_MildStressor_g3 Box 3.wmv,noise,pre,-6.8,108090,10,50,15,sec_1793.2,"(53796, 53802)",2.5,100
11,200727_SEFL17_MildStressor_g3 Box 3.wmv,noise,pre,-6.6,108090,10,50,15,sec_1793.4,"(53802, 53808)",0.166666667,100
11,200727_SEFL17_MildStressor_g3 Box 3.wmv,noise,pre,-6.4,108090,10,50,15,sec_1793.6,"(53808, 53814)",0.666666667,100
11,200727_SEFL17_MildStressor_g3 Box 3.wmv,noise,pre,-6.2,108090,10,50,15,sec_1793.8,"(53814, 53820)",0,100
11,200727_SEFL17_MildStressor_g3 Box 3.wmv,noise,pre,-6,108090,10,50,15,sec_1794.0,"(53820, 53826)",0,100
11,200727_SEFL17_MildStressor_g3 Box 3.wmv,noise,pre,-5.8,108090,10,50,15,sec_1794.2,"(53826, 53832)",1.166666667,100
11,200727_SEFL17_MildStressor_g3 Box 3.wmv,noise,pre,-5.6,108090,10,50,15,sec_1794.4,"(53832, 53838)",1.5,100
11,200727_SEFL17_MildStressor_g3 Box 3.wmv,noise,pre,-5.4,108090,10,50,15,sec_1794.6,"(53838, 53844)",0,100
11,200727_SEFL17_MildStressor_g3 Box 3.wmv,noise,pre,-5.2,108090,10,50,15,sec_1794.8,"(53844, 53850)",1,100
11,200727_SEFL17_MildStressor_g3 Box 3.wmv,noise,pre,-5,108090,10,50,15,sec_1795.0,"(53850, 53856)",0.833333333,100
11,200727_SEFL17_MildStressor_g3 Box 3.wmv,noise,pre,-4.8,108090,10,50,15,sec_1795.2,"(53856, 53862)",0.666666667,100
11,200727_SEFL17_MildStressor_g3 Box 3.wmv,noise,pre,-4.6,108090,10,50,15,sec_1795.4,"(53862, 53868)",0,100
11,200727_SEFL17_MildStressor_g3 Box 3.wmv,noise,pre,-4.4,108090,10,50,15,sec_1795.6,"(53868, 53874)",2.166666667,100
11,200727_SEFL17_MildStressor_g3 Box 3.wmv,noise,pre,-4.2,108090,10,50,15,sec_1795.8,"(53874, 53880)",5.5,100
11,200727_SEFL17_MildStressor_g3 Box 3.wmv,noise,pre,-4,108090,10,50,15,sec_1796.0,"(53880, 53886)",18.5,83.33333333
11,200727_SEFL17_MildStressor_g3 Box 3.wmv,noise,pre,-3.8,108090,10,50,15,sec_1796.2,"(53886, 53892)",7.333333333,0
11,200727_SEFL17_MildStressor_g3 Box 3.wmv,noise,pre,-3.6,108090,10,50,15,sec_1796.4,"(53892, 53898)",2.666666667,0
11,200727_SEFL17_MildStressor_g3 Box 3.wmv,noise,pre,-3.4,108090,10,50,15,sec_1796.6,"(53898, 53904)",25.66666667,0
11,200727_SEFL17_MildStressor_g3 Box 3.wmv,noise,pre,-3.2,108090,10,50,15,sec_1796.8,"(53904, 53910)",22.33333333,0
11,200727_SEFL17_MildStressor_g3 Box 3.wmv,noise,pre,-3,108090,10,50,15,sec_1797.0,"(53910, 53916)",33.16666667,66.66666667
11,200727_SEFL17_MildStressor_g3 Box 3.wmv,noise,pre,-2.8,108090,10,50,15,sec_1797.2,"(53916, 53922)",13.5,100
11,200727_SEFL17_MildStressor_g3 Box 3.wmv,noise,pre,-2.6,108090,10,50,15,sec_1797.4,"(53922, 53928)",3.333333333,100
11,200727_SEFL17_MildStressor_g3 Box 3.wmv,noise,pre,-2.4,108090,10,50,15,sec_1797.6,"(53928, 53934)",5.833333333,100
11,200727_SEFL17_MildStressor_g3 Box 3.wmv,noise,pre,-2.2,108090,10,50,15,sec_1797.8,"(53934, 53940)",0.166666667,100
11,200727_SEFL17_MildStressor_g3 Box 3.wmv,noise,pre,-2,108090,10,50,15,sec_1798.0,"(53940, 53946)",0.166666667,100
11,200727_SEFL17_MildStressor_g3 Box 3.wmv,noise,pre,-1.8,108090,10,50,15,sec_1798.2,"(53946, 53952)",0,100
11,200727_SEFL17_MildStressor_g3 Box 3.wmv,noise,pre,-1.6,108090,10,50,15,sec_1798.4,"(53952, 53958)",0.333333333,100
11,200727_SEFL17_MildStressor_g3 Box 3.wmv,noise,pre,-1.4,108090,10,50,15,sec_1798.6,"(53958, 53964)",0,100
11,200727_SEFL17_MildStressor_g3 Box 3.wmv,noise,pre,-1.2,108090,10,50,15,sec_1798.8,"(53964, 53970)",0.5,100
11,200727_SEFL17_MildStressor_g3 Box 3.wmv,noise,pre,-1,108090,10,50,15,sec_1799.0,"(53970, 53976)",0,100
11,200727_SEFL17_MildStressor_g3 Box 3.wmv,noise,pre,-0.8,108090,10,50,15,sec_1799.2,"(53976, 53982)",1.5,100
11,200727_SEFL17_MildStressor_g3 Box 3.wmv,noise,pre,-0.6,108090,10,50,15,sec_1799.4,"(53982, 53988)",1,100
11,200727_SEFL17_MildStressor_g3 Box 3.wmv,noise,pre,-0.4,108090,10,50,15,sec_1799.6,"(53988, 53994)",0,100
11,200727_SEFL17_MildStressor_g3 Box 3.wmv,noise,pre,-0.2,108090,10,50,15,sec_1799.8,"(53994, 54000)",4.166666667,100
11,200727_SEFL17_MildStressor_g3 Box 3.wmv,noise,noise,-4.09E-14,108090,10,50,15,sec_1800.0,"(54000, 54006)",452.5,33.33333333
11,200727_SEFL17_MildStressor_g3 Box 3.wmv,noise,noise,0.2,108090,10,50,15,sec_1800.2,"(54006, 54012)",1278.5,0
11,200727_SEFL17_MildStressor_g3 Box 3.wmv,noise,noise,0.4,108090,10,50,15,sec_1800.4,"(54012, 54018)",275,0
11,200727_SEFL17_MildStressor_g3 Box 3.wmv,noise,noise,0.6,108090,10,50,15,sec_1800.6,"(54018, 54024)",249.6666667,0
11,200727_SEFL17_MildStressor_g3 Box 3.wmv,noise,noise,0.8,108090,10,50,15,sec_1800.8,"(54024, 54030)",716.5,0
11,200727_SEFL17_MildStressor_g3 Box 3.wmv,noise,noise,1,108090,10,50,15,sec_1801.0,"(54030, 54036)",343.5,0
11,200727_SEFL17_MildStressor_g3 Box 3.wmv,noise,noise,1.2,108090,10,50,15,sec_1801.2,"(54036, 54042)",52.83333333,0
11,200727_SEFL17_MildStressor_g3 Box 3.wmv,noise,noise,1.4,108090,10,50,15,sec_1801.4,"(54042, 54048)",85.5,0
11,200727_SEFL17_MildStressor_g3 Box 3.wmv,noise,noise,1.6,108090,10,50,15,sec_1801.6,"(54048, 54054)",232.8333333,0
11,200727_SEFL17_MildStressor_g3 Box 3.wmv,noise,noise,1.8,108090,10,50,15,sec_1801.8,"(54054, 54060)",139.6666667,0
11,200727_SEFL17_MildStressor_g3 Box 3.wmv,noise,noise,2,108090,10,50,15,sec_1802.0,"(54060, 54066)",558.1666667,0
11,200727_SEFL17_MildStressor_g3 Box 3.wmv,noise,noise,2.2,108090,10,50,15,sec_1802.2,"(54066, 54072)",1375.166667,0
11,200727_SEFL17_MildStressor_g3 Box 3.wmv,noise,noise,2.4,108090,10,50,15,sec_1802.4,"(54072, 54078)",1958.666667,0
11,200727_SEFL17_MildStressor_g3 Box 3.wmv,noise,noise,2.6,108090,10,50,15,sec_1802.6,"(54078, 54084)",695,0
11,200727_SEFL17_MildStressor_g3 Box 3.wmv,noise,noise,2.8,108090,10,50,15,sec_1802.8,"(54084, 54090)",186.5,0
11,200727_SEFL17_MildStressor_g3 Box 3.wmv,noise,post,3,108090,10,50,15,sec_1803.0,"(54090, 54096)",112,33.33333333
11,200727_SEFL17_MildStressor_g3 Box 3.wmv,noise,post,3.2,108090,10,50,15,sec_1803.2,"(54096, 54102)",1.166666667,100
11,200727_SEFL17_MildStressor_g3 Box 3.wmv,noise,post,3.4,108090,10,50,15,sec_1803.4,"(54102, 54108)",0,100
11,200727_SEFL17_MildStressor_g3 Box 3.wmv,noise,post,3.6,108090,10,50,15,sec_1803.6,"(54108, 54114)",0,100
11,200727_SEFL17_MildStressor_g3 Box 3.wmv,noise,post,3.8,108090,10,50,15,sec_1803.8,"(54114, 54120)",0,100
11,200727_SEFL17_MildStressor_g3 Box 3.wmv,noise,post,4,108090,10,50,15,sec_1804.0,"(54120, 54126)",0,100
11,200727_SEFL17_MildStressor_g3 Box 3.wmv,noise,post,4.2,108090,10,50,15,sec_1804.2,"(54126, 54132)",2.5,100
11,200727_SEFL17_MildStressor_g3 Box 3.wmv,noise,post,4.4,108090,10,50,15,sec_1804.4,"(54132, 54138)",0,100
11,200727_SEFL17_MildStressor_g3 Box 3.wmv,noise,post,4.6,108090,10,50,15,sec_1804.6,"(54138, 54144)",0,100
11,200727_SEFL17_MildStressor_g3 Box 3.wmv,noise,post,4.8,108090,10,50,15,sec_1804.8,"(54144, 54150)",111,33.33333333
11,200727_SEFL17_MildStressor_g3 Box 3.wmv,noise,post,5,108090,10,50,15,sec_1805.0,"(54150, 54156)",166.6666667,0
11,200727_SEFL17_MildStressor_g3 Box 3.wmv,noise,post,5.2,108090,10,50,15,sec_1805.2,"(54156, 54162)",253.5,0
11,200727_SEFL17_MildStressor_g3 Box 3.wmv,noise,post,5.4,108090,10,50,15,sec_1805.4,"(54162, 54168)",300.8333333,0
11,200727_SEFL17_MildStressor_g3 Box 3.wmv,noise,post,5.6,108090,10,50,15,sec_1805.6,"(54168, 54174)",481.1666667,0
11,200727_SEFL17_MildStressor_g3 Box 3.wmv,noise,post,5.8,108090,10,50,15,sec_1805.8,"(54174, 54180)",418.8333333,0
11,200727_SEFL17_MildStressor_g3 Box 3.wmv,noise,post,6,108090,10,50,15,sec_1806.0,"(54180, 54186)",301,0
11,200727_SEFL17_MildStressor_g3 Box 3.wmv,noise,post,6.2,108090,10,50,15,sec_1806.2,"(54186, 54192)",106.5,0
11,200727_SEFL17_MildStressor_g3 Box 3.wmv,noise,post,6.4,108090,10,50,15,sec_1806.4,"(54192, 54198)",85.16666667,0
11,200727_SEFL17_MildStressor_g3 Box 3.wmv,noise,post,6.6,108090,10,50,15,sec_1806.6,"(54198, 54204)",37.16666667,0
11,200727_SEFL17_MildStressor_g3 Box 3.wmv,noise,post,6.8,108090,10,50,15,sec_1806.8,"(54204, 54210)",20.16666667,16.66666667
11,200727_SEFL17_MildStressor_g3 Box 3.wmv,noise,post,7,108090,10,50,15,sec_1807.0,"(54210, 54216)",2,100
11,200727_SEFL17_MildStressor_g3 Box 3.wmv,noise,post,7.2,108090,10,50,15,sec_1807.2,"(54216, 54222)",3.166666667,100
11,200727_SEFL17_MildStressor_g3 Box 3.wmv,noise,post,7.4,108090,10,50,15,sec_1807.4,"(54222, 54228)",0,100
11,200727_SEFL17_MildStressor_g3 Box 3.wmv,noise,post,7.6,108090,10,50,15,sec_1807.6,"(54228, 54234)",0,100
11,200727_SEFL17_MildStressor_g3 Box 3.wmv,noise,post,7.8,108090,10,50,15,sec_1807.8,"(54234, 54240)",0,100
11,200727_SEFL17_MildStressor_g3 Box 3.wmv,noise,post,8,108090,10,50,15,sec_1808.0,"(54240, 54246)",7.666666667,100
11,200727_SEFL17_MildStressor_g3 Box 3.wmv,noise,post,8.2,108090,10,50,15,sec_1808.2,"(54246, 54252)",13.16666667,83.33333333
11,200727_SEFL17_MildStressor_g3 Box 3.wmv,noise,post,8.4,108090,10,50,15,sec_1808.4,"(54252, 54258)",8,100
11,200727_SEFL17_MildStressor_g3 Box 3.wmv,noise,post,8.6,108090,10,50,15,sec_1808.6,"(54258, 54264)",0,100
11,200727_SEFL17_MildStressor_g3 Box 3.wmv,noise,post,8.8,108090,10,50,15,sec_1808.8,"(54264, 54270)",0,100
11,200727_SEFL17_MildStressor_g3 Box 3.wmv,noise,post,9,108090,10,50,15,sec_1809.0,"(54270, 54276)",0,100
11,200727_SEFL17_MildStressor_g3 Box 3.wmv,noise,post,9.2,108090,10,50,15,sec_1809.2,"(54276, 54282)",0,100
11,200727_SEFL17_MildStressor_g3 Box 3.wmv,noise,post,9.4,108090,10,50,15,sec_1809.4,"(54282, 54288)",0,100
11,200727_SEFL17_MildStressor_g3 Box 3.wmv,noise,post,9.6,108090,10,50,15,sec_1809.6,"(54288, 54294)",0,100
11,200727_SEFL17_MildStressor_g3 Box 3.wmv,noise,post,9.8,108090,10,50,15,sec_1809.8,"(54294, 54300)",0,100
11,200727_SEFL17_MildStressor_g3 Box 3.wmv,noise,post,10,108090,10,50,15,sec_1810.0,"(54300, 54306)",53.66666667,50
11,200727_SEFL17_MildStressor_g3 Box 3.wmv,noise,post,10.2,108090,10,50,15,sec_1810.2,"(54306, 54312)",9.666666667,0
11,200727_SEFL17_MildStressor_g3 Box 3.wmv,noise,post,10.4,108090,10,50,15,sec_1810.4,"(54312, 54318)",25,0
11,200727_SEFL17_MildStressor_g3 Box 3.wmv,noise,post,10.6,108090,10,50,15,sec_1810.6,"(54318, 54324)",62.66666667,0
11,200727_SEFL17_MildStressor_g3 Box 3.wmv,noise,post,10.8,108090,10,50,15,sec_1810.8,"(54324, 54330)",106.8333333,0
11,200727_SEFL17_MildStressor_g3 Box 3.wmv,noise,post,11,108090,10,50,15,sec_1811.0,"(54330, 54336)",91.66666667,0
11,200727_SEFL17_MildStressor_g3 Box 3.wmv,noise,post,11.2,108090,10,50,15,sec_1811.2,"(54336, 54342)",34.83333333,0
11,200727_SEFL17_MildStressor_g3 Box 3.wmv,noise,post,11.4,108090,10,50,15,sec_1811.4,"(54342, 54348)",94.83333333,0
11,200727_SEFL17_MildStressor_g3 Box 3.wmv,noise,post,11.6,108090,10,50,15,sec_1811.6,"(54348, 54354)",24.83333333,0
11,200727_SEFL17_MildStressor_g3 Box 3.wmv,noise,post,11.8,108090,10,50,15,sec_1811.8,"(54354, 54360)",56.83333333,0
11,200727_SEFL17_MildStressor_g3 Box 3.wmv,noise,post,12,108090,10,50,15,sec_1812.0,"(54360, 54366)",166.3333333,0
11,200727_SEFL17_MildStressor_g3 Box 3.wmv,noise,post,12.2,108090,10,50,15,sec_1812.2,"(54366, 54372)",31.66666667,0
11,200727_SEFL17_MildStressor_g3 Box 3.wmv,noise,post,12.4,108090,10,50,15,sec_1812.4,"(54372, 54378)",262,0
11,200727_SEFL17_MildStressor_g3 Box 3.wmv,noise,post,12.6,108090,10,50,15,sec_1812.6,"(54378, 54384)",211.8333333,0
11,200727_SEFL17_MildStressor_g3 Box 3.wmv,noise,post,12.8,108090,10,50,15,sec_1812.8,"(54384, 54390)",8.166666667,0
12,200727_SEFL17_MildStressor_g3 Box 4.wmv,min,pre,-30,108090,10,50,15,min_0,"(0, 1800)",495.8305556,0
12,200727_SEFL17_MildStressor_g3 Box 4.wmv,min,pre,-29,108090,10,50,15,min_1,"(1800, 3600)",261.0183333,1.611111111
12,200727_SEFL17_MildStressor_g3 Box 4.wmv,min,pre,-28,108090,10,50,15,min_2,"(3600, 5400)",138.1866667,40.22222222
12,200727_SEFL17_MildStressor_g3 Box 4.wmv,min,pre,-27,108090,10,50,15,min_3,"(5400, 7200)",85.29611111,37.05555556
12,200727_SEFL17_MildStressor_g3 Box 4.wmv,min,pre,-26,108090,10,50,15,min_4,"(7200, 9000)",165.6661111,31.11111111
12,200727_SEFL17_MildStressor_g3 Box 4.wmv,min,pre,-25,108090,10,50,15,min_5,"(9000, 10800)",112.2705556,43.33333333
12,200727_SEFL17_MildStressor_g3 Box 4.wmv,min,pre,-24,108090,10,50,15,min_6,"(10800, 12600)",114.5177778,51.33333333
12,200727_SEFL17_MildStressor_g3 Box 4.wmv,min,pre,-23,108090,10,50,15,min_7,"(12600, 14400)",15.52222222,87.22222222
12,200727_SEFL17_MildStressor_g3 Box 4.wmv,min,pre,-22,108090,10,50,15,min_8,"(14400, 16200)",373.955,31.27777778
12,200727_SEFL17_MildStressor_g3 Box 4.wmv,min,pre,-21,108090,10,50,15,min_9,"(16200, 18000)",294.0083333,25.83333333
12,200727_SEFL17_MildStressor_g3 Box 4.wmv,min,pre,-20,108090,10,50,15,min_10,"(18000, 19800)",193.43,34.61111111
12,200727_SEFL17_MildStressor_g3 Box 4.wmv,min,pre,-19,108090,10,50,15,min_11,"(19800, 21600)",175.8794444,3.555555556
12,200727_SEFL17_MildStressor_g3 Box 4.wmv,min,pre,-18,108090,10,50,15,min_12,"(21600, 23400)",205.8861111,4.833333333
12,200727_SEFL17_MildStressor_g3 Box 4.wmv,min,pre,-17,108090,10,50,15,min_13,"(23400, 25200)",298.2305556,4.055555556
12,200727_SEFL17_MildStressor_g3 Box 4.wmv,min,pre,-16,108090,10,50,15,min_14,"(25200, 27000)",466.3972222,0
12,200727_SEFL17_MildStressor_g3 Box 4.wmv,min,pre,-15,108090,10,50,15,min_15,"(27000, 28800)",214.4422222,5.777777778
12,200727_SEFL17_MildStressor_g3 Box 4.wmv,min,pre,-14,108090,10,50,15,min_16,"(28800, 30600)",155.4716667,4.666666667
12,200727_SEFL17_MildStressor_g3 Box 4.wmv,min,pre,-13,108090,10,50,15,min_17,"(30600, 32400)",112.7805556,19.94444444
12,200727_SEFL17_MildStressor_g3 Box 4.wmv,min,pre,-12,108090,10,50,15,min_18,"(32400, 34200)",112.6283333,16.77777778
12,200727_SEFL17_MildStressor_g3 Box 4.wmv,min,pre,-11,108090,10,50,15,min_19,"(34200, 36000)",43.58722222,36.66666667
12,200727_SEFL17_MildStressor_g3 Box 4.wmv,min,pre,-10,108090,10,50,15,min_20,"(36000, 37800)",58.90055556,33.11111111
12,200727_SEFL17_MildStressor_g3 Box 4.wmv,min,pre,-9,108090,10,50,15,min_21,"(37800, 39600)",55.24222222,40.88888889
12,200727_SEFL17_MildStressor_g3 Box 4.wmv,min,pre,-8,108090,10,50,15,min_22,"(39600, 41400)",0.573333333,98.27777778
12,200727_SEFL17_MildStressor_g3 Box 4.wmv,min,pre,-7,108090,10,50,15,min_23,"(41400, 43200)",0.285555556,99.88888889
12,200727_SEFL17_MildStressor_g3 Box 4.wmv,min,pre,-6,108090,10,50,15,min_24,"(43200, 45000)",0.017777778,100
12,200727_SEFL17_MildStressor_g3 Box 4.wmv,min,pre,-5,108090,10,50,15,min_25,"(45000, 46800)",0.028888889,100
12,200727_SEFL17_MildStressor_g3 Box 4.wmv,min,pre,-4,108090,10,50,15,min_26,"(46800, 48600)",0.04,100
12,200727_SEFL17_MildStressor_g3 Box 4.wmv,min,pre,-3,108090,10,50,15,min_27,"(48600, 50400)",0.035555556,100
12,200727_SEFL17_MildStressor_g3 Box 4.wmv,min,pre,-2,108090,10,50,15,min_28,"(50400, 52200)",2.714444444,97.38888889
12,200727_SEFL17_MildStressor_g3 Box 4.wmv,min,pre,-1,108090,10,50,15,min_29,"(52200, 54000)",0.025,100
12,200727_SEFL17_MildStressor_g3 Box 4.wmv,min,post,0,108090,10,50,15,min_30,"(54000, 55800)",125.9927778,31.88888889
12,200727_SEFL17_MildStressor_g3 Box 4.wmv,min,post,1,108090,10,50,15,min_31,"(55800, 57600)",192.9244444,2.5
12,200727_SEFL17_MildStressor_g3 Box 4.wmv,min,post,2,108090,10,50,15,min_32,"(57600, 59400)",206.3655556,8.277777778
12,200727_SEFL17_MildStressor_g3 Box 4.wmv,min,post,3,108090,10,50,15,min_33,"(59400, 61200)",162.7672222,4.5
12,200727_SEFL17_MildStressor_g3 Box 4.wmv,min,post,4,108090,10,50,15,min_34,"(61200, 63000)",238.2961111,0.944444444
12,200727_SEFL17_MildStressor_g3 Box 4.wmv,min,post,5,108090,10,50,15,min_35,"(63000, 64800)",210.9833333,14.88888889
12,200727_SEFL17_MildStressor_g3 Box 4.wmv,min,post,6,108090,10,50,15,min_36,"(64800, 66600)",209.0205556,7.222222222
12,200727_SEFL17_MildStressor_g3 Box 4.wmv,min,post,7,108090,10,50,15,min_37,"(66600, 68400)",21.31166667,81.27777778
12,200727_SEFL17_MildStressor_g3 Box 4.wmv,min,post,8,108090,10,50,15,min_38,"(68400, 70200)",0.051666667,100
12,200727_SEFL17_MildStressor_g3 Box 4.wmv,min,post,9,108090,10,50,15,min_39,"(70200, 72000)",1.960555556,97.27777778
12,200727_SEFL17_MildStressor_g3 Box 4.wmv,min,post,10,108090,10,50,15,min_40,"(72000, 73800)",0.167777778,100
12,200727_SEFL17_MildStressor_g3 Box 4.wmv,min,post,11,108090,10,50,15,min_41,"(73800, 75600)",0.512777778,99.66666667
12,200727_SEFL17_MildStressor_g3 Box 4.wmv,min,post,12,108090,10,50,15,min_42,"(75600, 77400)",0.225,99.88888889
12,200727_SEFL17_MildStressor_g3 Box 4.wmv,min,post,13,108090,10,50,15,min_43,"(77400, 79200)",0.08,100
12,200727_SEFL17_MildStressor_g3 Box 4.wmv,min,post,14,108090,10,50,15,min_44,"(79200, 81000)",11.46722222,88.05555556
12,200727_SEFL17_MildStressor_g3 Box 4.wmv,min,post,15,108090,10,50,15,min_45,"(81000, 82800)",22.31388889,82.94444444
12,200727_SEFL17_MildStressor_g3 Box 4.wmv,min,post,16,108090,10,50,15,min_46,"(82800, 84600)",0.025,100
12,200727_SEFL17_MildStressor_g3 Box 4.wmv,min,post,17,108090,10,50,15,min_47,"(84600, 86400)",13.91666667,86.11111111
12,200727_SEFL17_MildStressor_g3 Box 4.wmv,min,post,18,108090,10,50,15,min_48,"(86400, 88200)",0.051666667,100
12,200727_SEFL17_MildStressor_g3 Box 4.wmv,min,post,19,108090,10,50,15,min_49,"(88200, 90000)",0.038333333,100
12,200727_SEFL17_MildStressor_g3 Box 4.wmv,min,post,20,108090,10,50,15,min_50,"(90000, 91800)",0.226666667,99.72222222
12,200727_SEFL17_MildStressor_g3 Box 4.wmv,min,post,21,108090,10,50,15,min_51,"(91800, 93600)",0.017777778,100
12,200727_SEFL17_MildStressor_g3 Box 4.wmv,min,post,22,108090,10,50,15,min_52,"(93600, 95400)",0.022222222,100
12,200727_SEFL17_MildStressor_g3 Box 4.wmv,min,post,23,108090,10,50,15,min_53,"(95400, 97200)",0.241666667,99.77777778
12,200727_SEFL17_MildStressor_g3 Box 4.wmv,min,post,24,108090,10,50,15,min_54,"(97200, 99000)",1.108888889,97.5
12,200727_SEFL17_MildStressor_g3 Box 4.wmv,min,post,25,108090,10,50,15,min_55,"(99000, 100800)",0.705,98.5
12,200727_SEFL17_MildStressor_g3 Box 4.wmv,min,post,26,108090,10,50,15,min_56,"(100800, 102600)",0.017222222,100
12,200727_SEFL17_MildStressor_g3 Box 4.wmv,min,post,27,108090,10,50,15,min_57,"(102600, 104400)",0.133888889,99.94444444
12,200727_SEFL17_MildStressor_g3 Box 4.wmv,min,post,28,108090,10,50,15,min_58,"(104400, 106200)",0.042222222,100
12,200727_SEFL17_MildStressor_g3 Box 4.wmv,min,post,29,108090,10,50,15,min_59,"(106200, 108000)",0.811111111,98.72222222
12,200727_SEFL17_MildStressor_g3 Box 4.wmv,noise,pre,-10,108090,10,50,15,sec_1790.0,"(53700, 53706)",0,100
12,200727_SEFL17_MildStressor_g3 Box 4.wmv,noise,pre,-9.8,108090,10,50,15,sec_1790.2,"(53706, 53712)",0,100
12,200727_SEFL17_MildStressor_g3 Box 4.wmv,noise,pre,-9.6,108090,10,50,15,sec_1790.4,"(53712, 53718)",0,100
12,200727_SEFL17_MildStressor_g3 Box 4.wmv,noise,pre,-9.4,108090,10,50,15,sec_1790.6,"(53718, 53724)",0,100
12,200727_SEFL17_MildStressor_g3 Box 4.wmv,noise,pre,-9.2,108090,10,50,15,sec_1790.8,"(53724, 53730)",0,100
12,200727_SEFL17_MildStressor_g3 Box 4.wmv,noise,pre,-9,108090,10,50,15,sec_1791.0,"(53730, 53736)",0,100
12,200727_SEFL17_MildStressor_g3 Box 4.wmv,noise,pre,-8.8,108090,10,50,15,sec_1791.2,"(53736, 53742)",0,100
12,200727_SEFL17_MildStressor_g3 Box 4.wmv,noise,pre,-8.6,108090,10,50,15,sec_1791.4,"(53742, 53748)",0,100
12,200727_SEFL17_MildStressor_g3 Box 4.wmv,noise,pre,-8.4,108090,10,50,15,sec_1791.6,"(53748, 53754)",0,100
12,200727_SEFL17_MildStressor_g3 Box 4.wmv,noise,pre,-8.2,108090,10,50,15,sec_1791.8,"(53754, 53760)",0,100
12,200727_SEFL17_MildStressor_g3 Box 4.wmv,noise,pre,-8,108090,10,50,15,sec_1792.0,"(53760, 53766)",0.5,100
12,200727_SEFL17_MildStressor_g3 Box 4.wmv,noise,pre,-7.8,108090,10,50,15,sec_1792.2,"(53766, 53772)",0,100
12,200727_SEFL17_MildStressor_g3 Box 4.wmv,noise,pre,-7.6,108090,10,50,15,sec_1792.4,"(53772, 53778)",0,100
12,200727_SEFL17_MildStressor_g3 Box 4.wmv,noise,pre,-7.4,108090,10,50,15,sec_1792.6,"(53778, 53784)",0,100
12,200727_SEFL17_MildStressor_g3 Box 4.wmv,noise,pre,-7.2,108090,10,50,15,sec_1792.8,"(53784, 53790)",0,100
12,200727_SEFL17_MildStressor_g3 Box 4.wmv,noise,pre,-7,108090,10,50,15,sec_1793.0,"(53790, 53796)",0,100
12,200727_SEFL17_MildStressor_g3 Box 4.wmv,noise,pre,-6.8,108090,10,50,15,sec_1793.2,"(53796, 53802)",0,100
12,200727_SEFL17_MildStressor_g3 Box 4.wmv,noise,pre,-6.6,108090,10,50,15,sec_1793.4,"(53802, 53808)",0,100
12,200727_SEFL17_MildStressor_g3 Box 4.wmv,noise,pre,-6.4,108090,10,50,15,sec_1793.6,"(53808, 53814)",0,100
12,200727_SEFL17_MildStressor_g3 Box 4.wmv,noise,pre,-6.2,108090,10,50,15,sec_1793.8,"(53814, 53820)",0,100
12,200727_SEFL17_MildStressor_g3 Box 4.wmv,noise,pre,-6,108090,10,50,15,sec_1794.0,"(53820, 53826)",0,100
12,200727_SEFL17_MildStressor_g3 Box 4.wmv,noise,pre,-5.8,108090,10,50,15,sec_1794.2,"(53826, 53832)",0,100
12,200727_SEFL17_MildStressor_g3 Box 4.wmv,noise,pre,-5.6,108090,10,50,15,sec_1794.4,"(53832, 53838)",0,100
12,200727_SEFL17_MildStressor_g3 Box 4.wmv,noise,pre,-5.4,108090,10,50,15,sec_1794.6,"(53838, 53844)",0,100
12,200727_SEFL17_MildStressor_g3 Box 4.wmv,noise,pre,-5.2,108090,10,50,15,sec_1794.8,"(53844, 53850)",0.166666667,100
12,200727_SEFL17_MildStressor_g3 Box 4.wmv,noise,pre,-5,108090,10,50,15,sec_1795.0,"(53850, 53856)",0,100
12,200727_SEFL17_MildStressor_g3 Box 4.wmv,noise,pre,-4.8,108090,10,50,15,sec_1795.2,"(53856, 53862)",0,100
12,200727_SEFL17_MildStressor_g3 Box 4.wmv,noise,pre,-4.6,108090,10,50,15,sec_1795.4,"(53862, 53868)",0,100
12,200727_SEFL17_MildStressor_g3 Box 4.wmv,noise,pre,-4.4,108090,10,50,15,sec_1795.6,"(53868, 53874)",0,100
12,200727_SEFL17_MildStressor_g3 Box 4.wmv,noise,pre,-4.2,108090,10,50,15,sec_1795.8,"(53874, 53880)",0,100
12,200727_SEFL17_MildStressor_g3 Box 4.wmv,noise,pre,-4,108090,10,50,15,sec_1796.0,"(53880, 53886)",0,100
12,200727_SEFL17_MildStressor_g3 Box 4.wmv,noise,pre,-3.8,108090,10,50,15,sec_1796.2,"(53886, 53892)",0,100
12,200727_SEFL17_MildStressor_g3 Box 4.wmv,noise,pre,-3.6,108090,10,50,15,sec_1796.4,"(53892, 53898)",0,100
12,200727_SEFL17_MildStressor_g3 Box 4.wmv,noise,pre,-3.4,108090,10,50,15,sec_1796.6,"(53898, 53904)",0,100
12,200727_SEFL17_MildStressor_g3 Box 4.wmv,noise,pre,-3.2,108090,10,50,15,sec_1796.8,"(53904, 53910)",0,100
12,200727_SEFL17_MildStressor_g3 Box 4.wmv,noise,pre,-3,108090,10,50,15,sec_1797.0,"(53910, 53916)",0,100
12,200727_SEFL17_MildStressor_g3 Box 4.wmv,noise,pre,-2.8,108090,10,50,15,sec_1797.2,"(53916, 53922)",0,100
12,200727_SEFL17_MildStressor_g3 Box 4.wmv,noise,pre,-2.6,108090,10,50,15,sec_1797.4,"(53922, 53928)",0,100
12,200727_SEFL17_MildStressor_g3 Box 4.wmv,noise,pre,-2.4,108090,10,50,15,sec_1797.6,"(53928, 53934)",0,100
12,200727_SEFL17_MildStressor_g3 Box 4.wmv,noise,pre,-2.2,108090,10,50,15,sec_1797.8,"(53934, 53940)",0,100
12,200727_SEFL17_MildStressor_g3 Box 4.wmv,noise,pre,-2,108090,10,50,15,sec_1798.0,"(53940, 53946)",0,100
12,200727_SEFL17_MildStressor_g3 Box 4.wmv,noise,pre,-1.8,108090,10,50,15,sec_1798.2,"(53946, 53952)",0,100
12,200727_SEFL17_MildStressor_g3 Box 4.wmv,noise,pre,-1.6,108090,10,50,15,sec_1798.4,"(53952, 53958)",0,100
12,200727_SEFL17_MildStressor_g3 Box 4.wmv,noise,pre,-1.4,108090,10,50,15,sec_1798.6,"(53958, 53964)",0,100
12,200727_SEFL17_MildStressor_g3 Box 4.wmv,noise,pre,-1.2,108090,10,50,15,sec_1798.8,"(53964, 53970)",0,100
12,200727_SEFL17_MildStressor_g3 Box 4.wmv,noise,pre,-1,108090,10,50,15,sec_1799.0,"(53970, 53976)",0,100
12,200727_SEFL17_MildStressor_g3 Box 4.wmv,noise,pre,-0.8,108090,10,50,15,sec_1799.2,"(53976, 53982)",0,100
12,200727_SEFL17_MildStressor_g3 Box 4.wmv,noise,pre,-0.6,108090,10,50,15,sec_1799.4,"(53982, 53988)",0,100
12,200727_SEFL17_MildStressor_g3 Box 4.wmv,noise,pre,-0.4,108090,10,50,15,sec_1799.6,"(53988, 53994)",0,100
12,200727_SEFL17_MildStressor_g3 Box 4.wmv,noise,pre,-0.2,108090,10,50,15,sec_1799.8,"(53994, 54000)",0,100
12,200727_SEFL17_MildStressor_g3 Box 4.wmv,noise,noise,-4.09E-14,108090,10,50,15,sec_1800.0,"(54000, 54006)",941.3333333,33.33333333
12,200727_SEFL17_MildStressor_g3 Box 4.wmv,noise,noise,0.2,108090,10,50,15,sec_1800.2,"(54006, 54012)",1099.666667,0
12,200727_SEFL17_MildStressor_g3 Box 4.wmv,noise,noise,0.4,108090,10,50,15,sec_1800.4,"(54012, 54018)",1393,0
12,200727_SEFL17_MildStressor_g3 Box 4.wmv,noise,noise,0.6,108090,10,50,15,sec_1800.6,"(54018, 54024)",2413.333333,0
12,200727_SEFL17_MildStressor_g3 Box 4.wmv,noise,noise,0.8,108090,10,50,15,sec_1800.8,"(54024, 54030)",3818.666667,0
12,200727_SEFL17_MildStressor_g3 Box 4.wmv,noise,noise,1,108090,10,50,15,sec_1801.0,"(54030, 54036)",2379,0
12,200727_SEFL17_MildStressor_g3 Box 4.wmv,noise,noise,1.2,108090,10,50,15,sec_1801.2,"(54036, 54042)",2285,0
12,200727_SEFL17_MildStressor_g3 Box 4.wmv,noise,noise,1.4,108090,10,50,15,sec_1801.4,"(54042, 54048)",2026.333333,0
12,200727_SEFL17_MildStressor_g3 Box 4.wmv,noise,noise,1.6,108090,10,50,15,sec_1801.6,"(54048, 54054)",1009.333333,0
12,200727_SEFL17_MildStressor_g3 Box 4.wmv,noise,noise,1.8,108090,10,50,15,sec_1801.8,"(54054, 54060)",630.6666667,0
12,200727_SEFL17_MildStressor_g3 Box 4.wmv,noise,noise,2,108090,10,50,15,sec_1802.0,"(54060, 54066)",133.8333333,0
12,200727_SEFL17_MildStressor_g3 Box 4.wmv,noise,noise,2.2,108090,10,50,15,sec_1802.2,"(54066, 54072)",8.833333333,0
12,200727_SEFL17_MildStressor_g3 Box 4.wmv,noise,noise,2.4,108090,10,50,15,sec_1802.4,"(54072, 54078)",136.1666667,0
12,200727_SEFL17_MildStressor_g3 Box 4.wmv,noise,noise,2.6,108090,10,50,15,sec_1802.6,"(54078, 54084)",383.3333333,0
12,200727_SEFL17_MildStressor_g3 Box 4.wmv,noise,noise,2.8,108090,10,50,15,sec_1802.8,"(54084, 54090)",150.3333333,0
12,200727_SEFL17_MildStressor_g3 Box 4.wmv,noise,post,3,108090,10,50,15,sec_1803.0,"(54090, 54096)",1.166666667,100
12,200727_SEFL17_MildStressor_g3 Box 4.wmv,noise,post,3.2,108090,10,50,15,sec_1803.2,"(54096, 54102)",0,100
12,200727_SEFL17_MildStressor_g3 Box 4.wmv,noise,post,3.4,108090,10,50,15,sec_1803.4,"(54102, 54108)",0,100
12,200727_SEFL17_MildStressor_g3 Box 4.wmv,noise,post,3.6,108090,10,50,15,sec_1803.6,"(54108, 54114)",0,100
12,200727_SEFL17_MildStressor_g3 Box 4.wmv,noise,post,3.8,108090,10,50,15,sec_1803.8,"(54114, 54120)",0,100
12,200727_SEFL17_MildStressor_g3 Box 4.wmv,noise,post,4,108090,10,50,15,sec_1804.0,"(54120, 54126)",0,100
12,200727_SEFL17_MildStressor_g3 Box 4.wmv,noise,post,4.2,108090,10,50,15,sec_1804.2,"(54126, 54132)",0,100
12,200727_SEFL17_MildStressor_g3 Box 4.wmv,noise,post,4.4,108090,10,50,15,sec_1804.4,"(54132, 54138)",0,100
12,200727_SEFL17_MildStressor_g3 Box 4.wmv,noise,post,4.6,108090,10,50,15,sec_1804.6,"(54138, 54144)",22.83333333,83.33333333
12,200727_SEFL17_MildStressor_g3 Box 4.wmv,noise,post,4.8,108090,10,50,15,sec_1804.8,"(54144, 54150)",0,100
12,200727_SEFL17_MildStressor_g3 Box 4.wmv,noise,post,5,108090,10,50,15,sec_1805.0,"(54150, 54156)",0,100
12,200727_SEFL17_MildStressor_g3 Box 4.wmv,noise,post,5.2,108090,10,50,15,sec_1805.2,"(54156, 54162)",1.333333333,100
12,200727_SEFL17_MildStressor_g3 Box 4.wmv,noise,post,5.4,108090,10,50,15,sec_1805.4,"(54162, 54168)",0,100
12,200727_SEFL17_MildStressor_g3 Box 4.wmv,noise,post,5.6,108090,10,50,15,sec_1805.6,"(54168, 54174)",9.666666667,100
12,200727_SEFL17_MildStressor_g3 Box 4.wmv,noise,post,5.8,108090,10,50,15,sec_1805.8,"(54174, 54180)",0,100
12,200727_SEFL17_MildStressor_g3 Box 4.wmv,noise,post,6,108090,10,50,15,sec_1806.0,"(54180, 54186)",0,100
12,200727_SEFL17_MildStressor_g3 Box 4.wmv,noise,post,6.2,108090,10,50,15,sec_1806.2,"(54186, 54192)",0,100
12,200727_SEFL17_MildStressor_g3 Box 4.wmv,noise,post,6.4,108090,10,50,15,sec_1806.4,"(54192, 54198)",0,100
12,200727_SEFL17_MildStressor_g3 Box 4.wmv,noise,post,6.6,108090,10,50,15,sec_1806.6,"(54198, 54204)",0,100
12,200727_SEFL17_MildStressor_g3 Box 4.wmv,noise,post,6.8,108090,10,50,15,sec_1806.8,"(54204, 54210)",12.33333333,100
12,200727_SEFL17_MildStressor_g3 Box 4.wmv,noise,post,7,108090,10,50,15,sec_1807.0,"(54210, 54216)",2.333333333,100
12,200727_SEFL17_MildStressor_g3 Box 4.wmv,noise,post,7.2,108090,10,50,15,sec_1807.2,"(54216, 54222)",3.166666667,100
12,200727_SEFL17_MildStressor_g3 Box 4.wmv,noise,post,7.4,108090,10,50,15,sec_1807.4,"(54222, 54228)",1.333333333,100
12,200727_SEFL17_MildStressor_g3 Box 4.wmv,noise,post,7.6,108090,10,50,15,sec_1807.6,"(54228, 54234)",0,100
12,200727_SEFL17_MildStressor_g3 Box 4.wmv,noise,post,7.8,108090,10,50,15,sec_1807.8,"(54234, 54240)",51.16666667,50
12,200727_SEFL17_MildStressor_g3 Box 4.wmv,noise,post,8,108090,10,50,15,sec_1808.0,"(54240, 54246)",2.166666667,100
12,200727_SEFL17_MildStressor_g3 Box 4.wmv,noise,post,8.2,108090,10,50,15,sec_1808.2,"(54246, 54252)",19.5,100
12,200727_SEFL17_MildStressor_g3 Box 4.wmv,noise,post,8.4,108090,10,50,15,sec_1808.4,"(54252, 54258)",8,100
12,200727_SEFL17_MildStressor_g3 Box 4.wmv,noise,post,8.6,108090,10,50,15,sec_1808.6,"(54258, 54264)",13.83333333,100
12,200727_SEFL17_MildStressor_g3 Box 4.wmv,noise,post,8.8,108090,10,50,15,sec_1808.8,"(54264, 54270)",1,100
12,200727_SEFL17_MildStressor_g3 Box 4.wmv,noise,post,9,108090,10,50,15,sec_1809.0,"(54270, 54276)",9.5,100
12,200727_SEFL17_MildStressor_g3 Box 4.wmv,noise,post,9.2,108090,10,50,15,sec_1809.2,"(54276, 54282)",15,100
12,200727_SEFL17_MildStressor_g3 Box 4.wmv,noise,post,9.4,108090,10,50,15,sec_1809.4,"(54282, 54288)",11.33333333,100
12,200727_SEFL17_MildStressor_g3 Box 4.wmv,noise,post,9.6,108090,10,50,15,sec_1809.6,"(54288, 54294)",4.5,100
12,200727_SEFL17_MildStressor_g3 Box 4.wmv,noise,post,9.8,108090,10,50,15,sec_1809.8,"(54294, 54300)",0.833333333,100
12,200727_SEFL17_MildStressor_g3 Box 4.wmv,noise,post,10,108090,10,50,15,sec_1810.0,"(54300, 54306)",0,100
12,200727_SEFL17_MildStressor_g3 Box 4.wmv,noise,post,10.2,108090,10,50,15,sec_1810.2,"(54306, 54312)",0.166666667,100
12,200727_SEFL17_MildStressor_g3 Box 4.wmv,noise,post,10.4,108090,10,50,15,sec_1810.4,"(54312, 54318)",37.16666667,66.66666667
12,200727_SEFL17_MildStressor_g3 Box 4.wmv,noise,post,10.6,108090,10,50,15,sec_1810.6,"(54318, 54324)",2.833333333,100
12,200727_SEFL17_MildStressor_g3 Box 4.wmv,noise,post,10.8,108090,10,50,15,sec_1810.8,"(54324, 54330)",0.333333333,100
12,200727_SEFL17_MildStressor_g3 Box 4.wmv,noise,post,11,108090,10,50,15,sec_1811.0,"(54330, 54336)",9,100
12,200727_SEFL17_MildStressor_g3 Box 4.wmv,noise,post,11.2,108090,10,50,15,sec_1811.2,"(54336, 54342)",20.83333333,100
12,200727_SEFL17_MildStressor_g3 Box 4.wmv,noise,post,11.4,108090,10,50,15,sec_1811.4,"(54342, 54348)",16.16666667,100
12,200727_SEFL17_MildStressor_g3 Box 4.wmv,noise,post,11.6,108090,10,50,15,sec_1811.6,"(54348, 54354)",22,100
12,200727_SEFL17_MildStressor_g3 Box 4.wmv,noise,post,11.8,108090,10,50,15,sec_1811.8,"(54354, 54360)",0.833333333,100
12,200727_SEFL17_MildStressor_g3 Box 4.wmv,noise,post,12,108090,10,50,15,sec_1812.0,"(54360, 54366)",0,100
12,200727_SEFL17_MildStressor_g3 Box 4.wmv,noise,post,12.2,108090,10,50,15,sec_1812.2,"(54366, 54372)",1.833333333,100
12,200727_SEFL17_MildStressor_g3 Box 4.wmv,noise,post,12.4,108090,10,50,15,sec_1812.4,"(54372, 54378)",0,100
12,200727_SEFL17_MildStressor_g3 Box 4.wmv,noise,post,12.6,108090,10,50,15,sec_1812.6,"(54378, 54384)",20.66666667,83.33333333
12,200727_SEFL17_MildStressor_g3 Box 4.wmv,noise,post,12.8,108090,10,50,15,sec_1812.8,"(54384, 54390)",21.5,100
13,200728_SEFL17_MildStressor_g4 Box 1.wmv,min,pre,-30,108088,10,50,15,min_0,"(0, 1800)",0.583888889,99.61111111
13,200728_SEFL17_MildStressor_g4 Box 1.wmv,min,pre,-29,108088,10,50,15,min_1,"(1800, 3600)",0.003888889,100
13,200728_SEFL17_MildStressor_g4 Box 1.wmv,min,pre,-28,108088,10,50,15,min_2,"(3600, 5400)",1.075555556,99.72222222
13,200728_SEFL17_MildStressor_g4 Box 1.wmv,min,pre,-27,108088,10,50,15,min_3,"(5400, 7200)",0.007777778,100
13,200728_SEFL17_MildStressor_g4 Box 1.wmv,min,pre,-26,108088,10,50,15,min_4,"(7200, 9000)",0.02,100
13,200728_SEFL17_MildStressor_g4 Box 1.wmv,min,pre,-25,108088,10,50,15,min_5,"(9000, 10800)",0.005555556,100
13,200728_SEFL17_MildStressor_g4 Box 1.wmv,min,pre,-24,108088,10,50,15,min_6,"(10800, 12600)",0.022777778,100
13,200728_SEFL17_MildStressor_g4 Box 1.wmv,min,pre,-23,108088,10,50,15,min_7,"(12600, 14400)",0.008888889,100
13,200728_SEFL17_MildStressor_g4 Box 1.wmv,min,pre,-22,108088,10,50,15,min_8,"(14400, 16200)",0.011666667,100
13,200728_SEFL17_MildStressor_g4 Box 1.wmv,min,pre,-21,108088,10,50,15,min_9,"(16200, 18000)",0.504444444,99.83333333
13,200728_SEFL17_MildStressor_g4 Box 1.wmv,min,pre,-20,108088,10,50,15,min_10,"(18000, 19800)",0.008333333,100
13,200728_SEFL17_MildStressor_g4 Box 1.wmv,min,pre,-19,108088,10,50,15,min_11,"(19800, 21600)",0.017222222,100
13,200728_SEFL17_MildStressor_g4 Box 1.wmv,min,pre,-18,108088,10,50,15,min_12,"(21600, 23400)",0.028333333,100
13,200728_SEFL17_MildStressor_g4 Box 1.wmv,min,pre,-17,108088,10,50,15,min_13,"(23400, 25200)",0.205555556,99.94444444
13,200728_SEFL17_MildStressor_g4 Box 1.wmv,min,pre,-16,108088,10,50,15,min_14,"(25200, 27000)",0.009444444,100
13,200728_SEFL17_MildStressor_g4 Box 1.wmv,min,pre,-15,108088,10,50,15,min_15,"(27000, 28800)",0.028888889,100
13,200728_SEFL17_MildStressor_g4 Box 1.wmv,min,pre,-14,108088,10,50,15,min_16,"(28800, 30600)",0.019444444,100
13,200728_SEFL17_MildStressor_g4 Box 1.wmv,min,pre,-13,108088,10,50,15,min_17,"(30600, 32400)",0.035,100
13,200728_SEFL17_MildStressor_g4 Box 1.wmv,min,pre,-12,108088,10,50,15,min_18,"(32400, 34200)",0.453888889,99.77777778
13,200728_SEFL17_MildStressor_g4 Box 1.wmv,min,pre,-11,108088,10,50,15,min_19,"(34200, 36000)",0.045555556,100
13,200728_SEFL17_MildStressor_g4 Box 1.wmv,min,pre,-10,108088,10,50,15,min_20,"(36000, 37800)",0.011666667,100
13,200728_SEFL17_MildStressor_g4 Box 1.wmv,min,pre,-9,108088,10,50,15,min_21,"(37800, 39600)",0.044444444,100
13,200728_SEFL17_MildStressor_g4 Box 1.wmv,min,pre,-8,108088,10,50,15,min_22,"(39600, 41400)",0.011666667,100
13,200728_SEFL17_MildStressor_g4 Box 1.wmv,min,pre,-7,108088,10,50,15,min_23,"(41400, 43200)",0.131111111,99.94444444
13,200728_SEFL17_MildStressor_g4 Box 1.wmv,min,pre,-6,108088,10,50,15,min_24,"(43200, 45000)",0.018888889,100
13,200728_SEFL17_MildStressor_g4 Box 1.wmv,min,pre,-5,108088,10,50,15,min_25,"(45000, 46800)",0.021666667,100
13,200728_SEFL17_MildStressor_g4 Box 1.wmv,min,pre,-4,108088,10,50,15,min_26,"(46800, 48600)",0.017222222,100
13,200728_SEFL17_MildStressor_g4 Box 1.wmv,min,pre,-3,108088,10,50,15,min_27,"(48600, 50400)",0.015,100
13,200728_SEFL17_MildStressor_g4 Box 1.wmv,min,pre,-2,108088,10,50,15,min_28,"(50400, 52200)",0.017222222,100
13,200728_SEFL17_MildStressor_g4 Box 1.wmv,min,pre,-1,108088,10,50,15,min_29,"(52200, 54000)",0.010555556,100
13,200728_SEFL17_MildStressor_g4 Box 1.wmv,min,post,0,108088,10,50,15,min_30,"(54000, 55800)",21.66722222,77.11111111
13,200728_SEFL17_MildStressor_g4 Box 1.wmv,min,post,1,108088,10,50,15,min_31,"(55800, 57600)",18.90611111,80.27777778
13,200728_SEFL17_MildStressor_g4 Box 1.wmv,min,post,2,108088,10,50,15,min_32,"(57600, 59400)",58.81277778,59.16666667
13,200728_SEFL17_MildStressor_g4 Box 1.wmv,min,post,3,108088,10,50,15,min_33,"(59400, 61200)",202.4072222,27.77777778
13,200728_SEFL17_MildStressor_g4 Box 1.wmv,min,post,4,108088,10,50,15,min_34,"(61200, 63000)",275.7433333,14.61111111
13,200728_SEFL17_MildStressor_g4 Box 1.wmv,min,post,5,108088,10,50,15,min_35,"(63000, 64800)",169.9116667,16.44444444
13,200728_SEFL17_MildStressor_g4 Box 1.wmv,min,post,6,108088,10,50,15,min_36,"(64800, 66600)",167.6227778,19.05555556
13,200728_SEFL17_MildStressor_g4 Box 1.wmv,min,post,7,108088,10,50,15,min_37,"(66600, 68400)",68.24555556,29.61111111
13,200728_SEFL17_MildStressor_g4 Box 1.wmv,min,post,8,108088,10,50,15,min_38,"(68400, 70200)",32.16833333,53.44444444
13,200728_SEFL17_MildStressor_g4 Box 1.wmv,min,post,9,108088,10,50,15,min_39,"(70200, 72000)",34.30666667,53.77777778
13,200728_SEFL17_MildStressor_g4 Box 1.wmv,min,post,10,108088,10,50,15,min_40,"(72000, 73800)",207.2872222,13
13,200728_SEFL17_MildStressor_g4 Box 1.wmv,min,post,11,108088,10,50,15,min_41,"(73800, 75600)",177.0055556,27.11111111
13,200728_SEFL17_MildStressor_g4 Box 1.wmv,min,post,12,108088,10,50,15,min_42,"(75600, 77400)",43.28277778,46.05555556
13,200728_SEFL17_MildStressor_g4 Box 1.wmv,min,post,13,108088,10,50,15,min_43,"(77400, 79200)",78.61,18.5
13,200728_SEFL17_MildStressor_g4 Box 1.wmv,min,post,14,108088,10,50,15,min_44,"(79200, 81000)",30.57055556,57.88888889
13,200728_SEFL17_MildStressor_g4 Box 1.wmv,min,post,15,108088,10,50,15,min_45,"(81000, 82800)",38.79444444,36.61111111
13,200728_SEFL17_MildStressor_g4 Box 1.wmv,min,post,16,108088,10,50,15,min_46,"(82800, 84600)",14.65166667,83.05555556
13,200728_SEFL17_MildStressor_g4 Box 1.wmv,min,post,17,108088,10,50,15,min_47,"(84600, 86400)",5.908333333,93.44444444
13,200728_SEFL17_MildStressor_g4 Box 1.wmv,min,post,18,108088,10,50,15,min_48,"(86400, 88200)",4.293333333,97.94444444
13,200728_SEFL17_MildStressor_g4 Box 1.wmv,min,post,19,108088,10,50,15,min_49,"(88200, 90000)",6.525555556,94.5
13,200728_SEFL17_MildStressor_g4 Box 1.wmv,min,post,20,108088,10,50,15,min_50,"(90000, 91800)",0.071666667,100
13,200728_SEFL17_MildStressor_g4 Box 1.wmv,min,post,21,108088,10,50,15,min_51,"(91800, 93600)",0.582777778,99.72222222
13,200728_SEFL17_MildStressor_g4 Box 1.wmv,min,post,22,108088,10,50,15,min_52,"(93600, 95400)",1.072222222,99.16666667
13,200728_SEFL17_MildStressor_g4 Box 1.wmv,min,post,23,108088,10,50,15,min_53,"(95400, 97200)",0.012777778,100
13,200728_SEFL17_MildStressor_g4 Box 1.wmv,min,post,24,108088,10,50,15,min_54,"(97200, 99000)",0.028888889,100
13,200728_SEFL17_MildStressor_g4 Box 1.wmv,min,post,25,108088,10,50,15,min_55,"(99000, 100800)",0.03,100
13,200728_SEFL17_MildStressor_g4 Box 1.wmv,min,post,26,108088,10,50,15,min_56,"(100800, 102600)",0.048333333,100
13,200728_SEFL17_MildStressor_g4 Box 1.wmv,min,post,27,108088,10,50,15,min_57,"(102600, 104400)",0.009444444,100
13,200728_SEFL17_MildStressor_g4 Box 1.wmv,min,post,28,108088,10,50,15,min_58,"(104400, 106200)",0.005,100
13,200728_SEFL17_MildStressor_g4 Box 1.wmv,min,post,29,108088,10,50,15,min_59,"(106200, 108000)",0.019444444,100
13,200728_SEFL17_MildStressor_g4 Box 1.wmv,noise,pre,-10,108088,10,50,15,sec_1790.0,"(53700, 53706)",0,100
13,200728_SEFL17_MildStressor_g4 Box 1.wmv,noise,pre,-9.8,108088,10,50,15,sec_1790.2,"(53706, 53712)",0,100
13,200728_SEFL17_MildStressor_g4 Box 1.wmv,noise,pre,-9.6,108088,10,50,15,sec_1790.4,"(53712, 53718)",0,100
13,200728_SEFL17_MildStressor_g4 Box 1.wmv,noise,pre,-9.4,108088,10,50,15,sec_1790.6,"(53718, 53724)",0,100
13,200728_SEFL17_MildStressor_g4 Box 1.wmv,noise,pre,-9.2,108088,10,50,15,sec_1790.8,"(53724, 53730)",0,100
13,200728_SEFL17_MildStressor_g4 Box 1.wmv,noise,pre,-9,108088,10,50,15,sec_1791.0,"(53730, 53736)",0,100
13,200728_SEFL17_MildStressor_g4 Box 1.wmv,noise,pre,-8.8,108088,10,50,15,sec_1791.2,"(53736, 53742)",0,100
13,200728_SEFL17_MildStressor_g4 Box 1.wmv,noise,pre,-8.6,108088,10,50,15,sec_1791.4,"(53742, 53748)",0,100
13,200728_SEFL17_MildStressor_g4 Box 1.wmv,noise,pre,-8.4,108088,10,50,15,sec_1791.6,"(53748, 53754)",0,100
13,200728_SEFL17_MildStressor_g4 Box 1.wmv,noise,pre,-8.2,108088,10,50,15,sec_1791.8,"(53754, 53760)",0,100
13,200728_SEFL17_MildStressor_g4 Box 1.wmv,noise,pre,-8,108088,10,50,15,sec_1792.0,"(53760, 53766)",1,100
13,200728_SEFL17_MildStressor_g4 Box 1.wmv,noise,pre,-7.8,108088,10,50,15,sec_1792.2,"(53766, 53772)",0,100
13,200728_SEFL17_MildStressor_g4 Box 1.wmv,noise,pre,-7.6,108088,10,50,15,sec_1792.4,"(53772, 53778)",0,100
13,200728_SEFL17_MildStressor_g4 Box 1.wmv,noise,pre,-7.4,108088,10,50,15,sec_1792.6,"(53778, 53784)",0,100
13,200728_SEFL17_MildStressor_g4 Box 1.wmv,noise,pre,-7.2,108088,10,50,15,sec_1792.8,"(53784, 53790)",0,100
13,200728_SEFL17_MildStressor_g4 Box 1.wmv,noise,pre,-7,108088,10,50,15,sec_1793.0,"(53790, 53796)",0,100
13,200728_SEFL17_MildStressor_g4 Box 1.wmv,noise,pre,-6.8,108088,10,50,15,sec_1793.2,"(53796, 53802)",0,100
13,200728_SEFL17_MildStressor_g4 Box 1.wmv,noise,pre,-6.6,108088,10,50,15,sec_1793.4,"(53802, 53808)",0,100
13,200728_SEFL17_MildStressor_g4 Box 1.wmv,noise,pre,-6.4,108088,10,50,15,sec_1793.6,"(53808, 53814)",0,100
13,200728_SEFL17_MildStressor_g4 Box 1.wmv,noise,pre,-6.2,108088,10,50,15,sec_1793.8,"(53814, 53820)",0,100
13,200728_SEFL17_MildStressor_g4 Box 1.wmv,noise,pre,-6,108088,10,50,15,sec_1794.0,"(53820, 53826)",0,100
13,200728_SEFL17_MildStressor_g4 Box 1.wmv,noise,pre,-5.8,108088,10,50,15,sec_1794.2,"(53826, 53832)",0,100
13,200728_SEFL17_MildStressor_g4 Box 1.wmv,noise,pre,-5.6,108088,10,50,15,sec_1794.4,"(53832, 53838)",0,100
13,200728_SEFL17_MildStressor_g4 Box 1.wmv,noise,pre,-5.4,108088,10,50,15,sec_1794.6,"(53838, 53844)",0,100
13,200728_SEFL17_MildStressor_g4 Box 1.wmv,noise,pre,-5.2,108088,10,50,15,sec_1794.8,"(53844, 53850)",0,100
13,200728_SEFL17_MildStressor_g4 Box 1.wmv,noise,pre,-5,108088,10,50,15,sec_1795.0,"(53850, 53856)",0,100
13,200728_SEFL17_MildStressor_g4 Box 1.wmv,noise,pre,-4.8,108088,10,50,15,sec_1795.2,"(53856, 53862)",0,100
13,200728_SEFL17_MildStressor_g4 Box 1.wmv,noise,pre,-4.6,108088,10,50,15,sec_1795.4,"(53862, 53868)",0,100
13,200728_SEFL17_MildStressor_g4 Box 1.wmv,noise,pre,-4.4,108088,10,50,15,sec_1795.6,"(53868, 53874)",0,100
13,200728_SEFL17_MildStressor_g4 Box 1.wmv,noise,pre,-4.2,108088,10,50,15,sec_1795.8,"(53874, 53880)",0,100
13,200728_SEFL17_MildStressor_g4 Box 1.wmv,noise,pre,-4,108088,10,50,15,sec_1796.0,"(53880, 53886)",0,100
13,200728_SEFL17_MildStressor_g4 Box 1.wmv,noise,pre,-3.8,108088,10,50,15,sec_1796.2,"(53886, 53892)",0,100
13,200728_SEFL17_MildStressor_g4 Box 1.wmv,noise,pre,-3.6,108088,10,50,15,sec_1796.4,"(53892, 53898)",0,100
13,200728_SEFL17_MildStressor_g4 Box 1.wmv,noise,pre,-3.4,108088,10,50,15,sec_1796.6,"(53898, 53904)",0,100
13,200728_SEFL17_MildStressor_g4 Box 1.wmv,noise,pre,-3.2,108088,10,50,15,sec_1796.8,"(53904, 53910)",0,100
13,200728_SEFL17_MildStressor_g4 Box 1.wmv,noise,pre,-3,108088,10,50,15,sec_1797.0,"(53910, 53916)",0,100
13,200728_SEFL17_MildStressor_g4 Box 1.wmv,noise,pre,-2.8,108088,10,50,15,sec_1797.2,"(53916, 53922)",0,100
13,200728_SEFL17_MildStressor_g4 Box 1.wmv,noise,pre,-2.6,108088,10,50,15,sec_1797.4,"(53922, 53928)",0,100
13,200728_SEFL17_MildStressor_g4 Box 1.wmv,noise,pre,-2.4,108088,10,50,15,sec_1797.6,"(53928, 53934)",0,100
13,200728_SEFL17_MildStressor_g4 Box 1.wmv,noise,pre,-2.2,108088,10,50,15,sec_1797.8,"(53934, 53940)",0,100
13,200728_SEFL17_MildStressor_g4 Box 1.wmv,noise,pre,-2,108088,10,50,15,sec_1798.0,"(53940, 53946)",0,100
13,200728_SEFL17_MildStressor_g4 Box 1.wmv,noise,pre,-1.8,108088,10,50,15,sec_1798.2,"(53946, 53952)",0,100
13,200728_SEFL17_MildStressor_g4 Box 1.wmv,noise,pre,-1.6,108088,10,50,15,sec_1798.4,"(53952, 53958)",0,100
13,200728_SEFL17_MildStressor_g4 Box 1.wmv,noise,pre,-1.4,108088,10,50,15,sec_1798.6,"(53958, 53964)",0,100
13,200728_SEFL17_MildStressor_g4 Box 1.wmv,noise,pre,-1.2,108088,10,50,15,sec_1798.8,"(53964, 53970)",0,100
13,200728_SEFL17_MildStressor_g4 Box 1.wmv,noise,pre,-1,108088,10,50,15,sec_1799.0,"(53970, 53976)",0,100
13,200728_SEFL17_MildStressor_g4 Box 1.wmv,noise,pre,-0.8,108088,10,50,15,sec_1799.2,"(53976, 53982)",0,100
13,200728_SEFL17_MildStressor_g4 Box 1.wmv,noise,pre,-0.6,108088,10,50,15,sec_1799.4,"(53982, 53988)",0,100
13,200728_SEFL17_MildStressor_g4 Box 1.wmv,noise,pre,-0.4,108088,10,50,15,sec_1799.6,"(53988, 53994)",0,100
13,200728_SEFL17_MildStressor_g4 Box 1.wmv,noise,pre,-0.2,108088,10,50,15,sec_1799.8,"(53994, 54000)",0,100
13,200728_SEFL17_MildStressor_g4 Box 1.wmv,noise,noise,-4.09E-14,108088,10,50,15,sec_1800.0,"(54000, 54006)",384.8333333,33.33333333
13,200728_SEFL17_MildStressor_g4 Box 1.wmv,noise,noise,0.2,108088,10,50,15,sec_1800.2,"(54006, 54012)",977.6666667,0
13,200728_SEFL17_MildStressor_g4 Box 1.wmv,noise,noise,0.4,108088,10,50,15,sec_1800.4,"(54012, 54018)",456.5,0
13,200728_SEFL17_MildStressor_g4 Box 1.wmv,noise,noise,0.6,108088,10,50,15,sec_1800.6,"(54018, 54024)",65.5,0
13,200728_SEFL17_MildStressor_g4 Box 1.wmv,noise,noise,0.8,108088,10,50,15,sec_1800.8,"(54024, 54030)",10.5,83.33333333
13,200728_SEFL17_MildStressor_g4 Box 1.wmv,noise,noise,1,108088,10,50,15,sec_1801.0,"(54030, 54036)",0,100
13,200728_SEFL17_MildStressor_g4 Box 1.wmv,noise,noise,1.2,108088,10,50,15,sec_1801.2,"(54036, 54042)",0,100
13,200728_SEFL17_MildStressor_g4 Box 1.wmv,noise,noise,1.4,108088,10,50,15,sec_1801.4,"(54042, 54048)",31,83.33333333
13,200728_SEFL17_MildStressor_g4 Box 1.wmv,noise,noise,1.6,108088,10,50,15,sec_1801.6,"(54048, 54054)",232.5,0
13,200728_SEFL17_MildStressor_g4 Box 1.wmv,noise,noise,1.8,108088,10,50,15,sec_1801.8,"(54054, 54060)",40.83333333,0
13,200728_SEFL17_MildStressor_g4 Box 1.wmv,noise,noise,2,108088,10,50,15,sec_1802.0,"(54060, 54066)",130,0
13,200728_SEFL17_MildStressor_g4 Box 1.wmv,noise,noise,2.2,108088,10,50,15,sec_1802.2,"(54066, 54072)",213.6666667,0
13,200728_SEFL17_MildStressor_g4 Box 1.wmv,noise,noise,2.4,108088,10,50,15,sec_1802.4,"(54072, 54078)",9,0
13,200728_SEFL17_MildStressor_g4 Box 1.wmv,noise,noise,2.6,108088,10,50,15,sec_1802.6,"(54078, 54084)",20.33333333,0
13,200728_SEFL17_MildStressor_g4 Box 1.wmv,noise,noise,2.8,108088,10,50,15,sec_1802.8,"(54084, 54090)",15.5,83.33333333
13,200728_SEFL17_MildStressor_g4 Box 1.wmv,noise,post,3,108088,10,50,15,sec_1803.0,"(54090, 54096)",0,100
13,200728_SEFL17_MildStressor_g4 Box 1.wmv,noise,post,3.2,108088,10,50,15,sec_1803.2,"(54096, 54102)",0,100
13,200728_SEFL17_MildStressor_g4 Box 1.wmv,noise,post,3.4,108088,10,50,15,sec_1803.4,"(54102, 54108)",0,100
13,200728_SEFL17_MildStressor_g4 Box 1.wmv,noise,post,3.6,108088,10,50,15,sec_1803.6,"(54108, 54114)",0,100
13,200728_SEFL17_MildStressor_g4 Box 1.wmv,noise,post,3.8,108088,10,50,15,sec_1803.8,"(54114, 54120)",0,100
13,200728_SEFL17_MildStressor_g4 Box 1.wmv,noise,post,4,108088,10,50,15,sec_1804.0,"(54120, 54126)",0,100
13,200728_SEFL17_MildStressor_g4 Box 1.wmv,noise,post,4.2,108088,10,50,15,sec_1804.2,"(54126, 54132)",0,100
13,200728_SEFL17_MildStressor_g4 Box 1.wmv,noise,post,4.4,108088,10,50,15,sec_1804.4,"(54132, 54138)",0,100
13,200728_SEFL17_MildStressor_g4 Box 1.wmv,noise,post,4.6,108088,10,50,15,sec_1804.6,"(54138, 54144)",0,100
13,200728_SEFL17_MildStressor_g4 Box 1.wmv,noise,post,4.8,108088,10,50,15,sec_1804.8,"(54144, 54150)",0,100
13,200728_SEFL17_MildStressor_g4 Box 1.wmv,noise,post,5,108088,10,50,15,sec_1805.0,"(54150, 54156)",0,100
13,200728_SEFL17_MildStressor_g4 Box 1.wmv,noise,post,5.2,108088,10,50,15,sec_1805.2,"(54156, 54162)",0,100
13,200728_SEFL17_MildStressor_g4 Box 1.wmv,noise,post,5.4,108088,10,50,15,sec_1805.4,"(54162, 54168)",0,100
13,200728_SEFL17_MildStressor_g4 Box 1.wmv,noise,post,5.6,108088,10,50,15,sec_1805.6,"(54168, 54174)",0,100
13,200728_SEFL17_MildStressor_g4 Box 1.wmv,noise,post,5.8,108088,10,50,15,sec_1805.8,"(54174, 54180)",3,100
13,200728_SEFL17_MildStressor_g4 Box 1.wmv,noise,post,6,108088,10,50,15,sec_1806.0,"(54180, 54186)",0,100
13,200728_SEFL17_MildStressor_g4 Box 1.wmv,noise,post,6.2,108088,10,50,15,sec_1806.2,"(54186, 54192)",0,100
13,200728_SEFL17_MildStressor_g4 Box 1.wmv,noise,post,6.4,108088,10,50,15,sec_1806.4,"(54192, 54198)",0,100
13,200728_SEFL17_MildStressor_g4 Box 1.wmv,noise,post,6.6,108088,10,50,15,sec_1806.6,"(54198, 54204)",0,100
13,200728_SEFL17_MildStressor_g4 Box 1.wmv,noise,post,6.8,108088,10,50,15,sec_1806.8,"(54204, 54210)",0,100
13,200728_SEFL17_MildStressor_g4 Box 1.wmv,noise,post,7,108088,10,50,15,sec_1807.0,"(54210, 54216)",0,100
13,200728_SEFL17_MildStressor_g4 Box 1.wmv,noise,post,7.2,108088,10,50,15,sec_1807.2,"(54216, 54222)",0,100
13,200728_SEFL17_MildStressor_g4 Box 1.wmv,noise,post,7.4,108088,10,50,15,sec_1807.4,"(54222, 54228)",0,100
13,200728_SEFL17_MildStressor_g4 Box 1.wmv,noise,post,7.6,108088,10,50,15,sec_1807.6,"(54228, 54234)",0,100
13,200728_SEFL17_MildStressor_g4 Box 1.wmv,noise,post,7.8,108088,10,50,15,sec_1807.8,"(54234, 54240)",0.5,100
13,200728_SEFL17_MildStressor_g4 Box 1.wmv,noise,post,8,108088,10,50,15,sec_1808.0,"(54240, 54246)",7.833333333,100
13,200728_SEFL17_MildStressor_g4 Box 1.wmv,noise,post,8.2,108088,10,50,15,sec_1808.2,"(54246, 54252)",0,100
13,200728_SEFL17_MildStressor_g4 Box 1.wmv,noise,post,8.4,108088,10,50,15,sec_1808.4,"(54252, 54258)",0,100
13,200728_SEFL17_MildStressor_g4 Box 1.wmv,noise,post,8.6,108088,10,50,15,sec_1808.6,"(54258, 54264)",0,100
13,200728_SEFL17_MildStressor_g4 Box 1.wmv,noise,post,8.8,108088,10,50,15,sec_1808.8,"(54264, 54270)",0,100
13,200728_SEFL17_MildStressor_g4 Box 1.wmv,noise,post,9,108088,10,50,15,sec_1809.0,"(54270, 54276)",0,100
13,200728_SEFL17_MildStressor_g4 Box 1.wmv,noise,post,9.2,108088,10,50,15,sec_1809.2,"(54276, 54282)",2,100
13,200728_SEFL17_MildStressor_g4 Box 1.wmv,noise,post,9.4,108088,10,50,15,sec_1809.4,"(54282, 54288)",0.833333333,100
13,200728_SEFL17_MildStressor_g4 Box 1.wmv,noise,post,9.6,108088,10,50,15,sec_1809.6,"(54288, 54294)",23,100
13,200728_SEFL17_MildStressor_g4 Box 1.wmv,noise,post,9.8,108088,10,50,15,sec_1809.8,"(54294, 54300)",22.66666667,100
13,200728_SEFL17_MildStressor_g4 Box 1.wmv,noise,post,10,108088,10,50,15,sec_1810.0,"(54300, 54306)",30,83.33333333
13,200728_SEFL17_MildStressor_g4 Box 1.wmv,noise,post,10.2,108088,10,50,15,sec_1810.2,"(54306, 54312)",6.666666667,100
13,200728_SEFL17_MildStressor_g4 Box 1.wmv,noise,post,10.4,108088,10,50,15,sec_1810.4,"(54312, 54318)",3.333333333,100
13,200728_SEFL17_MildStressor_g4 Box 1.wmv,noise,post,10.6,108088,10,50,15,sec_1810.6,"(54318, 54324)",3.333333333,100
13,200728_SEFL17_MildStressor_g4 Box 1.wmv,noise,post,10.8,108088,10,50,15,sec_1810.8,"(54324, 54330)",1.5,100
13,200728_SEFL17_MildStressor_g4 Box 1.wmv,noise,post,11,108088,10,50,15,sec_1811.0,"(54330, 54336)",8.833333333,100
13,200728_SEFL17_MildStressor_g4 Box 1.wmv,noise,post,11.2,108088,10,50,15,sec_1811.2,"(54336, 54342)",19.83333333,50
13,200728_SEFL17_MildStressor_g4 Box 1.wmv,noise,post,11.4,108088,10,50,15,sec_1811.4,"(54342, 54348)",21.33333333,0
13,200728_SEFL17_MildStressor_g4 Box 1.wmv,noise,post,11.6,108088,10,50,15,sec_1811.6,"(54348, 54354)",13,100
13,200728_SEFL17_MildStressor_g4 Box 1.wmv,noise,post,11.8,108088,10,50,15,sec_1811.8,"(54354, 54360)",6.666666667,100
13,200728_SEFL17_MildStressor_g4 Box 1.wmv,noise,post,12,108088,10,50,15,sec_1812.0,"(54360, 54366)",0.5,100
13,200728_SEFL17_MildStressor_g4 Box 1.wmv,noise,post,12.2,108088,10,50,15,sec_1812.2,"(54366, 54372)",24.5,83.33333333
13,200728_SEFL17_MildStressor_g4 Box 1.wmv,noise,post,12.4,108088,10,50,15,sec_1812.4,"(54372, 54378)",13.83333333,100
13,200728_SEFL17_MildStressor_g4 Box 1.wmv,noise,post,12.6,108088,10,50,15,sec_1812.6,"(54378, 54384)",0.333333333,100
13,200728_SEFL17_MildStressor_g4 Box 1.wmv,noise,post,12.8,108088,10,50,15,sec_1812.8,"(54384, 54390)",9.833333333,83.33333333
14,200728_SEFL17_MildStressor_g4 Box 2.wmv,min,pre,-30,108088,10,50,15,min_0,"(0, 1800)",163.9888889,8.277777778
14,200728_SEFL17_MildStressor_g4 Box 2.wmv,min,pre,-29,108088,10,50,15,min_1,"(1800, 3600)",71.31888889,1.111111111
14,200728_SEFL17_MildStressor_g4 Box 2.wmv,min,pre,-28,108088,10,50,15,min_2,"(3600, 5400)",217.7316667,12.33333333
14,200728_SEFL17_MildStressor_g4 Box 2.wmv,min,pre,-27,108088,10,50,15,min_3,"(5400, 7200)",149.7916667,33.88888889
14,200728_SEFL17_MildStressor_g4 Box 2.wmv,min,pre,-26,108088,10,50,15,min_4,"(7200, 9000)",461.1272222,1.166666667
14,200728_SEFL17_MildStressor_g4 Box 2.wmv,min,pre,-25,108088,10,50,15,min_5,"(9000, 10800)",236.5266667,20.94444444
14,200728_SEFL17_MildStressor_g4 Box 2.wmv,min,pre,-24,108088,10,50,15,min_6,"(10800, 12600)",68.345,26.44444444
14,200728_SEFL17_MildStressor_g4 Box 2.wmv,min,pre,-23,108088,10,50,15,min_7,"(12600, 14400)",59.56111111,27
14,200728_SEFL17_MildStressor_g4 Box 2.wmv,min,pre,-22,108088,10,50,15,min_8,"(14400, 16200)",91.39888889,12.77777778
14,200728_SEFL17_MildStressor_g4 Box 2.wmv,min,pre,-21,108088,10,50,15,min_9,"(16200, 18000)",50.005,42.88888889
14,200728_SEFL17_MildStressor_g4 Box 2.wmv,min,pre,-20,108088,10,50,15,min_10,"(18000, 19800)",55.23055556,27.44444444
14,200728_SEFL17_MildStressor_g4 Box 2.wmv,min,pre,-19,108088,10,50,15,min_11,"(19800, 21600)",33.54055556,60.27777778
14,200728_SEFL17_MildStressor_g4 Box 2.wmv,min,pre,-18,108088,10,50,15,min_12,"(21600, 23400)",3.386111111,96.77777778
14,200728_SEFL17_MildStressor_g4 Box 2.wmv,min,pre,-17,108088,10,50,15,min_13,"(23400, 25200)",0.008888889,100
14,200728_SEFL17_MildStressor_g4 Box 2.wmv,min,pre,-16,108088,10,50,15,min_14,"(25200, 27000)",0.007222222,100
14,200728_SEFL17_MildStressor_g4 Box 2.wmv,min,pre,-15,108088,10,50,15,min_15,"(27000, 28800)",10.1,85.61111111
14,200728_SEFL17_MildStressor_g4 Box 2.wmv,min,pre,-14,108088,10,50,15,min_16,"(28800, 30600)",6.601666667,88.88888889
14,200728_SEFL17_MildStressor_g4 Box 2.wmv,min,pre,-13,108088,10,50,15,min_17,"(30600, 32400)",0.008333333,100
14,200728_SEFL17_MildStressor_g4 Box 2.wmv,min,pre,-12,108088,10,50,15,min_18,"(32400, 34200)",2.195,96.88888889
14,200728_SEFL17_MildStressor_g4 Box 2.wmv,min,pre,-11,108088,10,50,15,min_19,"(34200, 36000)",0.007222222,100
14,200728_SEFL17_MildStressor_g4 Box 2.wmv,min,pre,-10,108088,10,50,15,min_20,"(36000, 37800)",4.909444444,91.94444444
14,200728_SEFL17_MildStressor_g4 Box 2.wmv,min,pre,-9,108088,10,50,15,min_21,"(37800, 39600)",0.238333333,99.61111111
14,200728_SEFL17_MildStressor_g4 Box 2.wmv,min,pre,-8,108088,10,50,15,min_22,"(39600, 41400)",0.002222222,100
14,200728_SEFL17_MildStressor_g4 Box 2.wmv,min,pre,-7,108088,10,50,15,min_23,"(41400, 43200)",1.118333333,98.05555556
14,200728_SEFL17_MildStressor_g4 Box 2.wmv,min,pre,-6,108088,10,50,15,min_24,"(43200, 45000)",0.023333333,100
14,200728_SEFL17_MildStressor_g4 Box 2.wmv,min,pre,-5,108088,10,50,15,min_25,"(45000, 46800)",0.01,100
14,200728_SEFL17_MildStressor_g4 Box 2.wmv,min,pre,-4,108088,10,50,15,min_26,"(46800, 48600)",0.277222222,99.27777778
14,200728_SEFL17_MildStressor_g4 Box 2.wmv,min,pre,-3,108088,10,50,15,min_27,"(48600, 50400)",0.035555556,100
14,200728_SEFL17_MildStressor_g4 Box 2.wmv,min,pre,-2,108088,10,50,15,min_28,"(50400, 52200)",0.205555556,100
14,200728_SEFL17_MildStressor_g4 Box 2.wmv,min,pre,-1,108088,10,50,15,min_29,"(52200, 54000)",0.011111111,100
14,200728_SEFL17_MildStressor_g4 Box 2.wmv,min,post,0,108088,10,50,15,min_30,"(54000, 55800)",100.0488889,32.88888889
14,200728_SEFL17_MildStressor_g4 Box 2.wmv,min,post,1,108088,10,50,15,min_31,"(55800, 57600)",111.6822222,26.83333333
14,200728_SEFL17_MildStressor_g4 Box 2.wmv,min,post,2,108088,10,50,15,min_32,"(57600, 59400)",77.25555556,18.88888889
14,200728_SEFL17_MildStressor_g4 Box 2.wmv,min,post,3,108088,10,50,15,min_33,"(59400, 61200)",152.7288889,18.77777778
14,200728_SEFL17_MildStressor_g4 Box 2.wmv,min,post,4,108088,10,50,15,min_34,"(61200, 63000)",284.3794444,4.5
14,200728_SEFL17_MildStressor_g4 Box 2.wmv,min,post,5,108088,10,50,15,min_35,"(63000, 64800)",69.75777778,54.44444444
14,200728_SEFL17_MildStressor_g4 Box 2.wmv,min,post,6,108088,10,50,15,min_36,"(64800, 66600)",57.99833333,32.94444444
14,200728_SEFL17_MildStressor_g4 Box 2.wmv,min,post,7,108088,10,50,15,min_37,"(66600, 68400)",67.74,26.22222222
14,200728_SEFL17_MildStressor_g4 Box 2.wmv,min,post,8,108088,10,50,15,min_38,"(68400, 70200)",111.3105556,5.111111111
14,200728_SEFL17_MildStressor_g4 Box 2.wmv,min,post,9,108088,10,50,15,min_39,"(70200, 72000)",72.43333333,35.55555556
14,200728_SEFL17_MildStressor_g4 Box 2.wmv,min,post,10,108088,10,50,15,min_40,"(72000, 73800)",116.8611111,0
14,200728_SEFL17_MildStressor_g4 Box 2.wmv,min,post,11,108088,10,50,15,min_41,"(73800, 75600)",78.44222222,26.05555556
14,200728_SEFL17_MildStressor_g4 Box 2.wmv,min,post,12,108088,10,50,15,min_42,"(75600, 77400)",14.7,80.77777778
14,200728_SEFL17_MildStressor_g4 Box 2.wmv,min,post,13,108088,10,50,15,min_43,"(77400, 79200)",16.64,74.66666667
14,200728_SEFL17_MildStressor_g4 Box 2.wmv,min,post,14,108088,10,50,15,min_44,"(79200, 81000)",22.85611111,69.22222222
14,200728_SEFL17_MildStressor_g4 Box 2.wmv,min,post,15,108088,10,50,15,min_45,"(81000, 82800)",199.3266667,7.555555556
14,200728_SEFL17_MildStressor_g4 Box 2.wmv,min,post,16,108088,10,50,15,min_46,"(82800, 84600)",96.36166667,43.83333333
14,200728_SEFL17_MildStressor_g4 Box 2.wmv,min,post,17,108088,10,50,15,min_47,"(84600, 86400)",292.8661111,11.83333333
14,200728_SEFL17_MildStressor_g4 Box 2.wmv,min,post,18,108088,10,50,15,min_48,"(86400, 88200)",157.5155556,21.05555556
14,200728_SEFL17_MildStressor_g4 Box 2.wmv,min,post,19,108088,10,50,15,min_49,"(88200, 90000)",88.07388889,9.611111111
14,200728_SEFL17_MildStressor_g4 Box 2.wmv,min,post,20,108088,10,50,15,min_50,"(90000, 91800)",40.29166667,1.722222222
14,200728_SEFL17_MildStressor_g4 Box 2.wmv,min,post,21,108088,10,50,15,min_51,"(91800, 93600)",115.0666667,4.222222222
14,200728_SEFL17_MildStressor_g4 Box 2.wmv,min,post,22,108088,10,50,15,min_52,"(93600, 95400)",343.3083333,13.77777778
14,200728_SEFL17_MildStressor_g4 Box 2.wmv,min,post,23,108088,10,50,15,min_53,"(95400, 97200)",215.1127778,5.333333333
14,200728_SEFL17_MildStressor_g4 Box 2.wmv,min,post,24,108088,10,50,15,min_54,"(97200, 99000)",132.2783333,7
14,200728_SEFL17_MildStressor_g4 Box 2.wmv,min,post,25,108088,10,50,15,min_55,"(99000, 100800)",89.13055556,12.61111111
14,200728_SEFL17_MildStressor_g4 Box 2.wmv,min,post,26,108088,10,50,15,min_56,"(100800, 102600)",147.4711111,8.222222222
14,200728_SEFL17_MildStressor_g4 Box 2.wmv,min,post,27,108088,10,50,15,min_57,"(102600, 104400)",123.0972222,8.611111111
14,200728_SEFL17_MildStressor_g4 Box 2.wmv,min,post,28,108088,10,50,15,min_58,"(104400, 106200)",194.1983333,2.5
14,200728_SEFL17_MildStressor_g4 Box 2.wmv,min,post,29,108088,10,50,15,min_59,"(106200, 108000)",151.1394444,6.888888889
14,200728_SEFL17_MildStressor_g4 Box 2.wmv,noise,pre,-10,108088,10,50,15,sec_1790.0,"(53700, 53706)",0,100
14,200728_SEFL17_MildStressor_g4 Box 2.wmv,noise,pre,-9.8,108088,10,50,15,sec_1790.2,"(53706, 53712)",0,100
14,200728_SEFL17_MildStressor_g4 Box 2.wmv,noise,pre,-9.6,108088,10,50,15,sec_1790.4,"(53712, 53718)",0,100
14,200728_SEFL17_MildStressor_g4 Box 2.wmv,noise,pre,-9.4,108088,10,50,15,sec_1790.6,"(53718, 53724)",0,100
14,200728_SEFL17_MildStressor_g4 Box 2.wmv,noise,pre,-9.2,108088,10,50,15,sec_1790.8,"(53724, 53730)",0,100
14,200728_SEFL17_MildStressor_g4 Box 2.wmv,noise,pre,-9,108088,10,50,15,sec_1791.0,"(53730, 53736)",0,100
14,200728_SEFL17_MildStressor_g4 Box 2.wmv,noise,pre,-8.8,108088,10,50,15,sec_1791.2,"(53736, 53742)",0,100
14,200728_SEFL17_MildStressor_g4 Box 2.wmv,noise,pre,-8.6,108088,10,50,15,sec_1791.4,"(53742, 53748)",0,100
14,200728_SEFL17_MildStressor_g4 Box 2.wmv,noise,pre,-8.4,108088,10,50,15,sec_1791.6,"(53748, 53754)",0,100
14,200728_SEFL17_MildStressor_g4 Box 2.wmv,noise,pre,-8.2,108088,10,50,15,sec_1791.8,"(53754, 53760)",0,100
14,200728_SEFL17_MildStressor_g4 Box 2.wmv,noise,pre,-8,108088,10,50,15,sec_1792.0,"(53760, 53766)",1,100
14,200728_SEFL17_MildStressor_g4 Box 2.wmv,noise,pre,-7.8,108088,10,50,15,sec_1792.2,"(53766, 53772)",0,100
14,200728_SEFL17_MildStressor_g4 Box 2.wmv,noise,pre,-7.6,108088,10,50,15,sec_1792.4,"(53772, 53778)",0,100
14,200728_SEFL17_MildStressor_g4 Box 2.wmv,noise,pre,-7.4,108088,10,50,15,sec_1792.6,"(53778, 53784)",0,100
14,200728_SEFL17_MildStressor_g4 Box 2.wmv,noise,pre,-7.2,108088,10,50,15,sec_1792.8,"(53784, 53790)",0,100
14,200728_SEFL17_MildStressor_g4 Box 2.wmv,noise,pre,-7,108088,10,50,15,sec_1793.0,"(53790, 53796)",0,100
14,200728_SEFL17_MildStressor_g4 Box 2.wmv,noise,pre,-6.8,108088,10,50,15,sec_1793.2,"(53796, 53802)",0,100
14,200728_SEFL17_MildStressor_g4 Box 2.wmv,noise,pre,-6.6,108088,10,50,15,sec_1793.4,"(53802, 53808)",0,100
14,200728_SEFL17_MildStressor_g4 Box 2.wmv,noise,pre,-6.4,108088,10,50,15,sec_1793.6,"(53808, 53814)",0,100
14,200728_SEFL17_MildStressor_g4 Box 2.wmv,noise,pre,-6.2,108088,10,50,15,sec_1793.8,"(53814, 53820)",0,100
14,200728_SEFL17_MildStressor_g4 Box 2.wmv,noise,pre,-6,108088,10,50,15,sec_1794.0,"(53820, 53826)",0,100
14,200728_SEFL17_MildStressor_g4 Box 2.wmv,noise,pre,-5.8,108088,10,50,15,sec_1794.2,"(53826, 53832)",0,100
14,200728_SEFL17_MildStressor_g4 Box 2.wmv,noise,pre,-5.6,108088,10,50,15,sec_1794.4,"(53832, 53838)",0,100
14,200728_SEFL17_MildStressor_g4 Box 2.wmv,noise,pre,-5.4,108088,10,50,15,sec_1794.6,"(53838, 53844)",0,100
14,200728_SEFL17_MildStressor_g4 Box 2.wmv,noise,pre,-5.2,108088,10,50,15,sec_1794.8,"(53844, 53850)",0,100
14,200728_SEFL17_MildStressor_g4 Box 2.wmv,noise,pre,-5,108088,10,50,15,sec_1795.0,"(53850, 53856)",0,100
14,200728_SEFL17_MildStressor_g4 Box 2.wmv,noise,pre,-4.8,108088,10,50,15,sec_1795.2,"(53856, 53862)",0,100
14,200728_SEFL17_MildStressor_g4 Box 2.wmv,noise,pre,-4.6,108088,10,50,15,sec_1795.4,"(53862, 53868)",0,100
14,200728_SEFL17_MildStressor_g4 Box 2.wmv,noise,pre,-4.4,108088,10,50,15,sec_1795.6,"(53868, 53874)",0,100
14,200728_SEFL17_MildStressor_g4 Box 2.wmv,noise,pre,-4.2,108088,10,50,15,sec_1795.8,"(53874, 53880)",0,100
14,200728_SEFL17_MildStressor_g4 Box 2.wmv,noise,pre,-4,108088,10,50,15,sec_1796.0,"(53880, 53886)",0,100
14,200728_SEFL17_MildStressor_g4 Box 2.wmv,noise,pre,-3.8,108088,10,50,15,sec_1796.2,"(53886, 53892)",0,100
14,200728_SEFL17_MildStressor_g4 Box 2.wmv,noise,pre,-3.6,108088,10,50,15,sec_1796.4,"(53892, 53898)",0,100
14,200728_SEFL17_MildStressor_g4 Box 2.wmv,noise,pre,-3.4,108088,10,50,15,sec_1796.6,"(53898, 53904)",0,100
14,200728_SEFL17_MildStressor_g4 Box 2.wmv,noise,pre,-3.2,108088,10,50,15,sec_1796.8,"(53904, 53910)",0,100
14,200728_SEFL17_MildStressor_g4 Box 2.wmv,noise,pre,-3,108088,10,50,15,sec_1797.0,"(53910, 53916)",0,100
14,200728_SEFL17_MildStressor_g4 Box 2.wmv,noise,pre,-2.8,108088,10,50,15,sec_1797.2,"(53916, 53922)",0,100
14,200728_SEFL17_MildStressor_g4 Box 2.wmv,noise,pre,-2.6,108088,10,50,15,sec_1797.4,"(53922, 53928)",0,100
14,200728_SEFL17_MildStressor_g4 Box 2.wmv,noise,pre,-2.4,108088,10,50,15,sec_1797.6,"(53928, 53934)",0,100
14,200728_SEFL17_MildStressor_g4 Box 2.wmv,noise,pre,-2.2,108088,10,50,15,sec_1797.8,"(53934, 53940)",0,100
14,200728_SEFL17_MildStressor_g4 Box 2.wmv,noise,pre,-2,108088,10,50,15,sec_1798.0,"(53940, 53946)",0,100
14,200728_SEFL17_MildStressor_g4 Box 2.wmv,noise,pre,-1.8,108088,10,50,15,sec_1798.2,"(53946, 53952)",0,100
14,200728_SEFL17_MildStressor_g4 Box 2.wmv,noise,pre,-1.6,108088,10,50,15,sec_1798.4,"(53952, 53958)",0,100
14,200728_SEFL17_MildStressor_g4 Box 2.wmv,noise,pre,-1.4,108088,10,50,15,sec_1798.6,"(53958, 53964)",0,100
14,200728_SEFL17_MildStressor_g4 Box 2.wmv,noise,pre,-1.2,108088,10,50,15,sec_1798.8,"(53964, 53970)",0,100
14,200728_SEFL17_MildStressor_g4 Box 2.wmv,noise,pre,-1,108088,10,50,15,sec_1799.0,"(53970, 53976)",0,100
14,200728_SEFL17_MildStressor_g4 Box 2.wmv,noise,pre,-0.8,108088,10,50,15,sec_1799.2,"(53976, 53982)",0,100
14,200728_SEFL17_MildStressor_g4 Box 2.wmv,noise,pre,-0.6,108088,10,50,15,sec_1799.4,"(53982, 53988)",0,100
14,200728_SEFL17_MildStressor_g4 Box 2.wmv,noise,pre,-0.4,108088,10,50,15,sec_1799.6,"(53988, 53994)",0,100
14,200728_SEFL17_MildStressor_g4 Box 2.wmv,noise,pre,-0.2,108088,10,50,15,sec_1799.8,"(53994, 54000)",0,100
14,200728_SEFL17_MildStressor_g4 Box 2.wmv,noise,noise,-4.09E-14,108088,10,50,15,sec_1800.0,"(54000, 54006)",392.8333333,16.66666667
14,200728_SEFL17_MildStressor_g4 Box 2.wmv,noise,noise,0.2,108088,10,50,15,sec_1800.2,"(54006, 54012)",275.1666667,0
14,200728_SEFL17_MildStressor_g4 Box 2.wmv,noise,noise,0.4,108088,10,50,15,sec_1800.4,"(54012, 54018)",93.5,0
14,200728_SEFL17_MildStressor_g4 Box 2.wmv,noise,noise,0.6,108088,10,50,15,sec_1800.6,"(54018, 54024)",123.8333333,0
14,200728_SEFL17_MildStressor_g4 Box 2.wmv,noise,noise,0.8,108088,10,50,15,sec_1800.8,"(54024, 54030)",130.6666667,0
14,200728_SEFL17_MildStressor_g4 Box 2.wmv,noise,noise,1,108088,10,50,15,sec_1801.0,"(54030, 54036)",204.3333333,0
14,200728_SEFL17_MildStressor_g4 Box 2.wmv,noise,noise,1.2,108088,10,50,15,sec_1801.2,"(54036, 54042)",108.1666667,0
14,200728_SEFL17_MildStressor_g4 Box 2.wmv,noise,noise,1.4,108088,10,50,15,sec_1801.4,"(54042, 54048)",203.1666667,0
14,200728_SEFL17_MildStressor_g4 Box 2.wmv,noise,noise,1.6,108088,10,50,15,sec_1801.6,"(54048, 54054)",238.5,0
14,200728_SEFL17_MildStressor_g4 Box 2.wmv,noise,noise,1.8,108088,10,50,15,sec_1801.8,"(54054, 54060)",250.6666667,0
14,200728_SEFL17_MildStressor_g4 Box 2.wmv,noise,noise,2,108088,10,50,15,sec_1802.0,"(54060, 54066)",10.5,0
14,200728_SEFL17_MildStressor_g4 Box 2.wmv,noise,noise,2.2,108088,10,50,15,sec_1802.2,"(54066, 54072)",437.3333333,0
14,200728_SEFL17_MildStressor_g4 Box 2.wmv,noise,noise,2.4,108088,10,50,15,sec_1802.4,"(54072, 54078)",255.3333333,0
14,200728_SEFL17_MildStressor_g4 Box 2.wmv,noise,noise,2.6,108088,10,50,15,sec_1802.6,"(54078, 54084)",5.5,0
14,200728_SEFL17_MildStressor_g4 Box 2.wmv,noise,noise,2.8,108088,10,50,15,sec_1802.8,"(54084, 54090)",41.83333333,0
14,200728_SEFL17_MildStressor_g4 Box 2.wmv,noise,post,3,108088,10,50,15,sec_1803.0,"(54090, 54096)",80.83333333,0
14,200728_SEFL17_MildStressor_g4 Box 2.wmv,noise,post,3.2,108088,10,50,15,sec_1803.2,"(54096, 54102)",0,100
14,200728_SEFL17_MildStressor_g4 Box 2.wmv,noise,post,3.4,108088,10,50,15,sec_1803.4,"(54102, 54108)",0,100
14,200728_SEFL17_MildStressor_g4 Box 2.wmv,noise,post,3.6,108088,10,50,15,sec_1803.6,"(54108, 54114)",0,100
14,200728_SEFL17_MildStressor_g4 Box 2.wmv,noise,post,3.8,108088,10,50,15,sec_1803.8,"(54114, 54120)",0,100
14,200728_SEFL17_MildStressor_g4 Box 2.wmv,noise,post,4,108088,10,50,15,sec_1804.0,"(54120, 54126)",0,100
14,200728_SEFL17_MildStressor_g4 Box 2.wmv,noise,post,4.2,108088,10,50,15,sec_1804.2,"(54126, 54132)",0,100
14,200728_SEFL17_MildStressor_g4 Box 2.wmv,noise,post,4.4,108088,10,50,15,sec_1804.4,"(54132, 54138)",0,100
14,200728_SEFL17_MildStressor_g4 Box 2.wmv,noise,post,4.6,108088,10,50,15,sec_1804.6,"(54138, 54144)",0,100
14,200728_SEFL17_MildStressor_g4 Box 2.wmv,noise,post,4.8,108088,10,50,15,sec_1804.8,"(54144, 54150)",0,100
14,200728_SEFL17_MildStressor_g4 Box 2.wmv,noise,post,5,108088,10,50,15,sec_1805.0,"(54150, 54156)",0,100
14,200728_SEFL17_MildStressor_g4 Box 2.wmv,noise,post,5.2,108088,10,50,15,sec_1805.2,"(54156, 54162)",0,100
14,200728_SEFL17_MildStressor_g4 Box 2.wmv,noise,post,5.4,108088,10,50,15,sec_1805.4,"(54162, 54168)",0,100
14,200728_SEFL17_MildStressor_g4 Box 2.wmv,noise,post,5.6,108088,10,50,15,sec_1805.6,"(54168, 54174)",0,100
14,200728_SEFL17_MildStressor_g4 Box 2.wmv,noise,post,5.8,108088,10,50,15,sec_1805.8,"(54174, 54180)",0,100
14,200728_SEFL17_MildStressor_g4 Box 2.wmv,noise,post,6,108088,10,50,15,sec_1806.0,"(54180, 54186)",0,100
14,200728_SEFL17_MildStressor_g4 Box 2.wmv,noise,post,6.2,108088,10,50,15,sec_1806.2,"(54186, 54192)",0,100
14,200728_SEFL17_MildStressor_g4 Box 2.wmv,noise,post,6.4,108088,10,50,15,sec_1806.4,"(54192, 54198)",0,100
14,200728_SEFL17_MildStressor_g4 Box 2.wmv,noise,post,6.6,108088,10,50,15,sec_1806.6,"(54198, 54204)",0,100
14,200728_SEFL17_MildStressor_g4 Box 2.wmv,noise,post,6.8,108088,10,50,15,sec_1806.8,"(54204, 54210)",0,100
14,200728_SEFL17_MildStressor_g4 Box 2.wmv,noise,post,7,108088,10,50,15,sec_1807.0,"(54210, 54216)",0,100
14,200728_SEFL17_MildStressor_g4 Box 2.wmv,noise,post,7.2,108088,10,50,15,sec_1807.2,"(54216, 54222)",0,100
14,200728_SEFL17_MildStressor_g4 Box 2.wmv,noise,post,7.4,108088,10,50,15,sec_1807.4,"(54222, 54228)",0,100
14,200728_SEFL17_MildStressor_g4 Box 2.wmv,noise,post,7.6,108088,10,50,15,sec_1807.6,"(54228, 54234)",0,100
14,200728_SEFL17_MildStressor_g4 Box 2.wmv,noise,post,7.8,108088,10,50,15,sec_1807.8,"(54234, 54240)",0,100
14,200728_SEFL17_MildStressor_g4 Box 2.wmv,noise,post,8,108088,10,50,15,sec_1808.0,"(54240, 54246)",0.5,100
14,200728_SEFL17_MildStressor_g4 Box 2.wmv,noise,post,8.2,108088,10,50,15,sec_1808.2,"(54246, 54252)",0,100
14,200728_SEFL17_MildStressor_g4 Box 2.wmv,noise,post,8.4,108088,10,50,15,sec_1808.4,"(54252, 54258)",0,100
14,200728_SEFL17_MildStressor_g4 Box 2.wmv,noise,post,8.6,108088,10,50,15,sec_1808.6,"(54258, 54264)",0,100
14,200728_SEFL17_MildStressor_g4 Box 2.wmv,noise,post,8.8,108088,10,50,15,sec_1808.8,"(54264, 54270)",0,100
14,200728_SEFL17_MildStressor_g4 Box 2.wmv,noise,post,9,108088,10,50,15,sec_1809.0,"(54270, 54276)",0,100
14,200728_SEFL17_MildStressor_g4 Box 2.wmv,noise,post,9.2,108088,10,50,15,sec_1809.2,"(54276, 54282)",0,100
14,200728_SEFL17_MildStressor_g4 Box 2.wmv,noise,post,9.4,108088,10,50,15,sec_1809.4,"(54282, 54288)",0,100
14,200728_SEFL17_MildStressor_g4 Box 2.wmv,noise,post,9.6,108088,10,50,15,sec_1809.6,"(54288, 54294)",0,100
14,200728_SEFL17_MildStressor_g4 Box 2.wmv,noise,post,9.8,108088,10,50,15,sec_1809.8,"(54294, 54300)",0,100
14,200728_SEFL17_MildStressor_g4 Box 2.wmv,noise,post,10,108088,10,50,15,sec_1810.0,"(54300, 54306)",0,100
14,200728_SEFL17_MildStressor_g4 Box 2.wmv,noise,post,10.2,108088,10,50,15,sec_1810.2,"(54306, 54312)",0,100
14,200728_SEFL17_MildStressor_g4 Box 2.wmv,noise,post,10.4,108088,10,50,15,sec_1810.4,"(54312, 54318)",0,100
14,200728_SEFL17_MildStressor_g4 Box 2.wmv,noise,post,10.6,108088,10,50,15,sec_1810.6,"(54318, 54324)",0,100
14,200728_SEFL17_MildStressor_g4 Box 2.wmv,noise,post,10.8,108088,10,50,15,sec_1810.8,"(54324, 54330)",12.16666667,100
14,200728_SEFL17_MildStressor_g4 Box 2.wmv,noise,post,11,108088,10,50,15,sec_1811.0,"(54330, 54336)",0,100
14,200728_SEFL17_MildStressor_g4 Box 2.wmv,noise,post,11.2,108088,10,50,15,sec_1811.2,"(54336, 54342)",0,100
14,200728_SEFL17_MildStressor_g4 Box 2.wmv,noise,post,11.4,108088,10,50,15,sec_1811.4,"(54342, 54348)",0,100
14,200728_SEFL17_MildStressor_g4 Box 2.wmv,noise,post,11.6,108088,10,50,15,sec_1811.6,"(54348, 54354)",0,100
14,200728_SEFL17_MildStressor_g4 Box 2.wmv,noise,post,11.8,108088,10,50,15,sec_1811.8,"(54354, 54360)",0,100
14,200728_SEFL17_MildStressor_g4 Box 2.wmv,noise,post,12,108088,10,50,15,sec_1812.0,"(54360, 54366)",0,100
14,200728_SEFL17_MildStressor_g4 Box 2.wmv,noise,post,12.2,108088,10,50,15,sec_1812.2,"(54366, 54372)",0,100
14,200728_SEFL17_MildStressor_g4 Box 2.wmv,noise,post,12.4,108088,10,50,15,sec_1812.4,"(54372, 54378)",0,100
14,200728_SEFL17_MildStressor_g4 Box 2.wmv,noise,post,12.6,108088,10,50,15,sec_1812.6,"(54378, 54384)",0,100
14,200728_SEFL17_MildStressor_g4 Box 2.wmv,noise,post,12.8,108088,10,50,15,sec_1812.8,"(54384, 54390)",0,100
15,200728_SEFL17_MildStressor_g4 Box 3.wmv,min,pre,-30,108089,10,50,15,min_0,"(0, 1800)",0.002777778,99.94444444
15,200728_SEFL17_MildStressor_g4 Box 3.wmv,min,pre,-29,108089,10,50,15,min_1,"(1800, 3600)",0.737222222,99.44444444
15,200728_SEFL17_MildStressor_g4 Box 3.wmv,min,pre,-28,108089,10,50,15,min_2,"(3600, 5400)",0.141111111,100
15,200728_SEFL17_MildStressor_g4 Box 3.wmv,min,pre,-27,108089,10,50,15,min_3,"(5400, 7200)",0.011666667,100
15,200728_SEFL17_MildStressor_g4 Box 3.wmv,min,pre,-26,108089,10,50,15,min_4,"(7200, 9000)",2,97.33333333
15,200728_SEFL17_MildStressor_g4 Box 3.wmv,min,pre,-25,108089,10,50,15,min_5,"(9000, 10800)",0.024444444,100
15,200728_SEFL17_MildStressor_g4 Box 3.wmv,min,pre,-24,108089,10,50,15,min_6,"(10800, 12600)",0.007222222,100
15,200728_SEFL17_MildStressor_g4 Box 3.wmv,min,pre,-23,108089,10,50,15,min_7,"(12600, 14400)",0.003888889,100
15,200728_SEFL17_MildStressor_g4 Box 3.wmv,min,pre,-22,108089,10,50,15,min_8,"(14400, 16200)",2.896666667,95.94444444
15,200728_SEFL17_MildStressor_g4 Box 3.wmv,min,pre,-21,108089,10,50,15,min_9,"(16200, 18000)",0.864444444,98.5
15,200728_SEFL17_MildStressor_g4 Box 3.wmv,min,pre,-20,108089,10,50,15,min_10,"(18000, 19800)",2.379444444,97.55555556
15,200728_SEFL17_MildStressor_g4 Box 3.wmv,min,pre,-19,108089,10,50,15,min_11,"(19800, 21600)",0.010555556,100
15,200728_SEFL17_MildStressor_g4 Box 3.wmv,min,pre,-18,108089,10,50,15,min_12,"(21600, 23400)",0.022777778,100
15,200728_SEFL17_MildStressor_g4 Box 3.wmv,min,pre,-17,108089,10,50,15,min_13,"(23400, 25200)",0.002777778,100
15,200728_SEFL17_MildStressor_g4 Box 3.wmv,min,pre,-16,108089,10,50,15,min_14,"(25200, 27000)",0.015555556,100
15,200728_SEFL17_MildStressor_g4 Box 3.wmv,min,pre,-15,108089,10,50,15,min_15,"(27000, 28800)",0.008888889,100
15,200728_SEFL17_MildStressor_g4 Box 3.wmv,min,pre,-14,108089,10,50,15,min_16,"(28800, 30600)",5.83,92.27777778
15,200728_SEFL17_MildStressor_g4 Box 3.wmv,min,pre,-13,108089,10,50,15,min_17,"(30600, 32400)",0.008888889,100
15,200728_SEFL17_MildStressor_g4 Box 3.wmv,min,pre,-12,108089,10,50,15,min_18,"(32400, 34200)",0.007777778,100
15,200728_SEFL17_MildStressor_g4 Box 3.wmv,min,pre,-11,108089,10,50,15,min_19,"(34200, 36000)",0.82,99.27777778
15,200728_SEFL17_MildStressor_g4 Box 3.wmv,min,pre,-10,108089,10,50,15,min_20,"(36000, 37800)",0.005555556,100
15,200728_SEFL17_MildStressor_g4 Box 3.wmv,min,pre,-9,108089,10,50,15,min_21,"(37800, 39600)",0.011666667,100
15,200728_SEFL17_MildStressor_g4 Box 3.wmv,min,pre,-8,108089,10,50,15,min_22,"(39600, 41400)",0.012222222,100
15,200728_SEFL17_MildStressor_g4 Box 3.wmv,min,pre,-7,108089,10,50,15,min_23,"(41400, 43200)",7.015,88.55555556
15,200728_SEFL17_MildStressor_g4 Box 3.wmv,min,pre,-6,108089,10,50,15,min_24,"(43200, 45000)",3.268888889,95.11111111
15,200728_SEFL17_MildStressor_g4 Box 3.wmv,min,pre,-5,108089,10,50,15,min_25,"(45000, 46800)",17.41444444,70.05555556
15,200728_SEFL17_MildStressor_g4 Box 3.wmv,min,pre,-4,108089,10,50,15,min_26,"(46800, 48600)",31.58055556,47
15,200728_SEFL17_MildStressor_g4 Box 3.wmv,min,pre,-3,108089,10,50,15,min_27,"(48600, 50400)",35.98611111,42.22222222
15,200728_SEFL17_MildStressor_g4 Box 3.wmv,min,pre,-2,108089,10,50,15,min_28,"(50400, 52200)",18.69388889,62.5
15,200728_SEFL17_MildStressor_g4 Box 3.wmv,min,pre,-1,108089,10,50,15,min_29,"(52200, 54000)",97.42166667,34.27777778
15,200728_SEFL17_MildStressor_g4 Box 3.wmv,min,post,0,108089,10,50,15,min_30,"(54000, 55800)",174.2644444,28.33333333
15,200728_SEFL17_MildStressor_g4 Box 3.wmv,min,post,1,108089,10,50,15,min_31,"(55800, 57600)",202.8205556,23.27777778
15,200728_SEFL17_MildStressor_g4 Box 3.wmv,min,post,2,108089,10,50,15,min_32,"(57600, 59400)",163.0255556,19.33333333
15,200728_SEFL17_MildStressor_g4 Box 3.wmv,min,post,3,108089,10,50,15,min_33,"(59400, 61200)",169.2711111,10
15,200728_SEFL17_MildStressor_g4 Box 3.wmv,min,post,4,108089,10,50,15,min_34,"(61200, 63000)",275.8861111,6.444444444
15,200728_SEFL17_MildStressor_g4 Box 3.wmv,min,post,5,108089,10,50,15,min_35,"(63000, 64800)",145.245,20
15,200728_SEFL17_MildStressor_g4 Box 3.wmv,min,post,6,108089,10,50,15,min_36,"(64800, 66600)",61.41888889,44.83333333
15,200728_SEFL17_MildStressor_g4 Box 3.wmv,min,post,7,108089,10,50,15,min_37,"(66600, 68400)",15.64777778,76.44444444
15,200728_SEFL17_MildStressor_g4 Box 3.wmv,min,post,8,108089,10,50,15,min_38,"(68400, 70200)",1.571111111,98.61111111
15,200728_SEFL17_MildStressor_g4 Box 3.wmv,min,post,9,108089,10,50,15,min_39,"(70200, 72000)",0.005555556,100
15,200728_SEFL17_MildStressor_g4 Box 3.wmv,min,post,10,108089,10,50,15,min_40,"(72000, 73800)",19.195,67.22222222
15,200728_SEFL17_MildStressor_g4 Box 3.wmv,min,post,11,108089,10,50,15,min_41,"(73800, 75600)",44.69277778,31.27777778
15,200728_SEFL17_MildStressor_g4 Box 3.wmv,min,post,12,108089,10,50,15,min_42,"(75600, 77400)",38.89666667,45.88888889
15,200728_SEFL17_MildStressor_g4 Box 3.wmv,min,post,13,108089,10,50,15,min_43,"(77400, 79200)",18.02777778,72.22222222
15,200728_SEFL17_MildStressor_g4 Box 3.wmv,min,post,14,108089,10,50,15,min_44,"(79200, 81000)",3.696666667,94.5
15,200728_SEFL17_MildStressor_g4 Box 3.wmv,min,post,15,108089,10,50,15,min_45,"(81000, 82800)",0.089444444,100
15,200728_SEFL17_MildStressor_g4 Box 3.wmv,min,post,16,108089,10,50,15,min_46,"(82800, 84600)",0.007222222,100
15,200728_SEFL17_MildStressor_g4 Box 3.wmv,min,post,17,108089,10,50,15,min_47,"(84600, 86400)",0.012222222,100
15,200728_SEFL17_MildStressor_g4 Box 3.wmv,min,post,18,108089,10,50,15,min_48,"(86400, 88200)",4.365,95.77777778
15,200728_SEFL17_MildStressor_g4 Box 3.wmv,min,post,19,108089,10,50,15,min_49,"(88200, 90000)",0.006666667,100
15,200728_SEFL17_MildStressor_g4 Box 3.wmv,min,post,20,108089,10,50,15,min_50,"(90000, 91800)",0.02,100
15,200728_SEFL17_MildStressor_g4 Box 3.wmv,min,post,21,108089,10,50,15,min_51,"(91800, 93600)",0.021111111,100
15,200728_SEFL17_MildStressor_g4 Box 3.wmv,min,post,22,108089,10,50,15,min_52,"(93600, 95400)",0.021666667,100
15,200728_SEFL17_MildStressor_g4 Box 3.wmv,min,post,23,108089,10,50,15,min_53,"(95400, 97200)",1.238888889,97.88888889
15,200728_SEFL17_MildStressor_g4 Box 3.wmv,min,post,24,108089,10,50,15,min_54,"(97200, 99000)",0.007222222,100
15,200728_SEFL17_MildStressor_g4 Box 3.wmv,min,post,25,108089,10,50,15,min_55,"(99000, 100800)",0.003333333,100
15,200728_SEFL17_MildStressor_g4 Box 3.wmv,min,post,26,108089,10,50,15,min_56,"(100800, 102600)",4.146111111,94.77777778
15,200728_SEFL17_MildStressor_g4 Box 3.wmv,min,post,27,108089,10,50,15,min_57,"(102600, 104400)",0.002777778,100
15,200728_SEFL17_MildStressor_g4 Box 3.wmv,min,post,28,108089,10,50,15,min_58,"(104400, 106200)",0.01,100
15,200728_SEFL17_MildStressor_g4 Box 3.wmv,min,post,29,108089,10,50,15,min_59,"(106200, 108000)",0.012222222,100
15,200728_SEFL17_MildStressor_g4 Box 3.wmv,noise,pre,-10,108089,10,50,15,sec_1790.0,"(53700, 53706)",46.66666667,0
15,200728_SEFL17_MildStressor_g4 Box 3.wmv,noise,pre,-9.8,108089,10,50,15,sec_1790.2,"(53706, 53712)",92.16666667,0
15,200728_SEFL17_MildStressor_g4 Box 3.wmv,noise,pre,-9.6,108089,10,50,15,sec_1790.4,"(53712, 53718)",208.6666667,0
15,200728_SEFL17_MildStressor_g4 Box 3.wmv,noise,pre,-9.4,108089,10,50,15,sec_1790.6,"(53718, 53724)",58.33333333,0
15,200728_SEFL17_MildStressor_g4 Box 3.wmv,noise,pre,-9.2,108089,10,50,15,sec_1790.8,"(53724, 53730)",323.8333333,0
15,200728_SEFL17_MildStressor_g4 Box 3.wmv,noise,pre,-9,108089,10,50,15,sec_1791.0,"(53730, 53736)",242.6666667,0
15,200728_SEFL17_MildStressor_g4 Box 3.wmv,noise,pre,-8.8,108089,10,50,15,sec_1791.2,"(53736, 53742)",33.33333333,0
15,200728_SEFL17_MildStressor_g4 Box 3.wmv,noise,pre,-8.6,108089,10,50,15,sec_1791.4,"(53742, 53748)",43.83333333,0
15,200728_SEFL17_MildStressor_g4 Box 3.wmv,noise,pre,-8.4,108089,10,50,15,sec_1791.6,"(53748, 53754)",147.1666667,0
15,200728_SEFL17_MildStressor_g4 Box 3.wmv,noise,pre,-8.2,108089,10,50,15,sec_1791.8,"(53754, 53760)",95.83333333,0
15,200728_SEFL17_MildStressor_g4 Box 3.wmv,noise,pre,-8,108089,10,50,15,sec_1792.0,"(53760, 53766)",127.6666667,0
15,200728_SEFL17_MildStressor_g4 Box 3.wmv,noise,pre,-7.8,108089,10,50,15,sec_1792.2,"(53766, 53772)",216.8333333,0
15,200728_SEFL17_MildStressor_g4 Box 3.wmv,noise,pre,-7.6,108089,10,50,15,sec_1792.4,"(53772, 53778)",56.16666667,0
15,200728_SEFL17_MildStressor_g4 Box 3.wmv,noise,pre,-7.4,108089,10,50,15,sec_1792.6,"(53778, 53784)",139.8333333,0
15,200728_SEFL17_MildStressor_g4 Box 3.wmv,noise,pre,-7.2,108089,10,50,15,sec_1792.8,"(53784, 53790)",232.6666667,0
15,200728_SEFL17_MildStressor_g4 Box 3.wmv,noise,pre,-7,108089,10,50,15,sec_1793.0,"(53790, 53796)",381.5,0
15,200728_SEFL17_MildStressor_g4 Box 3.wmv,noise,pre,-6.8,108089,10,50,15,sec_1793.2,"(53796, 53802)",556.8333333,0
15,200728_SEFL17_MildStressor_g4 Box 3.wmv,noise,pre,-6.6,108089,10,50,15,sec_1793.4,"(53802, 53808)",372.1666667,0
15,200728_SEFL17_MildStressor_g4 Box 3.wmv,noise,pre,-6.4,108089,10,50,15,sec_1793.6,"(53808, 53814)",110.5,0
15,200728_SEFL17_MildStressor_g4 Box 3.wmv,noise,pre,-6.2,108089,10,50,15,sec_1793.8,"(53814, 53820)",79.5,0
15,200728_SEFL17_MildStressor_g4 Box 3.wmv,noise,pre,-6,108089,10,50,15,sec_1794.0,"(53820, 53826)",99.66666667,0
15,200728_SEFL17_MildStressor_g4 Box 3.wmv,noise,pre,-5.8,108089,10,50,15,sec_1794.2,"(53826, 53832)",523.1666667,0
15,200728_SEFL17_MildStressor_g4 Box 3.wmv,noise,pre,-5.6,108089,10,50,15,sec_1794.4,"(53832, 53838)",134.3333333,0
15,200728_SEFL17_MildStressor_g4 Box 3.wmv,noise,pre,-5.4,108089,10,50,15,sec_1794.6,"(53838, 53844)",30,0
15,200728_SEFL17_MildStressor_g4 Box 3.wmv,noise,pre,-5.2,108089,10,50,15,sec_1794.8,"(53844, 53850)",124,0
15,200728_SEFL17_MildStressor_g4 Box 3.wmv,noise,pre,-5,108089,10,50,15,sec_1795.0,"(53850, 53856)",360.8333333,0
15,200728_SEFL17_MildStressor_g4 Box 3.wmv,noise,pre,-4.8,108089,10,50,15,sec_1795.2,"(53856, 53862)",430.8333333,0
15,200728_SEFL17_MildStressor_g4 Box 3.wmv,noise,pre,-4.6,108089,10,50,15,sec_1795.4,"(53862, 53868)",168.8333333,0
15,200728_SEFL17_MildStressor_g4 Box 3.wmv,noise,pre,-4.4,108089,10,50,15,sec_1795.6,"(53868, 53874)",87.66666667,0
15,200728_SEFL17_MildStressor_g4 Box 3.wmv,noise,pre,-4.2,108089,10,50,15,sec_1795.8,"(53874, 53880)",54.5,0
15,200728_SEFL17_MildStressor_g4 Box 3.wmv,noise,pre,-4,108089,10,50,15,sec_1796.0,"(53880, 53886)",45.66666667,0
15,200728_SEFL17_MildStressor_g4 Box 3.wmv,noise,pre,-3.8,108089,10,50,15,sec_1796.2,"(53886, 53892)",12,0
15,200728_SEFL17_MildStressor_g4 Box 3.wmv,noise,pre,-3.6,108089,10,50,15,sec_1796.4,"(53892, 53898)",13.16666667,0
15,200728_SEFL17_MildStressor_g4 Box 3.wmv,noise,pre,-3.4,108089,10,50,15,sec_1796.6,"(53898, 53904)",60.16666667,0
15,200728_SEFL17_MildStressor_g4 Box 3.wmv,noise,pre,-3.2,108089,10,50,15,sec_1796.8,"(53904, 53910)",5,0
15,200728_SEFL17_MildStressor_g4 Box 3.wmv,noise,pre,-3,108089,10,50,15,sec_1797.0,"(53910, 53916)",7.666666667,0
15,200728_SEFL17_MildStressor_g4 Box 3.wmv,noise,pre,-2.8,108089,10,50,15,sec_1797.2,"(53916, 53922)",187.5,0
15,200728_SEFL17_MildStressor_g4 Box 3.wmv,noise,pre,-2.6,108089,10,50,15,sec_1797.4,"(53922, 53928)",138.5,0
15,200728_SEFL17_MildStressor_g4 Box 3.wmv,noise,pre,-2.4,108089,10,50,15,sec_1797.6,"(53928, 53934)",61.66666667,0
15,200728_SEFL17_MildStressor_g4 Box 3.wmv,noise,pre,-2.2,108089,10,50,15,sec_1797.8,"(53934, 53940)",69,0
15,200728_SEFL17_MildStressor_g4 Box 3.wmv,noise,pre,-2,108089,10,50,15,sec_1798.0,"(53940, 53946)",193,0
15,200728_SEFL17_MildStressor_g4 Box 3.wmv,noise,pre,-1.8,108089,10,50,15,sec_1798.2,"(53946, 53952)",101.5,0
15,200728_SEFL17_MildStressor_g4 Box 3.wmv,noise,pre,-1.6,108089,10,50,15,sec_1798.4,"(53952, 53958)",81,0
15,200728_SEFL17_MildStressor_g4 Box 3.wmv,noise,pre,-1.4,108089,10,50,15,sec_1798.6,"(53958, 53964)",115.6666667,0
15,200728_SEFL17_MildStressor_g4 Box 3.wmv,noise,pre,-1.2,108089,10,50,15,sec_1798.8,"(53964, 53970)",24,0
15,200728_SEFL17_MildStressor_g4 Box 3.wmv,noise,pre,-1,108089,10,50,15,sec_1799.0,"(53970, 53976)",27.83333333,0
15,200728_SEFL17_MildStressor_g4 Box 3.wmv,noise,pre,-0.8,108089,10,50,15,sec_1799.2,"(53976, 53982)",59.66666667,0
15,200728_SEFL17_MildStressor_g4 Box 3.wmv,noise,pre,-0.6,108089,10,50,15,sec_1799.4,"(53982, 53988)",132.3333333,0
15,200728_SEFL17_MildStressor_g4 Box 3.wmv,noise,pre,-0.4,108089,10,50,15,sec_1799.6,"(53988, 53994)",100.3333333,0
15,200728_SEFL17_MildStressor_g4 Box 3.wmv,noise,pre,-0.2,108089,10,50,15,sec_1799.8,"(53994, 54000)",26.5,0
15,200728_SEFL17_MildStressor_g4 Box 3.wmv,noise,noise,-4.09E-14,108089,10,50,15,sec_1800.0,"(54000, 54006)",724.8333333,0
15,200728_SEFL17_MildStressor_g4 Box 3.wmv,noise,noise,0.2,108089,10,50,15,sec_1800.2,"(54006, 54012)",1285.833333,0
15,200728_SEFL17_MildStressor_g4 Box 3.wmv,noise,noise,0.4,108089,10,50,15,sec_1800.4,"(54012, 54018)",2221.333333,0
15,200728_SEFL17_MildStressor_g4 Box 3.wmv,noise,noise,0.6,108089,10,50,15,sec_1800.6,"(54018, 54024)",1809.5,0
15,200728_SEFL17_MildStressor_g4 Box 3.wmv,noise,noise,0.8,108089,10,50,15,sec_1800.8,"(54024, 54030)",2014,0
15,200728_SEFL17_MildStressor_g4 Box 3.wmv,noise,noise,1,108089,10,50,15,sec_1801.0,"(54030, 54036)",1271,0
15,200728_SEFL17_MildStressor_g4 Box 3.wmv,noise,noise,1.2,108089,10,50,15,sec_1801.2,"(54036, 54042)",1712.333333,0
15,200728_SEFL17_MildStressor_g4 Box 3.wmv,noise,noise,1.4,108089,10,50,15,sec_1801.4,"(54042, 54048)",864,0
15,200728_SEFL17_MildStressor_g4 Box 3.wmv,noise,noise,1.6,108089,10,50,15,sec_1801.6,"(54048, 54054)",224.8333333,33.33333333
15,200728_SEFL17_MildStressor_g4 Box 3.wmv,noise,noise,1.8,108089,10,50,15,sec_1801.8,"(54054, 54060)",5.666666667,100
15,200728_SEFL17_MildStressor_g4 Box 3.wmv,noise,noise,2,108089,10,50,15,sec_1802.0,"(54060, 54066)",7,100
15,200728_SEFL17_MildStressor_g4 Box 3.wmv,noise,noise,2.2,108089,10,50,15,sec_1802.2,"(54066, 54072)",110.3333333,33.33333333
15,200728_SEFL17_MildStressor_g4 Box 3.wmv,noise,noise,2.4,108089,10,50,15,sec_1802.4,"(54072, 54078)",466.3333333,0
15,200728_SEFL17_MildStressor_g4 Box 3.wmv,noise,noise,2.6,108089,10,50,15,sec_1802.6,"(54078, 54084)",333.6666667,16.66666667
15,200728_SEFL17_MildStressor_g4 Box 3.wmv,noise,noise,2.8,108089,10,50,15,sec_1802.8,"(54084, 54090)",11,100
15,200728_SEFL17_MildStressor_g4 Box 3.wmv,noise,post,3,108089,10,50,15,sec_1803.0,"(54090, 54096)",2,100
15,200728_SEFL17_MildStressor_g4 Box 3.wmv,noise,post,3.2,108089,10,50,15,sec_1803.2,"(54096, 54102)",0,100
15,200728_SEFL17_MildStressor_g4 Box 3.wmv,noise,post,3.4,108089,10,50,15,sec_1803.4,"(54102, 54108)",0,100
15,200728_SEFL17_MildStressor_g4 Box 3.wmv,noise,post,3.6,108089,10,50,15,sec_1803.6,"(54108, 54114)",0,100
15,200728_SEFL17_MildStressor_g4 Box 3.wmv,noise,post,3.8,108089,10,50,15,sec_1803.8,"(54114, 54120)",0,100
15,200728_SEFL17_MildStressor_g4 Box 3.wmv,noise,post,4,108089,10,50,15,sec_1804.0,"(54120, 54126)",0,100
15,200728_SEFL17_MildStressor_g4 Box 3.wmv,noise,post,4.2,108089,10,50,15,sec_1804.2,"(54126, 54132)",0,100
15,200728_SEFL17_MildStressor_g4 Box 3.wmv,noise,post,4.4,108089,10,50,15,sec_1804.4,"(54132, 54138)",0,100
15,200728_SEFL17_MildStressor_g4 Box 3.wmv,noise,post,4.6,108089,10,50,15,sec_1804.6,"(54138, 54144)",0,100
15,200728_SEFL17_MildStressor_g4 Box 3.wmv,noise,post,4.8,108089,10,50,15,sec_1804.8,"(54144, 54150)",0,100
15,200728_SEFL17_MildStressor_g4 Box 3.wmv,noise,post,5,108089,10,50,15,sec_1805.0,"(54150, 54156)",0,100
15,200728_SEFL17_MildStressor_g4 Box 3.wmv,noise,post,5.2,108089,10,50,15,sec_1805.2,"(54156, 54162)",0,100
15,200728_SEFL17_MildStressor_g4 Box 3.wmv,noise,post,5.4,108089,10,50,15,sec_1805.4,"(54162, 54168)",0,100
15,200728_SEFL17_MildStressor_g4 Box 3.wmv,noise,post,5.6,108089,10,50,15,sec_1805.6,"(54168, 54174)",0,100
15,200728_SEFL17_MildStressor_g4 Box 3.wmv,noise,post,5.8,108089,10,50,15,sec_1805.8,"(54174, 54180)",0,100
15,200728_SEFL17_MildStressor_g4 Box 3.wmv,noise,post,6,108089,10,50,15,sec_1806.0,"(54180, 54186)",0,100
15,200728_SEFL17_MildStressor_g4 Box 3.wmv,noise,post,6.2,108089,10,50,15,sec_1806.2,"(54186, 54192)",5.333333333,100
15,200728_SEFL17_MildStressor_g4 Box 3.wmv,noise,post,6.4,108089,10,50,15,sec_1806.4,"(54192, 54198)",32.66666667,66.66666667
15,200728_SEFL17_MildStressor_g4 Box 3.wmv,noise,post,6.6,108089,10,50,15,sec_1806.6,"(54198, 54204)",22.83333333,0
15,200728_SEFL17_MildStressor_g4 Box 3.wmv,noise,post,6.8,108089,10,50,15,sec_1806.8,"(54204, 54210)",0,0
15,200728_SEFL17_MildStressor_g4 Box 3.wmv,noise,post,7,108089,10,50,15,sec_1807.0,"(54210, 54216)",19.33333333,0
15,200728_SEFL17_MildStressor_g4 Box 3.wmv,noise,post,7.2,108089,10,50,15,sec_1807.2,"(54216, 54222)",0.166666667,0
15,200728_SEFL17_MildStressor_g4 Box 3.wmv,noise,post,7.4,108089,10,50,15,sec_1807.4,"(54222, 54228)",117.1666667,0
15,200728_SEFL17_MildStressor_g4 Box 3.wmv,noise,post,7.6,108089,10,50,15,sec_1807.6,"(54228, 54234)",38.83333333,50
15,200728_SEFL17_MildStressor_g4 Box 3.wmv,noise,post,7.8,108089,10,50,15,sec_1807.8,"(54234, 54240)",2.5,100
15,200728_SEFL17_MildStressor_g4 Box 3.wmv,noise,post,8,108089,10,50,15,sec_1808.0,"(54240, 54246)",3.666666667,100
15,200728_SEFL17_MildStressor_g4 Box 3.wmv,noise,post,8.2,108089,10,50,15,sec_1808.2,"(54246, 54252)",57.66666667,50
15,200728_SEFL17_MildStressor_g4 Box 3.wmv,noise,post,8.4,108089,10,50,15,sec_1808.4,"(54252, 54258)",5.166666667,100
15,200728_SEFL17_MildStressor_g4 Box 3.wmv,noise,post,8.6,108089,10,50,15,sec_1808.6,"(54258, 54264)",0,100
15,200728_SEFL17_MildStressor_g4 Box 3.wmv,noise,post,8.8,108089,10,50,15,sec_1808.8,"(54264, 54270)",54.66666667,66.66666667
15,200728_SEFL17_MildStressor_g4 Box 3.wmv,noise,post,9,108089,10,50,15,sec_1809.0,"(54270, 54276)",19.16666667,50
15,200728_SEFL17_MildStressor_g4 Box 3.wmv,noise,post,9.2,108089,10,50,15,sec_1809.2,"(54276, 54282)",0,100
15,200728_SEFL17_MildStressor_g4 Box 3.wmv,noise,post,9.4,108089,10,50,15,sec_1809.4,"(54282, 54288)",0,100
15,200728_SEFL17_MildStressor_g4 Box 3.wmv,noise,post,9.6,108089,10,50,15,sec_1809.6,"(54288, 54294)",0,100
15,200728_SEFL17_MildStressor_g4 Box 3.wmv,noise,post,9.8,108089,10,50,15,sec_1809.8,"(54294, 54300)",0,100
15,200728_SEFL17_MildStressor_g4 Box 3.wmv,noise,post,10,108089,10,50,15,sec_1810.0,"(54300, 54306)",0,100
15,200728_SEFL17_MildStressor_g4 Box 3.wmv,noise,post,10.2,108089,10,50,15,sec_1810.2,"(54306, 54312)",0,100
15,200728_SEFL17_MildStressor_g4 Box 3.wmv,noise,post,10.4,108089,10,50,15,sec_1810.4,"(54312, 54318)",0,100
15,200728_SEFL17_MildStressor_g4 Box 3.wmv,noise,post,10.6,108089,10,50,15,sec_1810.6,"(54318, 54324)",4.166666667,100
15,200728_SEFL17_MildStressor_g4 Box 3.wmv,noise,post,10.8,108089,10,50,15,sec_1810.8,"(54324, 54330)",0,100
15,200728_SEFL17_MildStressor_g4 Box 3.wmv,noise,post,11,108089,10,50,15,sec_1811.0,"(54330, 54336)",0,100
15,200728_SEFL17_MildStressor_g4 Box 3.wmv,noise,post,11.2,108089,10,50,15,sec_1811.2,"(54336, 54342)",0,100
15,200728_SEFL17_MildStressor_g4 Box 3.wmv,noise,post,11.4,108089,10,50,15,sec_1811.4,"(54342, 54348)",0,100
15,200728_SEFL17_MildStressor_g4 Box 3.wmv,noise,post,11.6,108089,10,50,15,sec_1811.6,"(54348, 54354)",0,100
15,200728_SEFL17_MildStressor_g4 Box 3.wmv,noise,post,11.8,108089,10,50,15,sec_1811.8,"(54354, 54360)",94.16666667,66.66666667
15,200728_SEFL17_MildStressor_g4 Box 3.wmv,noise,post,12,108089,10,50,15,sec_1812.0,"(54360, 54366)",67,0
15,200728_SEFL17_MildStressor_g4 Box 3.wmv,noise,post,12.2,108089,10,50,15,sec_1812.2,"(54366, 54372)",15.66666667,0
15,200728_SEFL17_MildStressor_g4 Box 3.wmv,noise,post,12.4,108089,10,50,15,sec_1812.4,"(54372, 54378)",32,0
15,200728_SEFL17_MildStressor_g4 Box 3.wmv,noise,post,12.6,108089,10,50,15,sec_1812.6,"(54378, 54384)",28.66666667,0
15,200728_SEFL17_MildStressor_g4 Box 3.wmv,noise,post,12.8,108089,10,50,15,sec_1812.8,"(54384, 54390)",17.66666667,0
16,200728_SEFL17_MildStressor_g4 Box 4.wmv,min,pre,-30,108088,10,50,15,min_0,"(0, 1800)",0.075,99.94444444
16,200728_SEFL17_MildStressor_g4 Box 4.wmv,min,pre,-29,108088,10,50,15,min_1,"(1800, 3600)",4.961111111,89.38888889
16,200728_SEFL17_MildStressor_g4 Box 4.wmv,min,pre,-28,108088,10,50,15,min_2,"(3600, 5400)",1.007777778,99.38888889
16,200728_SEFL17_MildStressor_g4 Box 4.wmv,min,pre,-27,108088,10,50,15,min_3,"(5400, 7200)",0.018333333,100
16,200728_SEFL17_MildStressor_g4 Box 4.wmv,min,pre,-26,108088,10,50,15,min_4,"(7200, 9000)",0.02,100
16,200728_SEFL17_MildStressor_g4 Box 4.wmv,min,pre,-25,108088,10,50,15,min_5,"(9000, 10800)",0.025555556,100
16,200728_SEFL17_MildStressor_g4 Box 4.wmv,min,pre,-24,108088,10,50,15,min_6,"(10800, 12600)",0.09,99.94444444
16,200728_SEFL17_MildStressor_g4 Box 4.wmv,min,pre,-23,108088,10,50,15,min_7,"(12600, 14400)",10.52388889,89.66666667
16,200728_SEFL17_MildStressor_g4 Box 4.wmv,min,pre,-22,108088,10,50,15,min_8,"(14400, 16200)",0.044444444,100
16,200728_SEFL17_MildStressor_g4 Box 4.wmv,min,pre,-21,108088,10,50,15,min_9,"(16200, 18000)",0.012222222,100
16,200728_SEFL17_MildStressor_g4 Box 4.wmv,min,pre,-20,108088,10,50,15,min_10,"(18000, 19800)",0.060555556,100
16,200728_SEFL17_MildStressor_g4 Box 4.wmv,min,pre,-19,108088,10,50,15,min_11,"(19800, 21600)",0.266111111,100
16,200728_SEFL17_MildStressor_g4 Box 4.wmv,min,pre,-18,108088,10,50,15,min_12,"(21600, 23400)",0.601111111,99.77777778
16,200728_SEFL17_MildStressor_g4 Box 4.wmv,min,pre,-17,108088,10,50,15,min_13,"(23400, 25200)",0.016666667,100
16,200728_SEFL17_MildStressor_g4 Box 4.wmv,min,pre,-16,108088,10,50,15,min_14,"(25200, 27000)",0.039444444,100
16,200728_SEFL17_MildStressor_g4 Box 4.wmv,min,pre,-15,108088,10,50,15,min_15,"(27000, 28800)",0.018888889,100
16,200728_SEFL17_MildStressor_g4 Box 4.wmv,min,pre,-14,108088,10,50,15,min_16,"(28800, 30600)",0.373888889,99.27777778
16,200728_SEFL17_MildStressor_g4 Box 4.wmv,min,pre,-13,108088,10,50,15,min_17,"(30600, 32400)",0.032222222,100
16,200728_SEFL17_MildStressor_g4 Box 4.wmv,min,pre,-12,108088,10,50,15,min_18,"(32400, 34200)",0.050555556,100
16,200728_SEFL17_MildStressor_g4 Box 4.wmv,min,pre,-11,108088,10,50,15,min_19,"(34200, 36000)",25.78166667,66.88888889
16,200728_SEFL17_MildStressor_g4 Box 4.wmv,min,pre,-10,108088,10,50,15,min_20,"(36000, 37800)",15.76111111,76.55555556
16,200728_SEFL17_MildStressor_g4 Box 4.wmv,min,pre,-9,108088,10,50,15,min_21,"(37800, 39600)",0.027777778,100
16,200728_SEFL17_MildStressor_g4 Box 4.wmv,min,pre,-8,108088,10,50,15,min_22,"(39600, 41400)",0.019444444,100
16,200728_SEFL17_MildStressor_g4 Box 4.wmv,min,pre,-7,108088,10,50,15,min_23,"(41400, 43200)",0.014444444,100
16,200728_SEFL17_MildStressor_g4 Box 4.wmv,min,pre,-6,108088,10,50,15,min_24,"(43200, 45000)",0.025555556,100
16,200728_SEFL17_MildStressor_g4 Box 4.wmv,min,pre,-5,108088,10,50,15,min_25,"(45000, 46800)",0.036666667,100
16,200728_SEFL17_MildStressor_g4 Box 4.wmv,min,pre,-4,108088,10,50,15,min_26,"(46800, 48600)",0.676111111,98.94444444
16,200728_SEFL17_MildStressor_g4 Box 4.wmv,min,pre,-3,108088,10,50,15,min_27,"(48600, 50400)",0.012777778,100
16,200728_SEFL17_MildStressor_g4 Box 4.wmv,min,pre,-2,108088,10,50,15,min_28,"(50400, 52200)",0.031111111,100
16,200728_SEFL17_MildStressor_g4 Box 4.wmv,min,pre,-1,108088,10,50,15,min_29,"(52200, 54000)",0.022777778,100
16,200728_SEFL17_MildStressor_g4 Box 4.wmv,min,post,0,108088,10,50,15,min_30,"(54000, 55800)",18.73333333,87.22222222
16,200728_SEFL17_MildStressor_g4 Box 4.wmv,min,post,1,108088,10,50,15,min_31,"(55800, 57600)",7.831666667,86.27777778
16,200728_SEFL17_MildStressor_g4 Box 4.wmv,min,post,2,108088,10,50,15,min_32,"(57600, 59400)",3.823333333,95.44444444
16,200728_SEFL17_MildStressor_g4 Box 4.wmv,min,post,3,108088,10,50,15,min_33,"(59400, 61200)",1.100555556,98
16,200728_SEFL17_MildStressor_g4 Box 4.wmv,min,post,4,108088,10,50,15,min_34,"(61200, 63000)",0.032777778,100
16,200728_SEFL17_MildStressor_g4 Box 4.wmv,min,post,5,108088,10,50,15,min_35,"(63000, 64800)",3.638888889,94.72222222
16,200728_SEFL17_MildStressor_g4 Box 4.wmv,min,post,6,108088,10,50,15,min_36,"(64800, 66600)",1.455555556,98.83333333
16,200728_SEFL17_MildStressor_g4 Box 4.wmv,min,post,7,108088,10,50,15,min_37,"(66600, 68400)",0.572222222,99.72222222
16,200728_SEFL17_MildStressor_g4 Box 4.wmv,min,post,8,108088,10,50,15,min_38,"(68400, 70200)",0.025555556,100
16,200728_SEFL17_MildStressor_g4 Box 4.wmv,min,post,9,108088,10,50,15,min_39,"(70200, 72000)",0.026111111,100
16,200728_SEFL17_MildStressor_g4 Box 4.wmv,min,post,10,108088,10,50,15,min_40,"(72000, 73800)",0.041666667,100
16,200728_SEFL17_MildStressor_g4 Box 4.wmv,min,post,11,108088,10,50,15,min_41,"(73800, 75600)",0.026666667,100
16,200728_SEFL17_MildStressor_g4 Box 4.wmv,min,post,12,108088,10,50,15,min_42,"(75600, 77400)",1.787777778,97.22222222
16,200728_SEFL17_MildStressor_g4 Box 4.wmv,min,post,13,108088,10,50,15,min_43,"(77400, 79200)",0.02,100
16,200728_SEFL17_MildStressor_g4 Box 4.wmv,min,post,14,108088,10,50,15,min_44,"(79200, 81000)",4.131111111,92.66666667
16,200728_SEFL17_MildStressor_g4 Box 4.wmv,min,post,15,108088,10,50,15,min_45,"(81000, 82800)",1.538333333,97.44444444
16,200728_SEFL17_MildStressor_g4 Box 4.wmv,min,post,16,108088,10,50,15,min_46,"(82800, 84600)",0.613333333,99.11111111
16,200728_SEFL17_MildStressor_g4 Box 4.wmv,min,post,17,108088,10,50,15,min_47,"(84600, 86400)",0.030555556,100
16,200728_SEFL17_MildStressor_g4 Box 4.wmv,min,post,18,108088,10,50,15,min_48,"(86400, 88200)",0.016666667,100
16,200728_SEFL17_MildStressor_g4 Box 4.wmv,min,post,19,108088,10,50,15,min_49,"(88200, 90000)",0.025555556,100
16,200728_SEFL17_MildStressor_g4 Box 4.wmv,min,post,20,108088,10,50,15,min_50,"(90000, 91800)",0.026111111,100
16,200728_SEFL17_MildStressor_g4 Box 4.wmv,min,post,21,108088,10,50,15,min_51,"(91800, 93600)",0.544444444,99.5
16,200728_SEFL17_MildStressor_g4 Box 4.wmv,min,post,22,108088,10,50,15,min_52,"(93600, 95400)",0.068333333,100
16,200728_SEFL17_MildStressor_g4 Box 4.wmv,min,post,23,108088,10,50,15,min_53,"(95400, 97200)",0.038888889,100
16,200728_SEFL17_MildStressor_g4 Box 4.wmv,min,post,24,108088,10,50,15,min_54,"(97200, 99000)",0.027222222,100
16,200728_SEFL17_MildStressor_g4 Box 4.wmv,min,post,25,108088,10,50,15,min_55,"(99000, 100800)",0.019444444,100
16,200728_SEFL17_MildStressor_g4 Box 4.wmv,min,post,26,108088,10,50,15,min_56,"(100800, 102600)",0.046666667,100
16,200728_SEFL17_MildStressor_g4 Box 4.wmv,min,post,27,108088,10,50,15,min_57,"(102600, 104400)",0.012777778,100
16,200728_SEFL17_MildStressor_g4 Box 4.wmv,min,post,28,108088,10,50,15,min_58,"(104400, 106200)",0.048888889,100
16,200728_SEFL17_MildStressor_g4 Box 4.wmv,min,post,29,108088,10,50,15,min_59,"(106200, 108000)",0.013888889,100
16,200728_SEFL17_MildStressor_g4 Box 4.wmv,noise,pre,-10,108088,10,50,15,sec_1790.0,"(53700, 53706)",0,100
16,200728_SEFL17_MildStressor_g4 Box 4.wmv,noise,pre,-9.8,108088,10,50,15,sec_1790.2,"(53706, 53712)",0,100
16,200728_SEFL17_MildStressor_g4 Box 4.wmv,noise,pre,-9.6,108088,10,50,15,sec_1790.4,"(53712, 53718)",0,100
16,200728_SEFL17_MildStressor_g4 Box 4.wmv,noise,pre,-9.4,108088,10,50,15,sec_1790.6,"(53718, 53724)",0,100
16,200728_SEFL17_MildStressor_g4 Box 4.wmv,noise,pre,-9.2,108088,10,50,15,sec_1790.8,"(53724, 53730)",0,100
16,200728_SEFL17_MildStressor_g4 Box 4.wmv,noise,pre,-9,108088,10,50,15,sec_1791.0,"(53730, 53736)",0,100
16,200728_SEFL17_MildStressor_g4 Box 4.wmv,noise,pre,-8.8,108088,10,50,15,sec_1791.2,"(53736, 53742)",0,100
16,200728_SEFL17_MildStressor_g4 Box 4.wmv,noise,pre,-8.6,108088,10,50,15,sec_1791.4,"(53742, 53748)",0,100
16,200728_SEFL17_MildStressor_g4 Box 4.wmv,noise,pre,-8.4,108088,10,50,15,sec_1791.6,"(53748, 53754)",0,100
16,200728_SEFL17_MildStressor_g4 Box 4.wmv,noise,pre,-8.2,108088,10,50,15,sec_1791.8,"(53754, 53760)",0,100
16,200728_SEFL17_MildStressor_g4 Box 4.wmv,noise,pre,-8,108088,10,50,15,sec_1792.0,"(53760, 53766)",1.166666667,100
16,200728_SEFL17_MildStressor_g4 Box 4.wmv,noise,pre,-7.8,108088,10,50,15,sec_1792.2,"(53766, 53772)",0,100
16,200728_SEFL17_MildStressor_g4 Box 4.wmv,noise,pre,-7.6,108088,10,50,15,sec_1792.4,"(53772, 53778)",0,100
16,200728_SEFL17_MildStressor_g4 Box 4.wmv,noise,pre,-7.4,108088,10,50,15,sec_1792.6,"(53778, 53784)",0,100
16,200728_SEFL17_MildStressor_g4 Box 4.wmv,noise,pre,-7.2,108088,10,50,15,sec_1792.8,"(53784, 53790)",0,100
16,200728_SEFL17_MildStressor_g4 Box 4.wmv,noise,pre,-7,108088,10,50,15,sec_1793.0,"(53790, 53796)",0,100
16,200728_SEFL17_MildStressor_g4 Box 4.wmv,noise,pre,-6.8,108088,10,50,15,sec_1793.2,"(53796, 53802)",0,100
16,200728_SEFL17_MildStressor_g4 Box 4.wmv,noise,pre,-6.6,108088,10,50,15,sec_1793.4,"(53802, 53808)",0,100
16,200728_SEFL17_MildStressor_g4 Box 4.wmv,noise,pre,-6.4,108088,10,50,15,sec_1793.6,"(53808, 53814)",0,100
16,200728_SEFL17_MildStressor_g4 Box 4.wmv,noise,pre,-6.2,108088,10,50,15,sec_1793.8,"(53814, 53820)",0,100
16,200728_SEFL17_MildStressor_g4 Box 4.wmv,noise,pre,-6,108088,10,50,15,sec_1794.0,"(53820, 53826)",0,100
16,200728_SEFL17_MildStressor_g4 Box 4.wmv,noise,pre,-5.8,108088,10,50,15,sec_1794.2,"(53826, 53832)",0,100
16,200728_SEFL17_MildStressor_g4 Box 4.wmv,noise,pre,-5.6,108088,10,50,15,sec_1794.4,"(53832, 53838)",0,100
16,200728_SEFL17_MildStressor_g4 Box 4.wmv,noise,pre,-5.4,108088,10,50,15,sec_1794.6,"(53838, 53844)",0,100
16,200728_SEFL17_MildStressor_g4 Box 4.wmv,noise,pre,-5.2,108088,10,50,15,sec_1794.8,"(53844, 53850)",0,100
16,200728_SEFL17_MildStressor_g4 Box 4.wmv,noise,pre,-5,108088,10,50,15,sec_1795.0,"(53850, 53856)",0,100
16,200728_SEFL17_MildStressor_g4 Box 4.wmv,noise,pre,-4.8,108088,10,50,15,sec_1795.2,"(53856, 53862)",0,100
16,200728_SEFL17_MildStressor_g4 Box 4.wmv,noise,pre,-4.6,108088,10,50,15,sec_1795.4,"(53862, 53868)",0,100
16,200728_SEFL17_MildStressor_g4 Box 4.wmv,noise,pre,-4.4,108088,10,50,15,sec_1795.6,"(53868, 53874)",0,100
16,200728_SEFL17_MildStressor_g4 Box 4.wmv,noise,pre,-4.2,108088,10,50,15,sec_1795.8,"(53874, 53880)",0,100
16,200728_SEFL17_MildStressor_g4 Box 4.wmv,noise,pre,-4,108088,10,50,15,sec_1796.0,"(53880, 53886)",0,100
16,200728_SEFL17_MildStressor_g4 Box 4.wmv,noise,pre,-3.8,108088,10,50,15,sec_1796.2,"(53886, 53892)",0,100
16,200728_SEFL17_MildStressor_g4 Box 4.wmv,noise,pre,-3.6,108088,10,50,15,sec_1796.4,"(53892, 53898)",0,100
16,200728_SEFL17_MildStressor_g4 Box 4.wmv,noise,pre,-3.4,108088,10,50,15,sec_1796.6,"(53898, 53904)",0,100
16,200728_SEFL17_MildStressor_g4 Box 4.wmv,noise,pre,-3.2,108088,10,50,15,sec_1796.8,"(53904, 53910)",0,100
16,200728_SEFL17_MildStressor_g4 Box 4.wmv,noise,pre,-3,108088,10,50,15,sec_1797.0,"(53910, 53916)",0,100
16,200728_SEFL17_MildStressor_g4 Box 4.wmv,noise,pre,-2.8,108088,10,50,15,sec_1797.2,"(53916, 53922)",0,100
16,200728_SEFL17_MildStressor_g4 Box 4.wmv,noise,pre,-2.6,108088,10,50,15,sec_1797.4,"(53922, 53928)",0,100
16,200728_SEFL17_MildStressor_g4 Box 4.wmv,noise,pre,-2.4,108088,10,50,15,sec_1797.6,"(53928, 53934)",0,100
16,200728_SEFL17_MildStressor_g4 Box 4.wmv,noise,pre,-2.2,108088,10,50,15,sec_1797.8,"(53934, 53940)",0,100
16,200728_SEFL17_MildStressor_g4 Box 4.wmv,noise,pre,-2,108088,10,50,15,sec_1798.0,"(53940, 53946)",0,100
16,200728_SEFL17_MildStressor_g4 Box 4.wmv,noise,pre,-1.8,108088,10,50,15,sec_1798.2,"(53946, 53952)",0,100
16,200728_SEFL17_MildStressor_g4 Box 4.wmv,noise,pre,-1.6,108088,10,50,15,sec_1798.4,"(53952, 53958)",0,100
16,200728_SEFL17_MildStressor_g4 Box 4.wmv,noise,pre,-1.4,108088,10,50,15,sec_1798.6,"(53958, 53964)",0,100
16,200728_SEFL17_MildStressor_g4 Box 4.wmv,noise,pre,-1.2,108088,10,50,15,sec_1798.8,"(53964, 53970)",0,100
16,200728_SEFL17_MildStressor_g4 Box 4.wmv,noise,pre,-1,108088,10,50,15,sec_1799.0,"(53970, 53976)",0,100
16,200728_SEFL17_MildStressor_g4 Box 4.wmv,noise,pre,-0.8,108088,10,50,15,sec_1799.2,"(53976, 53982)",0,100
16,200728_SEFL17_MildStressor_g4 Box 4.wmv,noise,pre,-0.6,108088,10,50,15,sec_1799.4,"(53982, 53988)",0,100
16,200728_SEFL17_MildStressor_g4 Box 4.wmv,noise,pre,-0.4,108088,10,50,15,sec_1799.6,"(53988, 53994)",0,100
16,200728_SEFL17_MildStressor_g4 Box 4.wmv,noise,pre,-0.2,108088,10,50,15,sec_1799.8,"(53994, 54000)",0,100
16,200728_SEFL17_MildStressor_g4 Box 4.wmv,noise,noise,-4.09E-14,108088,10,50,15,sec_1800.0,"(54000, 54006)",604.3333333,33.33333333
16,200728_SEFL17_MildStressor_g4 Box 4.wmv,noise,noise,0.2,108088,10,50,15,sec_1800.2,"(54006, 54012)",433.1666667,0
16,200728_SEFL17_MildStressor_g4 Box 4.wmv,noise,noise,0.4,108088,10,50,15,sec_1800.4,"(54012, 54018)",107.6666667,0
16,200728_SEFL17_MildStressor_g4 Box 4.wmv,noise,noise,0.6,108088,10,50,15,sec_1800.6,"(54018, 54024)",359.3333333,0
16,200728_SEFL17_MildStressor_g4 Box 4.wmv,noise,noise,0.8,108088,10,50,15,sec_1800.8,"(54024, 54030)",372.3333333,0
16,200728_SEFL17_MildStressor_g4 Box 4.wmv,noise,noise,1,108088,10,50,15,sec_1801.0,"(54030, 54036)",500,0
16,200728_SEFL17_MildStressor_g4 Box 4.wmv,noise,noise,1.2,108088,10,50,15,sec_1801.2,"(54036, 54042)",1011.333333,0
16,200728_SEFL17_MildStressor_g4 Box 4.wmv,noise,noise,1.4,108088,10,50,15,sec_1801.4,"(54042, 54048)",116.5,0
16,200728_SEFL17_MildStressor_g4 Box 4.wmv,noise,noise,1.6,108088,10,50,15,sec_1801.6,"(54048, 54054)",7.5,0
16,200728_SEFL17_MildStressor_g4 Box 4.wmv,noise,noise,1.8,108088,10,50,15,sec_1801.8,"(54054, 54060)",65.33333333,0
16,200728_SEFL17_MildStressor_g4 Box 4.wmv,noise,noise,2,108088,10,50,15,sec_1802.0,"(54060, 54066)",12.66666667,100
16,200728_SEFL17_MildStressor_g4 Box 4.wmv,noise,noise,2.2,108088,10,50,15,sec_1802.2,"(54066, 54072)",3.5,100
16,200728_SEFL17_MildStressor_g4 Box 4.wmv,noise,noise,2.4,108088,10,50,15,sec_1802.4,"(54072, 54078)",22,100
16,200728_SEFL17_MildStressor_g4 Box 4.wmv,noise,noise,2.6,108088,10,50,15,sec_1802.6,"(54078, 54084)",144.6666667,16.66666667
16,200728_SEFL17_MildStressor_g4 Box 4.wmv,noise,noise,2.8,108088,10,50,15,sec_1802.8,"(54084, 54090)",9,100
16,200728_SEFL17_MildStressor_g4 Box 4.wmv,noise,post,3,108088,10,50,15,sec_1803.0,"(54090, 54096)",0.833333333,100
16,200728_SEFL17_MildStressor_g4 Box 4.wmv,noise,post,3.2,108088,10,50,15,sec_1803.2,"(54096, 54102)",0,100
16,200728_SEFL17_MildStressor_g4 Box 4.wmv,noise,post,3.4,108088,10,50,15,sec_1803.4,"(54102, 54108)",0,100
16,200728_SEFL17_MildStressor_g4 Box 4.wmv,noise,post,3.6,108088,10,50,15,sec_1803.6,"(54108, 54114)",0,100
16,200728_SEFL17_MildStressor_g4 Box 4.wmv,noise,post,3.8,108088,10,50,15,sec_1803.8,"(54114, 54120)",0,100
16,200728_SEFL17_MildStressor_g4 Box 4.wmv,noise,post,4,108088,10,50,15,sec_1804.0,"(54120, 54126)",0,100
16,200728_SEFL17_MildStressor_g4 Box 4.wmv,noise,post,4.2,108088,10,50,15,sec_1804.2,"(54126, 54132)",0,100
16,200728_SEFL17_MildStressor_g4 Box 4.wmv,noise,post,4.4,108088,10,50,15,sec_1804.4,"(54132, 54138)",0,100
16,200728_SEFL17_MildStressor_g4 Box 4.wmv,noise,post,4.6,108088,10,50,15,sec_1804.6,"(54138, 54144)",0,100
16,200728_SEFL17_MildStressor_g4 Box 4.wmv,noise,post,4.8,108088,10,50,15,sec_1804.8,"(54144, 54150)",0,100
16,200728_SEFL17_MildStressor_g4 Box 4.wmv,noise,post,5,108088,10,50,15,sec_1805.0,"(54150, 54156)",0,100
16,200728_SEFL17_MildStressor_g4 Box 4.wmv,noise,post,5.2,108088,10,50,15,sec_1805.2,"(54156, 54162)",0,100
16,200728_SEFL17_MildStressor_g4 Box 4.wmv,noise,post,5.4,108088,10,50,15,sec_1805.4,"(54162, 54168)",0,100
16,200728_SEFL17_MildStressor_g4 Box 4.wmv,noise,post,5.6,108088,10,50,15,sec_1805.6,"(54168, 54174)",0,100
16,200728_SEFL17_MildStressor_g4 Box 4.wmv,noise,post,5.8,108088,10,50,15,sec_1805.8,"(54174, 54180)",0,100
16,200728_SEFL17_MildStressor_g4 Box 4.wmv,noise,post,6,108088,10,50,15,sec_1806.0,"(54180, 54186)",0,100
16,200728_SEFL17_MildStressor_g4 Box 4.wmv,noise,post,6.2,108088,10,50,15,sec_1806.2,"(54186, 54192)",0,100
16,200728_SEFL17_MildStressor_g4 Box 4.wmv,noise,post,6.4,108088,10,50,15,sec_1806.4,"(54192, 54198)",0,100
16,200728_SEFL17_MildStressor_g4 Box 4.wmv,noise,post,6.6,108088,10,50,15,sec_1806.6,"(54198, 54204)",0,100
16,200728_SEFL17_MildStressor_g4 Box 4.wmv,noise,post,6.8,108088,10,50,15,sec_1806.8,"(54204, 54210)",0,100
16,200728_SEFL17_MildStressor_g4 Box 4.wmv,noise,post,7,108088,10,50,15,sec_1807.0,"(54210, 54216)",0,100
16,200728_SEFL17_MildStressor_g4 Box 4.wmv,noise,post,7.2,108088,10,50,15,sec_1807.2,"(54216, 54222)",0,100
16,200728_SEFL17_MildStressor_g4 Box 4.wmv,noise,post,7.4,108088,10,50,15,sec_1807.4,"(54222, 54228)",0,100
16,200728_SEFL17_MildStressor_g4 Box 4.wmv,noise,post,7.6,108088,10,50,15,sec_1807.6,"(54228, 54234)",0,100
16,200728_SEFL17_MildStressor_g4 Box 4.wmv,noise,post,7.8,108088,10,50,15,sec_1807.8,"(54234, 54240)",0,100
16,200728_SEFL17_MildStressor_g4 Box 4.wmv,noise,post,8,108088,10,50,15,sec_1808.0,"(54240, 54246)",1.333333333,100
16,200728_SEFL17_MildStressor_g4 Box 4.wmv,noise,post,8.2,108088,10,50,15,sec_1808.2,"(54246, 54252)",0,100
16,200728_SEFL17_MildStressor_g4 Box 4.wmv,noise,post,8.4,108088,10,50,15,sec_1808.4,"(54252, 54258)",0,100
16,200728_SEFL17_MildStressor_g4 Box 4.wmv,noise,post,8.6,108088,10,50,15,sec_1808.6,"(54258, 54264)",0,100
16,200728_SEFL17_MildStressor_g4 Box 4.wmv,noise,post,8.8,108088,10,50,15,sec_1808.8,"(54264, 54270)",0,100
16,200728_SEFL17_MildStressor_g4 Box 4.wmv,noise,post,9,108088,10,50,15,sec_1809.0,"(54270, 54276)",0,100
16,200728_SEFL17_MildStressor_g4 Box 4.wmv,noise,post,9.2,108088,10,50,15,sec_1809.2,"(54276, 54282)",0,100
16,200728_SEFL17_MildStressor_g4 Box 4.wmv,noise,post,9.4,108088,10,50,15,sec_1809.4,"(54282, 54288)",0,100
16,200728_SEFL17_MildStressor_g4 Box 4.wmv,noise,post,9.6,108088,10,50,15,sec_1809.6,"(54288, 54294)",0,100
16,200728_SEFL17_MildStressor_g4 Box 4.wmv,noise,post,9.8,108088,10,50,15,sec_1809.8,"(54294, 54300)",0,100
16,200728_SEFL17_MildStressor_g4 Box 4.wmv,noise,post,10,108088,10,50,15,sec_1810.0,"(54300, 54306)",0,100
16,200728_SEFL17_MildStressor_g4 Box 4.wmv,noise,post,10.2,108088,10,50,15,sec_1810.2,"(54306, 54312)",0,100
16,200728_SEFL17_MildStressor_g4 Box 4.wmv,noise,post,10.4,108088,10,50,15,sec_1810.4,"(54312, 54318)",0,100
16,200728_SEFL17_MildStressor_g4 Box 4.wmv,noise,post,10.6,108088,10,50,15,sec_1810.6,"(54318, 54324)",0,100
16,200728_SEFL17_MildStressor_g4 Box 4.wmv,noise,post,10.8,108088,10,50,15,sec_1810.8,"(54324, 54330)",0,100
16,200728_SEFL17_MildStressor_g4 Box 4.wmv,noise,post,11,108088,10,50,15,sec_1811.0,"(54330, 54336)",0,100
16,200728_SEFL17_MildStressor_g4 Box 4.wmv,noise,post,11.2,108088,10,50,15,sec_1811.2,"(54336, 54342)",0,100
16,200728_SEFL17_MildStressor_g4 Box 4.wmv,noise,post,11.4,108088,10,50,15,sec_1811.4,"(54342, 54348)",0,100
16,200728_SEFL17_MildStressor_g4 Box 4.wmv,noise,post,11.6,108088,10,50,15,sec_1811.6,"(54348, 54354)",0,100
16,200728_SEFL17_MildStressor_g4 Box 4.wmv,noise,post,11.8,108088,10,50,15,sec_1811.8,"(54354, 54360)",0,100
16,200728_SEFL17_MildStressor_g4 Box 4.wmv,noise,post,12,108088,10,50,15,sec_1812.0,"(54360, 54366)",0,100
16,200728_SEFL17_MildStressor_g4 Box 4.wmv,noise,post,12.2,108088,10,50,15,sec_1812.2,"(54366, 54372)",0,100
16,200728_SEFL17_MildStressor_g4 Box 4.wmv,noise,post,12.4,108088,10,50,15,sec_1812.4,"(54372, 54378)",0,100
16,200728_SEFL17_MildStressor_g4 Box 4.wmv,noise,post,12.6,108088,10,50,15,sec_1812.6,"(54378, 54384)",0,100
16,200728_SEFL17_MildStressor_g4 Box 4.wmv,noise,post,12.8,108088,10,50,15,sec_1812.8,"(54384, 54390)",0,100
17,200729_SEFL17_MildStressor_g5(01) Box 1.wmv,min,pre,-30,108087,10,50,15,min_0,"(0, 1800)",13.685,81.27777778
17,200729_SEFL17_MildStressor_g5(01) Box 1.wmv,min,pre,-29,108087,10,50,15,min_1,"(1800, 3600)",125.58,34.38888889
17,200729_SEFL17_MildStressor_g5(01) Box 1.wmv,min,pre,-28,108087,10,50,15,min_2,"(3600, 5400)",9.406666667,90.88888889
17,200729_SEFL17_MildStressor_g5(01) Box 1.wmv,min,pre,-27,108087,10,50,15,min_3,"(5400, 7200)",3.831111111,95.88888889
17,200729_SEFL17_MildStressor_g5(01) Box 1.wmv,min,pre,-26,108087,10,50,15,min_4,"(7200, 9000)",3.711111111,94.83333333
17,200729_SEFL17_MildStressor_g5(01) Box 1.wmv,min,pre,-25,108087,10,50,15,min_5,"(9000, 10800)",1.14,98.44444444
17,200729_SEFL17_MildStressor_g5(01) Box 1.wmv,min,pre,-24,108087,10,50,15,min_6,"(10800, 12600)",1.789444444,96.66666667
17,200729_SEFL17_MildStressor_g5(01) Box 1.wmv,min,pre,-23,108087,10,50,15,min_7,"(12600, 14400)",0.018888889,100
17,200729_SEFL17_MildStressor_g5(01) Box 1.wmv,min,pre,-22,108087,10,50,15,min_8,"(14400, 16200)",0.039444444,100
17,200729_SEFL17_MildStressor_g5(01) Box 1.wmv,min,pre,-21,108087,10,50,15,min_9,"(16200, 18000)",0.006666667,100
17,200729_SEFL17_MildStressor_g5(01) Box 1.wmv,min,pre,-20,108087,10,50,15,min_10,"(18000, 19800)",0.023333333,100
17,200729_SEFL17_MildStressor_g5(01) Box 1.wmv,min,pre,-19,108087,10,50,15,min_11,"(19800, 21600)",2.466666667,95.88888889
17,200729_SEFL17_MildStressor_g5(01) Box 1.wmv,min,pre,-18,108087,10,50,15,min_12,"(21600, 23400)",1.973888889,97.55555556
17,200729_SEFL17_MildStressor_g5(01) Box 1.wmv,min,pre,-17,108087,10,50,15,min_13,"(23400, 25200)",0.021666667,100
17,200729_SEFL17_MildStressor_g5(01) Box 1.wmv,min,pre,-16,108087,10,50,15,min_14,"(25200, 27000)",0.027777778,100
17,200729_SEFL17_MildStressor_g5(01) Box 1.wmv,min,pre,-15,108087,10,50,15,min_15,"(27000, 28800)",0.021666667,100
17,200729_SEFL17_MildStressor_g5(01) Box 1.wmv,min,pre,-14,108087,10,50,15,min_16,"(28800, 30600)",2.800555556,93.61111111
17,200729_SEFL17_MildStressor_g5(01) Box 1.wmv,min,pre,-13,108087,10,50,15,min_17,"(30600, 32400)",0.871111111,99.05555556
17,200729_SEFL17_MildStressor_g5(01) Box 1.wmv,min,pre,-12,108087,10,50,15,min_18,"(32400, 34200)",0.809444444,99.61111111
17,200729_SEFL17_MildStressor_g5(01) Box 1.wmv,min,pre,-11,108087,10,50,15,min_19,"(34200, 36000)",0.051111111,100
17,200729_SEFL17_MildStressor_g5(01) Box 1.wmv,min,pre,-10,108087,10,50,15,min_20,"(36000, 37800)",0.030555556,100
17,200729_SEFL17_MildStressor_g5(01) Box 1.wmv,min,pre,-9,108087,10,50,15,min_21,"(37800, 39600)",0.010555556,100
17,200729_SEFL17_MildStressor_g5(01) Box 1.wmv,min,pre,-8,108087,10,50,15,min_22,"(39600, 41400)",1.575,98.16666667
17,200729_SEFL17_MildStressor_g5(01) Box 1.wmv,min,pre,-7,108087,10,50,15,min_23,"(41400, 43200)",0.016666667,100
17,200729_SEFL17_MildStressor_g5(01) Box 1.wmv,min,pre,-6,108087,10,50,15,min_24,"(43200, 45000)",0.033888889,100
17,200729_SEFL17_MildStressor_g5(01) Box 1.wmv,min,pre,-5,108087,10,50,15,min_25,"(45000, 46800)",6.102222222,89.77777778
17,200729_SEFL17_MildStressor_g5(01) Box 1.wmv,min,pre,-4,108087,10,50,15,min_26,"(46800, 48600)",11.29666667,82.77777778
17,200729_SEFL17_MildStressor_g5(01) Box 1.wmv,min,pre,-3,108087,10,50,15,min_27,"(48600, 50400)",0.410555556,99.55555556
17,200729_SEFL17_MildStressor_g5(01) Box 1.wmv,min,pre,-2,108087,10,50,15,min_28,"(50400, 52200)",6.608333333,87.5
17,200729_SEFL17_MildStressor_g5(01) Box 1.wmv,min,pre,-1,108087,10,50,15,min_29,"(52200, 54000)",0.263888889,99.5
17,200729_SEFL17_MildStressor_g5(01) Box 1.wmv,min,post,0,108087,10,50,15,min_30,"(54000, 55800)",115.7127778,36.77777778
17,200729_SEFL17_MildStressor_g5(01) Box 1.wmv,min,post,1,108087,10,50,15,min_31,"(55800, 57600)",69.00388889,42.94444444
17,200729_SEFL17_MildStressor_g5(01) Box 1.wmv,min,post,2,108087,10,50,15,min_32,"(57600, 59400)",76.275,45.94444444
17,200729_SEFL17_MildStressor_g5(01) Box 1.wmv,min,post,3,108087,10,50,15,min_33,"(59400, 61200)",48.70277778,40.5
17,200729_SEFL17_MildStressor_g5(01) Box 1.wmv,min,post,4,108087,10,50,15,min_34,"(61200, 63000)",192.6061111,8.722222222
17,200729_SEFL17_MildStressor_g5(01) Box 1.wmv,min,post,5,108087,10,50,15,min_35,"(63000, 64800)",153.6177778,13.38888889
17,200729_SEFL17_MildStressor_g5(01) Box 1.wmv,min,post,6,108087,10,50,15,min_36,"(64800, 66600)",136.195,28.33333333
17,200729_SEFL17_MildStressor_g5(01) Box 1.wmv,min,post,7,108087,10,50,15,min_37,"(66600, 68400)",36.01833333,55.22222222
17,200729_SEFL17_MildStressor_g5(01) Box 1.wmv,min,post,8,108087,10,50,15,min_38,"(68400, 70200)",31.00277778,60.66666667
17,200729_SEFL17_MildStressor_g5(01) Box 1.wmv,min,post,9,108087,10,50,15,min_39,"(70200, 72000)",79.41888889,20.83333333
17,200729_SEFL17_MildStressor_g5(01) Box 1.wmv,min,post,10,108087,10,50,15,min_40,"(72000, 73800)",49.74333333,31.72222222
17,200729_SEFL17_MildStressor_g5(01) Box 1.wmv,min,post,11,108087,10,50,15,min_41,"(73800, 75600)",33.56166667,50.94444444
17,200729_SEFL17_MildStressor_g5(01) Box 1.wmv,min,post,12,108087,10,50,15,min_42,"(75600, 77400)",48.10444444,46.94444444
17,200729_SEFL17_MildStressor_g5(01) Box 1.wmv,min,post,13,108087,10,50,15,min_43,"(77400, 79200)",18.09444444,74.33333333
17,200729_SEFL17_MildStressor_g5(01) Box 1.wmv,min,post,14,108087,10,50,15,min_44,"(79200, 81000)",1.604444444,96.88888889
17,200729_SEFL17_MildStressor_g5(01) Box 1.wmv,min,post,15,108087,10,50,15,min_45,"(81000, 82800)",1.304444444,98.55555556
17,200729_SEFL17_MildStressor_g5(01) Box 1.wmv,min,post,16,108087,10,50,15,min_46,"(82800, 84600)",0.779444444,99.66666667
17,200729_SEFL17_MildStressor_g5(01) Box 1.wmv,min,post,17,108087,10,50,15,min_47,"(84600, 86400)",0.024444444,100
17,200729_SEFL17_MildStressor_g5(01) Box 1.wmv,min,post,18,108087,10,50,15,min_48,"(86400, 88200)",0.023888889,100
17,200729_SEFL17_MildStressor_g5(01) Box 1.wmv,min,post,19,108087,10,50,15,min_49,"(88200, 90000)",2.282777778,98.5
17,200729_SEFL17_MildStressor_g5(01) Box 1.wmv,min,post,20,108087,10,50,15,min_50,"(90000, 91800)",0.008333333,100
17,200729_SEFL17_MildStressor_g5(01) Box 1.wmv,min,post,21,108087,10,50,15,min_51,"(91800, 93600)",0.343888889,99.77777778
17,200729_SEFL17_MildStressor_g5(01) Box 1.wmv,min,post,22,108087,10,50,15,min_52,"(93600, 95400)",0.024444444,100
17,200729_SEFL17_MildStressor_g5(01) Box 1.wmv,min,post,23,108087,10,50,15,min_53,"(95400, 97200)",0.356111111,99.88888889
17,200729_SEFL17_MildStressor_g5(01) Box 1.wmv,min,post,24,108087,10,50,15,min_54,"(97200, 99000)",0.046666667,100
17,200729_SEFL17_MildStressor_g5(01) Box 1.wmv,min,post,25,108087,10,50,15,min_55,"(99000, 100800)",0.028888889,100
17,200729_SEFL17_MildStressor_g5(01) Box 1.wmv,min,post,26,108087,10,50,15,min_56,"(100800, 102600)",0.146666667,100
17,200729_SEFL17_MildStressor_g5(01) Box 1.wmv,min,post,27,108087,10,50,15,min_57,"(102600, 104400)",0.119444444,100
17,200729_SEFL17_MildStressor_g5(01) Box 1.wmv,min,post,28,108087,10,50,15,min_58,"(104400, 106200)",4.26,93
17,200729_SEFL17_MildStressor_g5(01) Box 1.wmv,min,post,29,108087,10,50,15,min_59,"(106200, 108000)",5.134444444,88.66666667
17,200729_SEFL17_MildStressor_g5(01) Box 1.wmv,noise,pre,-10,108087,10,50,15,sec_1790.0,"(53700, 53706)",0,100
17,200729_SEFL17_MildStressor_g5(01) Box 1.wmv,noise,pre,-9.8,108087,10,50,15,sec_1790.2,"(53706, 53712)",0,100
17,200729_SEFL17_MildStressor_g5(01) Box 1.wmv,noise,pre,-9.6,108087,10,50,15,sec_1790.4,"(53712, 53718)",0,100
17,200729_SEFL17_MildStressor_g5(01) Box 1.wmv,noise,pre,-9.4,108087,10,50,15,sec_1790.6,"(53718, 53724)",0,100
17,200729_SEFL17_MildStressor_g5(01) Box 1.wmv,noise,pre,-9.2,108087,10,50,15,sec_1790.8,"(53724, 53730)",0,100
17,200729_SEFL17_MildStressor_g5(01) Box 1.wmv,noise,pre,-9,108087,10,50,15,sec_1791.0,"(53730, 53736)",0,100
17,200729_SEFL17_MildStressor_g5(01) Box 1.wmv,noise,pre,-8.8,108087,10,50,15,sec_1791.2,"(53736, 53742)",0,100
17,200729_SEFL17_MildStressor_g5(01) Box 1.wmv,noise,pre,-8.6,108087,10,50,15,sec_1791.4,"(53742, 53748)",0,100
17,200729_SEFL17_MildStressor_g5(01) Box 1.wmv,noise,pre,-8.4,108087,10,50,15,sec_1791.6,"(53748, 53754)",0,100
17,200729_SEFL17_MildStressor_g5(01) Box 1.wmv,noise,pre,-8.2,108087,10,50,15,sec_1791.8,"(53754, 53760)",0,100
17,200729_SEFL17_MildStressor_g5(01) Box 1.wmv,noise,pre,-8,108087,10,50,15,sec_1792.0,"(53760, 53766)",0.5,100
17,200729_SEFL17_MildStressor_g5(01) Box 1.wmv,noise,pre,-7.8,108087,10,50,15,sec_1792.2,"(53766, 53772)",0,100
17,200729_SEFL17_MildStressor_g5(01) Box 1.wmv,noise,pre,-7.6,108087,10,50,15,sec_1792.4,"(53772, 53778)",0,100
17,200729_SEFL17_MildStressor_g5(01) Box 1.wmv,noise,pre,-7.4,108087,10,50,15,sec_1792.6,"(53778, 53784)",0,100
17,200729_SEFL17_MildStressor_g5(01) Box 1.wmv,noise,pre,-7.2,108087,10,50,15,sec_1792.8,"(53784, 53790)",0,100
17,200729_SEFL17_MildStressor_g5(01) Box 1.wmv,noise,pre,-7,108087,10,50,15,sec_1793.0,"(53790, 53796)",0,100
17,200729_SEFL17_MildStressor_g5(01) Box 1.wmv,noise,pre,-6.8,108087,10,50,15,sec_1793.2,"(53796, 53802)",0,100
17,200729_SEFL17_MildStressor_g5(01) Box 1.wmv,noise,pre,-6.6,108087,10,50,15,sec_1793.4,"(53802, 53808)",0,100
17,200729_SEFL17_MildStressor_g5(01) Box 1.wmv,noise,pre,-6.4,108087,10,50,15,sec_1793.6,"(53808, 53814)",0,100
17,200729_SEFL17_MildStressor_g5(01) Box 1.wmv,noise,pre,-6.2,108087,10,50,15,sec_1793.8,"(53814, 53820)",0,100
17,200729_SEFL17_MildStressor_g5(01) Box 1.wmv,noise,pre,-6,108087,10,50,15,sec_1794.0,"(53820, 53826)",0,100
17,200729_SEFL17_MildStressor_g5(01) Box 1.wmv,noise,pre,-5.8,108087,10,50,15,sec_1794.2,"(53826, 53832)",0,100
17,200729_SEFL17_MildStressor_g5(01) Box 1.wmv,noise,pre,-5.6,108087,10,50,15,sec_1794.4,"(53832, 53838)",0,100
17,200729_SEFL17_MildStressor_g5(01) Box 1.wmv,noise,pre,-5.4,108087,10,50,15,sec_1794.6,"(53838, 53844)",0,100
17,200729_SEFL17_MildStressor_g5(01) Box 1.wmv,noise,pre,-5.2,108087,10,50,15,sec_1794.8,"(53844, 53850)",0,100
17,200729_SEFL17_MildStressor_g5(01) Box 1.wmv,noise,pre,-5,108087,10,50,15,sec_1795.0,"(53850, 53856)",0,100
17,200729_SEFL17_MildStressor_g5(01) Box 1.wmv,noise,pre,-4.8,108087,10,50,15,sec_1795.2,"(53856, 53862)",0,100
17,200729_SEFL17_MildStressor_g5(01) Box 1.wmv,noise,pre,-4.6,108087,10,50,15,sec_1795.4,"(53862, 53868)",0,100
17,200729_SEFL17_MildStressor_g5(01) Box 1.wmv,noise,pre,-4.4,108087,10,50,15,sec_1795.6,"(53868, 53874)",0,100
17,200729_SEFL17_MildStressor_g5(01) Box 1.wmv,noise,pre,-4.2,108087,10,50,15,sec_1795.8,"(53874, 53880)",0,100
17,200729_SEFL17_MildStressor_g5(01) Box 1.wmv,noise,pre,-4,108087,10,50,15,sec_1796.0,"(53880, 53886)",0,100
17,200729_SEFL17_MildStressor_g5(01) Box 1.wmv,noise,pre,-3.8,108087,10,50,15,sec_1796.2,"(53886, 53892)",0,100
17,200729_SEFL17_MildStressor_g5(01) Box 1.wmv,noise,pre,-3.6,108087,10,50,15,sec_1796.4,"(53892, 53898)",0,100
17,200729_SEFL17_MildStressor_g5(01) Box 1.wmv,noise,pre,-3.4,108087,10,50,15,sec_1796.6,"(53898, 53904)",0,100
17,200729_SEFL17_MildStressor_g5(01) Box 1.wmv,noise,pre,-3.2,108087,10,50,15,sec_1796.8,"(53904, 53910)",0,100
17,200729_SEFL17_MildStressor_g5(01) Box 1.wmv,noise,pre,-3,108087,10,50,15,sec_1797.0,"(53910, 53916)",0,100
17,200729_SEFL17_MildStressor_g5(01) Box 1.wmv,noise,pre,-2.8,108087,10,50,15,sec_1797.2,"(53916, 53922)",0,100
17,200729_SEFL17_MildStressor_g5(01) Box 1.wmv,noise,pre,-2.6,108087,10,50,15,sec_1797.4,"(53922, 53928)",0,100
17,200729_SEFL17_MildStressor_g5(01) Box 1.wmv,noise,pre,-2.4,108087,10,50,15,sec_1797.6,"(53928, 53934)",0,100
17,200729_SEFL17_MildStressor_g5(01) Box 1.wmv,noise,pre,-2.2,108087,10,50,15,sec_1797.8,"(53934, 53940)",0,100
17,200729_SEFL17_MildStressor_g5(01) Box 1.wmv,noise,pre,-2,108087,10,50,15,sec_1798.0,"(53940, 53946)",0,100
17,200729_SEFL17_MildStressor_g5(01) Box 1.wmv,noise,pre,-1.8,108087,10,50,15,sec_1798.2,"(53946, 53952)",0.166666667,100
17,200729_SEFL17_MildStressor_g5(01) Box 1.wmv,noise,pre,-1.6,108087,10,50,15,sec_1798.4,"(53952, 53958)",0,100
17,200729_SEFL17_MildStressor_g5(01) Box 1.wmv,noise,pre,-1.4,108087,10,50,15,sec_1798.6,"(53958, 53964)",0.166666667,100
17,200729_SEFL17_MildStressor_g5(01) Box 1.wmv,noise,pre,-1.2,108087,10,50,15,sec_1798.8,"(53964, 53970)",0,100
17,200729_SEFL17_MildStressor_g5(01) Box 1.wmv,noise,pre,-1,108087,10,50,15,sec_1799.0,"(53970, 53976)",0,100
17,200729_SEFL17_MildStressor_g5(01) Box 1.wmv,noise,pre,-0.8,108087,10,50,15,sec_1799.2,"(53976, 53982)",0,100
17,200729_SEFL17_MildStressor_g5(01) Box 1.wmv,noise,pre,-0.6,108087,10,50,15,sec_1799.4,"(53982, 53988)",0,100
17,200729_SEFL17_MildStressor_g5(01) Box 1.wmv,noise,pre,-0.4,108087,10,50,15,sec_1799.6,"(53988, 53994)",0,100
17,200729_SEFL17_MildStressor_g5(01) Box 1.wmv,noise,pre,-0.2,108087,10,50,15,sec_1799.8,"(53994, 54000)",0,100
17,200729_SEFL17_MildStressor_g5(01) Box 1.wmv,noise,noise,-4.09E-14,108087,10,50,15,sec_1800.0,"(54000, 54006)",552.3333333,33.33333333
17,200729_SEFL17_MildStressor_g5(01) Box 1.wmv,noise,noise,0.2,108087,10,50,15,sec_1800.2,"(54006, 54012)",639.6666667,0
17,200729_SEFL17_MildStressor_g5(01) Box 1.wmv,noise,noise,0.4,108087,10,50,15,sec_1800.4,"(54012, 54018)",602.8333333,0
17,200729_SEFL17_MildStressor_g5(01) Box 1.wmv,noise,noise,0.6,108087,10,50,15,sec_1800.6,"(54018, 54024)",775.1666667,0
17,200729_SEFL17_MildStressor_g5(01) Box 1.wmv,noise,noise,0.8,108087,10,50,15,sec_1800.8,"(54024, 54030)",142.3333333,33.33333333
17,200729_SEFL17_MildStressor_g5(01) Box 1.wmv,noise,noise,1,108087,10,50,15,sec_1801.0,"(54030, 54036)",8.5,100
17,200729_SEFL17_MildStressor_g5(01) Box 1.wmv,noise,noise,1.2,108087,10,50,15,sec_1801.2,"(54036, 54042)",3.833333333,100
17,200729_SEFL17_MildStressor_g5(01) Box 1.wmv,noise,noise,1.4,108087,10,50,15,sec_1801.4,"(54042, 54048)",2.5,100
17,200729_SEFL17_MildStressor_g5(01) Box 1.wmv,noise,noise,1.6,108087,10,50,15,sec_1801.6,"(54048, 54054)",10.33333333,100
17,200729_SEFL17_MildStressor_g5(01) Box 1.wmv,noise,noise,1.8,108087,10,50,15,sec_1801.8,"(54054, 54060)",413,16.66666667
17,200729_SEFL17_MildStressor_g5(01) Box 1.wmv,noise,noise,2,108087,10,50,15,sec_1802.0,"(54060, 54066)",70.5,50
17,200729_SEFL17_MildStressor_g5(01) Box 1.wmv,noise,noise,2.2,108087,10,50,15,sec_1802.2,"(54066, 54072)",0,100
17,200729_SEFL17_MildStressor_g5(01) Box 1.wmv,noise,noise,2.4,108087,10,50,15,sec_1802.4,"(54072, 54078)",0,100
17,200729_SEFL17_MildStressor_g5(01) Box 1.wmv,noise,noise,2.6,108087,10,50,15,sec_1802.6,"(54078, 54084)",0,100
17,200729_SEFL17_MildStressor_g5(01) Box 1.wmv,noise,noise,2.8,108087,10,50,15,sec_1802.8,"(54084, 54090)",0,100
17,200729_SEFL17_MildStressor_g5(01) Box 1.wmv,noise,post,3,108087,10,50,15,sec_1803.0,"(54090, 54096)",0,100
17,200729_SEFL17_MildStressor_g5(01) Box 1.wmv,noise,post,3.2,108087,10,50,15,sec_1803.2,"(54096, 54102)",0,100
17,200729_SEFL17_MildStressor_g5(01) Box 1.wmv,noise,post,3.4,108087,10,50,15,sec_1803.4,"(54102, 54108)",0,100
17,200729_SEFL17_MildStressor_g5(01) Box 1.wmv,noise,post,3.6,108087,10,50,15,sec_1803.6,"(54108, 54114)",0,100
17,200729_SEFL17_MildStressor_g5(01) Box 1.wmv,noise,post,3.8,108087,10,50,15,sec_1803.8,"(54114, 54120)",0,100
17,200729_SEFL17_MildStressor_g5(01) Box 1.wmv,noise,post,4,108087,10,50,15,sec_1804.0,"(54120, 54126)",0,100
17,200729_SEFL17_MildStressor_g5(01) Box 1.wmv,noise,post,4.2,108087,10,50,15,sec_1804.2,"(54126, 54132)",0,100
17,200729_SEFL17_MildStressor_g5(01) Box 1.wmv,noise,post,4.4,108087,10,50,15,sec_1804.4,"(54132, 54138)",0,100
17,200729_SEFL17_MildStressor_g5(01) Box 1.wmv,noise,post,4.6,108087,10,50,15,sec_1804.6,"(54138, 54144)",0,100
17,200729_SEFL17_MildStressor_g5(01) Box 1.wmv,noise,post,4.8,108087,10,50,15,sec_1804.8,"(54144, 54150)",0,100
17,200729_SEFL17_MildStressor_g5(01) Box 1.wmv,noise,post,5,108087,10,50,15,sec_1805.0,"(54150, 54156)",14,83.33333333
17,200729_SEFL17_MildStressor_g5(01) Box 1.wmv,noise,post,5.2,108087,10,50,15,sec_1805.2,"(54156, 54162)",0,100
17,200729_SEFL17_MildStressor_g5(01) Box 1.wmv,noise,post,5.4,108087,10,50,15,sec_1805.4,"(54162, 54168)",0,100
17,200729_SEFL17_MildStressor_g5(01) Box 1.wmv,noise,post,5.6,108087,10,50,15,sec_1805.6,"(54168, 54174)",3,100
17,200729_SEFL17_MildStressor_g5(01) Box 1.wmv,noise,post,5.8,108087,10,50,15,sec_1805.8,"(54174, 54180)",7.166666667,100
17,200729_SEFL17_MildStressor_g5(01) Box 1.wmv,noise,post,6,108087,10,50,15,sec_1806.0,"(54180, 54186)",0,100
17,200729_SEFL17_MildStressor_g5(01) Box 1.wmv,noise,post,6.2,108087,10,50,15,sec_1806.2,"(54186, 54192)",0,100
17,200729_SEFL17_MildStressor_g5(01) Box 1.wmv,noise,post,6.4,108087,10,50,15,sec_1806.4,"(54192, 54198)",0,100
17,200729_SEFL17_MildStressor_g5(01) Box 1.wmv,noise,post,6.6,108087,10,50,15,sec_1806.6,"(54198, 54204)",0,100
17,200729_SEFL17_MildStressor_g5(01) Box 1.wmv,noise,post,6.8,108087,10,50,15,sec_1806.8,"(54204, 54210)",0,100
17,200729_SEFL17_MildStressor_g5(01) Box 1.wmv,noise,post,7,108087,10,50,15,sec_1807.0,"(54210, 54216)",0,100
17,200729_SEFL17_MildStressor_g5(01) Box 1.wmv,noise,post,7.2,108087,10,50,15,sec_1807.2,"(54216, 54222)",0,100
17,200729_SEFL17_MildStressor_g5(01) Box 1.wmv,noise,post,7.4,108087,10,50,15,sec_1807.4,"(54222, 54228)",33.5,66.66666667
17,200729_SEFL17_MildStressor_g5(01) Box 1.wmv,noise,post,7.6,108087,10,50,15,sec_1807.6,"(54228, 54234)",0,100
17,200729_SEFL17_MildStressor_g5(01) Box 1.wmv,noise,post,7.8,108087,10,50,15,sec_1807.8,"(54234, 54240)",0,100
17,200729_SEFL17_MildStressor_g5(01) Box 1.wmv,noise,post,8,108087,10,50,15,sec_1808.0,"(54240, 54246)",0.833333333,100
17,200729_SEFL17_MildStressor_g5(01) Box 1.wmv,noise,post,8.2,108087,10,50,15,sec_1808.2,"(54246, 54252)",0,100
17,200729_SEFL17_MildStressor_g5(01) Box 1.wmv,noise,post,8.4,108087,10,50,15,sec_1808.4,"(54252, 54258)",0,100
17,200729_SEFL17_MildStressor_g5(01) Box 1.wmv,noise,post,8.6,108087,10,50,15,sec_1808.6,"(54258, 54264)",0,100
17,200729_SEFL17_MildStressor_g5(01) Box 1.wmv,noise,post,8.8,108087,10,50,15,sec_1808.8,"(54264, 54270)",0,100
17,200729_SEFL17_MildStressor_g5(01) Box 1.wmv,noise,post,9,108087,10,50,15,sec_1809.0,"(54270, 54276)",0,100
17,200729_SEFL17_MildStressor_g5(01) Box 1.wmv,noise,post,9.2,108087,10,50,15,sec_1809.2,"(54276, 54282)",0.833333333,100
17,200729_SEFL17_MildStressor_g5(01) Box 1.wmv,noise,post,9.4,108087,10,50,15,sec_1809.4,"(54282, 54288)",0,100
17,200729_SEFL17_MildStressor_g5(01) Box 1.wmv,noise,post,9.6,108087,10,50,15,sec_1809.6,"(54288, 54294)",0,100
17,200729_SEFL17_MildStressor_g5(01) Box 1.wmv,noise,post,9.8,108087,10,50,15,sec_1809.8,"(54294, 54300)",0,100
17,200729_SEFL17_MildStressor_g5(01) Box 1.wmv,noise,post,10,108087,10,50,15,sec_1810.0,"(54300, 54306)",0,100
17,200729_SEFL17_MildStressor_g5(01) Box 1.wmv,noise,post,10.2,108087,10,50,15,sec_1810.2,"(54306, 54312)",8,100
17,200729_SEFL17_MildStressor_g5(01) Box 1.wmv,noise,post,10.4,108087,10,50,15,sec_1810.4,"(54312, 54318)",2,100
17,200729_SEFL17_MildStressor_g5(01) Box 1.wmv,noise,post,10.6,108087,10,50,15,sec_1810.6,"(54318, 54324)",0,100
17,200729_SEFL17_MildStressor_g5(01) Box 1.wmv,noise,post,10.8,108087,10,50,15,sec_1810.8,"(54324, 54330)",0,100
17,200729_SEFL17_MildStressor_g5(01) Box 1.wmv,noise,post,11,108087,10,50,15,sec_1811.0,"(54330, 54336)",57,50
17,200729_SEFL17_MildStressor_g5(01) Box 1.wmv,noise,post,11.2,108087,10,50,15,sec_1811.2,"(54336, 54342)",69.33333333,0
17,200729_SEFL17_MildStressor_g5(01) Box 1.wmv,noise,post,11.4,108087,10,50,15,sec_1811.4,"(54342, 54348)",68.5,0
17,200729_SEFL17_MildStressor_g5(01) Box 1.wmv,noise,post,11.6,108087,10,50,15,sec_1811.6,"(54348, 54354)",63,0
17,200729_SEFL17_MildStressor_g5(01) Box 1.wmv,noise,post,11.8,108087,10,50,15,sec_1811.8,"(54354, 54360)",28,0
17,200729_SEFL17_MildStressor_g5(01) Box 1.wmv,noise,post,12,108087,10,50,15,sec_1812.0,"(54360, 54366)",16.33333333,0
17,200729_SEFL17_MildStressor_g5(01) Box 1.wmv,noise,post,12.2,108087,10,50,15,sec_1812.2,"(54366, 54372)",62.5,0
17,200729_SEFL17_MildStressor_g5(01) Box 1.wmv,noise,post,12.4,108087,10,50,15,sec_1812.4,"(54372, 54378)",102.6666667,0
17,200729_SEFL17_MildStressor_g5(01) Box 1.wmv,noise,post,12.6,108087,10,50,15,sec_1812.6,"(54378, 54384)",130.8333333,0
17,200729_SEFL17_MildStressor_g5(01) Box 1.wmv,noise,post,12.8,108087,10,50,15,sec_1812.8,"(54384, 54390)",60.66666667,0
18,200729_SEFL17_MildStressor_g5(01) Box 2.wmv,min,pre,-30,108088,10,50,15,min_0,"(0, 1800)",224.1977778,24.38888889
18,200729_SEFL17_MildStressor_g5(01) Box 2.wmv,min,pre,-29,108088,10,50,15,min_1,"(1800, 3600)",67.36777778,26.77777778
18,200729_SEFL17_MildStressor_g5(01) Box 2.wmv,min,pre,-28,108088,10,50,15,min_2,"(3600, 5400)",51.25555556,39.94444444
18,200729_SEFL17_MildStressor_g5(01) Box 2.wmv,min,pre,-27,108088,10,50,15,min_3,"(5400, 7200)",123.3855556,49.77777778
18,200729_SEFL17_MildStressor_g5(01) Box 2.wmv,min,pre,-26,108088,10,50,15,min_4,"(7200, 9000)",433.7661111,3.555555556
18,200729_SEFL17_MildStressor_g5(01) Box 2.wmv,min,pre,-25,108088,10,50,15,min_5,"(9000, 10800)",136.9938889,22.33333333
18,200729_SEFL17_MildStressor_g5(01) Box 2.wmv,min,pre,-24,108088,10,50,15,min_6,"(10800, 12600)",131.4077778,45.05555556
18,200729_SEFL17_MildStressor_g5(01) Box 2.wmv,min,pre,-23,108088,10,50,15,min_7,"(12600, 14400)",215.6188889,5.944444444
18,200729_SEFL17_MildStressor_g5(01) Box 2.wmv,min,pre,-22,108088,10,50,15,min_8,"(14400, 16200)",148.2027778,17
18,200729_SEFL17_MildStressor_g5(01) Box 2.wmv,min,pre,-21,108088,10,50,15,min_9,"(16200, 18000)",194.2372222,10.88888889
18,200729_SEFL17_MildStressor_g5(01) Box 2.wmv,min,pre,-20,108088,10,50,15,min_10,"(18000, 19800)",56.17444444,55.72222222
18,200729_SEFL17_MildStressor_g5(01) Box 2.wmv,min,pre,-19,108088,10,50,15,min_11,"(19800, 21600)",104.1827778,14.5
18,200729_SEFL17_MildStressor_g5(01) Box 2.wmv,min,pre,-18,108088,10,50,15,min_12,"(21600, 23400)",186.2666667,4.277777778
18,200729_SEFL17_MildStressor_g5(01) Box 2.wmv,min,pre,-17,108088,10,50,15,min_13,"(23400, 25200)",95.73333333,40.05555556
18,200729_SEFL17_MildStressor_g5(01) Box 2.wmv,min,pre,-16,108088,10,50,15,min_14,"(25200, 27000)",116.1127778,23.5
18,200729_SEFL17_MildStressor_g5(01) Box 2.wmv,min,pre,-15,108088,10,50,15,min_15,"(27000, 28800)",484.8822222,0
18,200729_SEFL17_MildStressor_g5(01) Box 2.wmv,min,pre,-14,108088,10,50,15,min_16,"(28800, 30600)",366.6005556,0
18,200729_SEFL17_MildStressor_g5(01) Box 2.wmv,min,pre,-13,108088,10,50,15,min_17,"(30600, 32400)",205.7227778,21.88888889
18,200729_SEFL17_MildStressor_g5(01) Box 2.wmv,min,pre,-12,108088,10,50,15,min_18,"(32400, 34200)",69.02944444,30.66666667
18,200729_SEFL17_MildStressor_g5(01) Box 2.wmv,min,pre,-11,108088,10,50,15,min_19,"(34200, 36000)",95.31388889,23.33333333
18,200729_SEFL17_MildStressor_g5(01) Box 2.wmv,min,pre,-10,108088,10,50,15,min_20,"(36000, 37800)",98.97,20.05555556
18,200729_SEFL17_MildStressor_g5(01) Box 2.wmv,min,pre,-9,108088,10,50,15,min_21,"(37800, 39600)",93.45166667,58.16666667
18,200729_SEFL17_MildStressor_g5(01) Box 2.wmv,min,pre,-8,108088,10,50,15,min_22,"(39600, 41400)",5.983888889,91.88888889
18,200729_SEFL17_MildStressor_g5(01) Box 2.wmv,min,pre,-7,108088,10,50,15,min_23,"(41400, 43200)",3.983888889,97.16666667
18,200729_SEFL17_MildStressor_g5(01) Box 2.wmv,min,pre,-6,108088,10,50,15,min_24,"(43200, 45000)",10.58,84.11111111
18,200729_SEFL17_MildStressor_g5(01) Box 2.wmv,min,pre,-5,108088,10,50,15,min_25,"(45000, 46800)",63.26944444,71.16666667
18,200729_SEFL17_MildStressor_g5(01) Box 2.wmv,min,pre,-4,108088,10,50,15,min_26,"(46800, 48600)",17.73555556,71.77777778
18,200729_SEFL17_MildStressor_g5(01) Box 2.wmv,min,pre,-3,108088,10,50,15,min_27,"(48600, 50400)",9.411666667,89.11111111
18,200729_SEFL17_MildStressor_g5(01) Box 2.wmv,min,pre,-2,108088,10,50,15,min_28,"(50400, 52200)",11.84277778,88.22222222
18,200729_SEFL17_MildStressor_g5(01) Box 2.wmv,min,pre,-1,108088,10,50,15,min_29,"(52200, 54000)",150.5838889,7.888888889
18,200729_SEFL17_MildStressor_g5(01) Box 2.wmv,min,post,0,108088,10,50,15,min_30,"(54000, 55800)",174.3594444,16.33333333
18,200729_SEFL17_MildStressor_g5(01) Box 2.wmv,min,post,1,108088,10,50,15,min_31,"(55800, 57600)",313.6622222,4.111111111
18,200729_SEFL17_MildStressor_g5(01) Box 2.wmv,min,post,2,108088,10,50,15,min_32,"(57600, 59400)",296.0822222,1.944444444
18,200729_SEFL17_MildStressor_g5(01) Box 2.wmv,min,post,3,108088,10,50,15,min_33,"(59400, 61200)",280.1044444,3.5
18,200729_SEFL17_MildStressor_g5(01) Box 2.wmv,min,post,4,108088,10,50,15,min_34,"(61200, 63000)",328.6788889,3.5
18,200729_SEFL17_MildStressor_g5(01) Box 2.wmv,min,post,5,108088,10,50,15,min_35,"(63000, 64800)",222.505,9.777777778
18,200729_SEFL17_MildStressor_g5(01) Box 2.wmv,min,post,6,108088,10,50,15,min_36,"(64800, 66600)",218.6377778,7.444444444
18,200729_SEFL17_MildStressor_g5(01) Box 2.wmv,min,post,7,108088,10,50,15,min_37,"(66600, 68400)",256.9383333,1
18,200729_SEFL17_MildStressor_g5(01) Box 2.wmv,min,post,8,108088,10,50,15,min_38,"(68400, 70200)",226.2516667,14.22222222
18,200729_SEFL17_MildStressor_g5(01) Box 2.wmv,min,post,9,108088,10,50,15,min_39,"(70200, 72000)",259.8905556,28.94444444
18,200729_SEFL17_MildStressor_g5(01) Box 2.wmv,min,post,10,108088,10,50,15,min_40,"(72000, 73800)",302.2,3.666666667
18,200729_SEFL17_MildStressor_g5(01) Box 2.wmv,min,post,11,108088,10,50,15,min_41,"(73800, 75600)",226.9727778,10.94444444
18,200729_SEFL17_MildStressor_g5(01) Box 2.wmv,min,post,12,108088,10,50,15,min_42,"(75600, 77400)",70.11333333,43.61111111
18,200729_SEFL17_MildStressor_g5(01) Box 2.wmv,min,post,13,108088,10,50,15,min_43,"(77400, 79200)",33.90222222,60.5
18,200729_SEFL17_MildStressor_g5(01) Box 2.wmv,min,post,14,108088,10,50,15,min_44,"(79200, 81000)",58.85111111,17.16666667
18,200729_SEFL17_MildStressor_g5(01) Box 2.wmv,min,post,15,108088,10,50,15,min_45,"(81000, 82800)",104.9961111,19.05555556
18,200729_SEFL17_MildStressor_g5(01) Box 2.wmv,min,post,16,108088,10,50,15,min_46,"(82800, 84600)",104.9222222,17.88888889
18,200729_SEFL17_MildStressor_g5(01) Box 2.wmv,min,post,17,108088,10,50,15,min_47,"(84600, 86400)",96.64777778,5.555555556
18,200729_SEFL17_MildStressor_g5(01) Box 2.wmv,min,post,18,108088,10,50,15,min_48,"(86400, 88200)",162.2855556,10.55555556
18,200729_SEFL17_MildStressor_g5(01) Box 2.wmv,min,post,19,108088,10,50,15,min_49,"(88200, 90000)",142.5377778,1.111111111
18,200729_SEFL17_MildStressor_g5(01) Box 2.wmv,min,post,20,108088,10,50,15,min_50,"(90000, 91800)",3.896111111,95.44444444
18,200729_SEFL17_MildStressor_g5(01) Box 2.wmv,min,post,21,108088,10,50,15,min_51,"(91800, 93600)",5.397777778,93.83333333
18,200729_SEFL17_MildStressor_g5(01) Box 2.wmv,min,post,22,108088,10,50,15,min_52,"(93600, 95400)",0.026666667,100
18,200729_SEFL17_MildStressor_g5(01) Box 2.wmv,min,post,23,108088,10,50,15,min_53,"(95400, 97200)",6.076111111,91.16666667
18,200729_SEFL17_MildStressor_g5(01) Box 2.wmv,min,post,24,108088,10,50,15,min_54,"(97200, 99000)",4.637777778,95.77777778
18,200729_SEFL17_MildStressor_g5(01) Box 2.wmv,min,post,25,108088,10,50,15,min_55,"(99000, 100800)",0.301111111,99.83333333
18,200729_SEFL17_MildStressor_g5(01) Box 2.wmv,min,post,26,108088,10,50,15,min_56,"(100800, 102600)",0.02,100
18,200729_SEFL17_MildStressor_g5(01) Box 2.wmv,min,post,27,108088,10,50,15,min_57,"(102600, 104400)",0.033333333,100
18,200729_SEFL17_MildStressor_g5(01) Box 2.wmv,min,post,28,108088,10,50,15,min_58,"(104400, 106200)",0.459444444,98.83333333
18,200729_SEFL17_MildStressor_g5(01) Box 2.wmv,min,post,29,108088,10,50,15,min_59,"(106200, 108000)",0.019444444,100
18,200729_SEFL17_MildStressor_g5(01) Box 2.wmv,noise,pre,-10,108088,10,50,15,sec_1790.0,"(53700, 53706)",67.5,0
18,200729_SEFL17_MildStressor_g5(01) Box 2.wmv,noise,pre,-9.8,108088,10,50,15,sec_1790.2,"(53706, 53712)",18.33333333,0
18,200729_SEFL17_MildStressor_g5(01) Box 2.wmv,noise,pre,-9.6,108088,10,50,15,sec_1790.4,"(53712, 53718)",68.16666667,0
18,200729_SEFL17_MildStressor_g5(01) Box 2.wmv,noise,pre,-9.4,108088,10,50,15,sec_1790.6,"(53718, 53724)",11.66666667,0
18,200729_SEFL17_MildStressor_g5(01) Box 2.wmv,noise,pre,-9.2,108088,10,50,15,sec_1790.8,"(53724, 53730)",40.66666667,0
18,200729_SEFL17_MildStressor_g5(01) Box 2.wmv,noise,pre,-9,108088,10,50,15,sec_1791.0,"(53730, 53736)",24.16666667,0
18,200729_SEFL17_MildStressor_g5(01) Box 2.wmv,noise,pre,-8.8,108088,10,50,15,sec_1791.2,"(53736, 53742)",109,0
18,200729_SEFL17_MildStressor_g5(01) Box 2.wmv,noise,pre,-8.6,108088,10,50,15,sec_1791.4,"(53742, 53748)",145.3333333,0
18,200729_SEFL17_MildStressor_g5(01) Box 2.wmv,noise,pre,-8.4,108088,10,50,15,sec_1791.6,"(53748, 53754)",26.16666667,0
18,200729_SEFL17_MildStressor_g5(01) Box 2.wmv,noise,pre,-8.2,108088,10,50,15,sec_1791.8,"(53754, 53760)",135.8333333,0
18,200729_SEFL17_MildStressor_g5(01) Box 2.wmv,noise,pre,-8,108088,10,50,15,sec_1792.0,"(53760, 53766)",96,0
18,200729_SEFL17_MildStressor_g5(01) Box 2.wmv,noise,pre,-7.8,108088,10,50,15,sec_1792.2,"(53766, 53772)",159.3333333,0
18,200729_SEFL17_MildStressor_g5(01) Box 2.wmv,noise,pre,-7.6,108088,10,50,15,sec_1792.4,"(53772, 53778)",288.1666667,0
18,200729_SEFL17_MildStressor_g5(01) Box 2.wmv,noise,pre,-7.4,108088,10,50,15,sec_1792.6,"(53778, 53784)",208.1666667,0
18,200729_SEFL17_MildStressor_g5(01) Box 2.wmv,noise,pre,-7.2,108088,10,50,15,sec_1792.8,"(53784, 53790)",264.6666667,0
18,200729_SEFL17_MildStressor_g5(01) Box 2.wmv,noise,pre,-7,108088,10,50,15,sec_1793.0,"(53790, 53796)",98.5,0
18,200729_SEFL17_MildStressor_g5(01) Box 2.wmv,noise,pre,-6.8,108088,10,50,15,sec_1793.2,"(53796, 53802)",129.6666667,0
18,200729_SEFL17_MildStressor_g5(01) Box 2.wmv,noise,pre,-6.6,108088,10,50,15,sec_1793.4,"(53802, 53808)",198.8333333,0
18,200729_SEFL17_MildStressor_g5(01) Box 2.wmv,noise,pre,-6.4,108088,10,50,15,sec_1793.6,"(53808, 53814)",50.33333333,0
18,200729_SEFL17_MildStressor_g5(01) Box 2.wmv,noise,pre,-6.2,108088,10,50,15,sec_1793.8,"(53814, 53820)",26.33333333,0
18,200729_SEFL17_MildStressor_g5(01) Box 2.wmv,noise,pre,-6,108088,10,50,15,sec_1794.0,"(53820, 53826)",110.6666667,0
18,200729_SEFL17_MildStressor_g5(01) Box 2.wmv,noise,pre,-5.8,108088,10,50,15,sec_1794.2,"(53826, 53832)",185.8333333,0
18,200729_SEFL17_MildStressor_g5(01) Box 2.wmv,noise,pre,-5.6,108088,10,50,15,sec_1794.4,"(53832, 53838)",625.8333333,0
18,200729_SEFL17_MildStressor_g5(01) Box 2.wmv,noise,pre,-5.4,108088,10,50,15,sec_1794.6,"(53838, 53844)",578,0
18,200729_SEFL17_MildStressor_g5(01) Box 2.wmv,noise,pre,-5.2,108088,10,50,15,sec_1794.8,"(53844, 53850)",341.5,0
18,200729_SEFL17_MildStressor_g5(01) Box 2.wmv,noise,pre,-5,108088,10,50,15,sec_1795.0,"(53850, 53856)",214.6666667,0
18,200729_SEFL17_MildStressor_g5(01) Box 2.wmv,noise,pre,-4.8,108088,10,50,15,sec_1795.2,"(53856, 53862)",477,0
18,200729_SEFL17_MildStressor_g5(01) Box 2.wmv,noise,pre,-4.6,108088,10,50,15,sec_1795.4,"(53862, 53868)",263,0
18,200729_SEFL17_MildStressor_g5(01) Box 2.wmv,noise,pre,-4.4,108088,10,50,15,sec_1795.6,"(53868, 53874)",172.5,0
18,200729_SEFL17_MildStressor_g5(01) Box 2.wmv,noise,pre,-4.2,108088,10,50,15,sec_1795.8,"(53874, 53880)",315.3333333,0
18,200729_SEFL17_MildStressor_g5(01) Box 2.wmv,noise,pre,-4,108088,10,50,15,sec_1796.0,"(53880, 53886)",126,0
18,200729_SEFL17_MildStressor_g5(01) Box 2.wmv,noise,pre,-3.8,108088,10,50,15,sec_1796.2,"(53886, 53892)",144.6666667,0
18,200729_SEFL17_MildStressor_g5(01) Box 2.wmv,noise,pre,-3.6,108088,10,50,15,sec_1796.4,"(53892, 53898)",268.5,0
18,200729_SEFL17_MildStressor_g5(01) Box 2.wmv,noise,pre,-3.4,108088,10,50,15,sec_1796.6,"(53898, 53904)",253.8333333,0
18,200729_SEFL17_MildStressor_g5(01) Box 2.wmv,noise,pre,-3.2,108088,10,50,15,sec_1796.8,"(53904, 53910)",33.66666667,0
18,200729_SEFL17_MildStressor_g5(01) Box 2.wmv,noise,pre,-3,108088,10,50,15,sec_1797.0,"(53910, 53916)",291.5,0
18,200729_SEFL17_MildStressor_g5(01) Box 2.wmv,noise,pre,-2.8,108088,10,50,15,sec_1797.2,"(53916, 53922)",537.8333333,0
18,200729_SEFL17_MildStressor_g5(01) Box 2.wmv,noise,pre,-2.6,108088,10,50,15,sec_1797.4,"(53922, 53928)",438,0
18,200729_SEFL17_MildStressor_g5(01) Box 2.wmv,noise,pre,-2.4,108088,10,50,15,sec_1797.6,"(53928, 53934)",184.3333333,0
18,200729_SEFL17_MildStressor_g5(01) Box 2.wmv,noise,pre,-2.2,108088,10,50,15,sec_1797.8,"(53934, 53940)",97.33333333,0
18,200729_SEFL17_MildStressor_g5(01) Box 2.wmv,noise,pre,-2,108088,10,50,15,sec_1798.0,"(53940, 53946)",120.3333333,0
18,200729_SEFL17_MildStressor_g5(01) Box 2.wmv,noise,pre,-1.8,108088,10,50,15,sec_1798.2,"(53946, 53952)",81.33333333,0
18,200729_SEFL17_MildStressor_g5(01) Box 2.wmv,noise,pre,-1.6,108088,10,50,15,sec_1798.4,"(53952, 53958)",39.66666667,0
18,200729_SEFL17_MildStressor_g5(01) Box 2.wmv,noise,pre,-1.4,108088,10,50,15,sec_1798.6,"(53958, 53964)",24.33333333,0
18,200729_SEFL17_MildStressor_g5(01) Box 2.wmv,noise,pre,-1.2,108088,10,50,15,sec_1798.8,"(53964, 53970)",35.66666667,0
18,200729_SEFL17_MildStressor_g5(01) Box 2.wmv,noise,pre,-1,108088,10,50,15,sec_1799.0,"(53970, 53976)",36.83333333,0
18,200729_SEFL17_MildStressor_g5(01) Box 2.wmv,noise,pre,-0.8,108088,10,50,15,sec_1799.2,"(53976, 53982)",211.5,0
18,200729_SEFL17_MildStressor_g5(01) Box 2.wmv,noise,pre,-0.6,108088,10,50,15,sec_1799.4,"(53982, 53988)",137.6666667,0
18,200729_SEFL17_MildStressor_g5(01) Box 2.wmv,noise,pre,-0.4,108088,10,50,15,sec_1799.6,"(53988, 53994)",28.33333333,0
18,200729_SEFL17_MildStressor_g5(01) Box 2.wmv,noise,pre,-0.2,108088,10,50,15,sec_1799.8,"(53994, 54000)",32.5,0
18,200729_SEFL17_MildStressor_g5(01) Box 2.wmv,noise,noise,-4.09E-14,108088,10,50,15,sec_1800.0,"(54000, 54006)",2502.333333,0
18,200729_SEFL17_MildStressor_g5(01) Box 2.wmv,noise,noise,0.2,108088,10,50,15,sec_1800.2,"(54006, 54012)",7061,0
18,200729_SEFL17_MildStressor_g5(01) Box 2.wmv,noise,noise,0.4,108088,10,50,15,sec_1800.4,"(54012, 54018)",1922.833333,0
18,200729_SEFL17_MildStressor_g5(01) Box 2.wmv,noise,noise,0.6,108088,10,50,15,sec_1800.6,"(54018, 54024)",813.5,0
18,200729_SEFL17_MildStressor_g5(01) Box 2.wmv,noise,noise,0.8,108088,10,50,15,sec_1800.8,"(54024, 54030)",1666,0
18,200729_SEFL17_MildStressor_g5(01) Box 2.wmv,noise,noise,1,108088,10,50,15,sec_1801.0,"(54030, 54036)",1654,0
18,200729_SEFL17_MildStressor_g5(01) Box 2.wmv,noise,noise,1.2,108088,10,50,15,sec_1801.2,"(54036, 54042)",462.3333333,0
18,200729_SEFL17_MildStressor_g5(01) Box 2.wmv,noise,noise,1.4,108088,10,50,15,sec_1801.4,"(54042, 54048)",4.5,0
18,200729_SEFL17_MildStressor_g5(01) Box 2.wmv,noise,noise,1.6,108088,10,50,15,sec_1801.6,"(54048, 54054)",59.33333333,0
18,200729_SEFL17_MildStressor_g5(01) Box 2.wmv,noise,noise,1.8,108088,10,50,15,sec_1801.8,"(54054, 54060)",517,0
18,200729_SEFL17_MildStressor_g5(01) Box 2.wmv,noise,noise,2,108088,10,50,15,sec_1802.0,"(54060, 54066)",295.3333333,0
18,200729_SEFL17_MildStressor_g5(01) Box 2.wmv,noise,noise,2.2,108088,10,50,15,sec_1802.2,"(54066, 54072)",16.33333333,50
18,200729_SEFL17_MildStressor_g5(01) Box 2.wmv,noise,noise,2.4,108088,10,50,15,sec_1802.4,"(54072, 54078)",0.666666667,100
18,200729_SEFL17_MildStressor_g5(01) Box 2.wmv,noise,noise,2.6,108088,10,50,15,sec_1802.6,"(54078, 54084)",0,100
18,200729_SEFL17_MildStressor_g5(01) Box 2.wmv,noise,noise,2.8,108088,10,50,15,sec_1802.8,"(54084, 54090)",0,100
18,200729_SEFL17_MildStressor_g5(01) Box 2.wmv,noise,post,3,108088,10,50,15,sec_1803.0,"(54090, 54096)",0.833333333,100
18,200729_SEFL17_MildStressor_g5(01) Box 2.wmv,noise,post,3.2,108088,10,50,15,sec_1803.2,"(54096, 54102)",0,100
18,200729_SEFL17_MildStressor_g5(01) Box 2.wmv,noise,post,3.4,108088,10,50,15,sec_1803.4,"(54102, 54108)",0,100
18,200729_SEFL17_MildStressor_g5(01) Box 2.wmv,noise,post,3.6,108088,10,50,15,sec_1803.6,"(54108, 54114)",0,100
18,200729_SEFL17_MildStressor_g5(01) Box 2.wmv,noise,post,3.8,108088,10,50,15,sec_1803.8,"(54114, 54120)",0,100
18,200729_SEFL17_MildStressor_g5(01) Box 2.wmv,noise,post,4,108088,10,50,15,sec_1804.0,"(54120, 54126)",0,100
18,200729_SEFL17_MildStressor_g5(01) Box 2.wmv,noise,post,4.2,108088,10,50,15,sec_1804.2,"(54126, 54132)",0,100
18,200729_SEFL17_MildStressor_g5(01) Box 2.wmv,noise,post,4.4,108088,10,50,15,sec_1804.4,"(54132, 54138)",0,100
18,200729_SEFL17_MildStressor_g5(01) Box 2.wmv,noise,post,4.6,108088,10,50,15,sec_1804.6,"(54138, 54144)",32.83333333,83.33333333
18,200729_SEFL17_MildStressor_g5(01) Box 2.wmv,noise,post,4.8,108088,10,50,15,sec_1804.8,"(54144, 54150)",4.833333333,100
18,200729_SEFL17_MildStressor_g5(01) Box 2.wmv,noise,post,5,108088,10,50,15,sec_1805.0,"(54150, 54156)",1.666666667,100
18,200729_SEFL17_MildStressor_g5(01) Box 2.wmv,noise,post,5.2,108088,10,50,15,sec_1805.2,"(54156, 54162)",0,100
18,200729_SEFL17_MildStressor_g5(01) Box 2.wmv,noise,post,5.4,108088,10,50,15,sec_1805.4,"(54162, 54168)",28.5,16.66666667
18,200729_SEFL17_MildStressor_g5(01) Box 2.wmv,noise,post,5.6,108088,10,50,15,sec_1805.6,"(54168, 54174)",0.666666667,0
18,200729_SEFL17_MildStressor_g5(01) Box 2.wmv,noise,post,5.8,108088,10,50,15,sec_1805.8,"(54174, 54180)",17.83333333,0
18,200729_SEFL17_MildStressor_g5(01) Box 2.wmv,noise,post,6,108088,10,50,15,sec_1806.0,"(54180, 54186)",117,0
18,200729_SEFL17_MildStressor_g5(01) Box 2.wmv,noise,post,6.2,108088,10,50,15,sec_1806.2,"(54186, 54192)",151.1666667,0
18,200729_SEFL17_MildStressor_g5(01) Box 2.wmv,noise,post,6.4,108088,10,50,15,sec_1806.4,"(54192, 54198)",283.3333333,0
18,200729_SEFL17_MildStressor_g5(01) Box 2.wmv,noise,post,6.6,108088,10,50,15,sec_1806.6,"(54198, 54204)",81.66666667,0
18,200729_SEFL17_MildStressor_g5(01) Box 2.wmv,noise,post,6.8,108088,10,50,15,sec_1806.8,"(54204, 54210)",41.5,0
18,200729_SEFL17_MildStressor_g5(01) Box 2.wmv,noise,post,7,108088,10,50,15,sec_1807.0,"(54210, 54216)",80.33333333,0
18,200729_SEFL17_MildStressor_g5(01) Box 2.wmv,noise,post,7.2,108088,10,50,15,sec_1807.2,"(54216, 54222)",68.5,0
18,200729_SEFL17_MildStressor_g5(01) Box 2.wmv,noise,post,7.4,108088,10,50,15,sec_1807.4,"(54222, 54228)",105.8333333,0
18,200729_SEFL17_MildStressor_g5(01) Box 2.wmv,noise,post,7.6,108088,10,50,15,sec_1807.6,"(54228, 54234)",1,0
18,200729_SEFL17_MildStressor_g5(01) Box 2.wmv,noise,post,7.8,108088,10,50,15,sec_1807.8,"(54234, 54240)",1.5,0
18,200729_SEFL17_MildStressor_g5(01) Box 2.wmv,noise,post,8,108088,10,50,15,sec_1808.0,"(54240, 54246)",248.3333333,0
18,200729_SEFL17_MildStressor_g5(01) Box 2.wmv,noise,post,8.2,108088,10,50,15,sec_1808.2,"(54246, 54252)",80.5,33.33333333
18,200729_SEFL17_MildStressor_g5(01) Box 2.wmv,noise,post,8.4,108088,10,50,15,sec_1808.4,"(54252, 54258)",7.333333333,100
18,200729_SEFL17_MildStressor_g5(01) Box 2.wmv,noise,post,8.6,108088,10,50,15,sec_1808.6,"(54258, 54264)",11,100
18,200729_SEFL17_MildStressor_g5(01) Box 2.wmv,noise,post,8.8,108088,10,50,15,sec_1808.8,"(54264, 54270)",51.83333333,16.66666667
18,200729_SEFL17_MildStressor_g5(01) Box 2.wmv,noise,post,9,108088,10,50,15,sec_1809.0,"(54270, 54276)",88,0
18,200729_SEFL17_MildStressor_g5(01) Box 2.wmv,noise,post,9.2,108088,10,50,15,sec_1809.2,"(54276, 54282)",226.1666667,0
18,200729_SEFL17_MildStressor_g5(01) Box 2.wmv,noise,post,9.4,108088,10,50,15,sec_1809.4,"(54282, 54288)",163,0
18,200729_SEFL17_MildStressor_g5(01) Box 2.wmv,noise,post,9.6,108088,10,50,15,sec_1809.6,"(54288, 54294)",29.16666667,83.33333333
18,200729_SEFL17_MildStressor_g5(01) Box 2.wmv,noise,post,9.8,108088,10,50,15,sec_1809.8,"(54294, 54300)",7.333333333,100
18,200729_SEFL17_MildStressor_g5(01) Box 2.wmv,noise,post,10,108088,10,50,15,sec_1810.0,"(54300, 54306)",35.33333333,83.33333333
18,200729_SEFL17_MildStressor_g5(01) Box 2.wmv,noise,post,10.2,108088,10,50,15,sec_1810.2,"(54306, 54312)",26.5,100
18,200729_SEFL17_MildStressor_g5(01) Box 2.wmv,noise,post,10.4,108088,10,50,15,sec_1810.4,"(54312, 54318)",9,100
18,200729_SEFL17_MildStressor_g5(01) Box 2.wmv,noise,post,10.6,108088,10,50,15,sec_1810.6,"(54318, 54324)",1.833333333,100
18,200729_SEFL17_MildStressor_g5(01) Box 2.wmv,noise,post,10.8,108088,10,50,15,sec_1810.8,"(54324, 54330)",5.5,100
18,200729_SEFL17_MildStressor_g5(01) Box 2.wmv,noise,post,11,108088,10,50,15,sec_1811.0,"(54330, 54336)",29.16666667,83.33333333
18,200729_SEFL17_MildStressor_g5(01) Box 2.wmv,noise,post,11.2,108088,10,50,15,sec_1811.2,"(54336, 54342)",141.5,0
18,200729_SEFL17_MildStressor_g5(01) Box 2.wmv,noise,post,11.4,108088,10,50,15,sec_1811.4,"(54342, 54348)",81.33333333,0
18,200729_SEFL17_MildStressor_g5(01) Box 2.wmv,noise,post,11.6,108088,10,50,15,sec_1811.6,"(54348, 54354)",0,0
18,200729_SEFL17_MildStressor_g5(01) Box 2.wmv,noise,post,11.8,108088,10,50,15,sec_1811.8,"(54354, 54360)",136.1666667,0
18,200729_SEFL17_MildStressor_g5(01) Box 2.wmv,noise,post,12,108088,10,50,15,sec_1812.0,"(54360, 54366)",111,0
18,200729_SEFL17_MildStressor_g5(01) Box 2.wmv,noise,post,12.2,108088,10,50,15,sec_1812.2,"(54366, 54372)",70.33333333,0
18,200729_SEFL17_MildStressor_g5(01) Box 2.wmv,noise,post,12.4,108088,10,50,15,sec_1812.4,"(54372, 54378)",135.5,0
18,200729_SEFL17_MildStressor_g5(01) Box 2.wmv,noise,post,12.6,108088,10,50,15,sec_1812.6,"(54378, 54384)",28.83333333,0
18,200729_SEFL17_MildStressor_g5(01) Box 2.wmv,noise,post,12.8,108088,10,50,15,sec_1812.8,"(54384, 54390)",51.16666667,0
19,200729_SEFL17_MildStressor_g5(01) Box 3.wmv,min,pre,-30,108088,10,50,15,min_0,"(0, 1800)",0.012777778,99.94444444
19,200729_SEFL17_MildStressor_g5(01) Box 3.wmv,min,pre,-29,108088,10,50,15,min_1,"(1800, 3600)",0.783333333,98.11111111
19,200729_SEFL17_MildStressor_g5(01) Box 3.wmv,min,pre,-28,108088,10,50,15,min_2,"(3600, 5400)",0.082222222,99.94444444
19,200729_SEFL17_MildStressor_g5(01) Box 3.wmv,min,pre,-27,108088,10,50,15,min_3,"(5400, 7200)",1.577777778,97.38888889
19,200729_SEFL17_MildStressor_g5(01) Box 3.wmv,min,pre,-26,108088,10,50,15,min_4,"(7200, 9000)",0.016111111,100
19,200729_SEFL17_MildStressor_g5(01) Box 3.wmv,min,pre,-25,108088,10,50,15,min_5,"(9000, 10800)",10.70055556,91.94444444
19,200729_SEFL17_MildStressor_g5(01) Box 3.wmv,min,pre,-24,108088,10,50,15,min_6,"(10800, 12600)",22.05833333,83.38888889
19,200729_SEFL17_MildStressor_g5(01) Box 3.wmv,min,pre,-23,108088,10,50,15,min_7,"(12600, 14400)",0.37,99.77777778
19,200729_SEFL17_MildStressor_g5(01) Box 3.wmv,min,pre,-22,108088,10,50,15,min_8,"(14400, 16200)",0.008888889,100
19,200729_SEFL17_MildStressor_g5(01) Box 3.wmv,min,pre,-21,108088,10,50,15,min_9,"(16200, 18000)",0.003888889,100
19,200729_SEFL17_MildStressor_g5(01) Box 3.wmv,min,pre,-20,108088,10,50,15,min_10,"(18000, 19800)",0.012777778,100
19,200729_SEFL17_MildStressor_g5(01) Box 3.wmv,min,pre,-19,108088,10,50,15,min_11,"(19800, 21600)",0.03,100
19,200729_SEFL17_MildStressor_g5(01) Box 3.wmv,min,pre,-18,108088,10,50,15,min_12,"(21600, 23400)",2.928888889,96.33333333
19,200729_SEFL17_MildStressor_g5(01) Box 3.wmv,min,pre,-17,108088,10,50,15,min_13,"(23400, 25200)",89.73888889,35.94444444
19,200729_SEFL17_MildStressor_g5(01) Box 3.wmv,min,pre,-16,108088,10,50,15,min_14,"(25200, 27000)",47.97611111,27.83333333
19,200729_SEFL17_MildStressor_g5(01) Box 3.wmv,min,pre,-15,108088,10,50,15,min_15,"(27000, 28800)",49.43333333,31.77777778
19,200729_SEFL17_MildStressor_g5(01) Box 3.wmv,min,pre,-14,108088,10,50,15,min_16,"(28800, 30600)",140.5144444,17.33333333
19,200729_SEFL17_MildStressor_g5(01) Box 3.wmv,min,pre,-13,108088,10,50,15,min_17,"(30600, 32400)",9.758333333,91.66666667
19,200729_SEFL17_MildStressor_g5(01) Box 3.wmv,min,pre,-12,108088,10,50,15,min_18,"(32400, 34200)",7.621111111,95.72222222
19,200729_SEFL17_MildStressor_g5(01) Box 3.wmv,min,pre,-11,108088,10,50,15,min_19,"(34200, 36000)",47.78,59.5
19,200729_SEFL17_MildStressor_g5(01) Box 3.wmv,min,pre,-10,108088,10,50,15,min_20,"(36000, 37800)",85.10722222,10.66666667
19,200729_SEFL17_MildStressor_g5(01) Box 3.wmv,min,pre,-9,108088,10,50,15,min_21,"(37800, 39600)",121.1616667,37.5
19,200729_SEFL17_MildStressor_g5(01) Box 3.wmv,min,pre,-8,108088,10,50,15,min_22,"(39600, 41400)",2.284444444,97.44444444
19,200729_SEFL17_MildStressor_g5(01) Box 3.wmv,min,pre,-7,108088,10,50,15,min_23,"(41400, 43200)",0.01,100
19,200729_SEFL17_MildStressor_g5(01) Box 3.wmv,min,pre,-6,108088,10,50,15,min_24,"(43200, 45000)",0.035,100
19,200729_SEFL17_MildStressor_g5(01) Box 3.wmv,min,pre,-5,108088,10,50,15,min_25,"(45000, 46800)",0.016111111,100
19,200729_SEFL17_MildStressor_g5(01) Box 3.wmv,min,pre,-4,108088,10,50,15,min_26,"(46800, 48600)",0.003888889,100
19,200729_SEFL17_MildStressor_g5(01) Box 3.wmv,min,pre,-3,108088,10,50,15,min_27,"(48600, 50400)",0.013333333,100
19,200729_SEFL17_MildStressor_g5(01) Box 3.wmv,min,pre,-2,108088,10,50,15,min_28,"(50400, 52200)",0.873333333,99.61111111
19,200729_SEFL17_MildStressor_g5(01) Box 3.wmv,min,pre,-1,108088,10,50,15,min_29,"(52200, 54000)",7.742222222,91.94444444
19,200729_SEFL17_MildStressor_g5(01) Box 3.wmv,min,post,0,108088,10,50,15,min_30,"(54000, 55800)",171.2427778,26.77777778
19,200729_SEFL17_MildStressor_g5(01) Box 3.wmv,min,post,1,108088,10,50,15,min_31,"(55800, 57600)",94.18888889,31.94444444
19,200729_SEFL17_MildStressor_g5(01) Box 3.wmv,min,post,2,108088,10,50,15,min_32,"(57600, 59400)",220.24,12.22222222
19,200729_SEFL17_MildStressor_g5(01) Box 3.wmv,min,post,3,108088,10,50,15,min_33,"(59400, 61200)",177.3861111,16.61111111
19,200729_SEFL17_MildStressor_g5(01) Box 3.wmv,min,post,4,108088,10,50,15,min_34,"(61200, 63000)",207.61,18.33333333
19,200729_SEFL17_MildStressor_g5(01) Box 3.wmv,min,post,5,108088,10,50,15,min_35,"(63000, 64800)",153.4672222,16.61111111
19,200729_SEFL17_MildStressor_g5(01) Box 3.wmv,min,post,6,108088,10,50,15,min_36,"(64800, 66600)",44.28111111,66.66666667
19,200729_SEFL17_MildStressor_g5(01) Box 3.wmv,min,post,7,108088,10,50,15,min_37,"(66600, 68400)",96.73611111,26.66666667
19,200729_SEFL17_MildStressor_g5(01) Box 3.wmv,min,post,8,108088,10,50,15,min_38,"(68400, 70200)",189.1266667,7.888888889
19,200729_SEFL17_MildStressor_g5(01) Box 3.wmv,min,post,9,108088,10,50,15,min_39,"(70200, 72000)",149.3855556,19.94444444
19,200729_SEFL17_MildStressor_g5(01) Box 3.wmv,min,post,10,108088,10,50,15,min_40,"(72000, 73800)",32.695,79.16666667
19,200729_SEFL17_MildStressor_g5(01) Box 3.wmv,min,post,11,108088,10,50,15,min_41,"(73800, 75600)",17.94111111,77.22222222
19,200729_SEFL17_MildStressor_g5(01) Box 3.wmv,min,post,12,108088,10,50,15,min_42,"(75600, 77400)",90.25166667,45.72222222
19,200729_SEFL17_MildStressor_g5(01) Box 3.wmv,min,post,13,108088,10,50,15,min_43,"(77400, 79200)",32.99333333,49.94444444
19,200729_SEFL17_MildStressor_g5(01) Box 3.wmv,min,post,14,108088,10,50,15,min_44,"(79200, 81000)",49.20388889,40.55555556
19,200729_SEFL17_MildStressor_g5(01) Box 3.wmv,min,post,15,108088,10,50,15,min_45,"(81000, 82800)",33.30944444,51.27777778
19,200729_SEFL17_MildStressor_g5(01) Box 3.wmv,min,post,16,108088,10,50,15,min_46,"(82800, 84600)",35.83333333,52.77777778
19,200729_SEFL17_MildStressor_g5(01) Box 3.wmv,min,post,17,108088,10,50,15,min_47,"(84600, 86400)",59.37166667,25.83333333
19,200729_SEFL17_MildStressor_g5(01) Box 3.wmv,min,post,18,108088,10,50,15,min_48,"(86400, 88200)",13.86277778,79.77777778
19,200729_SEFL17_MildStressor_g5(01) Box 3.wmv,min,post,19,108088,10,50,15,min_49,"(88200, 90000)",41.12333333,46.55555556
19,200729_SEFL17_MildStressor_g5(01) Box 3.wmv,min,post,20,108088,10,50,15,min_50,"(90000, 91800)",16.92722222,80.66666667
19,200729_SEFL17_MildStressor_g5(01) Box 3.wmv,min,post,21,108088,10,50,15,min_51,"(91800, 93600)",36.31777778,50.05555556
19,200729_SEFL17_MildStressor_g5(01) Box 3.wmv,min,post,22,108088,10,50,15,min_52,"(93600, 95400)",115.775,10.11111111
19,200729_SEFL17_MildStressor_g5(01) Box 3.wmv,min,post,23,108088,10,50,15,min_53,"(95400, 97200)",3.416666667,94.83333333
19,200729_SEFL17_MildStressor_g5(01) Box 3.wmv,min,post,24,108088,10,50,15,min_54,"(97200, 99000)",1.597222222,99.16666667
19,200729_SEFL17_MildStressor_g5(01) Box 3.wmv,min,post,25,108088,10,50,15,min_55,"(99000, 100800)",1.245555556,97.88888889
19,200729_SEFL17_MildStressor_g5(01) Box 3.wmv,min,post,26,108088,10,50,15,min_56,"(100800, 102600)",0.049444444,100
19,200729_SEFL17_MildStressor_g5(01) Box 3.wmv,min,post,27,108088,10,50,15,min_57,"(102600, 104400)",0.002222222,100
19,200729_SEFL17_MildStressor_g5(01) Box 3.wmv,min,post,28,108088,10,50,15,min_58,"(104400, 106200)",0.135555556,99.77777778
19,200729_SEFL17_MildStressor_g5(01) Box 3.wmv,min,post,29,108088,10,50,15,min_59,"(106200, 108000)",2.479444444,97.38888889
19,200729_SEFL17_MildStressor_g5(01) Box 3.wmv,noise,pre,-10,108088,10,50,15,sec_1790.0,"(53700, 53706)",5.5,100
19,200729_SEFL17_MildStressor_g5(01) Box 3.wmv,noise,pre,-9.8,108088,10,50,15,sec_1790.2,"(53706, 53712)",1,100
19,200729_SEFL17_MildStressor_g5(01) Box 3.wmv,noise,pre,-9.6,108088,10,50,15,sec_1790.4,"(53712, 53718)",0,100
19,200729_SEFL17_MildStressor_g5(01) Box 3.wmv,noise,pre,-9.4,108088,10,50,15,sec_1790.6,"(53718, 53724)",3.5,100
19,200729_SEFL17_MildStressor_g5(01) Box 3.wmv,noise,pre,-9.2,108088,10,50,15,sec_1790.8,"(53724, 53730)",106.5,50
19,200729_SEFL17_MildStressor_g5(01) Box 3.wmv,noise,pre,-9,108088,10,50,15,sec_1791.0,"(53730, 53736)",252.3333333,0
19,200729_SEFL17_MildStressor_g5(01) Box 3.wmv,noise,pre,-8.8,108088,10,50,15,sec_1791.2,"(53736, 53742)",401.1666667,0
19,200729_SEFL17_MildStressor_g5(01) Box 3.wmv,noise,pre,-8.6,108088,10,50,15,sec_1791.4,"(53742, 53748)",294.6666667,0
19,200729_SEFL17_MildStressor_g5(01) Box 3.wmv,noise,pre,-8.4,108088,10,50,15,sec_1791.6,"(53748, 53754)",107,0
19,200729_SEFL17_MildStressor_g5(01) Box 3.wmv,noise,pre,-8.2,108088,10,50,15,sec_1791.8,"(53754, 53760)",105,0
19,200729_SEFL17_MildStressor_g5(01) Box 3.wmv,noise,pre,-8,108088,10,50,15,sec_1792.0,"(53760, 53766)",89.33333333,0
19,200729_SEFL17_MildStressor_g5(01) Box 3.wmv,noise,pre,-7.8,108088,10,50,15,sec_1792.2,"(53766, 53772)",17.66666667,0
19,200729_SEFL17_MildStressor_g5(01) Box 3.wmv,noise,pre,-7.6,108088,10,50,15,sec_1792.4,"(53772, 53778)",19.5,0
19,200729_SEFL17_MildStressor_g5(01) Box 3.wmv,noise,pre,-7.4,108088,10,50,15,sec_1792.6,"(53778, 53784)",84.5,0
19,200729_SEFL17_MildStressor_g5(01) Box 3.wmv,noise,pre,-7.2,108088,10,50,15,sec_1792.8,"(53784, 53790)",26.33333333,0
19,200729_SEFL17_MildStressor_g5(01) Box 3.wmv,noise,pre,-7,108088,10,50,15,sec_1793.0,"(53790, 53796)",30.33333333,0
19,200729_SEFL17_MildStressor_g5(01) Box 3.wmv,noise,pre,-6.8,108088,10,50,15,sec_1793.2,"(53796, 53802)",57.83333333,33.33333333
19,200729_SEFL17_MildStressor_g5(01) Box 3.wmv,noise,pre,-6.6,108088,10,50,15,sec_1793.4,"(53802, 53808)",1.333333333,100
19,200729_SEFL17_MildStressor_g5(01) Box 3.wmv,noise,pre,-6.4,108088,10,50,15,sec_1793.6,"(53808, 53814)",0,100
19,200729_SEFL17_MildStressor_g5(01) Box 3.wmv,noise,pre,-6.2,108088,10,50,15,sec_1793.8,"(53814, 53820)",0.166666667,100
19,200729_SEFL17_MildStressor_g5(01) Box 3.wmv,noise,pre,-6,108088,10,50,15,sec_1794.0,"(53820, 53826)",0.166666667,100
19,200729_SEFL17_MildStressor_g5(01) Box 3.wmv,noise,pre,-5.8,108088,10,50,15,sec_1794.2,"(53826, 53832)",0,100
19,200729_SEFL17_MildStressor_g5(01) Box 3.wmv,noise,pre,-5.6,108088,10,50,15,sec_1794.4,"(53832, 53838)",60.16666667,50
19,200729_SEFL17_MildStressor_g5(01) Box 3.wmv,noise,pre,-5.4,108088,10,50,15,sec_1794.6,"(53838, 53844)",15.66666667,100
19,200729_SEFL17_MildStressor_g5(01) Box 3.wmv,noise,pre,-5.2,108088,10,50,15,sec_1794.8,"(53844, 53850)",0,100
19,200729_SEFL17_MildStressor_g5(01) Box 3.wmv,noise,pre,-5,108088,10,50,15,sec_1795.0,"(53850, 53856)",2.333333333,100
19,200729_SEFL17_MildStressor_g5(01) Box 3.wmv,noise,pre,-4.8,108088,10,50,15,sec_1795.2,"(53856, 53862)",8.833333333,100
19,200729_SEFL17_MildStressor_g5(01) Box 3.wmv,noise,pre,-4.6,108088,10,50,15,sec_1795.4,"(53862, 53868)",1.166666667,100
19,200729_SEFL17_MildStressor_g5(01) Box 3.wmv,noise,pre,-4.4,108088,10,50,15,sec_1795.6,"(53868, 53874)",1.666666667,100
19,200729_SEFL17_MildStressor_g5(01) Box 3.wmv,noise,pre,-4.2,108088,10,50,15,sec_1795.8,"(53874, 53880)",17.5,83.33333333
19,200729_SEFL17_MildStressor_g5(01) Box 3.wmv,noise,pre,-4,108088,10,50,15,sec_1796.0,"(53880, 53886)",12,100
19,200729_SEFL17_MildStressor_g5(01) Box 3.wmv,noise,pre,-3.8,108088,10,50,15,sec_1796.2,"(53886, 53892)",5.333333333,100
19,200729_SEFL17_MildStressor_g5(01) Box 3.wmv,noise,pre,-3.6,108088,10,50,15,sec_1796.4,"(53892, 53898)",5.5,100
19,200729_SEFL17_MildStressor_g5(01) Box 3.wmv,noise,pre,-3.4,108088,10,50,15,sec_1796.6,"(53898, 53904)",0.166666667,100
19,200729_SEFL17_MildStressor_g5(01) Box 3.wmv,noise,pre,-3.2,108088,10,50,15,sec_1796.8,"(53904, 53910)",0,100
19,200729_SEFL17_MildStressor_g5(01) Box 3.wmv,noise,pre,-3,108088,10,50,15,sec_1797.0,"(53910, 53916)",0,100
19,200729_SEFL17_MildStressor_g5(01) Box 3.wmv,noise,pre,-2.8,108088,10,50,15,sec_1797.2,"(53916, 53922)",0,100
19,200729_SEFL17_MildStressor_g5(01) Box 3.wmv,noise,pre,-2.6,108088,10,50,15,sec_1797.4,"(53922, 53928)",0,100
19,200729_SEFL17_MildStressor_g5(01) Box 3.wmv,noise,pre,-2.4,108088,10,50,15,sec_1797.6,"(53928, 53934)",0,100
19,200729_SEFL17_MildStressor_g5(01) Box 3.wmv,noise,pre,-2.2,108088,10,50,15,sec_1797.8,"(53934, 53940)",0,100
19,200729_SEFL17_MildStressor_g5(01) Box 3.wmv,noise,pre,-2,108088,10,50,15,sec_1798.0,"(53940, 53946)",0,100
19,200729_SEFL17_MildStressor_g5(01) Box 3.wmv,noise,pre,-1.8,108088,10,50,15,sec_1798.2,"(53946, 53952)",0,100
19,200729_SEFL17_MildStressor_g5(01) Box 3.wmv,noise,pre,-1.6,108088,10,50,15,sec_1798.4,"(53952, 53958)",0,100
19,200729_SEFL17_MildStressor_g5(01) Box 3.wmv,noise,pre,-1.4,108088,10,50,15,sec_1798.6,"(53958, 53964)",0,100
19,200729_SEFL17_MildStressor_g5(01) Box 3.wmv,noise,pre,-1.2,108088,10,50,15,sec_1798.8,"(53964, 53970)",0,100
19,200729_SEFL17_MildStressor_g5(01) Box 3.wmv,noise,pre,-1,108088,10,50,15,sec_1799.0,"(53970, 53976)",0,100
19,200729_SEFL17_MildStressor_g5(01) Box 3.wmv,noise,pre,-0.8,108088,10,50,15,sec_1799.2,"(53976, 53982)",0,100
19,200729_SEFL17_MildStressor_g5(01) Box 3.wmv,noise,pre,-0.6,108088,10,50,15,sec_1799.4,"(53982, 53988)",0,100
19,200729_SEFL17_MildStressor_g5(01) Box 3.wmv,noise,pre,-0.4,108088,10,50,15,sec_1799.6,"(53988, 53994)",0,100
19,200729_SEFL17_MildStressor_g5(01) Box 3.wmv,noise,pre,-0.2,108088,10,50,15,sec_1799.8,"(53994, 54000)",0,100
19,200729_SEFL17_MildStressor_g5(01) Box 3.wmv,noise,noise,-4.09E-14,108088,10,50,15,sec_1800.0,"(54000, 54006)",653.6666667,50
19,200729_SEFL17_MildStressor_g5(01) Box 3.wmv,noise,noise,0.2,108088,10,50,15,sec_1800.2,"(54006, 54012)",4402.5,0
19,200729_SEFL17_MildStressor_g5(01) Box 3.wmv,noise,noise,0.4,108088,10,50,15,sec_1800.4,"(54012, 54018)",2934,0
19,200729_SEFL17_MildStressor_g5(01) Box 3.wmv,noise,noise,0.6,108088,10,50,15,sec_1800.6,"(54018, 54024)",2066.166667,0
19,200729_SEFL17_MildStressor_g5(01) Box 3.wmv,noise,noise,0.8,108088,10,50,15,sec_1800.8,"(54024, 54030)",1702.333333,0
19,200729_SEFL17_MildStressor_g5(01) Box 3.wmv,noise,noise,1,108088,10,50,15,sec_1801.0,"(54030, 54036)",938.5,0
19,200729_SEFL17_MildStressor_g5(01) Box 3.wmv,noise,noise,1.2,108088,10,50,15,sec_1801.2,"(54036, 54042)",330.1666667,0
19,200729_SEFL17_MildStressor_g5(01) Box 3.wmv,noise,noise,1.4,108088,10,50,15,sec_1801.4,"(54042, 54048)",35.83333333,83.33333333
19,200729_SEFL17_MildStressor_g5(01) Box 3.wmv,noise,noise,1.6,108088,10,50,15,sec_1801.6,"(54048, 54054)",0,100
19,200729_SEFL17_MildStressor_g5(01) Box 3.wmv,noise,noise,1.8,108088,10,50,15,sec_1801.8,"(54054, 54060)",34.83333333,83.33333333
19,200729_SEFL17_MildStressor_g5(01) Box 3.wmv,noise,noise,2,108088,10,50,15,sec_1802.0,"(54060, 54066)",2.5,100
19,200729_SEFL17_MildStressor_g5(01) Box 3.wmv,noise,noise,2.2,108088,10,50,15,sec_1802.2,"(54066, 54072)",2.166666667,100
19,200729_SEFL17_MildStressor_g5(01) Box 3.wmv,noise,noise,2.4,108088,10,50,15,sec_1802.4,"(54072, 54078)",20.83333333,83.33333333
19,200729_SEFL17_MildStressor_g5(01) Box 3.wmv,noise,noise,2.6,108088,10,50,15,sec_1802.6,"(54078, 54084)",0,100
19,200729_SEFL17_MildStressor_g5(01) Box 3.wmv,noise,noise,2.8,108088,10,50,15,sec_1802.8,"(54084, 54090)",0,100
19,200729_SEFL17_MildStressor_g5(01) Box 3.wmv,noise,post,3,108088,10,50,15,sec_1803.0,"(54090, 54096)",0,100
19,200729_SEFL17_MildStressor_g5(01) Box 3.wmv,noise,post,3.2,108088,10,50,15,sec_1803.2,"(54096, 54102)",0,100
19,200729_SEFL17_MildStressor_g5(01) Box 3.wmv,noise,post,3.4,108088,10,50,15,sec_1803.4,"(54102, 54108)",0,100
19,200729_SEFL17_MildStressor_g5(01) Box 3.wmv,noise,post,3.6,108088,10,50,15,sec_1803.6,"(54108, 54114)",0,100
19,200729_SEFL17_MildStressor_g5(01) Box 3.wmv,noise,post,3.8,108088,10,50,15,sec_1803.8,"(54114, 54120)",0,100
19,200729_SEFL17_MildStressor_g5(01) Box 3.wmv,noise,post,4,108088,10,50,15,sec_1804.0,"(54120, 54126)",0,100
19,200729_SEFL17_MildStressor_g5(01) Box 3.wmv,noise,post,4.2,108088,10,50,15,sec_1804.2,"(54126, 54132)",0,100
19,200729_SEFL17_MildStressor_g5(01) Box 3.wmv,noise,post,4.4,108088,10,50,15,sec_1804.4,"(54132, 54138)",0,100
19,200729_SEFL17_MildStressor_g5(01) Box 3.wmv,noise,post,4.6,108088,10,50,15,sec_1804.6,"(54138, 54144)",0,100
19,200729_SEFL17_MildStressor_g5(01) Box 3.wmv,noise,post,4.8,108088,10,50,15,sec_1804.8,"(54144, 54150)",0,100
19,200729_SEFL17_MildStressor_g5(01) Box 3.wmv,noise,post,5,108088,10,50,15,sec_1805.0,"(54150, 54156)",0,100
19,200729_SEFL17_MildStressor_g5(01) Box 3.wmv,noise,post,5.2,108088,10,50,15,sec_1805.2,"(54156, 54162)",0,100
19,200729_SEFL17_MildStressor_g5(01) Box 3.wmv,noise,post,5.4,108088,10,50,15,sec_1805.4,"(54162, 54168)",0,100
19,200729_SEFL17_MildStressor_g5(01) Box 3.wmv,noise,post,5.6,108088,10,50,15,sec_1805.6,"(54168, 54174)",0,100
19,200729_SEFL17_MildStressor_g5(01) Box 3.wmv,noise,post,5.8,108088,10,50,15,sec_1805.8,"(54174, 54180)",0,100
19,200729_SEFL17_MildStressor_g5(01) Box 3.wmv,noise,post,6,108088,10,50,15,sec_1806.0,"(54180, 54186)",0,100
19,200729_SEFL17_MildStressor_g5(01) Box 3.wmv,noise,post,6.2,108088,10,50,15,sec_1806.2,"(54186, 54192)",0,100
19,200729_SEFL17_MildStressor_g5(01) Box 3.wmv,noise,post,6.4,108088,10,50,15,sec_1806.4,"(54192, 54198)",0,100
19,200729_SEFL17_MildStressor_g5(01) Box 3.wmv,noise,post,6.6,108088,10,50,15,sec_1806.6,"(54198, 54204)",0,100
19,200729_SEFL17_MildStressor_g5(01) Box 3.wmv,noise,post,6.8,108088,10,50,15,sec_1806.8,"(54204, 54210)",0,100
19,200729_SEFL17_MildStressor_g5(01) Box 3.wmv,noise,post,7,108088,10,50,15,sec_1807.0,"(54210, 54216)",0,100
19,200729_SEFL17_MildStressor_g5(01) Box 3.wmv,noise,post,7.2,108088,10,50,15,sec_1807.2,"(54216, 54222)",0,100
19,200729_SEFL17_MildStressor_g5(01) Box 3.wmv,noise,post,7.4,108088,10,50,15,sec_1807.4,"(54222, 54228)",0,100
19,200729_SEFL17_MildStressor_g5(01) Box 3.wmv,noise,post,7.6,108088,10,50,15,sec_1807.6,"(54228, 54234)",0,100
19,200729_SEFL17_MildStressor_g5(01) Box 3.wmv,noise,post,7.8,108088,10,50,15,sec_1807.8,"(54234, 54240)",32.16666667,50
19,200729_SEFL17_MildStressor_g5(01) Box 3.wmv,noise,post,8,108088,10,50,15,sec_1808.0,"(54240, 54246)",24.5,0
19,200729_SEFL17_MildStressor_g5(01) Box 3.wmv,noise,post,8.2,108088,10,50,15,sec_1808.2,"(54246, 54252)",39.33333333,66.66666667
19,200729_SEFL17_MildStressor_g5(01) Box 3.wmv,noise,post,8.4,108088,10,50,15,sec_1808.4,"(54252, 54258)",15.16666667,100
19,200729_SEFL17_MildStressor_g5(01) Box 3.wmv,noise,post,8.6,108088,10,50,15,sec_1808.6,"(54258, 54264)",5.833333333,100
19,200729_SEFL17_MildStressor_g5(01) Box 3.wmv,noise,post,8.8,108088,10,50,15,sec_1808.8,"(54264, 54270)",55.5,66.66666667
19,200729_SEFL17_MildStressor_g5(01) Box 3.wmv,noise,post,9,108088,10,50,15,sec_1809.0,"(54270, 54276)",119,0
19,200729_SEFL17_MildStressor_g5(01) Box 3.wmv,noise,post,9.2,108088,10,50,15,sec_1809.2,"(54276, 54282)",282.6666667,0
19,200729_SEFL17_MildStressor_g5(01) Box 3.wmv,noise,post,9.4,108088,10,50,15,sec_1809.4,"(54282, 54288)",178.6666667,0
19,200729_SEFL17_MildStressor_g5(01) Box 3.wmv,noise,post,9.6,108088,10,50,15,sec_1809.6,"(54288, 54294)",198.5,0
19,200729_SEFL17_MildStressor_g5(01) Box 3.wmv,noise,post,9.8,108088,10,50,15,sec_1809.8,"(54294, 54300)",113.5,0
19,200729_SEFL17_MildStressor_g5(01) Box 3.wmv,noise,post,10,108088,10,50,15,sec_1810.0,"(54300, 54306)",44.83333333,0
19,200729_SEFL17_MildStressor_g5(01) Box 3.wmv,noise,post,10.2,108088,10,50,15,sec_1810.2,"(54306, 54312)",13.33333333,0
19,200729_SEFL17_MildStressor_g5(01) Box 3.wmv,noise,post,10.4,108088,10,50,15,sec_1810.4,"(54312, 54318)",14.83333333,0
19,200729_SEFL17_MildStressor_g5(01) Box 3.wmv,noise,post,10.6,108088,10,50,15,sec_1810.6,"(54318, 54324)",62,0
19,200729_SEFL17_MildStressor_g5(01) Box 3.wmv,noise,post,10.8,108088,10,50,15,sec_1810.8,"(54324, 54330)",160.5,0
19,200729_SEFL17_MildStressor_g5(01) Box 3.wmv,noise,post,11,108088,10,50,15,sec_1811.0,"(54330, 54336)",26.83333333,83.33333333
19,200729_SEFL17_MildStressor_g5(01) Box 3.wmv,noise,post,11.2,108088,10,50,15,sec_1811.2,"(54336, 54342)",0,100
19,200729_SEFL17_MildStressor_g5(01) Box 3.wmv,noise,post,11.4,108088,10,50,15,sec_1811.4,"(54342, 54348)",0,100
19,200729_SEFL17_MildStressor_g5(01) Box 3.wmv,noise,post,11.6,108088,10,50,15,sec_1811.6,"(54348, 54354)",0,100
19,200729_SEFL17_MildStressor_g5(01) Box 3.wmv,noise,post,11.8,108088,10,50,15,sec_1811.8,"(54354, 54360)",0,100
19,200729_SEFL17_MildStressor_g5(01) Box 3.wmv,noise,post,12,108088,10,50,15,sec_1812.0,"(54360, 54366)",0,100
19,200729_SEFL17_MildStressor_g5(01) Box 3.wmv,noise,post,12.2,108088,10,50,15,sec_1812.2,"(54366, 54372)",99,33.33333333
19,200729_SEFL17_MildStressor_g5(01) Box 3.wmv,noise,post,12.4,108088,10,50,15,sec_1812.4,"(54372, 54378)",45,0
19,200729_SEFL17_MildStressor_g5(01) Box 3.wmv,noise,post,12.6,108088,10,50,15,sec_1812.6,"(54378, 54384)",92,0
19,200729_SEFL17_MildStressor_g5(01) Box 3.wmv,noise,post,12.8,108088,10,50,15,sec_1812.8,"(54384, 54390)",35.16666667,66.66666667
20,200729_SEFL17_MildStressor_g5(01) Box 4.wmv,min,pre,-30,108088,10,50,15,min_0,"(0, 1800)",0.778333333,98.05555556
20,200729_SEFL17_MildStressor_g5(01) Box 4.wmv,min,pre,-29,108088,10,50,15,min_1,"(1800, 3600)",0.006111111,100
20,200729_SEFL17_MildStressor_g5(01) Box 4.wmv,min,pre,-28,108088,10,50,15,min_2,"(3600, 5400)",0.017222222,100
20,200729_SEFL17_MildStressor_g5(01) Box 4.wmv,min,pre,-27,108088,10,50,15,min_3,"(5400, 7200)",2.053333333,95.33333333
20,200729_SEFL17_MildStressor_g5(01) Box 4.wmv,min,pre,-26,108088,10,50,15,min_4,"(7200, 9000)",0.001666667,100
20,200729_SEFL17_MildStressor_g5(01) Box 4.wmv,min,pre,-25,108088,10,50,15,min_5,"(9000, 10800)",5.635,93.88888889
20,200729_SEFL17_MildStressor_g5(01) Box 4.wmv,min,pre,-24,108088,10,50,15,min_6,"(10800, 12600)",0.003888889,100
20,200729_SEFL17_MildStressor_g5(01) Box 4.wmv,min,pre,-23,108088,10,50,15,min_7,"(12600, 14400)",0.008333333,100
20,200729_SEFL17_MildStressor_g5(01) Box 4.wmv,min,pre,-22,108088,10,50,15,min_8,"(14400, 16200)",0.023888889,100
20,200729_SEFL17_MildStressor_g5(01) Box 4.wmv,min,pre,-21,108088,10,50,15,min_9,"(16200, 18000)",1.723333333,99.16666667
20,200729_SEFL17_MildStressor_g5(01) Box 4.wmv,min,pre,-20,108088,10,50,15,min_10,"(18000, 19800)",0.066111111,100
20,200729_SEFL17_MildStressor_g5(01) Box 4.wmv,min,pre,-19,108088,10,50,15,min_11,"(19800, 21600)",0.281666667,100
20,200729_SEFL17_MildStressor_g5(01) Box 4.wmv,min,pre,-18,108088,10,50,15,min_12,"(21600, 23400)",0.932777778,99.88888889
20,200729_SEFL17_MildStressor_g5(01) Box 4.wmv,min,pre,-17,108088,10,50,15,min_13,"(23400, 25200)",0.001111111,100
20,200729_SEFL17_MildStressor_g5(01) Box 4.wmv,min,pre,-16,108088,10,50,15,min_14,"(25200, 27000)",1.320555556,98.11111111
20,200729_SEFL17_MildStressor_g5(01) Box 4.wmv,min,pre,-15,108088,10,50,15,min_15,"(27000, 28800)",0.057777778,100
20,200729_SEFL17_MildStressor_g5(01) Box 4.wmv,min,pre,-14,108088,10,50,15,min_16,"(28800, 30600)",0.433888889,99.83333333
20,200729_SEFL17_MildStressor_g5(01) Box 4.wmv,min,pre,-13,108088,10,50,15,min_17,"(30600, 32400)",0.001111111,100
20,200729_SEFL17_MildStressor_g5(01) Box 4.wmv,min,pre,-12,108088,10,50,15,min_18,"(32400, 34200)",0.170555556,99.94444444
20,200729_SEFL17_MildStressor_g5(01) Box 4.wmv,min,pre,-11,108088,10,50,15,min_19,"(34200, 36000)",0.112777778,99.94444444
20,200729_SEFL17_MildStressor_g5(01) Box 4.wmv,min,pre,-10,108088,10,50,15,min_20,"(36000, 37800)",0.005555556,100
20,200729_SEFL17_MildStressor_g5(01) Box 4.wmv,min,pre,-9,108088,10,50,15,min_21,"(37800, 39600)",0.011666667,100
20,200729_SEFL17_MildStressor_g5(01) Box 4.wmv,min,pre,-8,108088,10,50,15,min_22,"(39600, 41400)",0.141666667,100
20,200729_SEFL17_MildStressor_g5(01) Box 4.wmv,min,pre,-7,108088,10,50,15,min_23,"(41400, 43200)",0.001666667,100
20,200729_SEFL17_MildStressor_g5(01) Box 4.wmv,min,pre,-6,108088,10,50,15,min_24,"(43200, 45000)",0.005,100
20,200729_SEFL17_MildStressor_g5(01) Box 4.wmv,min,pre,-5,108088,10,50,15,min_25,"(45000, 46800)",0.006666667,100
20,200729_SEFL17_MildStressor_g5(01) Box 4.wmv,min,pre,-4,108088,10,50,15,min_26,"(46800, 48600)",0.005,100
20,200729_SEFL17_MildStressor_g5(01) Box 4.wmv,min,pre,-3,108088,10,50,15,min_27,"(48600, 50400)",0.005,100
20,200729_SEFL17_MildStressor_g5(01) Box 4.wmv,min,pre,-2,108088,10,50,15,min_28,"(50400, 52200)",0.011111111,100
20,200729_SEFL17_MildStressor_g5(01) Box 4.wmv,min,pre,-1,108088,10,50,15,min_29,"(52200, 54000)",0.004444444,100
20,200729_SEFL17_MildStressor_g5(01) Box 4.wmv,min,post,0,108088,10,50,15,min_30,"(54000, 55800)",137.5427778,21.33333333
20,200729_SEFL17_MildStressor_g5(01) Box 4.wmv,min,post,1,108088,10,50,15,min_31,"(55800, 57600)",54.90222222,42.33333333
20,200729_SEFL17_MildStressor_g5(01) Box 4.wmv,min,post,2,108088,10,50,15,min_32,"(57600, 59400)",47.64055556,40.55555556
20,200729_SEFL17_MildStressor_g5(01) Box 4.wmv,min,post,3,108088,10,50,15,min_33,"(59400, 61200)",100.3305556,8.5
20,200729_SEFL17_MildStressor_g5(01) Box 4.wmv,min,post,4,108088,10,50,15,min_34,"(61200, 63000)",145.4911111,22.66666667
20,200729_SEFL17_MildStressor_g5(01) Box 4.wmv,min,post,5,108088,10,50,15,min_35,"(63000, 64800)",47.75,61.05555556
20,200729_SEFL17_MildStressor_g5(01) Box 4.wmv,min,post,6,108088,10,50,15,min_36,"(64800, 66600)",28.90166667,67.5
20,200729_SEFL17_MildStressor_g5(01) Box 4.wmv,min,post,7,108088,10,50,15,min_37,"(66600, 68400)",1.420555556,98.77777778
20,200729_SEFL17_MildStressor_g5(01) Box 4.wmv,min,post,8,108088,10,50,15,min_38,"(68400, 70200)",0.003333333,100
20,200729_SEFL17_MildStressor_g5(01) Box 4.wmv,min,post,9,108088,10,50,15,min_39,"(70200, 72000)",0.296111111,99.83333333
20,200729_SEFL17_MildStressor_g5(01) Box 4.wmv,min,post,10,108088,10,50,15,min_40,"(72000, 73800)",0.031666667,100
20,200729_SEFL17_MildStressor_g5(01) Box 4.wmv,min,post,11,108088,10,50,15,min_41,"(73800, 75600)",0.001111111,100
20,200729_SEFL17_MildStressor_g5(01) Box 4.wmv,min,post,12,108088,10,50,15,min_42,"(75600, 77400)",0.001111111,100
20,200729_SEFL17_MildStressor_g5(01) Box 4.wmv,min,post,13,108088,10,50,15,min_43,"(77400, 79200)",0.003888889,100
20,200729_SEFL17_MildStressor_g5(01) Box 4.wmv,min,post,14,108088,10,50,15,min_44,"(79200, 81000)",0.002222222,100
20,200729_SEFL17_MildStressor_g5(01) Box 4.wmv,min,post,15,108088,10,50,15,min_45,"(81000, 82800)",0.135,99.5
20,200729_SEFL17_MildStressor_g5(01) Box 4.wmv,min,post,16,108088,10,50,15,min_46,"(82800, 84600)",0.002777778,100
20,200729_SEFL17_MildStressor_g5(01) Box 4.wmv,min,post,17,108088,10,50,15,min_47,"(84600, 86400)",0.005555556,100
20,200729_SEFL17_MildStressor_g5(01) Box 4.wmv,min,post,18,108088,10,50,15,min_48,"(86400, 88200)",0.007222222,100
20,200729_SEFL17_MildStressor_g5(01) Box 4.wmv,min,post,19,108088,10,50,15,min_49,"(88200, 90000)",1.177222222,99.44444444
20,200729_SEFL17_MildStressor_g5(01) Box 4.wmv,min,post,20,108088,10,50,15,min_50,"(90000, 91800)",0.001666667,100
20,200729_SEFL17_MildStressor_g5(01) Box 4.wmv,min,post,21,108088,10,50,15,min_51,"(91800, 93600)",0.009444444,100
20,200729_SEFL17_MildStressor_g5(01) Box 4.wmv,min,post,22,108088,10,50,15,min_52,"(93600, 95400)",0.001666667,100
20,200729_SEFL17_MildStressor_g5(01) Box 4.wmv,min,post,23,108088,10,50,15,min_53,"(95400, 97200)",0.036111111,100
20,200729_SEFL17_MildStressor_g5(01) Box 4.wmv,min,post,24,108088,10,50,15,min_54,"(97200, 99000)",5.615,92.38888889
20,200729_SEFL17_MildStressor_g5(01) Box 4.wmv,min,post,25,108088,10,50,15,min_55,"(99000, 100800)",0.004444444,100
20,200729_SEFL17_MildStressor_g5(01) Box 4.wmv,min,post,26,108088,10,50,15,min_56,"(100800, 102600)",0.029444444,100
20,200729_SEFL17_MildStressor_g5(01) Box 4.wmv,min,post,27,108088,10,50,15,min_57,"(102600, 104400)",0.016111111,100
20,200729_SEFL17_MildStressor_g5(01) Box 4.wmv,min,post,28,108088,10,50,15,min_58,"(104400, 106200)",0.638333333,99.94444444
20,200729_SEFL17_MildStressor_g5(01) Box 4.wmv,min,post,29,108088,10,50,15,min_59,"(106200, 108000)",0.156111111,100
20,200729_SEFL17_MildStressor_g5(01) Box 4.wmv,noise,pre,-10,108088,10,50,15,sec_1790.0,"(53700, 53706)",0,100
20,200729_SEFL17_MildStressor_g5(01) Box 4.wmv,noise,pre,-9.8,108088,10,50,15,sec_1790.2,"(53706, 53712)",0,100
20,200729_SEFL17_MildStressor_g5(01) Box 4.wmv,noise,pre,-9.6,108088,10,50,15,sec_1790.4,"(53712, 53718)",0,100
20,200729_SEFL17_MildStressor_g5(01) Box 4.wmv,noise,pre,-9.4,108088,10,50,15,sec_1790.6,"(53718, 53724)",0,100
20,200729_SEFL17_MildStressor_g5(01) Box 4.wmv,noise,pre,-9.2,108088,10,50,15,sec_1790.8,"(53724, 53730)",0,100
20,200729_SEFL17_MildStressor_g5(01) Box 4.wmv,noise,pre,-9,108088,10,50,15,sec_1791.0,"(53730, 53736)",0,100
20,200729_SEFL17_MildStressor_g5(01) Box 4.wmv,noise,pre,-8.8,108088,10,50,15,sec_1791.2,"(53736, 53742)",0,100
20,200729_SEFL17_MildStressor_g5(01) Box 4.wmv,noise,pre,-8.6,108088,10,50,15,sec_1791.4,"(53742, 53748)",0,100
20,200729_SEFL17_MildStressor_g5(01) Box 4.wmv,noise,pre,-8.4,108088,10,50,15,sec_1791.6,"(53748, 53754)",0,100
20,200729_SEFL17_MildStressor_g5(01) Box 4.wmv,noise,pre,-8.2,108088,10,50,15,sec_1791.8,"(53754, 53760)",0,100
20,200729_SEFL17_MildStressor_g5(01) Box 4.wmv,noise,pre,-8,108088,10,50,15,sec_1792.0,"(53760, 53766)",0.333333333,100
20,200729_SEFL17_MildStressor_g5(01) Box 4.wmv,noise,pre,-7.8,108088,10,50,15,sec_1792.2,"(53766, 53772)",0,100
20,200729_SEFL17_MildStressor_g5(01) Box 4.wmv,noise,pre,-7.6,108088,10,50,15,sec_1792.4,"(53772, 53778)",0,100
20,200729_SEFL17_MildStressor_g5(01) Box 4.wmv,noise,pre,-7.4,108088,10,50,15,sec_1792.6,"(53778, 53784)",0,100
20,200729_SEFL17_MildStressor_g5(01) Box 4.wmv,noise,pre,-7.2,108088,10,50,15,sec_1792.8,"(53784, 53790)",0,100
20,200729_SEFL17_MildStressor_g5(01) Box 4.wmv,noise,pre,-7,108088,10,50,15,sec_1793.0,"(53790, 53796)",0,100
20,200729_SEFL17_MildStressor_g5(01) Box 4.wmv,noise,pre,-6.8,108088,10,50,15,sec_1793.2,"(53796, 53802)",0,100
20,200729_SEFL17_MildStressor_g5(01) Box 4.wmv,noise,pre,-6.6,108088,10,50,15,sec_1793.4,"(53802, 53808)",0,100
20,200729_SEFL17_MildStressor_g5(01) Box 4.wmv,noise,pre,-6.4,108088,10,50,15,sec_1793.6,"(53808, 53814)",0,100
20,200729_SEFL17_MildStressor_g5(01) Box 4.wmv,noise,pre,-6.2,108088,10,50,15,sec_1793.8,"(53814, 53820)",0,100
20,200729_SEFL17_MildStressor_g5(01) Box 4.wmv,noise,pre,-6,108088,10,50,15,sec_1794.0,"(53820, 53826)",0,100
20,200729_SEFL17_MildStressor_g5(01) Box 4.wmv,noise,pre,-5.8,108088,10,50,15,sec_1794.2,"(53826, 53832)",0,100
20,200729_SEFL17_MildStressor_g5(01) Box 4.wmv,noise,pre,-5.6,108088,10,50,15,sec_1794.4,"(53832, 53838)",0,100
20,200729_SEFL17_MildStressor_g5(01) Box 4.wmv,noise,pre,-5.4,108088,10,50,15,sec_1794.6,"(53838, 53844)",0,100
20,200729_SEFL17_MildStressor_g5(01) Box 4.wmv,noise,pre,-5.2,108088,10,50,15,sec_1794.8,"(53844, 53850)",0,100
20,200729_SEFL17_MildStressor_g5(01) Box 4.wmv,noise,pre,-5,108088,10,50,15,sec_1795.0,"(53850, 53856)",0,100
20,200729_SEFL17_MildStressor_g5(01) Box 4.wmv,noise,pre,-4.8,108088,10,50,15,sec_1795.2,"(53856, 53862)",0,100
20,200729_SEFL17_MildStressor_g5(01) Box 4.wmv,noise,pre,-4.6,108088,10,50,15,sec_1795.4,"(53862, 53868)",0,100
20,200729_SEFL17_MildStressor_g5(01) Box 4.wmv,noise,pre,-4.4,108088,10,50,15,sec_1795.6,"(53868, 53874)",0,100
20,200729_SEFL17_MildStressor_g5(01) Box 4.wmv,noise,pre,-4.2,108088,10,50,15,sec_1795.8,"(53874, 53880)",0,100
20,200729_SEFL17_MildStressor_g5(01) Box 4.wmv,noise,pre,-4,108088,10,50,15,sec_1796.0,"(53880, 53886)",0,100
20,200729_SEFL17_MildStressor_g5(01) Box 4.wmv,noise,pre,-3.8,108088,10,50,15,sec_1796.2,"(53886, 53892)",0,100
20,200729_SEFL17_MildStressor_g5(01) Box 4.wmv,noise,pre,-3.6,108088,10,50,15,sec_1796.4,"(53892, 53898)",0,100
20,200729_SEFL17_MildStressor_g5(01) Box 4.wmv,noise,pre,-3.4,108088,10,50,15,sec_1796.6,"(53898, 53904)",0,100
20,200729_SEFL17_MildStressor_g5(01) Box 4.wmv,noise,pre,-3.2,108088,10,50,15,sec_1796.8,"(53904, 53910)",0,100
20,200729_SEFL17_MildStressor_g5(01) Box 4.wmv,noise,pre,-3,108088,10,50,15,sec_1797.0,"(53910, 53916)",0,100
20,200729_SEFL17_MildStressor_g5(01) Box 4.wmv,noise,pre,-2.8,108088,10,50,15,sec_1797.2,"(53916, 53922)",0,100
20,200729_SEFL17_MildStressor_g5(01) Box 4.wmv,noise,pre,-2.6,108088,10,50,15,sec_1797.4,"(53922, 53928)",0,100
20,200729_SEFL17_MildStressor_g5(01) Box 4.wmv,noise,pre,-2.4,108088,10,50,15,sec_1797.6,"(53928, 53934)",0,100
20,200729_SEFL17_MildStressor_g5(01) Box 4.wmv,noise,pre,-2.2,108088,10,50,15,sec_1797.8,"(53934, 53940)",0,100
20,200729_SEFL17_MildStressor_g5(01) Box 4.wmv,noise,pre,-2,108088,10,50,15,sec_1798.0,"(53940, 53946)",0,100
20,200729_SEFL17_MildStressor_g5(01) Box 4.wmv,noise,pre,-1.8,108088,10,50,15,sec_1798.2,"(53946, 53952)",0,100
20,200729_SEFL17_MildStressor_g5(01) Box 4.wmv,noise,pre,-1.6,108088,10,50,15,sec_1798.4,"(53952, 53958)",0,100
20,200729_SEFL17_MildStressor_g5(01) Box 4.wmv,noise,pre,-1.4,108088,10,50,15,sec_1798.6,"(53958, 53964)",0,100
20,200729_SEFL17_MildStressor_g5(01) Box 4.wmv,noise,pre,-1.2,108088,10,50,15,sec_1798.8,"(53964, 53970)",0,100
20,200729_SEFL17_MildStressor_g5(01) Box 4.wmv,noise,pre,-1,108088,10,50,15,sec_1799.0,"(53970, 53976)",0,100
20,200729_SEFL17_MildStressor_g5(01) Box 4.wmv,noise,pre,-0.8,108088,10,50,15,sec_1799.2,"(53976, 53982)",0,100
20,200729_SEFL17_MildStressor_g5(01) Box 4.wmv,noise,pre,-0.6,108088,10,50,15,sec_1799.4,"(53982, 53988)",0,100
20,200729_SEFL17_MildStressor_g5(01) Box 4.wmv,noise,pre,-0.4,108088,10,50,15,sec_1799.6,"(53988, 53994)",0,100
20,200729_SEFL17_MildStressor_g5(01) Box 4.wmv,noise,pre,-0.2,108088,10,50,15,sec_1799.8,"(53994, 54000)",0,100
20,200729_SEFL17_MildStressor_g5(01) Box 4.wmv,noise,noise,-4.09E-14,108088,10,50,15,sec_1800.0,"(54000, 54006)",389.6666667,33.33333333
20,200729_SEFL17_MildStressor_g5(01) Box 4.wmv,noise,noise,0.2,108088,10,50,15,sec_1800.2,"(54006, 54012)",1337,0
20,200729_SEFL17_MildStressor_g5(01) Box 4.wmv,noise,noise,0.4,108088,10,50,15,sec_1800.4,"(54012, 54018)",1225.833333,0
20,200729_SEFL17_MildStressor_g5(01) Box 4.wmv,noise,noise,0.6,108088,10,50,15,sec_1800.6,"(54018, 54024)",285.1666667,0
20,200729_SEFL17_MildStressor_g5(01) Box 4.wmv,noise,noise,0.8,108088,10,50,15,sec_1800.8,"(54024, 54030)",51.16666667,0
20,200729_SEFL17_MildStressor_g5(01) Box 4.wmv,noise,noise,1,108088,10,50,15,sec_1801.0,"(54030, 54036)",18,0
20,200729_SEFL17_MildStressor_g5(01) Box 4.wmv,noise,noise,1.2,108088,10,50,15,sec_1801.2,"(54036, 54042)",6.666666667,0
20,200729_SEFL17_MildStressor_g5(01) Box 4.wmv,noise,noise,1.4,108088,10,50,15,sec_1801.4,"(54042, 54048)",267.3333333,0
20,200729_SEFL17_MildStressor_g5(01) Box 4.wmv,noise,noise,1.6,108088,10,50,15,sec_1801.6,"(54048, 54054)",370.5,0
20,200729_SEFL17_MildStressor_g5(01) Box 4.wmv,noise,noise,1.8,108088,10,50,15,sec_1801.8,"(54054, 54060)",602,0
20,200729_SEFL17_MildStressor_g5(01) Box 4.wmv,noise,noise,2,108088,10,50,15,sec_1802.0,"(54060, 54066)",617,0
20,200729_SEFL17_MildStressor_g5(01) Box 4.wmv,noise,noise,2.2,108088,10,50,15,sec_1802.2,"(54066, 54072)",58,66.66666667
20,200729_SEFL17_MildStressor_g5(01) Box 4.wmv,noise,noise,2.4,108088,10,50,15,sec_1802.4,"(54072, 54078)",10.16666667,100
20,200729_SEFL17_MildStressor_g5(01) Box 4.wmv,noise,noise,2.6,108088,10,50,15,sec_1802.6,"(54078, 54084)",12.5,100
20,200729_SEFL17_MildStressor_g5(01) Box 4.wmv,noise,noise,2.8,108088,10,50,15,sec_1802.8,"(54084, 54090)",23.16666667,100
20,200729_SEFL17_MildStressor_g5(01) Box 4.wmv,noise,post,3,108088,10,50,15,sec_1803.0,"(54090, 54096)",8.833333333,100
20,200729_SEFL17_MildStressor_g5(01) Box 4.wmv,noise,post,3.2,108088,10,50,15,sec_1803.2,"(54096, 54102)",0,100
20,200729_SEFL17_MildStressor_g5(01) Box 4.wmv,noise,post,3.4,108088,10,50,15,sec_1803.4,"(54102, 54108)",0,100
20,200729_SEFL17_MildStressor_g5(01) Box 4.wmv,noise,post,3.6,108088,10,50,15,sec_1803.6,"(54108, 54114)",0,100
20,200729_SEFL17_MildStressor_g5(01) Box 4.wmv,noise,post,3.8,108088,10,50,15,sec_1803.8,"(54114, 54120)",0,100
20,200729_SEFL17_MildStressor_g5(01) Box 4.wmv,noise,post,4,108088,10,50,15,sec_1804.0,"(54120, 54126)",0,100
20,200729_SEFL17_MildStressor_g5(01) Box 4.wmv,noise,post,4.2,108088,10,50,15,sec_1804.2,"(54126, 54132)",0,100
20,200729_SEFL17_MildStressor_g5(01) Box 4.wmv,noise,post,4.4,108088,10,50,15,sec_1804.4,"(54132, 54138)",0,100
20,200729_SEFL17_MildStressor_g5(01) Box 4.wmv,noise,post,4.6,108088,10,50,15,sec_1804.6,"(54138, 54144)",0,100
20,200729_SEFL17_MildStressor_g5(01) Box 4.wmv,noise,post,4.8,108088,10,50,15,sec_1804.8,"(54144, 54150)",0,100
20,200729_SEFL17_MildStressor_g5(01) Box 4.wmv,noise,post,5,108088,10,50,15,sec_1805.0,"(54150, 54156)",0,100
20,200729_SEFL17_MildStressor_g5(01) Box 4.wmv,noise,post,5.2,108088,10,50,15,sec_1805.2,"(54156, 54162)",0,100
20,200729_SEFL17_MildStressor_g5(01) Box 4.wmv,noise,post,5.4,108088,10,50,15,sec_1805.4,"(54162, 54168)",0,100
20,200729_SEFL17_MildStressor_g5(01) Box 4.wmv,noise,post,5.6,108088,10,50,15,sec_1805.6,"(54168, 54174)",0,100
20,200729_SEFL17_MildStressor_g5(01) Box 4.wmv,noise,post,5.8,108088,10,50,15,sec_1805.8,"(54174, 54180)",0,100
20,200729_SEFL17_MildStressor_g5(01) Box 4.wmv,noise,post,6,108088,10,50,15,sec_1806.0,"(54180, 54186)",0,100
20,200729_SEFL17_MildStressor_g5(01) Box 4.wmv,noise,post,6.2,108088,10,50,15,sec_1806.2,"(54186, 54192)",0,100
20,200729_SEFL17_MildStressor_g5(01) Box 4.wmv,noise,post,6.4,108088,10,50,15,sec_1806.4,"(54192, 54198)",0,100
20,200729_SEFL17_MildStressor_g5(01) Box 4.wmv,noise,post,6.6,108088,10,50,15,sec_1806.6,"(54198, 54204)",0,100
20,200729_SEFL17_MildStressor_g5(01) Box 4.wmv,noise,post,6.8,108088,10,50,15,sec_1806.8,"(54204, 54210)",65.66666667,66.66666667
20,200729_SEFL17_MildStressor_g5(01) Box 4.wmv,noise,post,7,108088,10,50,15,sec_1807.0,"(54210, 54216)",44,0
20,200729_SEFL17_MildStressor_g5(01) Box 4.wmv,noise,post,7.2,108088,10,50,15,sec_1807.2,"(54216, 54222)",35.66666667,0
20,200729_SEFL17_MildStressor_g5(01) Box 4.wmv,noise,post,7.4,108088,10,50,15,sec_1807.4,"(54222, 54228)",26,0
20,200729_SEFL17_MildStressor_g5(01) Box 4.wmv,noise,post,7.6,108088,10,50,15,sec_1807.6,"(54228, 54234)",6.833333333,0
20,200729_SEFL17_MildStressor_g5(01) Box 4.wmv,noise,post,7.8,108088,10,50,15,sec_1807.8,"(54234, 54240)",31.5,0
20,200729_SEFL17_MildStressor_g5(01) Box 4.wmv,noise,post,8,108088,10,50,15,sec_1808.0,"(54240, 54246)",19.33333333,83.33333333
20,200729_SEFL17_MildStressor_g5(01) Box 4.wmv,noise,post,8.2,108088,10,50,15,sec_1808.2,"(54246, 54252)",5.666666667,100
20,200729_SEFL17_MildStressor_g5(01) Box 4.wmv,noise,post,8.4,108088,10,50,15,sec_1808.4,"(54252, 54258)",0,100
20,200729_SEFL17_MildStressor_g5(01) Box 4.wmv,noise,post,8.6,108088,10,50,15,sec_1808.6,"(54258, 54264)",50.66666667,16.66666667
20,200729_SEFL17_MildStressor_g5(01) Box 4.wmv,noise,post,8.8,108088,10,50,15,sec_1808.8,"(54264, 54270)",51.33333333,0
20,200729_SEFL17_MildStressor_g5(01) Box 4.wmv,noise,post,9,108088,10,50,15,sec_1809.0,"(54270, 54276)",27,0
20,200729_SEFL17_MildStressor_g5(01) Box 4.wmv,noise,post,9.2,108088,10,50,15,sec_1809.2,"(54276, 54282)",13.16666667,0
20,200729_SEFL17_MildStressor_g5(01) Box 4.wmv,noise,post,9.4,108088,10,50,15,sec_1809.4,"(54282, 54288)",75.5,0
20,200729_SEFL17_MildStressor_g5(01) Box 4.wmv,noise,post,9.6,108088,10,50,15,sec_1809.6,"(54288, 54294)",108.8333333,0
20,200729_SEFL17_MildStressor_g5(01) Box 4.wmv,noise,post,9.8,108088,10,50,15,sec_1809.8,"(54294, 54300)",61.5,0
20,200729_SEFL17_MildStressor_g5(01) Box 4.wmv,noise,post,10,108088,10,50,15,sec_1810.0,"(54300, 54306)",163.8333333,0
20,200729_SEFL17_MildStressor_g5(01) Box 4.wmv,noise,post,10.2,108088,10,50,15,sec_1810.2,"(54306, 54312)",13.33333333,0
20,200729_SEFL17_MildStressor_g5(01) Box 4.wmv,noise,post,10.4,108088,10,50,15,sec_1810.4,"(54312, 54318)",59.5,0
20,200729_SEFL17_MildStressor_g5(01) Box 4.wmv,noise,post,10.6,108088,10,50,15,sec_1810.6,"(54318, 54324)",25.83333333,83.33333333
20,200729_SEFL17_MildStressor_g5(01) Box 4.wmv,noise,post,10.8,108088,10,50,15,sec_1810.8,"(54324, 54330)",0.833333333,100
20,200729_SEFL17_MildStressor_g5(01) Box 4.wmv,noise,post,11,108088,10,50,15,sec_1811.0,"(54330, 54336)",0,100
20,200729_SEFL17_MildStressor_g5(01) Box 4.wmv,noise,post,11.2,108088,10,50,15,sec_1811.2,"(54336, 54342)",0,100
20,200729_SEFL17_MildStressor_g5(01) Box 4.wmv,noise,post,11.4,108088,10,50,15,sec_1811.4,"(54342, 54348)",0,100
20,200729_SEFL17_MildStressor_g5(01) Box 4.wmv,noise,post,11.6,108088,10,50,15,sec_1811.6,"(54348, 54354)",134.5,16.66666667
20,200729_SEFL17_MildStressor_g5(01) Box 4.wmv,noise,post,11.8,108088,10,50,15,sec_1811.8,"(54354, 54360)",150.5,0
20,200729_SEFL17_MildStressor_g5(01) Box 4.wmv,noise,post,12,108088,10,50,15,sec_1812.0,"(54360, 54366)",37,66.66666667
20,200729_SEFL17_MildStressor_g5(01) Box 4.wmv,noise,post,12.2,108088,10,50,15,sec_1812.2,"(54366, 54372)",0,100
20,200729_SEFL17_MildStressor_g5(01) Box 4.wmv,noise,post,12.4,108088,10,50,15,sec_1812.4,"(54372, 54378)",0.5,100
20,200729_SEFL17_MildStressor_g5(01) Box 4.wmv,noise,post,12.6,108088,10,50,15,sec_1812.6,"(54378, 54384)",18.5,83.33333333
20,200729_SEFL17_MildStressor_g5(01) Box 4.wmv,noise,post,12.8,108088,10,50,15,sec_1812.8,"(54384, 54390)",150.3333333,0
21,200730_SEFL17_MildStressor_g6 Box 1.wmv,min,pre,-30,108088,10,50,15,min_0,"(0, 1800)",0.248888889,99.94444444
21,200730_SEFL17_MildStressor_g6 Box 1.wmv,min,pre,-29,108088,10,50,15,min_1,"(1800, 3600)",0.003333333,100
21,200730_SEFL17_MildStressor_g6 Box 1.wmv,min,pre,-28,108088,10,50,15,min_2,"(3600, 5400)",0.011666667,100
21,200730_SEFL17_MildStressor_g6 Box 1.wmv,min,pre,-27,108088,10,50,15,min_3,"(5400, 7200)",0.007777778,100
21,200730_SEFL17_MildStressor_g6 Box 1.wmv,min,pre,-26,108088,10,50,15,min_4,"(7200, 9000)",0.213333333,99.94444444
21,200730_SEFL17_MildStressor_g6 Box 1.wmv,min,pre,-25,108088,10,50,15,min_5,"(9000, 10800)",0.008888889,100
21,200730_SEFL17_MildStressor_g6 Box 1.wmv,min,pre,-24,108088,10,50,15,min_6,"(10800, 12600)",0.009444444,100
21,200730_SEFL17_MildStressor_g6 Box 1.wmv,min,pre,-23,108088,10,50,15,min_7,"(12600, 14400)",0.382777778,100
21,200730_SEFL17_MildStressor_g6 Box 1.wmv,min,pre,-22,108088,10,50,15,min_8,"(14400, 16200)",0.003333333,100
21,200730_SEFL17_MildStressor_g6 Box 1.wmv,min,pre,-21,108088,10,50,15,min_9,"(16200, 18000)",0.005,100
21,200730_SEFL17_MildStressor_g6 Box 1.wmv,min,pre,-20,108088,10,50,15,min_10,"(18000, 19800)",0.305555556,99.94444444
21,200730_SEFL17_MildStressor_g6 Box 1.wmv,min,pre,-19,108088,10,50,15,min_11,"(19800, 21600)",13.06388889,81.66666667
21,200730_SEFL17_MildStressor_g6 Box 1.wmv,min,pre,-18,108088,10,50,15,min_12,"(21600, 23400)",3.525,90.72222222
21,200730_SEFL17_MildStressor_g6 Box 1.wmv,min,pre,-17,108088,10,50,15,min_13,"(23400, 25200)",0.01,100
21,200730_SEFL17_MildStressor_g6 Box 1.wmv,min,pre,-16,108088,10,50,15,min_14,"(25200, 27000)",0.092222222,99.94444444
21,200730_SEFL17_MildStressor_g6 Box 1.wmv,min,pre,-15,108088,10,50,15,min_15,"(27000, 28800)",0.006666667,100
21,200730_SEFL17_MildStressor_g6 Box 1.wmv,min,pre,-14,108088,10,50,15,min_16,"(28800, 30600)",0.007222222,100
21,200730_SEFL17_MildStressor_g6 Box 1.wmv,min,pre,-13,108088,10,50,15,min_17,"(30600, 32400)",0.165555556,100
21,200730_SEFL17_MildStressor_g6 Box 1.wmv,min,pre,-12,108088,10,50,15,min_18,"(32400, 34200)",0.006666667,100
21,200730_SEFL17_MildStressor_g6 Box 1.wmv,min,pre,-11,108088,10,50,15,min_19,"(34200, 36000)",0.012777778,100
21,200730_SEFL17_MildStressor_g6 Box 1.wmv,min,pre,-10,108088,10,50,15,min_20,"(36000, 37800)",0.007777778,100
21,200730_SEFL17_MildStressor_g6 Box 1.wmv,min,pre,-9,108088,10,50,15,min_21,"(37800, 39600)",0.037777778,100
21,200730_SEFL17_MildStressor_g6 Box 1.wmv,min,pre,-8,108088,10,50,15,min_22,"(39600, 41400)",0.090555556,100
21,200730_SEFL17_MildStressor_g6 Box 1.wmv,min,pre,-7,108088,10,50,15,min_23,"(41400, 43200)",3.388333333,95.83333333
21,200730_SEFL17_MildStressor_g6 Box 1.wmv,min,pre,-6,108088,10,50,15,min_24,"(43200, 45000)",16.99777778,65.22222222
21,200730_SEFL17_MildStressor_g6 Box 1.wmv,min,pre,-5,108088,10,50,15,min_25,"(45000, 46800)",128.5611111,32.61111111
21,200730_SEFL17_MildStressor_g6 Box 1.wmv,min,pre,-4,108088,10,50,15,min_26,"(46800, 48600)",52.57222222,52.94444444
21,200730_SEFL17_MildStressor_g6 Box 1.wmv,min,pre,-3,108088,10,50,15,min_27,"(48600, 50400)",114.4805556,45.44444444
21,200730_SEFL17_MildStressor_g6 Box 1.wmv,min,pre,-2,108088,10,50,15,min_28,"(50400, 52200)",192.4138889,9.888888889
21,200730_SEFL17_MildStressor_g6 Box 1.wmv,min,pre,-1,108088,10,50,15,min_29,"(52200, 54000)",215.3561111,21
21,200730_SEFL17_MildStressor_g6 Box 1.wmv,min,post,0,108088,10,50,15,min_30,"(54000, 55800)",147.8811111,22.44444444
21,200730_SEFL17_MildStressor_g6 Box 1.wmv,min,post,1,108088,10,50,15,min_31,"(55800, 57600)",166.9783333,7.666666667
21,200730_SEFL17_MildStressor_g6 Box 1.wmv,min,post,2,108088,10,50,15,min_32,"(57600, 59400)",213.595,8.111111111
21,200730_SEFL17_MildStressor_g6 Box 1.wmv,min,post,3,108088,10,50,15,min_33,"(59400, 61200)",31.43111111,48.94444444
21,200730_SEFL17_MildStressor_g6 Box 1.wmv,min,post,4,108088,10,50,15,min_34,"(61200, 63000)",103.8583333,21.27777778
21,200730_SEFL17_MildStressor_g6 Box 1.wmv,min,post,5,108088,10,50,15,min_35,"(63000, 64800)",42.60055556,66.22222222
21,200730_SEFL17_MildStressor_g6 Box 1.wmv,min,post,6,108088,10,50,15,min_36,"(64800, 66600)",20.19888889,65.66666667
21,200730_SEFL17_MildStressor_g6 Box 1.wmv,min,post,7,108088,10,50,15,min_37,"(66600, 68400)",18.94166667,63.55555556
21,200730_SEFL17_MildStressor_g6 Box 1.wmv,min,post,8,108088,10,50,15,min_38,"(68400, 70200)",17.64111111,72.55555556
21,200730_SEFL17_MildStressor_g6 Box 1.wmv,min,post,9,108088,10,50,15,min_39,"(70200, 72000)",33.06611111,40.44444444
21,200730_SEFL17_MildStressor_g6 Box 1.wmv,min,post,10,108088,10,50,15,min_40,"(72000, 73800)",6.582777778,96.38888889
21,200730_SEFL17_MildStressor_g6 Box 1.wmv,min,post,11,108088,10,50,15,min_41,"(73800, 75600)",6.415555556,96.16666667
21,200730_SEFL17_MildStressor_g6 Box 1.wmv,min,post,12,108088,10,50,15,min_42,"(75600, 77400)",6.757777778,91.11111111
21,200730_SEFL17_MildStressor_g6 Box 1.wmv,min,post,13,108088,10,50,15,min_43,"(77400, 79200)",0.516666667,99.94444444
21,200730_SEFL17_MildStressor_g6 Box 1.wmv,min,post,14,108088,10,50,15,min_44,"(79200, 81000)",1.253333333,98.44444444
21,200730_SEFL17_MildStressor_g6 Box 1.wmv,min,post,15,108088,10,50,15,min_45,"(81000, 82800)",0.006111111,100
21,200730_SEFL17_MildStressor_g6 Box 1.wmv,min,post,16,108088,10,50,15,min_46,"(82800, 84600)",0.036111111,100
21,200730_SEFL17_MildStressor_g6 Box 1.wmv,min,post,17,108088,10,50,15,min_47,"(84600, 86400)",0.021111111,100
21,200730_SEFL17_MildStressor_g6 Box 1.wmv,min,post,18,108088,10,50,15,min_48,"(86400, 88200)",0.008333333,100
21,200730_SEFL17_MildStressor_g6 Box 1.wmv,min,post,19,108088,10,50,15,min_49,"(88200, 90000)",0.021666667,100
21,200730_SEFL17_MildStressor_g6 Box 1.wmv,min,post,20,108088,10,50,15,min_50,"(90000, 91800)",0.158333333,100
21,200730_SEFL17_MildStressor_g6 Box 1.wmv,min,post,21,108088,10,50,15,min_51,"(91800, 93600)",0.003333333,100
21,200730_SEFL17_MildStressor_g6 Box 1.wmv,min,post,22,108088,10,50,15,min_52,"(93600, 95400)",0.486111111,99.77777778
21,200730_SEFL17_MildStressor_g6 Box 1.wmv,min,post,23,108088,10,50,15,min_53,"(95400, 97200)",0.013333333,100
21,200730_SEFL17_MildStressor_g6 Box 1.wmv,min,post,24,108088,10,50,15,min_54,"(97200, 99000)",3.140555556,94.72222222
21,200730_SEFL17_MildStressor_g6 Box 1.wmv,min,post,25,108088,10,50,15,min_55,"(99000, 100800)",0.021666667,100
21,200730_SEFL17_MildStressor_g6 Box 1.wmv,min,post,26,108088,10,50,15,min_56,"(100800, 102600)",0.027222222,100
21,200730_SEFL17_MildStressor_g6 Box 1.wmv,min,post,27,108088,10,50,15,min_57,"(102600, 104400)",0.049444444,100
21,200730_SEFL17_MildStressor_g6 Box 1.wmv,min,post,28,108088,10,50,15,min_58,"(104400, 106200)",0.016666667,100
21,200730_SEFL17_MildStressor_g6 Box 1.wmv,min,post,29,108088,10,50,15,min_59,"(106200, 108000)",0.045555556,100
21,200730_SEFL17_MildStressor_g6 Box 1.wmv,noise,pre,-10,108088,10,50,15,sec_1790.0,"(53700, 53706)",5.833333333,100
21,200730_SEFL17_MildStressor_g6 Box 1.wmv,noise,pre,-9.8,108088,10,50,15,sec_1790.2,"(53706, 53712)",0,100
21,200730_SEFL17_MildStressor_g6 Box 1.wmv,noise,pre,-9.6,108088,10,50,15,sec_1790.4,"(53712, 53718)",2,100
21,200730_SEFL17_MildStressor_g6 Box 1.wmv,noise,pre,-9.4,108088,10,50,15,sec_1790.6,"(53718, 53724)",0,100
21,200730_SEFL17_MildStressor_g6 Box 1.wmv,noise,pre,-9.2,108088,10,50,15,sec_1790.8,"(53724, 53730)",0,100
21,200730_SEFL17_MildStressor_g6 Box 1.wmv,noise,pre,-9,108088,10,50,15,sec_1791.0,"(53730, 53736)",0,100
21,200730_SEFL17_MildStressor_g6 Box 1.wmv,noise,pre,-8.8,108088,10,50,15,sec_1791.2,"(53736, 53742)",10.66666667,100
21,200730_SEFL17_MildStressor_g6 Box 1.wmv,noise,pre,-8.6,108088,10,50,15,sec_1791.4,"(53742, 53748)",21.83333333,100
21,200730_SEFL17_MildStressor_g6 Box 1.wmv,noise,pre,-8.4,108088,10,50,15,sec_1791.6,"(53748, 53754)",1.833333333,100
21,200730_SEFL17_MildStressor_g6 Box 1.wmv,noise,pre,-8.2,108088,10,50,15,sec_1791.8,"(53754, 53760)",5,100
21,200730_SEFL17_MildStressor_g6 Box 1.wmv,noise,pre,-8,108088,10,50,15,sec_1792.0,"(53760, 53766)",8,100
21,200730_SEFL17_MildStressor_g6 Box 1.wmv,noise,pre,-7.8,108088,10,50,15,sec_1792.2,"(53766, 53772)",24.33333333,100
21,200730_SEFL17_MildStressor_g6 Box 1.wmv,noise,pre,-7.6,108088,10,50,15,sec_1792.4,"(53772, 53778)",173.3333333,0
21,200730_SEFL17_MildStressor_g6 Box 1.wmv,noise,pre,-7.4,108088,10,50,15,sec_1792.6,"(53778, 53784)",35.16666667,0
21,200730_SEFL17_MildStressor_g6 Box 1.wmv,noise,pre,-7.2,108088,10,50,15,sec_1792.8,"(53784, 53790)",15,0
21,200730_SEFL17_MildStressor_g6 Box 1.wmv,noise,pre,-7,108088,10,50,15,sec_1793.0,"(53790, 53796)",23.16666667,0
21,200730_SEFL17_MildStressor_g6 Box 1.wmv,noise,pre,-6.8,108088,10,50,15,sec_1793.2,"(53796, 53802)",91.5,0
21,200730_SEFL17_MildStressor_g6 Box 1.wmv,noise,pre,-6.6,108088,10,50,15,sec_1793.4,"(53802, 53808)",42.83333333,0
21,200730_SEFL17_MildStressor_g6 Box 1.wmv,noise,pre,-6.4,108088,10,50,15,sec_1793.6,"(53808, 53814)",17.83333333,0
21,200730_SEFL17_MildStressor_g6 Box 1.wmv,noise,pre,-6.2,108088,10,50,15,sec_1793.8,"(53814, 53820)",45.33333333,0
21,200730_SEFL17_MildStressor_g6 Box 1.wmv,noise,pre,-6,108088,10,50,15,sec_1794.0,"(53820, 53826)",106.1666667,0
21,200730_SEFL17_MildStressor_g6 Box 1.wmv,noise,pre,-5.8,108088,10,50,15,sec_1794.2,"(53826, 53832)",25,0
21,200730_SEFL17_MildStressor_g6 Box 1.wmv,noise,pre,-5.6,108088,10,50,15,sec_1794.4,"(53832, 53838)",13.5,0
21,200730_SEFL17_MildStressor_g6 Box 1.wmv,noise,pre,-5.4,108088,10,50,15,sec_1794.6,"(53838, 53844)",54.83333333,0
21,200730_SEFL17_MildStressor_g6 Box 1.wmv,noise,pre,-5.2,108088,10,50,15,sec_1794.8,"(53844, 53850)",158.6666667,0
21,200730_SEFL17_MildStressor_g6 Box 1.wmv,noise,pre,-5,108088,10,50,15,sec_1795.0,"(53850, 53856)",67.16666667,0
21,200730_SEFL17_MildStressor_g6 Box 1.wmv,noise,pre,-4.8,108088,10,50,15,sec_1795.2,"(53856, 53862)",51.83333333,50
21,200730_SEFL17_MildStressor_g6 Box 1.wmv,noise,pre,-4.6,108088,10,50,15,sec_1795.4,"(53862, 53868)",0,100
21,200730_SEFL17_MildStressor_g6 Box 1.wmv,noise,pre,-4.4,108088,10,50,15,sec_1795.6,"(53868, 53874)",10,100
21,200730_SEFL17_MildStressor_g6 Box 1.wmv,noise,pre,-4.2,108088,10,50,15,sec_1795.8,"(53874, 53880)",33.33333333,0
21,200730_SEFL17_MildStressor_g6 Box 1.wmv,noise,pre,-4,108088,10,50,15,sec_1796.0,"(53880, 53886)",124,0
21,200730_SEFL17_MildStressor_g6 Box 1.wmv,noise,pre,-3.8,108088,10,50,15,sec_1796.2,"(53886, 53892)",126.8333333,0
21,200730_SEFL17_MildStressor_g6 Box 1.wmv,noise,pre,-3.6,108088,10,50,15,sec_1796.4,"(53892, 53898)",80.33333333,0
21,200730_SEFL17_MildStressor_g6 Box 1.wmv,noise,pre,-3.4,108088,10,50,15,sec_1796.6,"(53898, 53904)",85,0
21,200730_SEFL17_MildStressor_g6 Box 1.wmv,noise,pre,-3.2,108088,10,50,15,sec_1796.8,"(53904, 53910)",136.8333333,0
21,200730_SEFL17_MildStressor_g6 Box 1.wmv,noise,pre,-3,108088,10,50,15,sec_1797.0,"(53910, 53916)",166.5,0
21,200730_SEFL17_MildStressor_g6 Box 1.wmv,noise,pre,-2.8,108088,10,50,15,sec_1797.2,"(53916, 53922)",222,0
21,200730_SEFL17_MildStressor_g6 Box 1.wmv,noise,pre,-2.6,108088,10,50,15,sec_1797.4,"(53922, 53928)",87.5,0
21,200730_SEFL17_MildStressor_g6 Box 1.wmv,noise,pre,-2.4,108088,10,50,15,sec_1797.6,"(53928, 53934)",123.5,0
21,200730_SEFL17_MildStressor_g6 Box 1.wmv,noise,pre,-2.2,108088,10,50,15,sec_1797.8,"(53934, 53940)",25.16666667,0
21,200730_SEFL17_MildStressor_g6 Box 1.wmv,noise,pre,-2,108088,10,50,15,sec_1798.0,"(53940, 53946)",64.83333333,0
21,200730_SEFL17_MildStressor_g6 Box 1.wmv,noise,pre,-1.8,108088,10,50,15,sec_1798.2,"(53946, 53952)",215,0
21,200730_SEFL17_MildStressor_g6 Box 1.wmv,noise,pre,-1.6,108088,10,50,15,sec_1798.4,"(53952, 53958)",234.5,0
21,200730_SEFL17_MildStressor_g6 Box 1.wmv,noise,pre,-1.4,108088,10,50,15,sec_1798.6,"(53958, 53964)",123.8333333,0
21,200730_SEFL17_MildStressor_g6 Box 1.wmv,noise,pre,-1.2,108088,10,50,15,sec_1798.8,"(53964, 53970)",81.33333333,16.66666667
21,200730_SEFL17_MildStressor_g6 Box 1.wmv,noise,pre,-1,108088,10,50,15,sec_1799.0,"(53970, 53976)",0,100
21,200730_SEFL17_MildStressor_g6 Box 1.wmv,noise,pre,-0.8,108088,10,50,15,sec_1799.2,"(53976, 53982)",0.833333333,100
21,200730_SEFL17_MildStressor_g6 Box 1.wmv,noise,pre,-0.6,108088,10,50,15,sec_1799.4,"(53982, 53988)",15.83333333,83.33333333
21,200730_SEFL17_MildStressor_g6 Box 1.wmv,noise,pre,-0.4,108088,10,50,15,sec_1799.6,"(53988, 53994)",14.16666667,0
21,200730_SEFL17_MildStressor_g6 Box 1.wmv,noise,pre,-0.2,108088,10,50,15,sec_1799.8,"(53994, 54000)",16,0
21,200730_SEFL17_MildStressor_g6 Box 1.wmv,noise,noise,-4.09E-14,108088,10,50,15,sec_1800.0,"(54000, 54006)",359.1666667,0
21,200730_SEFL17_MildStressor_g6 Box 1.wmv,noise,noise,0.2,108088,10,50,15,sec_1800.2,"(54006, 54012)",434.1666667,0
21,200730_SEFL17_MildStressor_g6 Box 1.wmv,noise,noise,0.4,108088,10,50,15,sec_1800.4,"(54012, 54018)",153.3333333,0
21,200730_SEFL17_MildStressor_g6 Box 1.wmv,noise,noise,0.6,108088,10,50,15,sec_1800.6,"(54018, 54024)",303.5,0
21,200730_SEFL17_MildStressor_g6 Box 1.wmv,noise,noise,0.8,108088,10,50,15,sec_1800.8,"(54024, 54030)",28.83333333,0
21,200730_SEFL17_MildStressor_g6 Box 1.wmv,noise,noise,1,108088,10,50,15,sec_1801.0,"(54030, 54036)",65.83333333,0
21,200730_SEFL17_MildStressor_g6 Box 1.wmv,noise,noise,1.2,108088,10,50,15,sec_1801.2,"(54036, 54042)",816.3333333,0
21,200730_SEFL17_MildStressor_g6 Box 1.wmv,noise,noise,1.4,108088,10,50,15,sec_1801.4,"(54042, 54048)",765.3333333,0
21,200730_SEFL17_MildStressor_g6 Box 1.wmv,noise,noise,1.6,108088,10,50,15,sec_1801.6,"(54048, 54054)",232.5,0
21,200730_SEFL17_MildStressor_g6 Box 1.wmv,noise,noise,1.8,108088,10,50,15,sec_1801.8,"(54054, 54060)",99.83333333,33.33333333
21,200730_SEFL17_MildStressor_g6 Box 1.wmv,noise,noise,2,108088,10,50,15,sec_1802.0,"(54060, 54066)",1.833333333,100
21,200730_SEFL17_MildStressor_g6 Box 1.wmv,noise,noise,2.2,108088,10,50,15,sec_1802.2,"(54066, 54072)",0,100
21,200730_SEFL17_MildStressor_g6 Box 1.wmv,noise,noise,2.4,108088,10,50,15,sec_1802.4,"(54072, 54078)",0,100
21,200730_SEFL17_MildStressor_g6 Box 1.wmv,noise,noise,2.6,108088,10,50,15,sec_1802.6,"(54078, 54084)",0,100
21,200730_SEFL17_MildStressor_g6 Box 1.wmv,noise,noise,2.8,108088,10,50,15,sec_1802.8,"(54084, 54090)",0.333333333,100
21,200730_SEFL17_MildStressor_g6 Box 1.wmv,noise,post,3,108088,10,50,15,sec_1803.0,"(54090, 54096)",0,100
21,200730_SEFL17_MildStressor_g6 Box 1.wmv,noise,post,3.2,108088,10,50,15,sec_1803.2,"(54096, 54102)",0,100
21,200730_SEFL17_MildStressor_g6 Box 1.wmv,noise,post,3.4,108088,10,50,15,sec_1803.4,"(54102, 54108)",0,100
21,200730_SEFL17_MildStressor_g6 Box 1.wmv,noise,post,3.6,108088,10,50,15,sec_1803.6,"(54108, 54114)",0,100
21,200730_SEFL17_MildStressor_g6 Box 1.wmv,noise,post,3.8,108088,10,50,15,sec_1803.8,"(54114, 54120)",0,100
21,200730_SEFL17_MildStressor_g6 Box 1.wmv,noise,post,4,108088,10,50,15,sec_1804.0,"(54120, 54126)",0,100
21,200730_SEFL17_MildStressor_g6 Box 1.wmv,noise,post,4.2,108088,10,50,15,sec_1804.2,"(54126, 54132)",0,100
21,200730_SEFL17_MildStressor_g6 Box 1.wmv,noise,post,4.4,108088,10,50,15,sec_1804.4,"(54132, 54138)",0,100
21,200730_SEFL17_MildStressor_g6 Box 1.wmv,noise,post,4.6,108088,10,50,15,sec_1804.6,"(54138, 54144)",0,100
21,200730_SEFL17_MildStressor_g6 Box 1.wmv,noise,post,4.8,108088,10,50,15,sec_1804.8,"(54144, 54150)",0,100
21,200730_SEFL17_MildStressor_g6 Box 1.wmv,noise,post,5,108088,10,50,15,sec_1805.0,"(54150, 54156)",0,100
21,200730_SEFL17_MildStressor_g6 Box 1.wmv,noise,post,5.2,108088,10,50,15,sec_1805.2,"(54156, 54162)",0,100
21,200730_SEFL17_MildStressor_g6 Box 1.wmv,noise,post,5.4,108088,10,50,15,sec_1805.4,"(54162, 54168)",0,100
21,200730_SEFL17_MildStressor_g6 Box 1.wmv,noise,post,5.6,108088,10,50,15,sec_1805.6,"(54168, 54174)",0,100
21,200730_SEFL17_MildStressor_g6 Box 1.wmv,noise,post,5.8,108088,10,50,15,sec_1805.8,"(54174, 54180)",0,100
21,200730_SEFL17_MildStressor_g6 Box 1.wmv,noise,post,6,108088,10,50,15,sec_1806.0,"(54180, 54186)",0,100
21,200730_SEFL17_MildStressor_g6 Box 1.wmv,noise,post,6.2,108088,10,50,15,sec_1806.2,"(54186, 54192)",4.5,100
21,200730_SEFL17_MildStressor_g6 Box 1.wmv,noise,post,6.4,108088,10,50,15,sec_1806.4,"(54192, 54198)",1.166666667,100
21,200730_SEFL17_MildStressor_g6 Box 1.wmv,noise,post,6.6,108088,10,50,15,sec_1806.6,"(54198, 54204)",3.5,100
21,200730_SEFL17_MildStressor_g6 Box 1.wmv,noise,post,6.8,108088,10,50,15,sec_1806.8,"(54204, 54210)",20.16666667,16.66666667
21,200730_SEFL17_MildStressor_g6 Box 1.wmv,noise,post,7,108088,10,50,15,sec_1807.0,"(54210, 54216)",23.5,0
21,200730_SEFL17_MildStressor_g6 Box 1.wmv,noise,post,7.2,108088,10,50,15,sec_1807.2,"(54216, 54222)",16.16666667,0
21,200730_SEFL17_MildStressor_g6 Box 1.wmv,noise,post,7.4,108088,10,50,15,sec_1807.4,"(54222, 54228)",23.33333333,83.33333333
21,200730_SEFL17_MildStressor_g6 Box 1.wmv,noise,post,7.6,108088,10,50,15,sec_1807.6,"(54228, 54234)",2.833333333,100
21,200730_SEFL17_MildStressor_g6 Box 1.wmv,noise,post,7.8,108088,10,50,15,sec_1807.8,"(54234, 54240)",0,100
21,200730_SEFL17_MildStressor_g6 Box 1.wmv,noise,post,8,108088,10,50,15,sec_1808.0,"(54240, 54246)",1,100
21,200730_SEFL17_MildStressor_g6 Box 1.wmv,noise,post,8.2,108088,10,50,15,sec_1808.2,"(54246, 54252)",0,100
21,200730_SEFL17_MildStressor_g6 Box 1.wmv,noise,post,8.4,108088,10,50,15,sec_1808.4,"(54252, 54258)",0,100
21,200730_SEFL17_MildStressor_g6 Box 1.wmv,noise,post,8.6,108088,10,50,15,sec_1808.6,"(54258, 54264)",0,100
21,200730_SEFL17_MildStressor_g6 Box 1.wmv,noise,post,8.8,108088,10,50,15,sec_1808.8,"(54264, 54270)",0,100
21,200730_SEFL17_MildStressor_g6 Box 1.wmv,noise,post,9,108088,10,50,15,sec_1809.0,"(54270, 54276)",0,100
21,200730_SEFL17_MildStressor_g6 Box 1.wmv,noise,post,9.2,108088,10,50,15,sec_1809.2,"(54276, 54282)",0,100
21,200730_SEFL17_MildStressor_g6 Box 1.wmv,noise,post,9.4,108088,10,50,15,sec_1809.4,"(54282, 54288)",0,100
21,200730_SEFL17_MildStressor_g6 Box 1.wmv,noise,post,9.6,108088,10,50,15,sec_1809.6,"(54288, 54294)",0,100
21,200730_SEFL17_MildStressor_g6 Box 1.wmv,noise,post,9.8,108088,10,50,15,sec_1809.8,"(54294, 54300)",0,100
21,200730_SEFL17_MildStressor_g6 Box 1.wmv,noise,post,10,108088,10,50,15,sec_1810.0,"(54300, 54306)",0,100
21,200730_SEFL17_MildStressor_g6 Box 1.wmv,noise,post,10.2,108088,10,50,15,sec_1810.2,"(54306, 54312)",0,100
21,200730_SEFL17_MildStressor_g6 Box 1.wmv,noise,post,10.4,108088,10,50,15,sec_1810.4,"(54312, 54318)",0,100
21,200730_SEFL17_MildStressor_g6 Box 1.wmv,noise,post,10.6,108088,10,50,15,sec_1810.6,"(54318, 54324)",0,100
21,200730_SEFL17_MildStressor_g6 Box 1.wmv,noise,post,10.8,108088,10,50,15,sec_1810.8,"(54324, 54330)",0,100
21,200730_SEFL17_MildStressor_g6 Box 1.wmv,noise,post,11,108088,10,50,15,sec_1811.0,"(54330, 54336)",1.5,100
21,200730_SEFL17_MildStressor_g6 Box 1.wmv,noise,post,11.2,108088,10,50,15,sec_1811.2,"(54336, 54342)",11.66666667,100
21,200730_SEFL17_MildStressor_g6 Box 1.wmv,noise,post,11.4,108088,10,50,15,sec_1811.4,"(54342, 54348)",3.333333333,100
21,200730_SEFL17_MildStressor_g6 Box 1.wmv,noise,post,11.6,108088,10,50,15,sec_1811.6,"(54348, 54354)",2.833333333,100
21,200730_SEFL17_MildStressor_g6 Box 1.wmv,noise,post,11.8,108088,10,50,15,sec_1811.8,"(54354, 54360)",1.166666667,100
21,200730_SEFL17_MildStressor_g6 Box 1.wmv,noise,post,12,108088,10,50,15,sec_1812.0,"(54360, 54366)",51.5,16.66666667
21,200730_SEFL17_MildStressor_g6 Box 1.wmv,noise,post,12.2,108088,10,50,15,sec_1812.2,"(54366, 54372)",79.5,0
21,200730_SEFL17_MildStressor_g6 Box 1.wmv,noise,post,12.4,108088,10,50,15,sec_1812.4,"(54372, 54378)",44.83333333,0
21,200730_SEFL17_MildStressor_g6 Box 1.wmv,noise,post,12.6,108088,10,50,15,sec_1812.6,"(54378, 54384)",42.16666667,0
21,200730_SEFL17_MildStressor_g6 Box 1.wmv,noise,post,12.8,108088,10,50,15,sec_1812.8,"(54384, 54390)",240.1666667,0
22,200730_SEFL17_MildStressor_g6 Box 2.wmv,min,pre,-30,108088,10,50,15,min_0,"(0, 1800)",23.67444444,61.83333333
22,200730_SEFL17_MildStressor_g6 Box 2.wmv,min,pre,-29,108088,10,50,15,min_1,"(1800, 3600)",5.958333333,91.5
22,200730_SEFL17_MildStressor_g6 Box 2.wmv,min,pre,-28,108088,10,50,15,min_2,"(3600, 5400)",7.816666667,87.88888889
22,200730_SEFL17_MildStressor_g6 Box 2.wmv,min,pre,-27,108088,10,50,15,min_3,"(5400, 7200)",0.016111111,100
22,200730_SEFL17_MildStressor_g6 Box 2.wmv,min,pre,-26,108088,10,50,15,min_4,"(7200, 9000)",0.036666667,100
22,200730_SEFL17_MildStressor_g6 Box 2.wmv,min,pre,-25,108088,10,50,15,min_5,"(9000, 10800)",0.798333333,98.88888889
22,200730_SEFL17_MildStressor_g6 Box 2.wmv,min,pre,-24,108088,10,50,15,min_6,"(10800, 12600)",0.007222222,100
22,200730_SEFL17_MildStressor_g6 Box 2.wmv,min,pre,-23,108088,10,50,15,min_7,"(12600, 14400)",1.526111111,98.44444444
22,200730_SEFL17_MildStressor_g6 Box 2.wmv,min,pre,-22,108088,10,50,15,min_8,"(14400, 16200)",0.661111111,99.66666667
22,200730_SEFL17_MildStressor_g6 Box 2.wmv,min,pre,-21,108088,10,50,15,min_9,"(16200, 18000)",0.013888889,100
22,200730_SEFL17_MildStressor_g6 Box 2.wmv,min,pre,-20,108088,10,50,15,min_10,"(18000, 19800)",4.936666667,93.83333333
22,200730_SEFL17_MildStressor_g6 Box 2.wmv,min,pre,-19,108088,10,50,15,min_11,"(19800, 21600)",2.709444444,96.16666667
22,200730_SEFL17_MildStressor_g6 Box 2.wmv,min,pre,-18,108088,10,50,15,min_12,"(21600, 23400)",0.016111111,100
22,200730_SEFL17_MildStressor_g6 Box 2.wmv,min,pre,-17,108088,10,50,15,min_13,"(23400, 25200)",0.002777778,100
22,200730_SEFL17_MildStressor_g6 Box 2.wmv,min,pre,-16,108088,10,50,15,min_14,"(25200, 27000)",0.003333333,100
22,200730_SEFL17_MildStressor_g6 Box 2.wmv,min,pre,-15,108088,10,50,15,min_15,"(27000, 28800)",0.012222222,100
22,200730_SEFL17_MildStressor_g6 Box 2.wmv,min,pre,-14,108088,10,50,15,min_16,"(28800, 30600)",0.007222222,100
22,200730_SEFL17_MildStressor_g6 Box 2.wmv,min,pre,-13,108088,10,50,15,min_17,"(30600, 32400)",0.247222222,99.94444444
22,200730_SEFL17_MildStressor_g6 Box 2.wmv,min,pre,-12,108088,10,50,15,min_18,"(32400, 34200)",0.011111111,100
22,200730_SEFL17_MildStressor_g6 Box 2.wmv,min,pre,-11,108088,10,50,15,min_19,"(34200, 36000)",2.413333333,97.66666667
22,200730_SEFL17_MildStressor_g6 Box 2.wmv,min,pre,-10,108088,10,50,15,min_20,"(36000, 37800)",0.005555556,100
22,200730_SEFL17_MildStressor_g6 Box 2.wmv,min,pre,-9,108088,10,50,15,min_21,"(37800, 39600)",0.317777778,99.77777778
22,200730_SEFL17_MildStressor_g6 Box 2.wmv,min,pre,-8,108088,10,50,15,min_22,"(39600, 41400)",0.006111111,100
22,200730_SEFL17_MildStressor_g6 Box 2.wmv,min,pre,-7,108088,10,50,15,min_23,"(41400, 43200)",0.011666667,100
22,200730_SEFL17_MildStressor_g6 Box 2.wmv,min,pre,-6,108088,10,50,15,min_24,"(43200, 45000)",0.911111111,98.27777778
22,200730_SEFL17_MildStressor_g6 Box 2.wmv,min,pre,-5,108088,10,50,15,min_25,"(45000, 46800)",0.221666667,99.94444444
22,200730_SEFL17_MildStressor_g6 Box 2.wmv,min,pre,-4,108088,10,50,15,min_26,"(46800, 48600)",1.603888889,97.94444444
22,200730_SEFL17_MildStressor_g6 Box 2.wmv,min,pre,-3,108088,10,50,15,min_27,"(48600, 50400)",1.57,99.44444444
22,200730_SEFL17_MildStressor_g6 Box 2.wmv,min,pre,-2,108088,10,50,15,min_28,"(50400, 52200)",2.143888889,96.88888889
22,200730_SEFL17_MildStressor_g6 Box 2.wmv,min,pre,-1,108088,10,50,15,min_29,"(52200, 54000)",0.03,100
22,200730_SEFL17_MildStressor_g6 Box 2.wmv,min,post,0,108088,10,50,15,min_30,"(54000, 55800)",17.55944444,74.5
22,200730_SEFL17_MildStressor_g6 Box 2.wmv,min,post,1,108088,10,50,15,min_31,"(55800, 57600)",14.98666667,75.27777778
22,200730_SEFL17_MildStressor_g6 Box 2.wmv,min,post,2,108088,10,50,15,min_32,"(57600, 59400)",30.62222222,50.27777778
22,200730_SEFL17_MildStressor_g6 Box 2.wmv,min,post,3,108088,10,50,15,min_33,"(59400, 61200)",85.57833333,21.33333333
22,200730_SEFL17_MildStressor_g6 Box 2.wmv,min,post,4,108088,10,50,15,min_34,"(61200, 63000)",69.72666667,33
22,200730_SEFL17_MildStressor_g6 Box 2.wmv,min,post,5,108088,10,50,15,min_35,"(63000, 64800)",23.05,58.77777778
22,200730_SEFL17_MildStressor_g6 Box 2.wmv,min,post,6,108088,10,50,15,min_36,"(64800, 66600)",4.282777778,92.66666667
22,200730_SEFL17_MildStressor_g6 Box 2.wmv,min,post,7,108088,10,50,15,min_37,"(66600, 68400)",0.062777778,100
22,200730_SEFL17_MildStressor_g6 Box 2.wmv,min,post,8,108088,10,50,15,min_38,"(68400, 70200)",0.004444444,100
22,200730_SEFL17_MildStressor_g6 Box 2.wmv,min,post,9,108088,10,50,15,min_39,"(70200, 72000)",0.017222222,100
22,200730_SEFL17_MildStressor_g6 Box 2.wmv,min,post,10,108088,10,50,15,min_40,"(72000, 73800)",0.011111111,100
22,200730_SEFL17_MildStressor_g6 Box 2.wmv,min,post,11,108088,10,50,15,min_41,"(73800, 75600)",1.598888889,97.66666667
22,200730_SEFL17_MildStressor_g6 Box 2.wmv,min,post,12,108088,10,50,15,min_42,"(75600, 77400)",0.013888889,100
22,200730_SEFL17_MildStressor_g6 Box 2.wmv,min,post,13,108088,10,50,15,min_43,"(77400, 79200)",0.468333333,99.88888889
22,200730_SEFL17_MildStressor_g6 Box 2.wmv,min,post,14,108088,10,50,15,min_44,"(79200, 81000)",0.011666667,100
22,200730_SEFL17_MildStressor_g6 Box 2.wmv,min,post,15,108088,10,50,15,min_45,"(81000, 82800)",0.052222222,100
22,200730_SEFL17_MildStressor_g6 Box 2.wmv,min,post,16,108088,10,50,15,min_46,"(82800, 84600)",2.348888889,97.38888889
22,200730_SEFL17_MildStressor_g6 Box 2.wmv,min,post,17,108088,10,50,15,min_47,"(84600, 86400)",4.993333333,91.83333333
22,200730_SEFL17_MildStressor_g6 Box 2.wmv,min,post,18,108088,10,50,15,min_48,"(86400, 88200)",0.757777778,99
22,200730_SEFL17_MildStressor_g6 Box 2.wmv,min,post,19,108088,10,50,15,min_49,"(88200, 90000)",0.011111111,100
22,200730_SEFL17_MildStressor_g6 Box 2.wmv,min,post,20,108088,10,50,15,min_50,"(90000, 91800)",0.008333333,100
22,200730_SEFL17_MildStressor_g6 Box 2.wmv,min,post,21,108088,10,50,15,min_51,"(91800, 93600)",0.224444444,99.88888889
22,200730_SEFL17_MildStressor_g6 Box 2.wmv,min,post,22,108088,10,50,15,min_52,"(93600, 95400)",0.003888889,100
22,200730_SEFL17_MildStressor_g6 Box 2.wmv,min,post,23,108088,10,50,15,min_53,"(95400, 97200)",0.27,99.83333333
22,200730_SEFL17_MildStressor_g6 Box 2.wmv,min,post,24,108088,10,50,15,min_54,"(97200, 99000)",0.012777778,100
22,200730_SEFL17_MildStressor_g6 Box 2.wmv,min,post,25,108088,10,50,15,min_55,"(99000, 100800)",0.015555556,100
22,200730_SEFL17_MildStressor_g6 Box 2.wmv,min,post,26,108088,10,50,15,min_56,"(100800, 102600)",5.728333333,90.83333333
22,200730_SEFL17_MildStressor_g6 Box 2.wmv,min,post,27,108088,10,50,15,min_57,"(102600, 104400)",0.003333333,100
22,200730_SEFL17_MildStressor_g6 Box 2.wmv,min,post,28,108088,10,50,15,min_58,"(104400, 106200)",0.007222222,100
22,200730_SEFL17_MildStressor_g6 Box 2.wmv,min,post,29,108088,10,50,15,min_59,"(106200, 108000)",0.012222222,100
22,200730_SEFL17_MildStressor_g6 Box 2.wmv,noise,pre,-10,108088,10,50,15,sec_1790.0,"(53700, 53706)",0,100
22,200730_SEFL17_MildStressor_g6 Box 2.wmv,noise,pre,-9.8,108088,10,50,15,sec_1790.2,"(53706, 53712)",0,100
22,200730_SEFL17_MildStressor_g6 Box 2.wmv,noise,pre,-9.6,108088,10,50,15,sec_1790.4,"(53712, 53718)",0,100
22,200730_SEFL17_MildStressor_g6 Box 2.wmv,noise,pre,-9.4,108088,10,50,15,sec_1790.6,"(53718, 53724)",0,100
22,200730_SEFL17_MildStressor_g6 Box 2.wmv,noise,pre,-9.2,108088,10,50,15,sec_1790.8,"(53724, 53730)",0,100
22,200730_SEFL17_MildStressor_g6 Box 2.wmv,noise,pre,-9,108088,10,50,15,sec_1791.0,"(53730, 53736)",0,100
22,200730_SEFL17_MildStressor_g6 Box 2.wmv,noise,pre,-8.8,108088,10,50,15,sec_1791.2,"(53736, 53742)",0,100
22,200730_SEFL17_MildStressor_g6 Box 2.wmv,noise,pre,-8.6,108088,10,50,15,sec_1791.4,"(53742, 53748)",0,100
22,200730_SEFL17_MildStressor_g6 Box 2.wmv,noise,pre,-8.4,108088,10,50,15,sec_1791.6,"(53748, 53754)",0,100
22,200730_SEFL17_MildStressor_g6 Box 2.wmv,noise,pre,-8.2,108088,10,50,15,sec_1791.8,"(53754, 53760)",0,100
22,200730_SEFL17_MildStressor_g6 Box 2.wmv,noise,pre,-8,108088,10,50,15,sec_1792.0,"(53760, 53766)",0.5,100
22,200730_SEFL17_MildStressor_g6 Box 2.wmv,noise,pre,-7.8,108088,10,50,15,sec_1792.2,"(53766, 53772)",0,100
22,200730_SEFL17_MildStressor_g6 Box 2.wmv,noise,pre,-7.6,108088,10,50,15,sec_1792.4,"(53772, 53778)",0,100
22,200730_SEFL17_MildStressor_g6 Box 2.wmv,noise,pre,-7.4,108088,10,50,15,sec_1792.6,"(53778, 53784)",0,100
22,200730_SEFL17_MildStressor_g6 Box 2.wmv,noise,pre,-7.2,108088,10,50,15,sec_1792.8,"(53784, 53790)",0,100
22,200730_SEFL17_MildStressor_g6 Box 2.wmv,noise,pre,-7,108088,10,50,15,sec_1793.0,"(53790, 53796)",0,100
22,200730_SEFL17_MildStressor_g6 Box 2.wmv,noise,pre,-6.8,108088,10,50,15,sec_1793.2,"(53796, 53802)",0,100
22,200730_SEFL17_MildStressor_g6 Box 2.wmv,noise,pre,-6.6,108088,10,50,15,sec_1793.4,"(53802, 53808)",0,100
22,200730_SEFL17_MildStressor_g6 Box 2.wmv,noise,pre,-6.4,108088,10,50,15,sec_1793.6,"(53808, 53814)",0,100
22,200730_SEFL17_MildStressor_g6 Box 2.wmv,noise,pre,-6.2,108088,10,50,15,sec_1793.8,"(53814, 53820)",0,100
22,200730_SEFL17_MildStressor_g6 Box 2.wmv,noise,pre,-6,108088,10,50,15,sec_1794.0,"(53820, 53826)",0,100
22,200730_SEFL17_MildStressor_g6 Box 2.wmv,noise,pre,-5.8,108088,10,50,15,sec_1794.2,"(53826, 53832)",0,100
22,200730_SEFL17_MildStressor_g6 Box 2.wmv,noise,pre,-5.6,108088,10,50,15,sec_1794.4,"(53832, 53838)",0,100
22,200730_SEFL17_MildStressor_g6 Box 2.wmv,noise,pre,-5.4,108088,10,50,15,sec_1794.6,"(53838, 53844)",0,100
22,200730_SEFL17_MildStressor_g6 Box 2.wmv,noise,pre,-5.2,108088,10,50,15,sec_1794.8,"(53844, 53850)",0,100
22,200730_SEFL17_MildStressor_g6 Box 2.wmv,noise,pre,-5,108088,10,50,15,sec_1795.0,"(53850, 53856)",0,100
22,200730_SEFL17_MildStressor_g6 Box 2.wmv,noise,pre,-4.8,108088,10,50,15,sec_1795.2,"(53856, 53862)",0,100
22,200730_SEFL17_MildStressor_g6 Box 2.wmv,noise,pre,-4.6,108088,10,50,15,sec_1795.4,"(53862, 53868)",0,100
22,200730_SEFL17_MildStressor_g6 Box 2.wmv,noise,pre,-4.4,108088,10,50,15,sec_1795.6,"(53868, 53874)",0,100
22,200730_SEFL17_MildStressor_g6 Box 2.wmv,noise,pre,-4.2,108088,10,50,15,sec_1795.8,"(53874, 53880)",0,100
22,200730_SEFL17_MildStressor_g6 Box 2.wmv,noise,pre,-4,108088,10,50,15,sec_1796.0,"(53880, 53886)",0,100
22,200730_SEFL17_MildStressor_g6 Box 2.wmv,noise,pre,-3.8,108088,10,50,15,sec_1796.2,"(53886, 53892)",0,100
22,200730_SEFL17_MildStressor_g6 Box 2.wmv,noise,pre,-3.6,108088,10,50,15,sec_1796.4,"(53892, 53898)",0,100
22,200730_SEFL17_MildStressor_g6 Box 2.wmv,noise,pre,-3.4,108088,10,50,15,sec_1796.6,"(53898, 53904)",0,100
22,200730_SEFL17_MildStressor_g6 Box 2.wmv,noise,pre,-3.2,108088,10,50,15,sec_1796.8,"(53904, 53910)",0,100
22,200730_SEFL17_MildStressor_g6 Box 2.wmv,noise,pre,-3,108088,10,50,15,sec_1797.0,"(53910, 53916)",0,100
22,200730_SEFL17_MildStressor_g6 Box 2.wmv,noise,pre,-2.8,108088,10,50,15,sec_1797.2,"(53916, 53922)",0,100
22,200730_SEFL17_MildStressor_g6 Box 2.wmv,noise,pre,-2.6,108088,10,50,15,sec_1797.4,"(53922, 53928)",0,100
22,200730_SEFL17_MildStressor_g6 Box 2.wmv,noise,pre,-2.4,108088,10,50,15,sec_1797.6,"(53928, 53934)",0,100
22,200730_SEFL17_MildStressor_g6 Box 2.wmv,noise,pre,-2.2,108088,10,50,15,sec_1797.8,"(53934, 53940)",0,100
22,200730_SEFL17_MildStressor_g6 Box 2.wmv,noise,pre,-2,108088,10,50,15,sec_1798.0,"(53940, 53946)",0,100
22,200730_SEFL17_MildStressor_g6 Box 2.wmv,noise,pre,-1.8,108088,10,50,15,sec_1798.2,"(53946, 53952)",0,100
22,200730_SEFL17_MildStressor_g6 Box 2.wmv,noise,pre,-1.6,108088,10,50,15,sec_1798.4,"(53952, 53958)",0,100
22,200730_SEFL17_MildStressor_g6 Box 2.wmv,noise,pre,-1.4,108088,10,50,15,sec_1798.6,"(53958, 53964)",0,100
22,200730_SEFL17_MildStressor_g6 Box 2.wmv,noise,pre,-1.2,108088,10,50,15,sec_1798.8,"(53964, 53970)",0,100
22,200730_SEFL17_MildStressor_g6 Box 2.wmv,noise,pre,-1,108088,10,50,15,sec_1799.0,"(53970, 53976)",0,100
22,200730_SEFL17_MildStressor_g6 Box 2.wmv,noise,pre,-0.8,108088,10,50,15,sec_1799.2,"(53976, 53982)",0,100
22,200730_SEFL17_MildStressor_g6 Box 2.wmv,noise,pre,-0.6,108088,10,50,15,sec_1799.4,"(53982, 53988)",0,100
22,200730_SEFL17_MildStressor_g6 Box 2.wmv,noise,pre,-0.4,108088,10,50,15,sec_1799.6,"(53988, 53994)",0,100
22,200730_SEFL17_MildStressor_g6 Box 2.wmv,noise,pre,-0.2,108088,10,50,15,sec_1799.8,"(53994, 54000)",0,100
22,200730_SEFL17_MildStressor_g6 Box 2.wmv,noise,noise,-4.09E-14,108088,10,50,15,sec_1800.0,"(54000, 54006)",170.6666667,50
22,200730_SEFL17_MildStressor_g6 Box 2.wmv,noise,noise,0.2,108088,10,50,15,sec_1800.2,"(54006, 54012)",782,0
22,200730_SEFL17_MildStressor_g6 Box 2.wmv,noise,noise,0.4,108088,10,50,15,sec_1800.4,"(54012, 54018)",214.6666667,0
22,200730_SEFL17_MildStressor_g6 Box 2.wmv,noise,noise,0.6,108088,10,50,15,sec_1800.6,"(54018, 54024)",168,0
22,200730_SEFL17_MildStressor_g6 Box 2.wmv,noise,noise,0.8,108088,10,50,15,sec_1800.8,"(54024, 54030)",59.83333333,0
22,200730_SEFL17_MildStressor_g6 Box 2.wmv,noise,noise,1,108088,10,50,15,sec_1801.0,"(54030, 54036)",24,0
22,200730_SEFL17_MildStressor_g6 Box 2.wmv,noise,noise,1.2,108088,10,50,15,sec_1801.2,"(54036, 54042)",89.33333333,0
22,200730_SEFL17_MildStressor_g6 Box 2.wmv,noise,noise,1.4,108088,10,50,15,sec_1801.4,"(54042, 54048)",24.16666667,0
22,200730_SEFL17_MildStressor_g6 Box 2.wmv,noise,noise,1.6,108088,10,50,15,sec_1801.6,"(54048, 54054)",25.66666667,83.33333333
22,200730_SEFL17_MildStressor_g6 Box 2.wmv,noise,noise,1.8,108088,10,50,15,sec_1801.8,"(54054, 54060)",8.833333333,100
22,200730_SEFL17_MildStressor_g6 Box 2.wmv,noise,noise,2,108088,10,50,15,sec_1802.0,"(54060, 54066)",25.66666667,100
22,200730_SEFL17_MildStressor_g6 Box 2.wmv,noise,noise,2.2,108088,10,50,15,sec_1802.2,"(54066, 54072)",10.16666667,100
22,200730_SEFL17_MildStressor_g6 Box 2.wmv,noise,noise,2.4,108088,10,50,15,sec_1802.4,"(54072, 54078)",0,100
22,200730_SEFL17_MildStressor_g6 Box 2.wmv,noise,noise,2.6,108088,10,50,15,sec_1802.6,"(54078, 54084)",6.333333333,100
22,200730_SEFL17_MildStressor_g6 Box 2.wmv,noise,noise,2.8,108088,10,50,15,sec_1802.8,"(54084, 54090)",14.66666667,100
22,200730_SEFL17_MildStressor_g6 Box 2.wmv,noise,post,3,108088,10,50,15,sec_1803.0,"(54090, 54096)",0.333333333,100
22,200730_SEFL17_MildStressor_g6 Box 2.wmv,noise,post,3.2,108088,10,50,15,sec_1803.2,"(54096, 54102)",0,100
22,200730_SEFL17_MildStressor_g6 Box 2.wmv,noise,post,3.4,108088,10,50,15,sec_1803.4,"(54102, 54108)",0,100
22,200730_SEFL17_MildStressor_g6 Box 2.wmv,noise,post,3.6,108088,10,50,15,sec_1803.6,"(54108, 54114)",0,100
22,200730_SEFL17_MildStressor_g6 Box 2.wmv,noise,post,3.8,108088,10,50,15,sec_1803.8,"(54114, 54120)",0,100
22,200730_SEFL17_MildStressor_g6 Box 2.wmv,noise,post,4,108088,10,50,15,sec_1804.0,"(54120, 54126)",0,100
22,200730_SEFL17_MildStressor_g6 Box 2.wmv,noise,post,4.2,108088,10,50,15,sec_1804.2,"(54126, 54132)",0,100
22,200730_SEFL17_MildStressor_g6 Box 2.wmv,noise,post,4.4,108088,10,50,15,sec_1804.4,"(54132, 54138)",0,100
22,200730_SEFL17_MildStressor_g6 Box 2.wmv,noise,post,4.6,108088,10,50,15,sec_1804.6,"(54138, 54144)",0,100
22,200730_SEFL17_MildStressor_g6 Box 2.wmv,noise,post,4.8,108088,10,50,15,sec_1804.8,"(54144, 54150)",0,100
22,200730_SEFL17_MildStressor_g6 Box 2.wmv,noise,post,5,108088,10,50,15,sec_1805.0,"(54150, 54156)",0,100
22,200730_SEFL17_MildStressor_g6 Box 2.wmv,noise,post,5.2,108088,10,50,15,sec_1805.2,"(54156, 54162)",0,100
22,200730_SEFL17_MildStressor_g6 Box 2.wmv,noise,post,5.4,108088,10,50,15,sec_1805.4,"(54162, 54168)",0,100
22,200730_SEFL17_MildStressor_g6 Box 2.wmv,noise,post,5.6,108088,10,50,15,sec_1805.6,"(54168, 54174)",0,100
22,200730_SEFL17_MildStressor_g6 Box 2.wmv,noise,post,5.8,108088,10,50,15,sec_1805.8,"(54174, 54180)",0,100
22,200730_SEFL17_MildStressor_g6 Box 2.wmv,noise,post,6,108088,10,50,15,sec_1806.0,"(54180, 54186)",0,100
22,200730_SEFL17_MildStressor_g6 Box 2.wmv,noise,post,6.2,108088,10,50,15,sec_1806.2,"(54186, 54192)",0,100
22,200730_SEFL17_MildStressor_g6 Box 2.wmv,noise,post,6.4,108088,10,50,15,sec_1806.4,"(54192, 54198)",0,100
22,200730_SEFL17_MildStressor_g6 Box 2.wmv,noise,post,6.6,108088,10,50,15,sec_1806.6,"(54198, 54204)",0,100
22,200730_SEFL17_MildStressor_g6 Box 2.wmv,noise,post,6.8,108088,10,50,15,sec_1806.8,"(54204, 54210)",0,100
22,200730_SEFL17_MildStressor_g6 Box 2.wmv,noise,post,7,108088,10,50,15,sec_1807.0,"(54210, 54216)",0,100
22,200730_SEFL17_MildStressor_g6 Box 2.wmv,noise,post,7.2,108088,10,50,15,sec_1807.2,"(54216, 54222)",0,100
22,200730_SEFL17_MildStressor_g6 Box 2.wmv,noise,post,7.4,108088,10,50,15,sec_1807.4,"(54222, 54228)",0,100
22,200730_SEFL17_MildStressor_g6 Box 2.wmv,noise,post,7.6,108088,10,50,15,sec_1807.6,"(54228, 54234)",0,100
22,200730_SEFL17_MildStressor_g6 Box 2.wmv,noise,post,7.8,108088,10,50,15,sec_1807.8,"(54234, 54240)",0,100
22,200730_SEFL17_MildStressor_g6 Box 2.wmv,noise,post,8,108088,10,50,15,sec_1808.0,"(54240, 54246)",0,100
22,200730_SEFL17_MildStressor_g6 Box 2.wmv,noise,post,8.2,108088,10,50,15,sec_1808.2,"(54246, 54252)",0,100
22,200730_SEFL17_MildStressor_g6 Box 2.wmv,noise,post,8.4,108088,10,50,15,sec_1808.4,"(54252, 54258)",0,100
22,200730_SEFL17_MildStressor_g6 Box 2.wmv,noise,post,8.6,108088,10,50,15,sec_1808.6,"(54258, 54264)",0,100
22,200730_SEFL17_MildStressor_g6 Box 2.wmv,noise,post,8.8,108088,10,50,15,sec_1808.8,"(54264, 54270)",0,100
22,200730_SEFL17_MildStressor_g6 Box 2.wmv,noise,post,9,108088,10,50,15,sec_1809.0,"(54270, 54276)",0,100
22,200730_SEFL17_MildStressor_g6 Box 2.wmv,noise,post,9.2,108088,10,50,15,sec_1809.2,"(54276, 54282)",0,100
22,200730_SEFL17_MildStressor_g6 Box 2.wmv,noise,post,9.4,108088,10,50,15,sec_1809.4,"(54282, 54288)",0,100
22,200730_SEFL17_MildStressor_g6 Box 2.wmv,noise,post,9.6,108088,10,50,15,sec_1809.6,"(54288, 54294)",0,100
22,200730_SEFL17_MildStressor_g6 Box 2.wmv,noise,post,9.8,108088,10,50,15,sec_1809.8,"(54294, 54300)",0,100
22,200730_SEFL17_MildStressor_g6 Box 2.wmv,noise,post,10,108088,10,50,15,sec_1810.0,"(54300, 54306)",0,100
22,200730_SEFL17_MildStressor_g6 Box 2.wmv,noise,post,10.2,108088,10,50,15,sec_1810.2,"(54306, 54312)",0,100
22,200730_SEFL17_MildStressor_g6 Box 2.wmv,noise,post,10.4,108088,10,50,15,sec_1810.4,"(54312, 54318)",0,100
22,200730_SEFL17_MildStressor_g6 Box 2.wmv,noise,post,10.6,108088,10,50,15,sec_1810.6,"(54318, 54324)",0,100
22,200730_SEFL17_MildStressor_g6 Box 2.wmv,noise,post,10.8,108088,10,50,15,sec_1810.8,"(54324, 54330)",0,100
22,200730_SEFL17_MildStressor_g6 Box 2.wmv,noise,post,11,108088,10,50,15,sec_1811.0,"(54330, 54336)",0,100
22,200730_SEFL17_MildStressor_g6 Box 2.wmv,noise,post,11.2,108088,10,50,15,sec_1811.2,"(54336, 54342)",0,100
22,200730_SEFL17_MildStressor_g6 Box 2.wmv,noise,post,11.4,108088,10,50,15,sec_1811.4,"(54342, 54348)",0,100
22,200730_SEFL17_MildStressor_g6 Box 2.wmv,noise,post,11.6,108088,10,50,15,sec_1811.6,"(54348, 54354)",0.5,100
22,200730_SEFL17_MildStressor_g6 Box 2.wmv,noise,post,11.8,108088,10,50,15,sec_1811.8,"(54354, 54360)",0,100
22,200730_SEFL17_MildStressor_g6 Box 2.wmv,noise,post,12,108088,10,50,15,sec_1812.0,"(54360, 54366)",0,100
22,200730_SEFL17_MildStressor_g6 Box 2.wmv,noise,post,12.2,108088,10,50,15,sec_1812.2,"(54366, 54372)",0,100
22,200730_SEFL17_MildStressor_g6 Box 2.wmv,noise,post,12.4,108088,10,50,15,sec_1812.4,"(54372, 54378)",0,100
22,200730_SEFL17_MildStressor_g6 Box 2.wmv,noise,post,12.6,108088,10,50,15,sec_1812.6,"(54378, 54384)",0,100
22,200730_SEFL17_MildStressor_g6 Box 2.wmv,noise,post,12.8,108088,10,50,15,sec_1812.8,"(54384, 54390)",0,100
23,200730_SEFL17_MildStressor_g6 Box 3.wmv,min,pre,-30,108089,10,50,15,min_0,"(0, 1800)",148.1066667,8.222222222
23,200730_SEFL17_MildStressor_g6 Box 3.wmv,min,pre,-29,108089,10,50,15,min_1,"(1800, 3600)",224.0455556,10.27777778
23,200730_SEFL17_MildStressor_g6 Box 3.wmv,min,pre,-28,108089,10,50,15,min_2,"(3600, 5400)",244.8472222,5.611111111
23,200730_SEFL17_MildStressor_g6 Box 3.wmv,min,pre,-27,108089,10,50,15,min_3,"(5400, 7200)",158.84,18.94444444
23,200730_SEFL17_MildStressor_g6 Box 3.wmv,min,pre,-26,108089,10,50,15,min_4,"(7200, 9000)",34.61888889,69.88888889
23,200730_SEFL17_MildStressor_g6 Box 3.wmv,min,pre,-25,108089,10,50,15,min_5,"(9000, 10800)",198.7144444,9.444444444
23,200730_SEFL17_MildStressor_g6 Box 3.wmv,min,pre,-24,108089,10,50,15,min_6,"(10800, 12600)",172.6727778,19.05555556
23,200730_SEFL17_MildStressor_g6 Box 3.wmv,min,pre,-23,108089,10,50,15,min_7,"(12600, 14400)",88.90611111,47.77777778
23,200730_SEFL17_MildStressor_g6 Box 3.wmv,min,pre,-22,108089,10,50,15,min_8,"(14400, 16200)",303.3477778,1.166666667
23,200730_SEFL17_MildStressor_g6 Box 3.wmv,min,pre,-21,108089,10,50,15,min_9,"(16200, 18000)",159.2372222,28.33333333
23,200730_SEFL17_MildStressor_g6 Box 3.wmv,min,pre,-20,108089,10,50,15,min_10,"(18000, 19800)",26.01777778,45.55555556
23,200730_SEFL17_MildStressor_g6 Box 3.wmv,min,pre,-19,108089,10,50,15,min_11,"(19800, 21600)",26.55,55.72222222
23,200730_SEFL17_MildStressor_g6 Box 3.wmv,min,pre,-18,108089,10,50,15,min_12,"(21600, 23400)",45.75833333,67.38888889
23,200730_SEFL17_MildStressor_g6 Box 3.wmv,min,pre,-17,108089,10,50,15,min_13,"(23400, 25200)",124.5094444,19.55555556
23,200730_SEFL17_MildStressor_g6 Box 3.wmv,min,pre,-16,108089,10,50,15,min_14,"(25200, 27000)",328.1777778,12.88888889
23,200730_SEFL17_MildStressor_g6 Box 3.wmv,min,pre,-15,108089,10,50,15,min_15,"(27000, 28800)",281.9161111,5.166666667
23,200730_SEFL17_MildStressor_g6 Box 3.wmv,min,pre,-14,108089,10,50,15,min_16,"(28800, 30600)",174.0127778,51.11111111
23,200730_SEFL17_MildStressor_g6 Box 3.wmv,min,pre,-13,108089,10,50,15,min_17,"(30600, 32400)",0.545555556,100
23,200730_SEFL17_MildStressor_g6 Box 3.wmv,min,pre,-12,108089,10,50,15,min_18,"(32400, 34200)",43.39333333,55.05555556
23,200730_SEFL17_MildStressor_g6 Box 3.wmv,min,pre,-11,108089,10,50,15,min_19,"(34200, 36000)",184.0594444,8.055555556
23,200730_SEFL17_MildStressor_g6 Box 3.wmv,min,pre,-10,108089,10,50,15,min_20,"(36000, 37800)",103.6744444,36.11111111
23,200730_SEFL17_MildStressor_g6 Box 3.wmv,min,pre,-9,108089,10,50,15,min_21,"(37800, 39600)",87.61888889,50.5
23,200730_SEFL17_MildStressor_g6 Box 3.wmv,min,pre,-8,108089,10,50,15,min_22,"(39600, 41400)",159.8327778,28.88888889
23,200730_SEFL17_MildStressor_g6 Box 3.wmv,min,pre,-7,108089,10,50,15,min_23,"(41400, 43200)",154.5961111,40.38888889
23,200730_SEFL17_MildStressor_g6 Box 3.wmv,min,pre,-6,108089,10,50,15,min_24,"(43200, 45000)",193.3388889,19.11111111
23,200730_SEFL17_MildStressor_g6 Box 3.wmv,min,pre,-5,108089,10,50,15,min_25,"(45000, 46800)",143.2788889,35.55555556
23,200730_SEFL17_MildStressor_g6 Box 3.wmv,min,pre,-4,108089,10,50,15,min_26,"(46800, 48600)",92.03444444,40.44444444
23,200730_SEFL17_MildStressor_g6 Box 3.wmv,min,pre,-3,108089,10,50,15,min_27,"(48600, 50400)",260.9805556,22.72222222
23,200730_SEFL17_MildStressor_g6 Box 3.wmv,min,pre,-2,108089,10,50,15,min_28,"(50400, 52200)",308.7388889,6.277777778
23,200730_SEFL17_MildStressor_g6 Box 3.wmv,min,pre,-1,108089,10,50,15,min_29,"(52200, 54000)",215.0861111,4.5
23,200730_SEFL17_MildStressor_g6 Box 3.wmv,min,post,0,108089,10,50,15,min_30,"(54000, 55800)",335.1194444,6.055555556
23,200730_SEFL17_MildStressor_g6 Box 3.wmv,min,post,1,108089,10,50,15,min_31,"(55800, 57600)",268.4827778,6.166666667
23,200730_SEFL17_MildStressor_g6 Box 3.wmv,min,post,2,108089,10,50,15,min_32,"(57600, 59400)",224.2766667,13.83333333
23,200730_SEFL17_MildStressor_g6 Box 3.wmv,min,post,3,108089,10,50,15,min_33,"(59400, 61200)",152.7138889,20.44444444
23,200730_SEFL17_MildStressor_g6 Box 3.wmv,min,post,4,108089,10,50,15,min_34,"(61200, 63000)",158.3472222,8.055555556
23,200730_SEFL17_MildStressor_g6 Box 3.wmv,min,post,5,108089,10,50,15,min_35,"(63000, 64800)",52.665,49.44444444
23,200730_SEFL17_MildStressor_g6 Box 3.wmv,min,post,6,108089,10,50,15,min_36,"(64800, 66600)",132.445,25.83333333
23,200730_SEFL17_MildStressor_g6 Box 3.wmv,min,post,7,108089,10,50,15,min_37,"(66600, 68400)",75.55166667,45.55555556
23,200730_SEFL17_MildStressor_g6 Box 3.wmv,min,post,8,108089,10,50,15,min_38,"(68400, 70200)",63.83944444,35.11111111
23,200730_SEFL17_MildStressor_g6 Box 3.wmv,min,post,9,108089,10,50,15,min_39,"(70200, 72000)",6.416666667,98.05555556
23,200730_SEFL17_MildStressor_g6 Box 3.wmv,min,post,10,108089,10,50,15,min_40,"(72000, 73800)",11.89388889,78.55555556
23,200730_SEFL17_MildStressor_g6 Box 3.wmv,min,post,11,108089,10,50,15,min_41,"(73800, 75600)",5.017777778,93.22222222
23,200730_SEFL17_MildStressor_g6 Box 3.wmv,min,post,12,108089,10,50,15,min_42,"(75600, 77400)",5.116111111,95.44444444
23,200730_SEFL17_MildStressor_g6 Box 3.wmv,min,post,13,108089,10,50,15,min_43,"(77400, 79200)",14.30166667,73.83333333
23,200730_SEFL17_MildStressor_g6 Box 3.wmv,min,post,14,108089,10,50,15,min_44,"(79200, 81000)",17.28111111,50.5
23,200730_SEFL17_MildStressor_g6 Box 3.wmv,min,post,15,108089,10,50,15,min_45,"(81000, 82800)",0.067777778,100
23,200730_SEFL17_MildStressor_g6 Box 3.wmv,min,post,16,108089,10,50,15,min_46,"(82800, 84600)",0.015555556,100
23,200730_SEFL17_MildStressor_g6 Box 3.wmv,min,post,17,108089,10,50,15,min_47,"(84600, 86400)",0.028333333,100
23,200730_SEFL17_MildStressor_g6 Box 3.wmv,min,post,18,108089,10,50,15,min_48,"(86400, 88200)",2.019444444,97.61111111
23,200730_SEFL17_MildStressor_g6 Box 3.wmv,min,post,19,108089,10,50,15,min_49,"(88200, 90000)",0.840555556,99
23,200730_SEFL17_MildStressor_g6 Box 3.wmv,min,post,20,108089,10,50,15,min_50,"(90000, 91800)",0.006666667,100
23,200730_SEFL17_MildStressor_g6 Box 3.wmv,min,post,21,108089,10,50,15,min_51,"(91800, 93600)",0.307222222,99.72222222
23,200730_SEFL17_MildStressor_g6 Box 3.wmv,min,post,22,108089,10,50,15,min_52,"(93600, 95400)",0.980555556,98.11111111
23,200730_SEFL17_MildStressor_g6 Box 3.wmv,min,post,23,108089,10,50,15,min_53,"(95400, 97200)",5.167777778,91.05555556
23,200730_SEFL17_MildStressor_g6 Box 3.wmv,min,post,24,108089,10,50,15,min_54,"(97200, 99000)",0.004444444,100
23,200730_SEFL17_MildStressor_g6 Box 3.wmv,min,post,25,108089,10,50,15,min_55,"(99000, 100800)",0.008333333,100
23,200730_SEFL17_MildStressor_g6 Box 3.wmv,min,post,26,108089,10,50,15,min_56,"(100800, 102600)",0.012222222,100
23,200730_SEFL17_MildStressor_g6 Box 3.wmv,min,post,27,108089,10,50,15,min_57,"(102600, 104400)",0.006111111,100
23,200730_SEFL17_MildStressor_g6 Box 3.wmv,min,post,28,108089,10,50,15,min_58,"(104400, 106200)",0.015555556,100
23,200730_SEFL17_MildStressor_g6 Box 3.wmv,min,post,29,108089,10,50,15,min_59,"(106200, 108000)",0.093333333,100
23,200730_SEFL17_MildStressor_g6 Box 3.wmv,noise,pre,-10,108089,10,50,15,sec_1790.0,"(53700, 53706)",131.3333333,0
23,200730_SEFL17_MildStressor_g6 Box 3.wmv,noise,pre,-9.8,108089,10,50,15,sec_1790.2,"(53706, 53712)",151.5,0
23,200730_SEFL17_MildStressor_g6 Box 3.wmv,noise,pre,-9.6,108089,10,50,15,sec_1790.4,"(53712, 53718)",291.5,0
23,200730_SEFL17_MildStressor_g6 Box 3.wmv,noise,pre,-9.4,108089,10,50,15,sec_1790.6,"(53718, 53724)",290,0
23,200730_SEFL17_MildStressor_g6 Box 3.wmv,noise,pre,-9.2,108089,10,50,15,sec_1790.8,"(53724, 53730)",287,0
23,200730_SEFL17_MildStressor_g6 Box 3.wmv,noise,pre,-9,108089,10,50,15,sec_1791.0,"(53730, 53736)",294.3333333,0
23,200730_SEFL17_MildStressor_g6 Box 3.wmv,noise,pre,-8.8,108089,10,50,15,sec_1791.2,"(53736, 53742)",408.6666667,0
23,200730_SEFL17_MildStressor_g6 Box 3.wmv,noise,pre,-8.6,108089,10,50,15,sec_1791.4,"(53742, 53748)",653,0
23,200730_SEFL17_MildStressor_g6 Box 3.wmv,noise,pre,-8.4,108089,10,50,15,sec_1791.6,"(53748, 53754)",320.5,0
23,200730_SEFL17_MildStressor_g6 Box 3.wmv,noise,pre,-8.2,108089,10,50,15,sec_1791.8,"(53754, 53760)",291.3333333,0
23,200730_SEFL17_MildStressor_g6 Box 3.wmv,noise,pre,-8,108089,10,50,15,sec_1792.0,"(53760, 53766)",189,0
23,200730_SEFL17_MildStressor_g6 Box 3.wmv,noise,pre,-7.8,108089,10,50,15,sec_1792.2,"(53766, 53772)",303.1666667,0
23,200730_SEFL17_MildStressor_g6 Box 3.wmv,noise,pre,-7.6,108089,10,50,15,sec_1792.4,"(53772, 53778)",208.1666667,0
23,200730_SEFL17_MildStressor_g6 Box 3.wmv,noise,pre,-7.4,108089,10,50,15,sec_1792.6,"(53778, 53784)",54.33333333,0
23,200730_SEFL17_MildStressor_g6 Box 3.wmv,noise,pre,-7.2,108089,10,50,15,sec_1792.8,"(53784, 53790)",312.6666667,0
23,200730_SEFL17_MildStressor_g6 Box 3.wmv,noise,pre,-7,108089,10,50,15,sec_1793.0,"(53790, 53796)",1153.833333,0
23,200730_SEFL17_MildStressor_g6 Box 3.wmv,noise,pre,-6.8,108089,10,50,15,sec_1793.2,"(53796, 53802)",470.3333333,0
23,200730_SEFL17_MildStressor_g6 Box 3.wmv,noise,pre,-6.6,108089,10,50,15,sec_1793.4,"(53802, 53808)",652,0
23,200730_SEFL17_MildStressor_g6 Box 3.wmv,noise,pre,-6.4,108089,10,50,15,sec_1793.6,"(53808, 53814)",180.8333333,0
23,200730_SEFL17_MildStressor_g6 Box 3.wmv,noise,pre,-6.2,108089,10,50,15,sec_1793.8,"(53814, 53820)",89.5,0
23,200730_SEFL17_MildStressor_g6 Box 3.wmv,noise,pre,-6,108089,10,50,15,sec_1794.0,"(53820, 53826)",343.8333333,0
23,200730_SEFL17_MildStressor_g6 Box 3.wmv,noise,pre,-5.8,108089,10,50,15,sec_1794.2,"(53826, 53832)",655.3333333,0
23,200730_SEFL17_MildStressor_g6 Box 3.wmv,noise,pre,-5.6,108089,10,50,15,sec_1794.4,"(53832, 53838)",577.3333333,0
23,200730_SEFL17_MildStressor_g6 Box 3.wmv,noise,pre,-5.4,108089,10,50,15,sec_1794.6,"(53838, 53844)",432.5,0
23,200730_SEFL17_MildStressor_g6 Box 3.wmv,noise,pre,-5.2,108089,10,50,15,sec_1794.8,"(53844, 53850)",474.3333333,0
23,200730_SEFL17_MildStressor_g6 Box 3.wmv,noise,pre,-5,108089,10,50,15,sec_1795.0,"(53850, 53856)",250.5,0
23,200730_SEFL17_MildStressor_g6 Box 3.wmv,noise,pre,-4.8,108089,10,50,15,sec_1795.2,"(53856, 53862)",789,0
23,200730_SEFL17_MildStressor_g6 Box 3.wmv,noise,pre,-4.6,108089,10,50,15,sec_1795.4,"(53862, 53868)",309.8333333,0
23,200730_SEFL17_MildStressor_g6 Box 3.wmv,noise,pre,-4.4,108089,10,50,15,sec_1795.6,"(53868, 53874)",191.6666667,0
23,200730_SEFL17_MildStressor_g6 Box 3.wmv,noise,pre,-4.2,108089,10,50,15,sec_1795.8,"(53874, 53880)",140.8333333,0
23,200730_SEFL17_MildStressor_g6 Box 3.wmv,noise,pre,-4,108089,10,50,15,sec_1796.0,"(53880, 53886)",329,0
23,200730_SEFL17_MildStressor_g6 Box 3.wmv,noise,pre,-3.8,108089,10,50,15,sec_1796.2,"(53886, 53892)",536,0
23,200730_SEFL17_MildStressor_g6 Box 3.wmv,noise,pre,-3.6,108089,10,50,15,sec_1796.4,"(53892, 53898)",245.3333333,0
23,200730_SEFL17_MildStressor_g6 Box 3.wmv,noise,pre,-3.4,108089,10,50,15,sec_1796.6,"(53898, 53904)",77.5,0
23,200730_SEFL17_MildStressor_g6 Box 3.wmv,noise,pre,-3.2,108089,10,50,15,sec_1796.8,"(53904, 53910)",57,0
23,200730_SEFL17_MildStressor_g6 Box 3.wmv,noise,pre,-3,108089,10,50,15,sec_1797.0,"(53910, 53916)",111.8333333,0
23,200730_SEFL17_MildStressor_g6 Box 3.wmv,noise,pre,-2.8,108089,10,50,15,sec_1797.2,"(53916, 53922)",925.1666667,0
23,200730_SEFL17_MildStressor_g6 Box 3.wmv,noise,pre,-2.6,108089,10,50,15,sec_1797.4,"(53922, 53928)",458.3333333,0
23,200730_SEFL17_MildStressor_g6 Box 3.wmv,noise,pre,-2.4,108089,10,50,15,sec_1797.6,"(53928, 53934)",193.1666667,0
23,200730_SEFL17_MildStressor_g6 Box 3.wmv,noise,pre,-2.2,108089,10,50,15,sec_1797.8,"(53934, 53940)",122.1666667,0
23,200730_SEFL17_MildStressor_g6 Box 3.wmv,noise,pre,-2,108089,10,50,15,sec_1798.0,"(53940, 53946)",145.1666667,0
23,200730_SEFL17_MildStressor_g6 Box 3.wmv,noise,pre,-1.8,108089,10,50,15,sec_1798.2,"(53946, 53952)",270.5,0
23,200730_SEFL17_MildStressor_g6 Box 3.wmv,noise,pre,-1.6,108089,10,50,15,sec_1798.4,"(53952, 53958)",37.66666667,0
23,200730_SEFL17_MildStressor_g6 Box 3.wmv,noise,pre,-1.4,108089,10,50,15,sec_1798.6,"(53958, 53964)",508.3333333,0
23,200730_SEFL17_MildStressor_g6 Box 3.wmv,noise,pre,-1.2,108089,10,50,15,sec_1798.8,"(53964, 53970)",437,0
23,200730_SEFL17_MildStressor_g6 Box 3.wmv,noise,pre,-1,108089,10,50,15,sec_1799.0,"(53970, 53976)",219.1666667,0
23,200730_SEFL17_MildStressor_g6 Box 3.wmv,noise,pre,-0.8,108089,10,50,15,sec_1799.2,"(53976, 53982)",100.3333333,0
23,200730_SEFL17_MildStressor_g6 Box 3.wmv,noise,pre,-0.6,108089,10,50,15,sec_1799.4,"(53982, 53988)",134.1666667,0
23,200730_SEFL17_MildStressor_g6 Box 3.wmv,noise,pre,-0.4,108089,10,50,15,sec_1799.6,"(53988, 53994)",441.6666667,0
23,200730_SEFL17_MildStressor_g6 Box 3.wmv,noise,pre,-0.2,108089,10,50,15,sec_1799.8,"(53994, 54000)",113.5,0
23,200730_SEFL17_MildStressor_g6 Box 3.wmv,noise,noise,-4.09E-14,108089,10,50,15,sec_1800.0,"(54000, 54006)",1100.166667,0
23,200730_SEFL17_MildStressor_g6 Box 3.wmv,noise,noise,0.2,108089,10,50,15,sec_1800.2,"(54006, 54012)",1437.333333,0
23,200730_SEFL17_MildStressor_g6 Box 3.wmv,noise,noise,0.4,108089,10,50,15,sec_1800.4,"(54012, 54018)",543.8333333,0
23,200730_SEFL17_MildStressor_g6 Box 3.wmv,noise,noise,0.6,108089,10,50,15,sec_1800.6,"(54018, 54024)",124.8333333,0
23,200730_SEFL17_MildStressor_g6 Box 3.wmv,noise,noise,0.8,108089,10,50,15,sec_1800.8,"(54024, 54030)",340.5,0
23,200730_SEFL17_MildStressor_g6 Box 3.wmv,noise,noise,1,108089,10,50,15,sec_1801.0,"(54030, 54036)",641.1666667,0
23,200730_SEFL17_MildStressor_g6 Box 3.wmv,noise,noise,1.2,108089,10,50,15,sec_1801.2,"(54036, 54042)",475.3333333,0
23,200730_SEFL17_MildStressor_g6 Box 3.wmv,noise,noise,1.4,108089,10,50,15,sec_1801.4,"(54042, 54048)",146.8333333,0
23,200730_SEFL17_MildStressor_g6 Box 3.wmv,noise,noise,1.6,108089,10,50,15,sec_1801.6,"(54048, 54054)",576.8333333,0
23,200730_SEFL17_MildStressor_g6 Box 3.wmv,noise,noise,1.8,108089,10,50,15,sec_1801.8,"(54054, 54060)",160.5,0
23,200730_SEFL17_MildStressor_g6 Box 3.wmv,noise,noise,2,108089,10,50,15,sec_1802.0,"(54060, 54066)",289.8333333,0
23,200730_SEFL17_MildStressor_g6 Box 3.wmv,noise,noise,2.2,108089,10,50,15,sec_1802.2,"(54066, 54072)",1118.166667,0
23,200730_SEFL17_MildStressor_g6 Box 3.wmv,noise,noise,2.4,108089,10,50,15,sec_1802.4,"(54072, 54078)",301.8333333,0
23,200730_SEFL17_MildStressor_g6 Box 3.wmv,noise,noise,2.6,108089,10,50,15,sec_1802.6,"(54078, 54084)",91.16666667,0
23,200730_SEFL17_MildStressor_g6 Box 3.wmv,noise,noise,2.8,108089,10,50,15,sec_1802.8,"(54084, 54090)",158.1666667,0
23,200730_SEFL17_MildStressor_g6 Box 3.wmv,noise,post,3,108089,10,50,15,sec_1803.0,"(54090, 54096)",719.8333333,0
23,200730_SEFL17_MildStressor_g6 Box 3.wmv,noise,post,3.2,108089,10,50,15,sec_1803.2,"(54096, 54102)",793.1666667,0
23,200730_SEFL17_MildStressor_g6 Box 3.wmv,noise,post,3.4,108089,10,50,15,sec_1803.4,"(54102, 54108)",308.5,0
23,200730_SEFL17_MildStressor_g6 Box 3.wmv,noise,post,3.6,108089,10,50,15,sec_1803.6,"(54108, 54114)",49.83333333,66.66666667
23,200730_SEFL17_MildStressor_g6 Box 3.wmv,noise,post,3.8,108089,10,50,15,sec_1803.8,"(54114, 54120)",0.5,100
23,200730_SEFL17_MildStressor_g6 Box 3.wmv,noise,post,4,108089,10,50,15,sec_1804.0,"(54120, 54126)",0,100
23,200730_SEFL17_MildStressor_g6 Box 3.wmv,noise,post,4.2,108089,10,50,15,sec_1804.2,"(54126, 54132)",0,100
23,200730_SEFL17_MildStressor_g6 Box 3.wmv,noise,post,4.4,108089,10,50,15,sec_1804.4,"(54132, 54138)",127.1666667,33.33333333
23,200730_SEFL17_MildStressor_g6 Box 3.wmv,noise,post,4.6,108089,10,50,15,sec_1804.6,"(54138, 54144)",27.5,0
23,200730_SEFL17_MildStressor_g6 Box 3.wmv,noise,post,4.8,108089,10,50,15,sec_1804.8,"(54144, 54150)",116,0
23,200730_SEFL17_MildStressor_g6 Box 3.wmv,noise,post,5,108089,10,50,15,sec_1805.0,"(54150, 54156)",39.16666667,33.33333333
23,200730_SEFL17_MildStressor_g6 Box 3.wmv,noise,post,5.2,108089,10,50,15,sec_1805.2,"(54156, 54162)",0,100
23,200730_SEFL17_MildStressor_g6 Box 3.wmv,noise,post,5.4,108089,10,50,15,sec_1805.4,"(54162, 54168)",0,100
23,200730_SEFL17_MildStressor_g6 Box 3.wmv,noise,post,5.6,108089,10,50,15,sec_1805.6,"(54168, 54174)",17.83333333,66.66666667
23,200730_SEFL17_MildStressor_g6 Box 3.wmv,noise,post,5.8,108089,10,50,15,sec_1805.8,"(54174, 54180)",22.5,0
23,200730_SEFL17_MildStressor_g6 Box 3.wmv,noise,post,6,108089,10,50,15,sec_1806.0,"(54180, 54186)",15,0
23,200730_SEFL17_MildStressor_g6 Box 3.wmv,noise,post,6.2,108089,10,50,15,sec_1806.2,"(54186, 54192)",79.66666667,50
23,200730_SEFL17_MildStressor_g6 Box 3.wmv,noise,post,6.4,108089,10,50,15,sec_1806.4,"(54192, 54198)",5.166666667,100
23,200730_SEFL17_MildStressor_g6 Box 3.wmv,noise,post,6.6,108089,10,50,15,sec_1806.6,"(54198, 54204)",0,100
23,200730_SEFL17_MildStressor_g6 Box 3.wmv,noise,post,6.8,108089,10,50,15,sec_1806.8,"(54204, 54210)",0,100
23,200730_SEFL17_MildStressor_g6 Box 3.wmv,noise,post,7,108089,10,50,15,sec_1807.0,"(54210, 54216)",0,100
23,200730_SEFL17_MildStressor_g6 Box 3.wmv,noise,post,7.2,108089,10,50,15,sec_1807.2,"(54216, 54222)",70.5,16.66666667
23,200730_SEFL17_MildStressor_g6 Box 3.wmv,noise,post,7.4,108089,10,50,15,sec_1807.4,"(54222, 54228)",73.5,0
23,200730_SEFL17_MildStressor_g6 Box 3.wmv,noise,post,7.6,108089,10,50,15,sec_1807.6,"(54228, 54234)",97.66666667,0
23,200730_SEFL17_MildStressor_g6 Box 3.wmv,noise,post,7.8,108089,10,50,15,sec_1807.8,"(54234, 54240)",62.16666667,0
23,200730_SEFL17_MildStressor_g6 Box 3.wmv,noise,post,8,108089,10,50,15,sec_1808.0,"(54240, 54246)",206,0
23,200730_SEFL17_MildStressor_g6 Box 3.wmv,noise,post,8.2,108089,10,50,15,sec_1808.2,"(54246, 54252)",304,0
23,200730_SEFL17_MildStressor_g6 Box 3.wmv,noise,post,8.4,108089,10,50,15,sec_1808.4,"(54252, 54258)",169.5,0
23,200730_SEFL17_MildStressor_g6 Box 3.wmv,noise,post,8.6,108089,10,50,15,sec_1808.6,"(54258, 54264)",99.5,0
23,200730_SEFL17_MildStressor_g6 Box 3.wmv,noise,post,8.8,108089,10,50,15,sec_1808.8,"(54264, 54270)",51.5,0
23,200730_SEFL17_MildStressor_g6 Box 3.wmv,noise,post,9,108089,10,50,15,sec_1809.0,"(54270, 54276)",113.8333333,0
23,200730_SEFL17_MildStressor_g6 Box 3.wmv,noise,post,9.2,108089,10,50,15,sec_1809.2,"(54276, 54282)",458.8333333,0
23,200730_SEFL17_MildStressor_g6 Box 3.wmv,noise,post,9.4,108089,10,50,15,sec_1809.4,"(54282, 54288)",305.3333333,0
23,200730_SEFL17_MildStressor_g6 Box 3.wmv,noise,post,9.6,108089,10,50,15,sec_1809.6,"(54288, 54294)",183.1666667,0
23,200730_SEFL17_MildStressor_g6 Box 3.wmv,noise,post,9.8,108089,10,50,15,sec_1809.8,"(54294, 54300)",333.1666667,0
23,200730_SEFL17_MildStressor_g6 Box 3.wmv,noise,post,10,108089,10,50,15,sec_1810.0,"(54300, 54306)",505.6666667,0
23,200730_SEFL17_MildStressor_g6 Box 3.wmv,noise,post,10.2,108089,10,50,15,sec_1810.2,"(54306, 54312)",629,0
23,200730_SEFL17_MildStressor_g6 Box 3.wmv,noise,post,10.4,108089,10,50,15,sec_1810.4,"(54312, 54318)",308.8333333,0
23,200730_SEFL17_MildStressor_g6 Box 3.wmv,noise,post,10.6,108089,10,50,15,sec_1810.6,"(54318, 54324)",364,0
23,200730_SEFL17_MildStressor_g6 Box 3.wmv,noise,post,10.8,108089,10,50,15,sec_1810.8,"(54324, 54330)",512.1666667,0
23,200730_SEFL17_MildStressor_g6 Box 3.wmv,noise,post,11,108089,10,50,15,sec_1811.0,"(54330, 54336)",521,0
23,200730_SEFL17_MildStressor_g6 Box 3.wmv,noise,post,11.2,108089,10,50,15,sec_1811.2,"(54336, 54342)",494.6666667,0
23,200730_SEFL17_MildStressor_g6 Box 3.wmv,noise,post,11.4,108089,10,50,15,sec_1811.4,"(54342, 54348)",628.6666667,0
23,200730_SEFL17_MildStressor_g6 Box 3.wmv,noise,post,11.6,108089,10,50,15,sec_1811.6,"(54348, 54354)",275.1666667,0
23,200730_SEFL17_MildStressor_g6 Box 3.wmv,noise,post,11.8,108089,10,50,15,sec_1811.8,"(54354, 54360)",171.6666667,0
23,200730_SEFL17_MildStressor_g6 Box 3.wmv,noise,post,12,108089,10,50,15,sec_1812.0,"(54360, 54366)",84.16666667,0
23,200730_SEFL17_MildStressor_g6 Box 3.wmv,noise,post,12.2,108089,10,50,15,sec_1812.2,"(54366, 54372)",193.8333333,0
23,200730_SEFL17_MildStressor_g6 Box 3.wmv,noise,post,12.4,108089,10,50,15,sec_1812.4,"(54372, 54378)",101.3333333,0
23,200730_SEFL17_MildStressor_g6 Box 3.wmv,noise,post,12.6,108089,10,50,15,sec_1812.6,"(54378, 54384)",129.8333333,0
23,200730_SEFL17_MildStressor_g6 Box 3.wmv,noise,post,12.8,108089,10,50,15,sec_1812.8,"(54384, 54390)",111.3333333,0
24,200730_SEFL17_MildStressor_g6 Box 4.wmv,min,pre,-30,108088,10,50,15,min_0,"(0, 1800)",5.143333333,92.88888889
24,200730_SEFL17_MildStressor_g6 Box 4.wmv,min,pre,-29,108088,10,50,15,min_1,"(1800, 3600)",0.065,100
24,200730_SEFL17_MildStressor_g6 Box 4.wmv,min,pre,-28,108088,10,50,15,min_2,"(3600, 5400)",0.053333333,100
24,200730_SEFL17_MildStressor_g6 Box 4.wmv,min,pre,-27,108088,10,50,15,min_3,"(5400, 7200)",0.047222222,100
24,200730_SEFL17_MildStressor_g6 Box 4.wmv,min,pre,-26,108088,10,50,15,min_4,"(7200, 9000)",0.052222222,100
24,200730_SEFL17_MildStressor_g6 Box 4.wmv,min,pre,-25,108088,10,50,15,min_5,"(9000, 10800)",0.031111111,100
24,200730_SEFL17_MildStressor_g6 Box 4.wmv,min,pre,-24,108088,10,50,15,min_6,"(10800, 12600)",41.44055556,58.05555556
24,200730_SEFL17_MildStressor_g6 Box 4.wmv,min,pre,-23,108088,10,50,15,min_7,"(12600, 14400)",101.4344444,17
24,200730_SEFL17_MildStressor_g6 Box 4.wmv,min,pre,-22,108088,10,50,15,min_8,"(14400, 16200)",88.75833333,36.33333333
24,200730_SEFL17_MildStressor_g6 Box 4.wmv,min,pre,-21,108088,10,50,15,min_9,"(16200, 18000)",23.68388889,76.16666667
24,200730_SEFL17_MildStressor_g6 Box 4.wmv,min,pre,-20,108088,10,50,15,min_10,"(18000, 19800)",116.0605556,46.05555556
24,200730_SEFL17_MildStressor_g6 Box 4.wmv,min,pre,-19,108088,10,50,15,min_11,"(19800, 21600)",104.8022222,27.22222222
24,200730_SEFL17_MildStressor_g6 Box 4.wmv,min,pre,-18,108088,10,50,15,min_12,"(21600, 23400)",77.48111111,27.72222222
24,200730_SEFL17_MildStressor_g6 Box 4.wmv,min,pre,-17,108088,10,50,15,min_13,"(23400, 25200)",68.19388889,31.88888889
24,200730_SEFL17_MildStressor_g6 Box 4.wmv,min,pre,-16,108088,10,50,15,min_14,"(25200, 27000)",91.855,27.33333333
24,200730_SEFL17_MildStressor_g6 Box 4.wmv,min,pre,-15,108088,10,50,15,min_15,"(27000, 28800)",70.25444444,59.72222222
24,200730_SEFL17_MildStressor_g6 Box 4.wmv,min,pre,-14,108088,10,50,15,min_16,"(28800, 30600)",122.9466667,26.33333333
24,200730_SEFL17_MildStressor_g6 Box 4.wmv,min,pre,-13,108088,10,50,15,min_17,"(30600, 32400)",234.6277778,8.722222222
24,200730_SEFL17_MildStressor_g6 Box 4.wmv,min,pre,-12,108088,10,50,15,min_18,"(32400, 34200)",207.1727778,26.33333333
24,200730_SEFL17_MildStressor_g6 Box 4.wmv,min,pre,-11,108088,10,50,15,min_19,"(34200, 36000)",69.80388889,61.22222222
24,200730_SEFL17_MildStressor_g6 Box 4.wmv,min,pre,-10,108088,10,50,15,min_20,"(36000, 37800)",51.83388889,52.38888889
24,200730_SEFL17_MildStressor_g6 Box 4.wmv,min,pre,-9,108088,10,50,15,min_21,"(37800, 39600)",165.4122222,13.66666667
24,200730_SEFL17_MildStressor_g6 Box 4.wmv,min,pre,-8,108088,10,50,15,min_22,"(39600, 41400)",156.3061111,22.88888889
24,200730_SEFL17_MildStressor_g6 Box 4.wmv,min,pre,-7,108088,10,50,15,min_23,"(41400, 43200)",293.5433333,6.277777778
24,200730_SEFL17_MildStressor_g6 Box 4.wmv,min,pre,-6,108088,10,50,15,min_24,"(43200, 45000)",295.9944444,2.666666667
24,200730_SEFL17_MildStressor_g6 Box 4.wmv,min,pre,-5,108088,10,50,15,min_25,"(45000, 46800)",292.6311111,0.833333333
24,200730_SEFL17_MildStressor_g6 Box 4.wmv,min,pre,-4,108088,10,50,15,min_26,"(46800, 48600)",412.6411111,5.388888889
24,200730_SEFL17_MildStressor_g6 Box 4.wmv,min,pre,-3,108088,10,50,15,min_27,"(48600, 50400)",127.3488889,26.55555556
24,200730_SEFL17_MildStressor_g6 Box 4.wmv,min,pre,-2,108088,10,50,15,min_28,"(50400, 52200)",71.67944444,33
24,200730_SEFL17_MildStressor_g6 Box 4.wmv,min,pre,-1,108088,10,50,15,min_29,"(52200, 54000)",79.98444444,30.55555556
24,200730_SEFL17_MildStressor_g6 Box 4.wmv,min,post,0,108088,10,50,15,min_30,"(54000, 55800)",281.2394444,13.83333333
24,200730_SEFL17_MildStressor_g6 Box 4.wmv,min,post,1,108088,10,50,15,min_31,"(55800, 57600)",165.5522222,10.72222222
24,200730_SEFL17_MildStressor_g6 Box 4.wmv,min,post,2,108088,10,50,15,min_32,"(57600, 59400)",318.8061111,4.944444444
24,200730_SEFL17_MildStressor_g6 Box 4.wmv,min,post,3,108088,10,50,15,min_33,"(59400, 61200)",214.4544444,16.61111111
24,200730_SEFL17_MildStressor_g6 Box 4.wmv,min,post,4,108088,10,50,15,min_34,"(61200, 63000)",221.1194444,15.38888889
24,200730_SEFL17_MildStressor_g6 Box 4.wmv,min,post,5,108088,10,50,15,min_35,"(63000, 64800)",256.0616667,21.16666667
24,200730_SEFL17_MildStressor_g6 Box 4.wmv,min,post,6,108088,10,50,15,min_36,"(64800, 66600)",129.97,16.66666667
24,200730_SEFL17_MildStressor_g6 Box 4.wmv,min,post,7,108088,10,50,15,min_37,"(66600, 68400)",55.54777778,26.22222222
24,200730_SEFL17_MildStressor_g6 Box 4.wmv,min,post,8,108088,10,50,15,min_38,"(68400, 70200)",175.535,22.72222222
24,200730_SEFL17_MildStressor_g6 Box 4.wmv,min,post,9,108088,10,50,15,min_39,"(70200, 72000)",61.22222222,41.44444444
24,200730_SEFL17_MildStressor_g6 Box 4.wmv,min,post,10,108088,10,50,15,min_40,"(72000, 73800)",206.1433333,21.33333333
24,200730_SEFL17_MildStressor_g6 Box 4.wmv,min,post,11,108088,10,50,15,min_41,"(73800, 75600)",206.0766667,23.44444444
24,200730_SEFL17_MildStressor_g6 Box 4.wmv,min,post,12,108088,10,50,15,min_42,"(75600, 77400)",53.65777778,49.83333333
24,200730_SEFL17_MildStressor_g6 Box 4.wmv,min,post,13,108088,10,50,15,min_43,"(77400, 79200)",155.9216667,22.88888889
24,200730_SEFL17_MildStressor_g6 Box 4.wmv,min,post,14,108088,10,50,15,min_44,"(79200, 81000)",110.8294444,42
24,200730_SEFL17_MildStressor_g6 Box 4.wmv,min,post,15,108088,10,50,15,min_45,"(81000, 82800)",140.0822222,10.66666667
24,200730_SEFL17_MildStressor_g6 Box 4.wmv,min,post,16,108088,10,50,15,min_46,"(82800, 84600)",260.6227778,13.38888889
24,200730_SEFL17_MildStressor_g6 Box 4.wmv,min,post,17,108088,10,50,15,min_47,"(84600, 86400)",105.6677778,26.66666667
24,200730_SEFL17_MildStressor_g6 Box 4.wmv,min,post,18,108088,10,50,15,min_48,"(86400, 88200)",230.3561111,10.11111111
24,200730_SEFL17_MildStressor_g6 Box 4.wmv,min,post,19,108088,10,50,15,min_49,"(88200, 90000)",224.59,18.38888889
24,200730_SEFL17_MildStressor_g6 Box 4.wmv,min,post,20,108088,10,50,15,min_50,"(90000, 91800)",157.1894444,20.94444444
24,200730_SEFL17_MildStressor_g6 Box 4.wmv,min,post,21,108088,10,50,15,min_51,"(91800, 93600)",131.6011111,28.66666667
24,200730_SEFL17_MildStressor_g6 Box 4.wmv,min,post,22,108088,10,50,15,min_52,"(93600, 95400)",196.7472222,8.388888889
24,200730_SEFL17_MildStressor_g6 Box 4.wmv,min,post,23,108088,10,50,15,min_53,"(95400, 97200)",57.19277778,52.94444444
24,200730_SEFL17_MildStressor_g6 Box 4.wmv,min,post,24,108088,10,50,15,min_54,"(97200, 99000)",231.175,27.16666667
24,200730_SEFL17_MildStressor_g6 Box 4.wmv,min,post,25,108088,10,50,15,min_55,"(99000, 100800)",314.885,9.722222222
24,200730_SEFL17_MildStressor_g6 Box 4.wmv,min,post,26,108088,10,50,15,min_56,"(100800, 102600)",243.9616667,34.77777778
24,200730_SEFL17_MildStressor_g6 Box 4.wmv,min,post,27,108088,10,50,15,min_57,"(102600, 104400)",237.5422222,22
24,200730_SEFL17_MildStressor_g6 Box 4.wmv,min,post,28,108088,10,50,15,min_58,"(104400, 106200)",244.5894444,10.05555556
24,200730_SEFL17_MildStressor_g6 Box 4.wmv,min,post,29,108088,10,50,15,min_59,"(106200, 108000)",137.0544444,26.66666667
24,200730_SEFL17_MildStressor_g6 Box 4.wmv,noise,pre,-10,108088,10,50,15,sec_1790.0,"(53700, 53706)",22.16666667,50
24,200730_SEFL17_MildStressor_g6 Box 4.wmv,noise,pre,-9.8,108088,10,50,15,sec_1790.2,"(53706, 53712)",44.33333333,0
24,200730_SEFL17_MildStressor_g6 Box 4.wmv,noise,pre,-9.6,108088,10,50,15,sec_1790.4,"(53712, 53718)",67.5,0
24,200730_SEFL17_MildStressor_g6 Box 4.wmv,noise,pre,-9.4,108088,10,50,15,sec_1790.6,"(53718, 53724)",122.3333333,16.66666667
24,200730_SEFL17_MildStressor_g6 Box 4.wmv,noise,pre,-9.2,108088,10,50,15,sec_1790.8,"(53724, 53730)",16,100
24,200730_SEFL17_MildStressor_g6 Box 4.wmv,noise,pre,-9,108088,10,50,15,sec_1791.0,"(53730, 53736)",11.66666667,100
24,200730_SEFL17_MildStressor_g6 Box 4.wmv,noise,pre,-8.8,108088,10,50,15,sec_1791.2,"(53736, 53742)",16,100
24,200730_SEFL17_MildStressor_g6 Box 4.wmv,noise,pre,-8.6,108088,10,50,15,sec_1791.4,"(53742, 53748)",86.16666667,50
24,200730_SEFL17_MildStressor_g6 Box 4.wmv,noise,pre,-8.4,108088,10,50,15,sec_1791.6,"(53748, 53754)",95.66666667,0
24,200730_SEFL17_MildStressor_g6 Box 4.wmv,noise,pre,-8.2,108088,10,50,15,sec_1791.8,"(53754, 53760)",154.5,0
24,200730_SEFL17_MildStressor_g6 Box 4.wmv,noise,pre,-8,108088,10,50,15,sec_1792.0,"(53760, 53766)",87,0
24,200730_SEFL17_MildStressor_g6 Box 4.wmv,noise,pre,-7.8,108088,10,50,15,sec_1792.2,"(53766, 53772)",97.83333333,0
24,200730_SEFL17_MildStressor_g6 Box 4.wmv,noise,pre,-7.6,108088,10,50,15,sec_1792.4,"(53772, 53778)",54.66666667,0
24,200730_SEFL17_MildStressor_g6 Box 4.wmv,noise,pre,-7.4,108088,10,50,15,sec_1792.6,"(53778, 53784)",65.83333333,0
24,200730_SEFL17_MildStressor_g6 Box 4.wmv,noise,pre,-7.2,108088,10,50,15,sec_1792.8,"(53784, 53790)",52.66666667,0
24,200730_SEFL17_MildStressor_g6 Box 4.wmv,noise,pre,-7,108088,10,50,15,sec_1793.0,"(53790, 53796)",146,0
24,200730_SEFL17_MildStressor_g6 Box 4.wmv,noise,pre,-6.8,108088,10,50,15,sec_1793.2,"(53796, 53802)",178.3333333,0
24,200730_SEFL17_MildStressor_g6 Box 4.wmv,noise,pre,-6.6,108088,10,50,15,sec_1793.4,"(53802, 53808)",93.83333333,0
24,200730_SEFL17_MildStressor_g6 Box 4.wmv,noise,pre,-6.4,108088,10,50,15,sec_1793.6,"(53808, 53814)",21.33333333,0
24,200730_SEFL17_MildStressor_g6 Box 4.wmv,noise,pre,-6.2,108088,10,50,15,sec_1793.8,"(53814, 53820)",40.16666667,0
24,200730_SEFL17_MildStressor_g6 Box 4.wmv,noise,pre,-6,108088,10,50,15,sec_1794.0,"(53820, 53826)",37.33333333,0
24,200730_SEFL17_MildStressor_g6 Box 4.wmv,noise,pre,-5.8,108088,10,50,15,sec_1794.2,"(53826, 53832)",67,0
24,200730_SEFL17_MildStressor_g6 Box 4.wmv,noise,pre,-5.6,108088,10,50,15,sec_1794.4,"(53832, 53838)",15.16666667,0
24,200730_SEFL17_MildStressor_g6 Box 4.wmv,noise,pre,-5.4,108088,10,50,15,sec_1794.6,"(53838, 53844)",31.33333333,0
24,200730_SEFL17_MildStressor_g6 Box 4.wmv,noise,pre,-5.2,108088,10,50,15,sec_1794.8,"(53844, 53850)",7.5,0
24,200730_SEFL17_MildStressor_g6 Box 4.wmv,noise,pre,-5,108088,10,50,15,sec_1795.0,"(53850, 53856)",88.5,0
24,200730_SEFL17_MildStressor_g6 Box 4.wmv,noise,pre,-4.8,108088,10,50,15,sec_1795.2,"(53856, 53862)",161.1666667,0
24,200730_SEFL17_MildStressor_g6 Box 4.wmv,noise,pre,-4.6,108088,10,50,15,sec_1795.4,"(53862, 53868)",176.3333333,0
24,200730_SEFL17_MildStressor_g6 Box 4.wmv,noise,pre,-4.4,108088,10,50,15,sec_1795.6,"(53868, 53874)",255.5,0
24,200730_SEFL17_MildStressor_g6 Box 4.wmv,noise,pre,-4.2,108088,10,50,15,sec_1795.8,"(53874, 53880)",107.3333333,0
24,200730_SEFL17_MildStressor_g6 Box 4.wmv,noise,pre,-4,108088,10,50,15,sec_1796.0,"(53880, 53886)",70.5,0
24,200730_SEFL17_MildStressor_g6 Box 4.wmv,noise,pre,-3.8,108088,10,50,15,sec_1796.2,"(53886, 53892)",51.66666667,0
24,200730_SEFL17_MildStressor_g6 Box 4.wmv,noise,pre,-3.6,108088,10,50,15,sec_1796.4,"(53892, 53898)",477.6666667,0
24,200730_SEFL17_MildStressor_g6 Box 4.wmv,noise,pre,-3.4,108088,10,50,15,sec_1796.6,"(53898, 53904)",266.5,0
24,200730_SEFL17_MildStressor_g6 Box 4.wmv,noise,pre,-3.2,108088,10,50,15,sec_1796.8,"(53904, 53910)",45,0
24,200730_SEFL17_MildStressor_g6 Box 4.wmv,noise,pre,-3,108088,10,50,15,sec_1797.0,"(53910, 53916)",16.33333333,0
24,200730_SEFL17_MildStressor_g6 Box 4.wmv,noise,pre,-2.8,108088,10,50,15,sec_1797.2,"(53916, 53922)",114.5,0
24,200730_SEFL17_MildStressor_g6 Box 4.wmv,noise,pre,-2.6,108088,10,50,15,sec_1797.4,"(53922, 53928)",26.66666667,83.33333333
24,200730_SEFL17_MildStressor_g6 Box 4.wmv,noise,pre,-2.4,108088,10,50,15,sec_1797.6,"(53928, 53934)",5.333333333,100
24,200730_SEFL17_MildStressor_g6 Box 4.wmv,noise,pre,-2.2,108088,10,50,15,sec_1797.8,"(53934, 53940)",1.833333333,100
24,200730_SEFL17_MildStressor_g6 Box 4.wmv,noise,pre,-2,108088,10,50,15,sec_1798.0,"(53940, 53946)",11.16666667,100
24,200730_SEFL17_MildStressor_g6 Box 4.wmv,noise,pre,-1.8,108088,10,50,15,sec_1798.2,"(53946, 53952)",3.833333333,100
24,200730_SEFL17_MildStressor_g6 Box 4.wmv,noise,pre,-1.6,108088,10,50,15,sec_1798.4,"(53952, 53958)",14.16666667,66.66666667
24,200730_SEFL17_MildStressor_g6 Box 4.wmv,noise,pre,-1.4,108088,10,50,15,sec_1798.6,"(53958, 53964)",6,0
24,200730_SEFL17_MildStressor_g6 Box 4.wmv,noise,pre,-1.2,108088,10,50,15,sec_1798.8,"(53964, 53970)",19.83333333,0
24,200730_SEFL17_MildStressor_g6 Box 4.wmv,noise,pre,-1,108088,10,50,15,sec_1799.0,"(53970, 53976)",7.333333333,0
24,200730_SEFL17_MildStressor_g6 Box 4.wmv,noise,pre,-0.8,108088,10,50,15,sec_1799.2,"(53976, 53982)",15,66.66666667
24,200730_SEFL17_MildStressor_g6 Box 4.wmv,noise,pre,-0.6,108088,10,50,15,sec_1799.4,"(53982, 53988)",6.166666667,100
24,200730_SEFL17_MildStressor_g6 Box 4.wmv,noise,pre,-0.4,108088,10,50,15,sec_1799.6,"(53988, 53994)",0.833333333,100
24,200730_SEFL17_MildStressor_g6 Box 4.wmv,noise,pre,-0.2,108088,10,50,15,sec_1799.8,"(53994, 54000)",14.5,83.33333333
24,200730_SEFL17_MildStressor_g6 Box 4.wmv,noise,noise,-4.09E-14,108088,10,50,15,sec_1800.0,"(54000, 54006)",887.6666667,0
24,200730_SEFL17_MildStressor_g6 Box 4.wmv,noise,noise,0.2,108088,10,50,15,sec_1800.2,"(54006, 54012)",3773,0
24,200730_SEFL17_MildStressor_g6 Box 4.wmv,noise,noise,0.4,108088,10,50,15,sec_1800.4,"(54012, 54018)",1835.333333,0
24,200730_SEFL17_MildStressor_g6 Box 4.wmv,noise,noise,0.6,108088,10,50,15,sec_1800.6,"(54018, 54024)",1482.666667,0
24,200730_SEFL17_MildStressor_g6 Box 4.wmv,noise,noise,0.8,108088,10,50,15,sec_1800.8,"(54024, 54030)",133.6666667,0
24,200730_SEFL17_MildStressor_g6 Box 4.wmv,noise,noise,1,108088,10,50,15,sec_1801.0,"(54030, 54036)",63.16666667,0
24,200730_SEFL17_MildStressor_g6 Box 4.wmv,noise,noise,1.2,108088,10,50,15,sec_1801.2,"(54036, 54042)",20.83333333,0
24,200730_SEFL17_MildStressor_g6 Box 4.wmv,noise,noise,1.4,108088,10,50,15,sec_1801.4,"(54042, 54048)",37.66666667,0
24,200730_SEFL17_MildStressor_g6 Box 4.wmv,noise,noise,1.6,108088,10,50,15,sec_1801.6,"(54048, 54054)",1,0
24,200730_SEFL17_MildStressor_g6 Box 4.wmv,noise,noise,1.8,108088,10,50,15,sec_1801.8,"(54054, 54060)",43.33333333,0
24,200730_SEFL17_MildStressor_g6 Box 4.wmv,noise,noise,2,108088,10,50,15,sec_1802.0,"(54060, 54066)",124.1666667,0
24,200730_SEFL17_MildStressor_g6 Box 4.wmv,noise,noise,2.2,108088,10,50,15,sec_1802.2,"(54066, 54072)",113.1666667,0
24,200730_SEFL17_MildStressor_g6 Box 4.wmv,noise,noise,2.4,108088,10,50,15,sec_1802.4,"(54072, 54078)",215.1666667,0
24,200730_SEFL17_MildStressor_g6 Box 4.wmv,noise,noise,2.6,108088,10,50,15,sec_1802.6,"(54078, 54084)",49.66666667,0
24,200730_SEFL17_MildStressor_g6 Box 4.wmv,noise,noise,2.8,108088,10,50,15,sec_1802.8,"(54084, 54090)",31.16666667,16.66666667
24,200730_SEFL17_MildStressor_g6 Box 4.wmv,noise,post,3,108088,10,50,15,sec_1803.0,"(54090, 54096)",0.666666667,100
24,200730_SEFL17_MildStressor_g6 Box 4.wmv,noise,post,3.2,108088,10,50,15,sec_1803.2,"(54096, 54102)",0,100
24,200730_SEFL17_MildStressor_g6 Box 4.wmv,noise,post,3.4,108088,10,50,15,sec_1803.4,"(54102, 54108)",33.83333333,50
24,200730_SEFL17_MildStressor_g6 Box 4.wmv,noise,post,3.6,108088,10,50,15,sec_1803.6,"(54108, 54114)",131.1666667,0
24,200730_SEFL17_MildStressor_g6 Box 4.wmv,noise,post,3.8,108088,10,50,15,sec_1803.8,"(54114, 54120)",300.8333333,0
24,200730_SEFL17_MildStressor_g6 Box 4.wmv,noise,post,4,108088,10,50,15,sec_1804.0,"(54120, 54126)",282.1666667,0
24,200730_SEFL17_MildStressor_g6 Box 4.wmv,noise,post,4.2,108088,10,50,15,sec_1804.2,"(54126, 54132)",342.8333333,0
24,200730_SEFL17_MildStressor_g6 Box 4.wmv,noise,post,4.4,108088,10,50,15,sec_1804.4,"(54132, 54138)",277.8333333,0
24,200730_SEFL17_MildStressor_g6 Box 4.wmv,noise,post,4.6,108088,10,50,15,sec_1804.6,"(54138, 54144)",116.6666667,0
24,200730_SEFL17_MildStressor_g6 Box 4.wmv,noise,post,4.8,108088,10,50,15,sec_1804.8,"(54144, 54150)",456.8333333,0
24,200730_SEFL17_MildStressor_g6 Box 4.wmv,noise,post,5,108088,10,50,15,sec_1805.0,"(54150, 54156)",720.3333333,0
24,200730_SEFL17_MildStressor_g6 Box 4.wmv,noise,post,5.2,108088,10,50,15,sec_1805.2,"(54156, 54162)",583.8333333,0
24,200730_SEFL17_MildStressor_g6 Box 4.wmv,noise,post,5.4,108088,10,50,15,sec_1805.4,"(54162, 54168)",779.6666667,0
24,200730_SEFL17_MildStressor_g6 Box 4.wmv,noise,post,5.6,108088,10,50,15,sec_1805.6,"(54168, 54174)",347.6666667,0
24,200730_SEFL17_MildStressor_g6 Box 4.wmv,noise,post,5.8,108088,10,50,15,sec_1805.8,"(54174, 54180)",318.8333333,0
24,200730_SEFL17_MildStressor_g6 Box 4.wmv,noise,post,6,108088,10,50,15,sec_1806.0,"(54180, 54186)",836.6666667,0
24,200730_SEFL17_MildStressor_g6 Box 4.wmv,noise,post,6.2,108088,10,50,15,sec_1806.2,"(54186, 54192)",717,0
24,200730_SEFL17_MildStressor_g6 Box 4.wmv,noise,post,6.4,108088,10,50,15,sec_1806.4,"(54192, 54198)",849.3333333,0
24,200730_SEFL17_MildStressor_g6 Box 4.wmv,noise,post,6.6,108088,10,50,15,sec_1806.6,"(54198, 54204)",721.8333333,0
24,200730_SEFL17_MildStressor_g6 Box 4.wmv,noise,post,6.8,108088,10,50,15,sec_1806.8,"(54204, 54210)",894.1666667,0
24,200730_SEFL17_MildStressor_g6 Box 4.wmv,noise,post,7,108088,10,50,15,sec_1807.0,"(54210, 54216)",881,0
24,200730_SEFL17_MildStressor_g6 Box 4.wmv,noise,post,7.2,108088,10,50,15,sec_1807.2,"(54216, 54222)",861.8333333,0
24,200730_SEFL17_MildStressor_g6 Box 4.wmv,noise,post,7.4,108088,10,50,15,sec_1807.4,"(54222, 54228)",1214.166667,0
24,200730_SEFL17_MildStressor_g6 Box 4.wmv,noise,post,7.6,108088,10,50,15,sec_1807.6,"(54228, 54234)",1104.166667,0
24,200730_SEFL17_MildStressor_g6 Box 4.wmv,noise,post,7.8,108088,10,50,15,sec_1807.8,"(54234, 54240)",888,0
24,200730_SEFL17_MildStressor_g6 Box 4.wmv,noise,post,8,108088,10,50,15,sec_1808.0,"(54240, 54246)",824,0
24,200730_SEFL17_MildStressor_g6 Box 4.wmv,noise,post,8.2,108088,10,50,15,sec_1808.2,"(54246, 54252)",1161.5,0
24,200730_SEFL17_MildStressor_g6 Box 4.wmv,noise,post,8.4,108088,10,50,15,sec_1808.4,"(54252, 54258)",752,0
24,200730_SEFL17_MildStressor_g6 Box 4.wmv,noise,post,8.6,108088,10,50,15,sec_1808.6,"(54258, 54264)",578,0
24,200730_SEFL17_MildStressor_g6 Box 4.wmv,noise,post,8.8,108088,10,50,15,sec_1808.8,"(54264, 54270)",243.3333333,0
24,200730_SEFL17_MildStressor_g6 Box 4.wmv,noise,post,9,108088,10,50,15,sec_1809.0,"(54270, 54276)",177.5,16.66666667
24,200730_SEFL17_MildStressor_g6 Box 4.wmv,noise,post,9.2,108088,10,50,15,sec_1809.2,"(54276, 54282)",8.833333333,100
24,200730_SEFL17_MildStressor_g6 Box 4.wmv,noise,post,9.4,108088,10,50,15,sec_1809.4,"(54282, 54288)",0,100
24,200730_SEFL17_MildStressor_g6 Box 4.wmv,noise,post,9.6,108088,10,50,15,sec_1809.6,"(54288, 54294)",40,50
24,200730_SEFL17_MildStressor_g6 Box 4.wmv,noise,post,9.8,108088,10,50,15,sec_1809.8,"(54294, 54300)",68.16666667,0
24,200730_SEFL17_MildStressor_g6 Box 4.wmv,noise,post,10,108088,10,50,15,sec_1810.0,"(54300, 54306)",447.1666667,0
24,200730_SEFL17_MildStressor_g6 Box 4.wmv,noise,post,10.2,108088,10,50,15,sec_1810.2,"(54306, 54312)",505.1666667,0
24,200730_SEFL17_MildStressor_g6 Box 4.wmv,noise,post,10.4,108088,10,50,15,sec_1810.4,"(54312, 54318)",301,0
24,200730_SEFL17_MildStressor_g6 Box 4.wmv,noise,post,10.6,108088,10,50,15,sec_1810.6,"(54318, 54324)",307.6666667,0
24,200730_SEFL17_MildStressor_g6 Box 4.wmv,noise,post,10.8,108088,10,50,15,sec_1810.8,"(54324, 54330)",194.8333333,0
24,200730_SEFL17_MildStressor_g6 Box 4.wmv,noise,post,11,108088,10,50,15,sec_1811.0,"(54330, 54336)",300.8333333,0
24,200730_SEFL17_MildStressor_g6 Box 4.wmv,noise,post,11.2,108088,10,50,15,sec_1811.2,"(54336, 54342)",306.5,0
24,200730_SEFL17_MildStressor_g6 Box 4.wmv,noise,post,11.4,108088,10,50,15,sec_1811.4,"(54342, 54348)",867.3333333,0
24,200730_SEFL17_MildStressor_g6 Box 4.wmv,noise,post,11.6,108088,10,50,15,sec_1811.6,"(54348, 54354)",936.3333333,0
24,200730_SEFL17_MildStressor_g6 Box 4.wmv,noise,post,11.8,108088,10,50,15,sec_1811.8,"(54354, 54360)",867.1666667,0
24,200730_SEFL17_MildStressor_g6 Box 4.wmv,noise,post,12,108088,10,50,15,sec_1812.0,"(54360, 54366)",1095.833333,0
24,200730_SEFL17_MildStressor_g6 Box 4.wmv,noise,post,12.2,108088,10,50,15,sec_1812.2,"(54366, 54372)",1440.833333,0
24,200730_SEFL17_MildStressor_g6 Box 4.wmv,noise,post,12.4,108088,10,50,15,sec_1812.4,"(54372, 54378)",840.3333333,0
24,200730_SEFL17_MildStressor_g6 Box 4.wmv,noise,post,12.6,108088,10,50,15,sec_1812.6,"(54378, 54384)",1233.166667,0
24,200730_SEFL17_MildStressor_g6 Box 4.wmv,noise,post,12.8,108088,10,50,15,sec_1812.8,"(54384, 54390)",602.3333333,0
25,200730_SEFL17_MildStressor_g7(01) Box 1.wmv,min,pre,-30,162087,10,50,15,min_0,"(0, 1800)",0.643333333,98.83333333
25,200730_SEFL17_MildStressor_g7(01) Box 1.wmv,min,pre,-29,162087,10,50,15,min_1,"(1800, 3600)",0.022222222,100
25,200730_SEFL17_MildStressor_g7(01) Box 1.wmv,min,pre,-28,162087,10,50,15,min_2,"(3600, 5400)",18.41277778,78.94444444
25,200730_SEFL17_MildStressor_g7(01) Box 1.wmv,min,pre,-27,162087,10,50,15,min_3,"(5400, 7200)",0.017222222,100
25,200730_SEFL17_MildStressor_g7(01) Box 1.wmv,min,pre,-26,162087,10,50,15,min_4,"(7200, 9000)",0.298333333,99.66666667
25,200730_SEFL17_MildStressor_g7(01) Box 1.wmv,min,pre,-25,162087,10,50,15,min_5,"(9000, 10800)",0.011111111,100
25,200730_SEFL17_MildStressor_g7(01) Box 1.wmv,min,pre,-24,162087,10,50,15,min_6,"(10800, 12600)",0.013333333,100
25,200730_SEFL17_MildStressor_g7(01) Box 1.wmv,min,pre,-23,162087,10,50,15,min_7,"(12600, 14400)",7.801111111,90.44444444
25,200730_SEFL17_MildStressor_g7(01) Box 1.wmv,min,pre,-22,162087,10,50,15,min_8,"(14400, 16200)",0.140555556,99.77777778
25,200730_SEFL17_MildStressor_g7(01) Box 1.wmv,min,pre,-21,162087,10,50,15,min_9,"(16200, 18000)",0.096666667,99.88888889
25,200730_SEFL17_MildStressor_g7(01) Box 1.wmv,min,pre,-20,162087,10,50,15,min_10,"(18000, 19800)",6.487222222,93.77777778
25,200730_SEFL17_MildStressor_g7(01) Box 1.wmv,min,pre,-19,162087,10,50,15,min_11,"(19800, 21600)",19.22166667,80.05555556
25,200730_SEFL17_MildStressor_g7(01) Box 1.wmv,min,pre,-18,162087,10,50,15,min_12,"(21600, 23400)",0.014444444,100
25,200730_SEFL17_MildStressor_g7(01) Box 1.wmv,min,pre,-17,162087,10,50,15,min_13,"(23400, 25200)",0.009444444,100
25,200730_SEFL17_MildStressor_g7(01) Box 1.wmv,min,pre,-16,162087,10,50,15,min_14,"(25200, 27000)",0.005,100
25,200730_SEFL17_MildStressor_g7(01) Box 1.wmv,min,pre,-15,162087,10,50,15,min_15,"(27000, 28800)",0.278333333,99.94444444
25,200730_SEFL17_MildStressor_g7(01) Box 1.wmv,min,pre,-14,162087,10,50,15,min_16,"(28800, 30600)",0.016666667,100
25,200730_SEFL17_MildStressor_g7(01) Box 1.wmv,min,pre,-13,162087,10,50,15,min_17,"(30600, 32400)",0,100
25,200730_SEFL17_MildStressor_g7(01) Box 1.wmv,min,pre,-12,162087,10,50,15,min_18,"(32400, 34200)",5.966111111,95.77777778
25,200730_SEFL17_MildStressor_g7(01) Box 1.wmv,min,pre,-11,162087,10,50,15,min_19,"(34200, 36000)",0.015,100
25,200730_SEFL17_MildStressor_g7(01) Box 1.wmv,min,pre,-10,162087,10,50,15,min_20,"(36000, 37800)",0.047222222,100
25,200730_SEFL17_MildStressor_g7(01) Box 1.wmv,min,pre,-9,162087,10,50,15,min_21,"(37800, 39600)",0.089444444,100
25,200730_SEFL17_MildStressor_g7(01) Box 1.wmv,min,pre,-8,162087,10,50,15,min_22,"(39600, 41400)",0.016111111,100
25,200730_SEFL17_MildStressor_g7(01) Box 1.wmv,min,pre,-7,162087,10,50,15,min_23,"(41400, 43200)",0.053888889,100
25,200730_SEFL17_MildStressor_g7(01) Box 1.wmv,min,pre,-6,162087,10,50,15,min_24,"(43200, 45000)",0.016666667,100
25,200730_SEFL17_MildStressor_g7(01) Box 1.wmv,min,pre,-5,162087,10,50,15,min_25,"(45000, 46800)",9.071666667,92.16666667
25,200730_SEFL17_MildStressor_g7(01) Box 1.wmv,min,pre,-4,162087,10,50,15,min_26,"(46800, 48600)",23.52444444,74.33333333
25,200730_SEFL17_MildStressor_g7(01) Box 1.wmv,min,pre,-3,162087,10,50,15,min_27,"(48600, 50400)",0.018888889,100
25,200730_SEFL17_MildStressor_g7(01) Box 1.wmv,min,pre,-2,162087,10,50,15,min_28,"(50400, 52200)",0.01,100
25,200730_SEFL17_MildStressor_g7(01) Box 1.wmv,min,pre,-1,162087,10,50,15,min_29,"(52200, 54000)",0.011111111,100
25,200730_SEFL17_MildStressor_g7(01) Box 1.wmv,min,post,0,162087,10,50,15,min_30,"(54000, 55800)",0.091666667,100
25,200730_SEFL17_MildStressor_g7(01) Box 1.wmv,min,post,1,162087,10,50,15,min_31,"(55800, 57600)",27.48166667,75.11111111
25,200730_SEFL17_MildStressor_g7(01) Box 1.wmv,min,post,2,162087,10,50,15,min_32,"(57600, 59400)",1.489444444,99
25,200730_SEFL17_MildStressor_g7(01) Box 1.wmv,min,post,3,162087,10,50,15,min_33,"(59400, 61200)",0.002222222,100
25,200730_SEFL17_MildStressor_g7(01) Box 1.wmv,min,post,4,162087,10,50,15,min_34,"(61200, 63000)",0.013333333,100
25,200730_SEFL17_MildStressor_g7(01) Box 1.wmv,min,post,5,162087,10,50,15,min_35,"(63000, 64800)",0.098333333,100
25,200730_SEFL17_MildStressor_g7(01) Box 1.wmv,min,post,6,162087,10,50,15,min_36,"(64800, 66600)",0.013333333,100
25,200730_SEFL17_MildStressor_g7(01) Box 1.wmv,min,post,7,162087,10,50,15,min_37,"(66600, 68400)",0.603888889,99.55555556
25,200730_SEFL17_MildStressor_g7(01) Box 1.wmv,min,post,8,162087,10,50,15,min_38,"(68400, 70200)",0.018888889,100
25,200730_SEFL17_MildStressor_g7(01) Box 1.wmv,min,post,9,162087,10,50,15,min_39,"(70200, 72000)",1.158333333,97.5
25,200730_SEFL17_MildStressor_g7(01) Box 1.wmv,min,post,10,162087,10,50,15,min_40,"(72000, 73800)",0.030555556,100
25,200730_SEFL17_MildStressor_g7(01) Box 1.wmv,min,post,11,162087,10,50,15,min_41,"(73800, 75600)",0.010555556,100
25,200730_SEFL17_MildStressor_g7(01) Box 1.wmv,min,post,12,162087,10,50,15,min_42,"(75600, 77400)",0.009444444,100
25,200730_SEFL17_MildStressor_g7(01) Box 1.wmv,min,post,13,162087,10,50,15,min_43,"(77400, 79200)",0.012777778,100
25,200730_SEFL17_MildStressor_g7(01) Box 1.wmv,min,post,14,162087,10,50,15,min_44,"(79200, 81000)",0.312777778,99.88888889
25,200730_SEFL17_MildStressor_g7(01) Box 1.wmv,min,post,15,162087,10,50,15,min_45,"(81000, 82800)",0.02,100
25,200730_SEFL17_MildStressor_g7(01) Box 1.wmv,min,post,16,162087,10,50,15,min_46,"(82800, 84600)",0.02,100
25,200730_SEFL17_MildStressor_g7(01) Box 1.wmv,min,post,17,162087,10,50,15,min_47,"(84600, 86400)",0.01,100
25,200730_SEFL17_MildStressor_g7(01) Box 1.wmv,min,post,18,162087,10,50,15,min_48,"(86400, 88200)",0.013888889,100
25,200730_SEFL17_MildStressor_g7(01) Box 1.wmv,min,post,19,162087,10,50,15,min_49,"(88200, 90000)",0.018333333,100
25,200730_SEFL17_MildStressor_g7(01) Box 1.wmv,min,post,20,162087,10,50,15,min_50,"(90000, 91800)",3.195555556,94.66666667
25,200730_SEFL17_MildStressor_g7(01) Box 1.wmv,min,post,21,162087,10,50,15,min_51,"(91800, 93600)",0.38,99.83333333
25,200730_SEFL17_MildStressor_g7(01) Box 1.wmv,min,post,22,162087,10,50,15,min_52,"(93600, 95400)",0.021666667,100
25,200730_SEFL17_MildStressor_g7(01) Box 1.wmv,min,post,23,162087,10,50,15,min_53,"(95400, 97200)",0.016666667,100
25,200730_SEFL17_MildStressor_g7(01) Box 1.wmv,min,post,24,162087,10,50,15,min_54,"(97200, 99000)",0.013333333,100
25,200730_SEFL17_MildStressor_g7(01) Box 1.wmv,min,post,25,162087,10,50,15,min_55,"(99000, 100800)",0.015,100
25,200730_SEFL17_MildStressor_g7(01) Box 1.wmv,min,post,26,162087,10,50,15,min_56,"(100800, 102600)",0.016111111,100
25,200730_SEFL17_MildStressor_g7(01) Box 1.wmv,min,post,27,162087,10,50,15,min_57,"(102600, 104400)",0.015555556,100
25,200730_SEFL17_MildStressor_g7(01) Box 1.wmv,min,post,28,162087,10,50,15,min_58,"(104400, 106200)",0.007222222,100
25,200730_SEFL17_MildStressor_g7(01) Box 1.wmv,min,post,29,162087,10,50,15,min_59,"(106200, 108000)",0.016666667,100
25,200730_SEFL17_MildStressor_g7(01) Box 1.wmv,noise,pre,-10,162087,10,50,15,sec_1790.0,"(53700, 53706)",0,100
25,200730_SEFL17_MildStressor_g7(01) Box 1.wmv,noise,pre,-9.8,162087,10,50,15,sec_1790.2,"(53706, 53712)",0,100
25,200730_SEFL17_MildStressor_g7(01) Box 1.wmv,noise,pre,-9.6,162087,10,50,15,sec_1790.4,"(53712, 53718)",0,100
25,200730_SEFL17_MildStressor_g7(01) Box 1.wmv,noise,pre,-9.4,162087,10,50,15,sec_1790.6,"(53718, 53724)",0,100
25,200730_SEFL17_MildStressor_g7(01) Box 1.wmv,noise,pre,-9.2,162087,10,50,15,sec_1790.8,"(53724, 53730)",0,100
25,200730_SEFL17_MildStressor_g7(01) Box 1.wmv,noise,pre,-9,162087,10,50,15,sec_1791.0,"(53730, 53736)",0,100
25,200730_SEFL17_MildStressor_g7(01) Box 1.wmv,noise,pre,-8.8,162087,10,50,15,sec_1791.2,"(53736, 53742)",0,100
25,200730_SEFL17_MildStressor_g7(01) Box 1.wmv,noise,pre,-8.6,162087,10,50,15,sec_1791.4,"(53742, 53748)",0,100
25,200730_SEFL17_MildStressor_g7(01) Box 1.wmv,noise,pre,-8.4,162087,10,50,15,sec_1791.6,"(53748, 53754)",0,100
25,200730_SEFL17_MildStressor_g7(01) Box 1.wmv,noise,pre,-8.2,162087,10,50,15,sec_1791.8,"(53754, 53760)",0,100
25,200730_SEFL17_MildStressor_g7(01) Box 1.wmv,noise,pre,-8,162087,10,50,15,sec_1792.0,"(53760, 53766)",1.666666667,100
25,200730_SEFL17_MildStressor_g7(01) Box 1.wmv,noise,pre,-7.8,162087,10,50,15,sec_1792.2,"(53766, 53772)",0,100
25,200730_SEFL17_MildStressor_g7(01) Box 1.wmv,noise,pre,-7.6,162087,10,50,15,sec_1792.4,"(53772, 53778)",0,100
25,200730_SEFL17_MildStressor_g7(01) Box 1.wmv,noise,pre,-7.4,162087,10,50,15,sec_1792.6,"(53778, 53784)",0,100
25,200730_SEFL17_MildStressor_g7(01) Box 1.wmv,noise,pre,-7.2,162087,10,50,15,sec_1792.8,"(53784, 53790)",0,100
25,200730_SEFL17_MildStressor_g7(01) Box 1.wmv,noise,pre,-7,162087,10,50,15,sec_1793.0,"(53790, 53796)",0,100
25,200730_SEFL17_MildStressor_g7(01) Box 1.wmv,noise,pre,-6.8,162087,10,50,15,sec_1793.2,"(53796, 53802)",0,100
25,200730_SEFL17_MildStressor_g7(01) Box 1.wmv,noise,pre,-6.6,162087,10,50,15,sec_1793.4,"(53802, 53808)",0,100
25,200730_SEFL17_MildStressor_g7(01) Box 1.wmv,noise,pre,-6.4,162087,10,50,15,sec_1793.6,"(53808, 53814)",0,100
25,200730_SEFL17_MildStressor_g7(01) Box 1.wmv,noise,pre,-6.2,162087,10,50,15,sec_1793.8,"(53814, 53820)",0,100
25,200730_SEFL17_MildStressor_g7(01) Box 1.wmv,noise,pre,-6,162087,10,50,15,sec_1794.0,"(53820, 53826)",0,100
25,200730_SEFL17_MildStressor_g7(01) Box 1.wmv,noise,pre,-5.8,162087,10,50,15,sec_1794.2,"(53826, 53832)",0,100
25,200730_SEFL17_MildStressor_g7(01) Box 1.wmv,noise,pre,-5.6,162087,10,50,15,sec_1794.4,"(53832, 53838)",0,100
25,200730_SEFL17_MildStressor_g7(01) Box 1.wmv,noise,pre,-5.4,162087,10,50,15,sec_1794.6,"(53838, 53844)",0,100
25,200730_SEFL17_MildStressor_g7(01) Box 1.wmv,noise,pre,-5.2,162087,10,50,15,sec_1794.8,"(53844, 53850)",0,100
25,200730_SEFL17_MildStressor_g7(01) Box 1.wmv,noise,pre,-5,162087,10,50,15,sec_1795.0,"(53850, 53856)",0,100
25,200730_SEFL17_MildStressor_g7(01) Box 1.wmv,noise,pre,-4.8,162087,10,50,15,sec_1795.2,"(53856, 53862)",0,100
25,200730_SEFL17_MildStressor_g7(01) Box 1.wmv,noise,pre,-4.6,162087,10,50,15,sec_1795.4,"(53862, 53868)",0,100
25,200730_SEFL17_MildStressor_g7(01) Box 1.wmv,noise,pre,-4.4,162087,10,50,15,sec_1795.6,"(53868, 53874)",0,100
25,200730_SEFL17_MildStressor_g7(01) Box 1.wmv,noise,pre,-4.2,162087,10,50,15,sec_1795.8,"(53874, 53880)",0,100
25,200730_SEFL17_MildStressor_g7(01) Box 1.wmv,noise,pre,-4,162087,10,50,15,sec_1796.0,"(53880, 53886)",0,100
25,200730_SEFL17_MildStressor_g7(01) Box 1.wmv,noise,pre,-3.8,162087,10,50,15,sec_1796.2,"(53886, 53892)",0,100
25,200730_SEFL17_MildStressor_g7(01) Box 1.wmv,noise,pre,-3.6,162087,10,50,15,sec_1796.4,"(53892, 53898)",0,100
25,200730_SEFL17_MildStressor_g7(01) Box 1.wmv,noise,pre,-3.4,162087,10,50,15,sec_1796.6,"(53898, 53904)",0,100
25,200730_SEFL17_MildStressor_g7(01) Box 1.wmv,noise,pre,-3.2,162087,10,50,15,sec_1796.8,"(53904, 53910)",0,100
25,200730_SEFL17_MildStressor_g7(01) Box 1.wmv,noise,pre,-3,162087,10,50,15,sec_1797.0,"(53910, 53916)",0,100
25,200730_SEFL17_MildStressor_g7(01) Box 1.wmv,noise,pre,-2.8,162087,10,50,15,sec_1797.2,"(53916, 53922)",0,100
25,200730_SEFL17_MildStressor_g7(01) Box 1.wmv,noise,pre,-2.6,162087,10,50,15,sec_1797.4,"(53922, 53928)",0,100
25,200730_SEFL17_MildStressor_g7(01) Box 1.wmv,noise,pre,-2.4,162087,10,50,15,sec_1797.6,"(53928, 53934)",0,100
25,200730_SEFL17_MildStressor_g7(01) Box 1.wmv,noise,pre,-2.2,162087,10,50,15,sec_1797.8,"(53934, 53940)",0,100
25,200730_SEFL17_MildStressor_g7(01) Box 1.wmv,noise,pre,-2,162087,10,50,15,sec_1798.0,"(53940, 53946)",0,100
25,200730_SEFL17_MildStressor_g7(01) Box 1.wmv,noise,pre,-1.8,162087,10,50,15,sec_1798.2,"(53946, 53952)",0,100
25,200730_SEFL17_MildStressor_g7(01) Box 1.wmv,noise,pre,-1.6,162087,10,50,15,sec_1798.4,"(53952, 53958)",0,100
25,200730_SEFL17_MildStressor_g7(01) Box 1.wmv,noise,pre,-1.4,162087,10,50,15,sec_1798.6,"(53958, 53964)",0,100
25,200730_SEFL17_MildStressor_g7(01) Box 1.wmv,noise,pre,-1.2,162087,10,50,15,sec_1798.8,"(53964, 53970)",0,100
25,200730_SEFL17_MildStressor_g7(01) Box 1.wmv,noise,pre,-1,162087,10,50,15,sec_1799.0,"(53970, 53976)",0,100
25,200730_SEFL17_MildStressor_g7(01) Box 1.wmv,noise,pre,-0.8,162087,10,50,15,sec_1799.2,"(53976, 53982)",0,100
25,200730_SEFL17_MildStressor_g7(01) Box 1.wmv,noise,pre,-0.6,162087,10,50,15,sec_1799.4,"(53982, 53988)",0,100
25,200730_SEFL17_MildStressor_g7(01) Box 1.wmv,noise,pre,-0.4,162087,10,50,15,sec_1799.6,"(53988, 53994)",0,100
25,200730_SEFL17_MildStressor_g7(01) Box 1.wmv,noise,pre,-0.2,162087,10,50,15,sec_1799.8,"(53994, 54000)",0,100
25,200730_SEFL17_MildStressor_g7(01) Box 1.wmv,noise,noise,-4.09E-14,162087,10,50,15,sec_1800.0,"(54000, 54006)",0,100
25,200730_SEFL17_MildStressor_g7(01) Box 1.wmv,noise,noise,0.2,162087,10,50,15,sec_1800.2,"(54006, 54012)",0,100
25,200730_SEFL17_MildStressor_g7(01) Box 1.wmv,noise,noise,0.4,162087,10,50,15,sec_1800.4,"(54012, 54018)",0,100
25,200730_SEFL17_MildStressor_g7(01) Box 1.wmv,noise,noise,0.6,162087,10,50,15,sec_1800.6,"(54018, 54024)",0,100
25,200730_SEFL17_MildStressor_g7(01) Box 1.wmv,noise,noise,0.8,162087,10,50,15,sec_1800.8,"(54024, 54030)",0,100
25,200730_SEFL17_MildStressor_g7(01) Box 1.wmv,noise,noise,1,162087,10,50,15,sec_1801.0,"(54030, 54036)",0,100
25,200730_SEFL17_MildStressor_g7(01) Box 1.wmv,noise,noise,1.2,162087,10,50,15,sec_1801.2,"(54036, 54042)",0,100
25,200730_SEFL17_MildStressor_g7(01) Box 1.wmv,noise,noise,1.4,162087,10,50,15,sec_1801.4,"(54042, 54048)",0,100
25,200730_SEFL17_MildStressor_g7(01) Box 1.wmv,noise,noise,1.6,162087,10,50,15,sec_1801.6,"(54048, 54054)",0,100
25,200730_SEFL17_MildStressor_g7(01) Box 1.wmv,noise,noise,1.8,162087,10,50,15,sec_1801.8,"(54054, 54060)",0,100
25,200730_SEFL17_MildStressor_g7(01) Box 1.wmv,noise,noise,2,162087,10,50,15,sec_1802.0,"(54060, 54066)",0,100
25,200730_SEFL17_MildStressor_g7(01) Box 1.wmv,noise,noise,2.2,162087,10,50,15,sec_1802.2,"(54066, 54072)",0,100
25,200730_SEFL17_MildStressor_g7(01) Box 1.wmv,noise,noise,2.4,162087,10,50,15,sec_1802.4,"(54072, 54078)",0,100
25,200730_SEFL17_MildStressor_g7(01) Box 1.wmv,noise,noise,2.6,162087,10,50,15,sec_1802.6,"(54078, 54084)",0,100
25,200730_SEFL17_MildStressor_g7(01) Box 1.wmv,noise,noise,2.8,162087,10,50,15,sec_1802.8,"(54084, 54090)",0,100
25,200730_SEFL17_MildStressor_g7(01) Box 1.wmv,noise,post,3,162087,10,50,15,sec_1803.0,"(54090, 54096)",0,100
25,200730_SEFL17_MildStressor_g7(01) Box 1.wmv,noise,post,3.2,162087,10,50,15,sec_1803.2,"(54096, 54102)",0,100
25,200730_SEFL17_MildStressor_g7(01) Box 1.wmv,noise,post,3.4,162087,10,50,15,sec_1803.4,"(54102, 54108)",0,100
25,200730_SEFL17_MildStressor_g7(01) Box 1.wmv,noise,post,3.6,162087,10,50,15,sec_1803.6,"(54108, 54114)",0,100
25,200730_SEFL17_MildStressor_g7(01) Box 1.wmv,noise,post,3.8,162087,10,50,15,sec_1803.8,"(54114, 54120)",0,100
25,200730_SEFL17_MildStressor_g7(01) Box 1.wmv,noise,post,4,162087,10,50,15,sec_1804.0,"(54120, 54126)",0,100
25,200730_SEFL17_MildStressor_g7(01) Box 1.wmv,noise,post,4.2,162087,10,50,15,sec_1804.2,"(54126, 54132)",0,100
25,200730_SEFL17_MildStressor_g7(01) Box 1.wmv,noise,post,4.4,162087,10,50,15,sec_1804.4,"(54132, 54138)",0,100
25,200730_SEFL17_MildStressor_g7(01) Box 1.wmv,noise,post,4.6,162087,10,50,15,sec_1804.6,"(54138, 54144)",0,100
25,200730_SEFL17_MildStressor_g7(01) Box 1.wmv,noise,post,4.8,162087,10,50,15,sec_1804.8,"(54144, 54150)",0,100
25,200730_SEFL17_MildStressor_g7(01) Box 1.wmv,noise,post,5,162087,10,50,15,sec_1805.0,"(54150, 54156)",0,100
25,200730_SEFL17_MildStressor_g7(01) Box 1.wmv,noise,post,5.2,162087,10,50,15,sec_1805.2,"(54156, 54162)",0,100
25,200730_SEFL17_MildStressor_g7(01) Box 1.wmv,noise,post,5.4,162087,10,50,15,sec_1805.4,"(54162, 54168)",0.333333333,100
25,200730_SEFL17_MildStressor_g7(01) Box 1.wmv,noise,post,5.6,162087,10,50,15,sec_1805.6,"(54168, 54174)",0,100
25,200730_SEFL17_MildStressor_g7(01) Box 1.wmv,noise,post,5.8,162087,10,50,15,sec_1805.8,"(54174, 54180)",4,100
25,200730_SEFL17_MildStressor_g7(01) Box 1.wmv,noise,post,6,162087,10,50,15,sec_1806.0,"(54180, 54186)",6.833333333,100
25,200730_SEFL17_MildStressor_g7(01) Box 1.wmv,noise,post,6.2,162087,10,50,15,sec_1806.2,"(54186, 54192)",7.833333333,100
25,200730_SEFL17_MildStressor_g7(01) Box 1.wmv,noise,post,6.4,162087,10,50,15,sec_1806.4,"(54192, 54198)",5.333333333,100
25,200730_SEFL17_MildStressor_g7(01) Box 1.wmv,noise,post,6.6,162087,10,50,15,sec_1806.6,"(54198, 54204)",0,100
25,200730_SEFL17_MildStressor_g7(01) Box 1.wmv,noise,post,6.8,162087,10,50,15,sec_1806.8,"(54204, 54210)",0,100
25,200730_SEFL17_MildStressor_g7(01) Box 1.wmv,noise,post,7,162087,10,50,15,sec_1807.0,"(54210, 54216)",0.333333333,100
25,200730_SEFL17_MildStressor_g7(01) Box 1.wmv,noise,post,7.2,162087,10,50,15,sec_1807.2,"(54216, 54222)",0,100
25,200730_SEFL17_MildStressor_g7(01) Box 1.wmv,noise,post,7.4,162087,10,50,15,sec_1807.4,"(54222, 54228)",0,100
25,200730_SEFL17_MildStressor_g7(01) Box 1.wmv,noise,post,7.6,162087,10,50,15,sec_1807.6,"(54228, 54234)",0,100
25,200730_SEFL17_MildStressor_g7(01) Box 1.wmv,noise,post,7.8,162087,10,50,15,sec_1807.8,"(54234, 54240)",0,100
25,200730_SEFL17_MildStressor_g7(01) Box 1.wmv,noise,post,8,162087,10,50,15,sec_1808.0,"(54240, 54246)",0,100
25,200730_SEFL17_MildStressor_g7(01) Box 1.wmv,noise,post,8.2,162087,10,50,15,sec_1808.2,"(54246, 54252)",0,100
25,200730_SEFL17_MildStressor_g7(01) Box 1.wmv,noise,post,8.4,162087,10,50,15,sec_1808.4,"(54252, 54258)",0,100
25,200730_SEFL17_MildStressor_g7(01) Box 1.wmv,noise,post,8.6,162087,10,50,15,sec_1808.6,"(54258, 54264)",0,100
25,200730_SEFL17_MildStressor_g7(01) Box 1.wmv,noise,post,8.8,162087,10,50,15,sec_1808.8,"(54264, 54270)",0,100
25,200730_SEFL17_MildStressor_g7(01) Box 1.wmv,noise,post,9,162087,10,50,15,sec_1809.0,"(54270, 54276)",0,100
25,200730_SEFL17_MildStressor_g7(01) Box 1.wmv,noise,post,9.2,162087,10,50,15,sec_1809.2,"(54276, 54282)",0,100
25,200730_SEFL17_MildStressor_g7(01) Box 1.wmv,noise,post,9.4,162087,10,50,15,sec_1809.4,"(54282, 54288)",0,100
25,200730_SEFL17_MildStressor_g7(01) Box 1.wmv,noise,post,9.6,162087,10,50,15,sec_1809.6,"(54288, 54294)",0,100
25,200730_SEFL17_MildStressor_g7(01) Box 1.wmv,noise,post,9.8,162087,10,50,15,sec_1809.8,"(54294, 54300)",0,100
25,200730_SEFL17_MildStressor_g7(01) Box 1.wmv,noise,post,10,162087,10,50,15,sec_1810.0,"(54300, 54306)",0,100
25,200730_SEFL17_MildStressor_g7(01) Box 1.wmv,noise,post,10.2,162087,10,50,15,sec_1810.2,"(54306, 54312)",0,100
25,200730_SEFL17_MildStressor_g7(01) Box 1.wmv,noise,post,10.4,162087,10,50,15,sec_1810.4,"(54312, 54318)",0,100
25,200730_SEFL17_MildStressor_g7(01) Box 1.wmv,noise,post,10.6,162087,10,50,15,sec_1810.6,"(54318, 54324)",0,100
25,200730_SEFL17_MildStressor_g7(01) Box 1.wmv,noise,post,10.8,162087,10,50,15,sec_1810.8,"(54324, 54330)",0,100
25,200730_SEFL17_MildStressor_g7(01) Box 1.wmv,noise,post,11,162087,10,50,15,sec_1811.0,"(54330, 54336)",0,100
25,200730_SEFL17_MildStressor_g7(01) Box 1.wmv,noise,post,11.2,162087,10,50,15,sec_1811.2,"(54336, 54342)",0,100
25,200730_SEFL17_MildStressor_g7(01) Box 1.wmv,noise,post,11.4,162087,10,50,15,sec_1811.4,"(54342, 54348)",0,100
25,200730_SEFL17_MildStressor_g7(01) Box 1.wmv,noise,post,11.6,162087,10,50,15,sec_1811.6,"(54348, 54354)",0,100
25,200730_SEFL17_MildStressor_g7(01) Box 1.wmv,noise,post,11.8,162087,10,50,15,sec_1811.8,"(54354, 54360)",0,100
25,200730_SEFL17_MildStressor_g7(01) Box 1.wmv,noise,post,12,162087,10,50,15,sec_1812.0,"(54360, 54366)",0,100
25,200730_SEFL17_MildStressor_g7(01) Box 1.wmv,noise,post,12.2,162087,10,50,15,sec_1812.2,"(54366, 54372)",0,100
25,200730_SEFL17_MildStressor_g7(01) Box 1.wmv,noise,post,12.4,162087,10,50,15,sec_1812.4,"(54372, 54378)",0,100
25,200730_SEFL17_MildStressor_g7(01) Box 1.wmv,noise,post,12.6,162087,10,50,15,sec_1812.6,"(54378, 54384)",0,100
25,200730_SEFL17_MildStressor_g7(01) Box 1.wmv,noise,post,12.8,162087,10,50,15,sec_1812.8,"(54384, 54390)",0,100
26,200730_SEFL17_MildStressor_g7(01) Box 2.wmv,min,pre,-30,162087,10,50,15,min_0,"(0, 1800)",23.14666667,77.66666667
26,200730_SEFL17_MildStressor_g7(01) Box 2.wmv,min,pre,-29,162087,10,50,15,min_1,"(1800, 3600)",0.426111111,100
26,200730_SEFL17_MildStressor_g7(01) Box 2.wmv,min,pre,-28,162087,10,50,15,min_2,"(3600, 5400)",0.24,99.88888889
26,200730_SEFL17_MildStressor_g7(01) Box 2.wmv,min,pre,-27,162087,10,50,15,min_3,"(5400, 7200)",0.056666667,100
26,200730_SEFL17_MildStressor_g7(01) Box 2.wmv,min,pre,-26,162087,10,50,15,min_4,"(7200, 9000)",1.708333333,96.94444444
26,200730_SEFL17_MildStressor_g7(01) Box 2.wmv,min,pre,-25,162087,10,50,15,min_5,"(9000, 10800)",0.030555556,100
26,200730_SEFL17_MildStressor_g7(01) Box 2.wmv,min,pre,-24,162087,10,50,15,min_6,"(10800, 12600)",0.057777778,100
26,200730_SEFL17_MildStressor_g7(01) Box 2.wmv,min,pre,-23,162087,10,50,15,min_7,"(12600, 14400)",0.098888889,99.94444444
26,200730_SEFL17_MildStressor_g7(01) Box 2.wmv,min,pre,-22,162087,10,50,15,min_8,"(14400, 16200)",0.193333333,99.94444444
26,200730_SEFL17_MildStressor_g7(01) Box 2.wmv,min,pre,-21,162087,10,50,15,min_9,"(16200, 18000)",0.033333333,100
26,200730_SEFL17_MildStressor_g7(01) Box 2.wmv,min,pre,-20,162087,10,50,15,min_10,"(18000, 19800)",6.576666667,89.33333333
26,200730_SEFL17_MildStressor_g7(01) Box 2.wmv,min,pre,-19,162087,10,50,15,min_11,"(19800, 21600)",0.187222222,99.83333333
26,200730_SEFL17_MildStressor_g7(01) Box 2.wmv,min,pre,-18,162087,10,50,15,min_12,"(21600, 23400)",0.495,99.38888889
26,200730_SEFL17_MildStressor_g7(01) Box 2.wmv,min,pre,-17,162087,10,50,15,min_13,"(23400, 25200)",0.166111111,100
26,200730_SEFL17_MildStressor_g7(01) Box 2.wmv,min,pre,-16,162087,10,50,15,min_14,"(25200, 27000)",0.181111111,100
26,200730_SEFL17_MildStressor_g7(01) Box 2.wmv,min,pre,-15,162087,10,50,15,min_15,"(27000, 28800)",23.82444444,78.11111111
26,200730_SEFL17_MildStressor_g7(01) Box 2.wmv,min,pre,-14,162087,10,50,15,min_16,"(28800, 30600)",161.86,48.61111111
26,200730_SEFL17_MildStressor_g7(01) Box 2.wmv,min,pre,-13,162087,10,50,15,min_17,"(30600, 32400)",13.90944444,63.55555556
26,200730_SEFL17_MildStressor_g7(01) Box 2.wmv,min,pre,-12,162087,10,50,15,min_18,"(32400, 34200)",94.52444444,10.27777778
26,200730_SEFL17_MildStressor_g7(01) Box 2.wmv,min,pre,-11,162087,10,50,15,min_19,"(34200, 36000)",80.39777778,28.83333333
26,200730_SEFL17_MildStressor_g7(01) Box 2.wmv,min,pre,-10,162087,10,50,15,min_20,"(36000, 37800)",0.208333333,99.88888889
26,200730_SEFL17_MildStressor_g7(01) Box 2.wmv,min,pre,-9,162087,10,50,15,min_21,"(37800, 39600)",0.055,100
26,200730_SEFL17_MildStressor_g7(01) Box 2.wmv,min,pre,-8,162087,10,50,15,min_22,"(39600, 41400)",0.081111111,100
26,200730_SEFL17_MildStressor_g7(01) Box 2.wmv,min,pre,-7,162087,10,50,15,min_23,"(41400, 43200)",4.067777778,95.38888889
26,200730_SEFL17_MildStressor_g7(01) Box 2.wmv,min,pre,-6,162087,10,50,15,min_24,"(43200, 45000)",0.993888889,98.61111111
26,200730_SEFL17_MildStressor_g7(01) Box 2.wmv,min,pre,-5,162087,10,50,15,min_25,"(45000, 46800)",3.135,96.33333333
26,200730_SEFL17_MildStressor_g7(01) Box 2.wmv,min,pre,-4,162087,10,50,15,min_26,"(46800, 48600)",0.051111111,100
26,200730_SEFL17_MildStressor_g7(01) Box 2.wmv,min,pre,-3,162087,10,50,15,min_27,"(48600, 50400)",0.064444444,100
26,200730_SEFL17_MildStressor_g7(01) Box 2.wmv,min,pre,-2,162087,10,50,15,min_28,"(50400, 52200)",3.948888889,91.27777778
26,200730_SEFL17_MildStressor_g7(01) Box 2.wmv,min,pre,-1,162087,10,50,15,min_29,"(52200, 54000)",49.475,53.83333333
26,200730_SEFL17_MildStressor_g7(01) Box 2.wmv,min,post,0,162087,10,50,15,min_30,"(54000, 55800)",20.77555556,58.77777778
26,200730_SEFL17_MildStressor_g7(01) Box 2.wmv,min,post,1,162087,10,50,15,min_31,"(55800, 57600)",0.880555556,100
26,200730_SEFL17_MildStressor_g7(01) Box 2.wmv,min,post,2,162087,10,50,15,min_32,"(57600, 59400)",1.95,98.22222222
26,200730_SEFL17_MildStressor_g7(01) Box 2.wmv,min,post,3,162087,10,50,15,min_33,"(59400, 61200)",129.5466667,29.61111111
26,200730_SEFL17_MildStressor_g7(01) Box 2.wmv,min,post,4,162087,10,50,15,min_34,"(61200, 63000)",245.1472222,10.55555556
26,200730_SEFL17_MildStressor_g7(01) Box 2.wmv,min,post,5,162087,10,50,15,min_35,"(63000, 64800)",135.8577778,42.94444444
26,200730_SEFL17_MildStressor_g7(01) Box 2.wmv,min,post,6,162087,10,50,15,min_36,"(64800, 66600)",145.1805556,12.38888889
26,200730_SEFL17_MildStressor_g7(01) Box 2.wmv,min,post,7,162087,10,50,15,min_37,"(66600, 68400)",118.8655556,37.88888889
26,200730_SEFL17_MildStressor_g7(01) Box 2.wmv,min,post,8,162087,10,50,15,min_38,"(68400, 70200)",115.045,7.444444444
26,200730_SEFL17_MildStressor_g7(01) Box 2.wmv,min,post,9,162087,10,50,15,min_39,"(70200, 72000)",457.7277778,4.5
26,200730_SEFL17_MildStressor_g7(01) Box 2.wmv,min,post,10,162087,10,50,15,min_40,"(72000, 73800)",291.2966667,5.944444444
26,200730_SEFL17_MildStressor_g7(01) Box 2.wmv,min,post,11,162087,10,50,15,min_41,"(73800, 75600)",179.76,13
26,200730_SEFL17_MildStressor_g7(01) Box 2.wmv,min,post,12,162087,10,50,15,min_42,"(75600, 77400)",68.98111111,33.77777778
26,200730_SEFL17_MildStressor_g7(01) Box 2.wmv,min,post,13,162087,10,50,15,min_43,"(77400, 79200)",218.3188889,9
26,200730_SEFL17_MildStressor_g7(01) Box 2.wmv,min,post,14,162087,10,50,15,min_44,"(79200, 81000)",204.1794444,5.833333333
26,200730_SEFL17_MildStressor_g7(01) Box 2.wmv,min,post,15,162087,10,50,15,min_45,"(81000, 82800)",78.25166667,49.05555556
26,200730_SEFL17_MildStressor_g7(01) Box 2.wmv,min,post,16,162087,10,50,15,min_46,"(82800, 84600)",115.9255556,33.72222222
26,200730_SEFL17_MildStressor_g7(01) Box 2.wmv,min,post,17,162087,10,50,15,min_47,"(84600, 86400)",154.2138889,29.27777778
26,200730_SEFL17_MildStressor_g7(01) Box 2.wmv,min,post,18,162087,10,50,15,min_48,"(86400, 88200)",20.36611111,67.44444444
26,200730_SEFL17_MildStressor_g7(01) Box 2.wmv,min,post,19,162087,10,50,15,min_49,"(88200, 90000)",79.59277778,18.77777778
26,200730_SEFL17_MildStressor_g7(01) Box 2.wmv,min,post,20,162087,10,50,15,min_50,"(90000, 91800)",220.4755556,8.111111111
26,200730_SEFL17_MildStressor_g7(01) Box 2.wmv,min,post,21,162087,10,50,15,min_51,"(91800, 93600)",286.9594444,0
26,200730_SEFL17_MildStressor_g7(01) Box 2.wmv,min,post,22,162087,10,50,15,min_52,"(93600, 95400)",130.4744444,18
26,200730_SEFL17_MildStressor_g7(01) Box 2.wmv,min,post,23,162087,10,50,15,min_53,"(95400, 97200)",32.675,56.61111111
26,200730_SEFL17_MildStressor_g7(01) Box 2.wmv,min,post,24,162087,10,50,15,min_54,"(97200, 99000)",54.88111111,67.61111111
26,200730_SEFL17_MildStressor_g7(01) Box 2.wmv,min,post,25,162087,10,50,15,min_55,"(99000, 100800)",178.0616667,13.61111111
26,200730_SEFL17_MildStressor_g7(01) Box 2.wmv,min,post,26,162087,10,50,15,min_56,"(100800, 102600)",102.8072222,1.722222222
26,200730_SEFL17_MildStressor_g7(01) Box 2.wmv,min,post,27,162087,10,50,15,min_57,"(102600, 104400)",83.91277778,5.611111111
26,200730_SEFL17_MildStressor_g7(01) Box 2.wmv,min,post,28,162087,10,50,15,min_58,"(104400, 106200)",142.7038889,12.38888889
26,200730_SEFL17_MildStressor_g7(01) Box 2.wmv,min,post,29,162087,10,50,15,min_59,"(106200, 108000)",76.78666667,14.16666667
26,200730_SEFL17_MildStressor_g7(01) Box 2.wmv,noise,pre,-10,162087,10,50,15,sec_1790.0,"(53700, 53706)",7.333333333,100
26,200730_SEFL17_MildStressor_g7(01) Box 2.wmv,noise,pre,-9.8,162087,10,50,15,sec_1790.2,"(53706, 53712)",7.833333333,100
26,200730_SEFL17_MildStressor_g7(01) Box 2.wmv,noise,pre,-9.6,162087,10,50,15,sec_1790.4,"(53712, 53718)",11.66666667,100
26,200730_SEFL17_MildStressor_g7(01) Box 2.wmv,noise,pre,-9.4,162087,10,50,15,sec_1790.6,"(53718, 53724)",18.66666667,0
26,200730_SEFL17_MildStressor_g7(01) Box 2.wmv,noise,pre,-9.2,162087,10,50,15,sec_1790.8,"(53724, 53730)",26,0
26,200730_SEFL17_MildStressor_g7(01) Box 2.wmv,noise,pre,-9,162087,10,50,15,sec_1791.0,"(53730, 53736)",34,0
26,200730_SEFL17_MildStressor_g7(01) Box 2.wmv,noise,pre,-8.8,162087,10,50,15,sec_1791.2,"(53736, 53742)",6.833333333,100
26,200730_SEFL17_MildStressor_g7(01) Box 2.wmv,noise,pre,-8.6,162087,10,50,15,sec_1791.4,"(53742, 53748)",9.666666667,100
26,200730_SEFL17_MildStressor_g7(01) Box 2.wmv,noise,pre,-8.4,162087,10,50,15,sec_1791.6,"(53748, 53754)",11.5,66.66666667
26,200730_SEFL17_MildStressor_g7(01) Box 2.wmv,noise,pre,-8.2,162087,10,50,15,sec_1791.8,"(53754, 53760)",16.66666667,0
26,200730_SEFL17_MildStressor_g7(01) Box 2.wmv,noise,pre,-8,162087,10,50,15,sec_1792.0,"(53760, 53766)",30.5,0
26,200730_SEFL17_MildStressor_g7(01) Box 2.wmv,noise,pre,-7.8,162087,10,50,15,sec_1792.2,"(53766, 53772)",8.666666667,0
26,200730_SEFL17_MildStressor_g7(01) Box 2.wmv,noise,pre,-7.6,162087,10,50,15,sec_1792.4,"(53772, 53778)",9.666666667,0
26,200730_SEFL17_MildStressor_g7(01) Box 2.wmv,noise,pre,-7.4,162087,10,50,15,sec_1792.6,"(53778, 53784)",20.33333333,66.66666667
26,200730_SEFL17_MildStressor_g7(01) Box 2.wmv,noise,pre,-7.2,162087,10,50,15,sec_1792.8,"(53784, 53790)",3.166666667,100
26,200730_SEFL17_MildStressor_g7(01) Box 2.wmv,noise,pre,-7,162087,10,50,15,sec_1793.0,"(53790, 53796)",8.333333333,100
26,200730_SEFL17_MildStressor_g7(01) Box 2.wmv,noise,pre,-6.8,162087,10,50,15,sec_1793.2,"(53796, 53802)",5,100
26,200730_SEFL17_MildStressor_g7(01) Box 2.wmv,noise,pre,-6.6,162087,10,50,15,sec_1793.4,"(53802, 53808)",14.33333333,100
26,200730_SEFL17_MildStressor_g7(01) Box 2.wmv,noise,pre,-6.4,162087,10,50,15,sec_1793.6,"(53808, 53814)",19.5,83.33333333
26,200730_SEFL17_MildStressor_g7(01) Box 2.wmv,noise,pre,-6.2,162087,10,50,15,sec_1793.8,"(53814, 53820)",31.5,0
26,200730_SEFL17_MildStressor_g7(01) Box 2.wmv,noise,pre,-6,162087,10,50,15,sec_1794.0,"(53820, 53826)",25,0
26,200730_SEFL17_MildStressor_g7(01) Box 2.wmv,noise,pre,-5.8,162087,10,50,15,sec_1794.2,"(53826, 53832)",17,0
26,200730_SEFL17_MildStressor_g7(01) Box 2.wmv,noise,pre,-5.6,162087,10,50,15,sec_1794.4,"(53832, 53838)",17.33333333,33.33333333
26,200730_SEFL17_MildStressor_g7(01) Box 2.wmv,noise,pre,-5.4,162087,10,50,15,sec_1794.6,"(53838, 53844)",19.16666667,100
26,200730_SEFL17_MildStressor_g7(01) Box 2.wmv,noise,pre,-5.2,162087,10,50,15,sec_1794.8,"(53844, 53850)",11.16666667,100
26,200730_SEFL17_MildStressor_g7(01) Box 2.wmv,noise,pre,-5,162087,10,50,15,sec_1795.0,"(53850, 53856)",15,100
26,200730_SEFL17_MildStressor_g7(01) Box 2.wmv,noise,pre,-4.8,162087,10,50,15,sec_1795.2,"(53856, 53862)",22,0
26,200730_SEFL17_MildStressor_g7(01) Box 2.wmv,noise,pre,-4.6,162087,10,50,15,sec_1795.4,"(53862, 53868)",23.33333333,50
26,200730_SEFL17_MildStressor_g7(01) Box 2.wmv,noise,pre,-4.4,162087,10,50,15,sec_1795.6,"(53868, 53874)",8.166666667,100
26,200730_SEFL17_MildStressor_g7(01) Box 2.wmv,noise,pre,-4.2,162087,10,50,15,sec_1795.8,"(53874, 53880)",12,100
26,200730_SEFL17_MildStressor_g7(01) Box 2.wmv,noise,pre,-4,162087,10,50,15,sec_1796.0,"(53880, 53886)",10.33333333,100
26,200730_SEFL17_MildStressor_g7(01) Box 2.wmv,noise,pre,-3.8,162087,10,50,15,sec_1796.2,"(53886, 53892)",5,100
26,200730_SEFL17_MildStressor_g7(01) Box 2.wmv,noise,pre,-3.6,162087,10,50,15,sec_1796.4,"(53892, 53898)",4.333333333,100
26,200730_SEFL17_MildStressor_g7(01) Box 2.wmv,noise,pre,-3.4,162087,10,50,15,sec_1796.6,"(53898, 53904)",8.333333333,100
26,200730_SEFL17_MildStressor_g7(01) Box 2.wmv,noise,pre,-3.2,162087,10,50,15,sec_1796.8,"(53904, 53910)",14.16666667,100
26,200730_SEFL17_MildStressor_g7(01) Box 2.wmv,noise,pre,-3,162087,10,50,15,sec_1797.0,"(53910, 53916)",25,50
26,200730_SEFL17_MildStressor_g7(01) Box 2.wmv,noise,pre,-2.8,162087,10,50,15,sec_1797.2,"(53916, 53922)",25.5,0
26,200730_SEFL17_MildStressor_g7(01) Box 2.wmv,noise,pre,-2.6,162087,10,50,15,sec_1797.4,"(53922, 53928)",17.83333333,0
26,200730_SEFL17_MildStressor_g7(01) Box 2.wmv,noise,pre,-2.4,162087,10,50,15,sec_1797.6,"(53928, 53934)",23.5,0
26,200730_SEFL17_MildStressor_g7(01) Box 2.wmv,noise,pre,-2.2,162087,10,50,15,sec_1797.8,"(53934, 53940)",7.833333333,0
26,200730_SEFL17_MildStressor_g7(01) Box 2.wmv,noise,pre,-2,162087,10,50,15,sec_1798.0,"(53940, 53946)",17,0
26,200730_SEFL17_MildStressor_g7(01) Box 2.wmv,noise,pre,-1.8,162087,10,50,15,sec_1798.2,"(53946, 53952)",14.66666667,0
26,200730_SEFL17_MildStressor_g7(01) Box 2.wmv,noise,pre,-1.6,162087,10,50,15,sec_1798.4,"(53952, 53958)",11.16666667,0
26,200730_SEFL17_MildStressor_g7(01) Box 2.wmv,noise,pre,-1.4,162087,10,50,15,sec_1798.6,"(53958, 53964)",15.66666667,0
26,200730_SEFL17_MildStressor_g7(01) Box 2.wmv,noise,pre,-1.2,162087,10,50,15,sec_1798.8,"(53964, 53970)",15,0
26,200730_SEFL17_MildStressor_g7(01) Box 2.wmv,noise,pre,-1,162087,10,50,15,sec_1799.0,"(53970, 53976)",19.83333333,0
26,200730_SEFL17_MildStressor_g7(01) Box 2.wmv,noise,pre,-0.8,162087,10,50,15,sec_1799.2,"(53976, 53982)",25.83333333,0
26,200730_SEFL17_MildStressor_g7(01) Box 2.wmv,noise,pre,-0.6,162087,10,50,15,sec_1799.4,"(53982, 53988)",15.16666667,66.66666667
26,200730_SEFL17_MildStressor_g7(01) Box 2.wmv,noise,pre,-0.4,162087,10,50,15,sec_1799.6,"(53988, 53994)",4.833333333,100
26,200730_SEFL17_MildStressor_g7(01) Box 2.wmv,noise,pre,-0.2,162087,10,50,15,sec_1799.8,"(53994, 54000)",5.666666667,100
26,200730_SEFL17_MildStressor_g7(01) Box 2.wmv,noise,noise,-4.09E-14,162087,10,50,15,sec_1800.0,"(54000, 54006)",13.33333333,0
26,200730_SEFL17_MildStressor_g7(01) Box 2.wmv,noise,noise,0.2,162087,10,50,15,sec_1800.2,"(54006, 54012)",15.66666667,0
26,200730_SEFL17_MildStressor_g7(01) Box 2.wmv,noise,noise,0.4,162087,10,50,15,sec_1800.4,"(54012, 54018)",49.16666667,0
26,200730_SEFL17_MildStressor_g7(01) Box 2.wmv,noise,noise,0.6,162087,10,50,15,sec_1800.6,"(54018, 54024)",41.83333333,0
26,200730_SEFL17_MildStressor_g7(01) Box 2.wmv,noise,noise,0.8,162087,10,50,15,sec_1800.8,"(54024, 54030)",15.5,100
26,200730_SEFL17_MildStressor_g7(01) Box 2.wmv,noise,noise,1,162087,10,50,15,sec_1801.0,"(54030, 54036)",11.5,100
26,200730_SEFL17_MildStressor_g7(01) Box 2.wmv,noise,noise,1.2,162087,10,50,15,sec_1801.2,"(54036, 54042)",13.16666667,100
26,200730_SEFL17_MildStressor_g7(01) Box 2.wmv,noise,noise,1.4,162087,10,50,15,sec_1801.4,"(54042, 54048)",31.83333333,16.66666667
26,200730_SEFL17_MildStressor_g7(01) Box 2.wmv,noise,noise,1.6,162087,10,50,15,sec_1801.6,"(54048, 54054)",16.83333333,0
26,200730_SEFL17_MildStressor_g7(01) Box 2.wmv,noise,noise,1.8,162087,10,50,15,sec_1801.8,"(54054, 54060)",17.66666667,0
26,200730_SEFL17_MildStressor_g7(01) Box 2.wmv,noise,noise,2,162087,10,50,15,sec_1802.0,"(54060, 54066)",9.5,0
26,200730_SEFL17_MildStressor_g7(01) Box 2.wmv,noise,noise,2.2,162087,10,50,15,sec_1802.2,"(54066, 54072)",23.33333333,83.33333333
26,200730_SEFL17_MildStressor_g7(01) Box 2.wmv,noise,noise,2.4,162087,10,50,15,sec_1802.4,"(54072, 54078)",5.833333333,100
26,200730_SEFL17_MildStressor_g7(01) Box 2.wmv,noise,noise,2.6,162087,10,50,15,sec_1802.6,"(54078, 54084)",13.83333333,100
26,200730_SEFL17_MildStressor_g7(01) Box 2.wmv,noise,noise,2.8,162087,10,50,15,sec_1802.8,"(54084, 54090)",7.5,100
26,200730_SEFL17_MildStressor_g7(01) Box 2.wmv,noise,post,3,162087,10,50,15,sec_1803.0,"(54090, 54096)",7.5,100
26,200730_SEFL17_MildStressor_g7(01) Box 2.wmv,noise,post,3.2,162087,10,50,15,sec_1803.2,"(54096, 54102)",14.66666667,100
26,200730_SEFL17_MildStressor_g7(01) Box 2.wmv,noise,post,3.4,162087,10,50,15,sec_1803.4,"(54102, 54108)",18.83333333,33.33333333
26,200730_SEFL17_MildStressor_g7(01) Box 2.wmv,noise,post,3.6,162087,10,50,15,sec_1803.6,"(54108, 54114)",21.16666667,0
26,200730_SEFL17_MildStressor_g7(01) Box 2.wmv,noise,post,3.8,162087,10,50,15,sec_1803.8,"(54114, 54120)",34,0
26,200730_SEFL17_MildStressor_g7(01) Box 2.wmv,noise,post,4,162087,10,50,15,sec_1804.0,"(54120, 54126)",30.33333333,0
26,200730_SEFL17_MildStressor_g7(01) Box 2.wmv,noise,post,4.2,162087,10,50,15,sec_1804.2,"(54126, 54132)",20.83333333,83.33333333
26,200730_SEFL17_MildStressor_g7(01) Box 2.wmv,noise,post,4.4,162087,10,50,15,sec_1804.4,"(54132, 54138)",19,100
26,200730_SEFL17_MildStressor_g7(01) Box 2.wmv,noise,post,4.6,162087,10,50,15,sec_1804.6,"(54138, 54144)",5.333333333,100
26,200730_SEFL17_MildStressor_g7(01) Box 2.wmv,noise,post,4.8,162087,10,50,15,sec_1804.8,"(54144, 54150)",9.166666667,100
26,200730_SEFL17_MildStressor_g7(01) Box 2.wmv,noise,post,5,162087,10,50,15,sec_1805.0,"(54150, 54156)",9.166666667,100
26,200730_SEFL17_MildStressor_g7(01) Box 2.wmv,noise,post,5.2,162087,10,50,15,sec_1805.2,"(54156, 54162)",12.5,100
26,200730_SEFL17_MildStressor_g7(01) Box 2.wmv,noise,post,5.4,162087,10,50,15,sec_1805.4,"(54162, 54168)",13,100
26,200730_SEFL17_MildStressor_g7(01) Box 2.wmv,noise,post,5.6,162087,10,50,15,sec_1805.6,"(54168, 54174)",14.33333333,100
26,200730_SEFL17_MildStressor_g7(01) Box 2.wmv,noise,post,5.8,162087,10,50,15,sec_1805.8,"(54174, 54180)",23.16666667,66.66666667
26,200730_SEFL17_MildStressor_g7(01) Box 2.wmv,noise,post,6,162087,10,50,15,sec_1806.0,"(54180, 54186)",24,0
26,200730_SEFL17_MildStressor_g7(01) Box 2.wmv,noise,post,6.2,162087,10,50,15,sec_1806.2,"(54186, 54192)",48.66666667,0
26,200730_SEFL17_MildStressor_g7(01) Box 2.wmv,noise,post,6.4,162087,10,50,15,sec_1806.4,"(54192, 54198)",38.33333333,0
26,200730_SEFL17_MildStressor_g7(01) Box 2.wmv,noise,post,6.6,162087,10,50,15,sec_1806.6,"(54198, 54204)",29.5,0
26,200730_SEFL17_MildStressor_g7(01) Box 2.wmv,noise,post,6.8,162087,10,50,15,sec_1806.8,"(54204, 54210)",46.33333333,0
26,200730_SEFL17_MildStressor_g7(01) Box 2.wmv,noise,post,7,162087,10,50,15,sec_1807.0,"(54210, 54216)",25,0
26,200730_SEFL17_MildStressor_g7(01) Box 2.wmv,noise,post,7.2,162087,10,50,15,sec_1807.2,"(54216, 54222)",68.83333333,0
26,200730_SEFL17_MildStressor_g7(01) Box 2.wmv,noise,post,7.4,162087,10,50,15,sec_1807.4,"(54222, 54228)",50.83333333,0
26,200730_SEFL17_MildStressor_g7(01) Box 2.wmv,noise,post,7.6,162087,10,50,15,sec_1807.6,"(54228, 54234)",87.66666667,0
26,200730_SEFL17_MildStressor_g7(01) Box 2.wmv,noise,post,7.8,162087,10,50,15,sec_1807.8,"(54234, 54240)",75.16666667,0
26,200730_SEFL17_MildStressor_g7(01) Box 2.wmv,noise,post,8,162087,10,50,15,sec_1808.0,"(54240, 54246)",59.33333333,0
26,200730_SEFL17_MildStressor_g7(01) Box 2.wmv,noise,post,8.2,162087,10,50,15,sec_1808.2,"(54246, 54252)",39.83333333,0
26,200730_SEFL17_MildStressor_g7(01) Box 2.wmv,noise,post,8.4,162087,10,50,15,sec_1808.4,"(54252, 54258)",29.66666667,0
26,200730_SEFL17_MildStressor_g7(01) Box 2.wmv,noise,post,8.6,162087,10,50,15,sec_1808.6,"(54258, 54264)",65,0
26,200730_SEFL17_MildStressor_g7(01) Box 2.wmv,noise,post,8.8,162087,10,50,15,sec_1808.8,"(54264, 54270)",38,0
26,200730_SEFL17_MildStressor_g7(01) Box 2.wmv,noise,post,9,162087,10,50,15,sec_1809.0,"(54270, 54276)",31.16666667,0
26,200730_SEFL17_MildStressor_g7(01) Box 2.wmv,noise,post,9.2,162087,10,50,15,sec_1809.2,"(54276, 54282)",28.33333333,83.33333333
26,200730_SEFL17_MildStressor_g7(01) Box 2.wmv,noise,post,9.4,162087,10,50,15,sec_1809.4,"(54282, 54288)",8.5,100
26,200730_SEFL17_MildStressor_g7(01) Box 2.wmv,noise,post,9.6,162087,10,50,15,sec_1809.6,"(54288, 54294)",7.166666667,100
26,200730_SEFL17_MildStressor_g7(01) Box 2.wmv,noise,post,9.8,162087,10,50,15,sec_1809.8,"(54294, 54300)",9.5,100
26,200730_SEFL17_MildStressor_g7(01) Box 2.wmv,noise,post,10,162087,10,50,15,sec_1810.0,"(54300, 54306)",12.83333333,100
26,200730_SEFL17_MildStressor_g7(01) Box 2.wmv,noise,post,10.2,162087,10,50,15,sec_1810.2,"(54306, 54312)",32.33333333,16.66666667
26,200730_SEFL17_MildStressor_g7(01) Box 2.wmv,noise,post,10.4,162087,10,50,15,sec_1810.4,"(54312, 54318)",22.5,0
26,200730_SEFL17_MildStressor_g7(01) Box 2.wmv,noise,post,10.6,162087,10,50,15,sec_1810.6,"(54318, 54324)",95.33333333,0
26,200730_SEFL17_MildStressor_g7(01) Box 2.wmv,noise,post,10.8,162087,10,50,15,sec_1810.8,"(54324, 54330)",169.3333333,0
26,200730_SEFL17_MildStressor_g7(01) Box 2.wmv,noise,post,11,162087,10,50,15,sec_1811.0,"(54330, 54336)",42,0
26,200730_SEFL17_MildStressor_g7(01) Box 2.wmv,noise,post,11.2,162087,10,50,15,sec_1811.2,"(54336, 54342)",59,0
26,200730_SEFL17_MildStressor_g7(01) Box 2.wmv,noise,post,11.4,162087,10,50,15,sec_1811.4,"(54342, 54348)",36,0
26,200730_SEFL17_MildStressor_g7(01) Box 2.wmv,noise,post,11.6,162087,10,50,15,sec_1811.6,"(54348, 54354)",40.16666667,0
26,200730_SEFL17_MildStressor_g7(01) Box 2.wmv,noise,post,11.8,162087,10,50,15,sec_1811.8,"(54354, 54360)",10.66666667,0
26,200730_SEFL17_MildStressor_g7(01) Box 2.wmv,noise,post,12,162087,10,50,15,sec_1812.0,"(54360, 54366)",25,0
26,200730_SEFL17_MildStressor_g7(01) Box 2.wmv,noise,post,12.2,162087,10,50,15,sec_1812.2,"(54366, 54372)",18.66666667,0
26,200730_SEFL17_MildStressor_g7(01) Box 2.wmv,noise,post,12.4,162087,10,50,15,sec_1812.4,"(54372, 54378)",46.16666667,0
26,200730_SEFL17_MildStressor_g7(01) Box 2.wmv,noise,post,12.6,162087,10,50,15,sec_1812.6,"(54378, 54384)",46.83333333,0
26,200730_SEFL17_MildStressor_g7(01) Box 2.wmv,noise,post,12.8,162087,10,50,15,sec_1812.8,"(54384, 54390)",19,0
27,200730_SEFL17_MildStressor_g7(01) Box 3.wmv,min,pre,-30,162088,10,50,15,min_0,"(0, 1800)",0.018888889,99.94444444
27,200730_SEFL17_MildStressor_g7(01) Box 3.wmv,min,pre,-29,162088,10,50,15,min_1,"(1800, 3600)",0.041111111,100
27,200730_SEFL17_MildStressor_g7(01) Box 3.wmv,min,pre,-28,162088,10,50,15,min_2,"(3600, 5400)",0.583333333,99.5
27,200730_SEFL17_MildStressor_g7(01) Box 3.wmv,min,pre,-27,162088,10,50,15,min_3,"(5400, 7200)",0.026111111,100
27,200730_SEFL17_MildStressor_g7(01) Box 3.wmv,min,pre,-26,162088,10,50,15,min_4,"(7200, 9000)",2.576666667,94.5
27,200730_SEFL17_MildStressor_g7(01) Box 3.wmv,min,pre,-25,162088,10,50,15,min_5,"(9000, 10800)",0.016666667,100
27,200730_SEFL17_MildStressor_g7(01) Box 3.wmv,min,pre,-24,162088,10,50,15,min_6,"(10800, 12600)",43.01777778,70.83333333
27,200730_SEFL17_MildStressor_g7(01) Box 3.wmv,min,pre,-23,162088,10,50,15,min_7,"(12600, 14400)",54.72944444,59.88888889
27,200730_SEFL17_MildStressor_g7(01) Box 3.wmv,min,pre,-22,162088,10,50,15,min_8,"(14400, 16200)",0.017222222,100
27,200730_SEFL17_MildStressor_g7(01) Box 3.wmv,min,pre,-21,162088,10,50,15,min_9,"(16200, 18000)",0.011111111,100
27,200730_SEFL17_MildStressor_g7(01) Box 3.wmv,min,pre,-20,162088,10,50,15,min_10,"(18000, 19800)",0.063333333,100
27,200730_SEFL17_MildStressor_g7(01) Box 3.wmv,min,pre,-19,162088,10,50,15,min_11,"(19800, 21600)",0.008888889,100
27,200730_SEFL17_MildStressor_g7(01) Box 3.wmv,min,pre,-18,162088,10,50,15,min_12,"(21600, 23400)",0.004444444,100
27,200730_SEFL17_MildStressor_g7(01) Box 3.wmv,min,pre,-17,162088,10,50,15,min_13,"(23400, 25200)",0.012222222,100
27,200730_SEFL17_MildStressor_g7(01) Box 3.wmv,min,pre,-16,162088,10,50,15,min_14,"(25200, 27000)",0.646666667,99.61111111
27,200730_SEFL17_MildStressor_g7(01) Box 3.wmv,min,pre,-15,162088,10,50,15,min_15,"(27000, 28800)",0.010555556,100
27,200730_SEFL17_MildStressor_g7(01) Box 3.wmv,min,pre,-14,162088,10,50,15,min_16,"(28800, 30600)",0.006666667,100
27,200730_SEFL17_MildStressor_g7(01) Box 3.wmv,min,pre,-13,162088,10,50,15,min_17,"(30600, 32400)",0.017222222,100
27,200730_SEFL17_MildStressor_g7(01) Box 3.wmv,min,pre,-12,162088,10,50,15,min_18,"(32400, 34200)",0.035,100
27,200730_SEFL17_MildStressor_g7(01) Box 3.wmv,min,pre,-11,162088,10,50,15,min_19,"(34200, 36000)",0.036666667,100
27,200730_SEFL17_MildStressor_g7(01) Box 3.wmv,min,pre,-10,162088,10,50,15,min_20,"(36000, 37800)",1.316666667,98.05555556
27,200730_SEFL17_MildStressor_g7(01) Box 3.wmv,min,pre,-9,162088,10,50,15,min_21,"(37800, 39600)",0.618888889,98.72222222
27,200730_SEFL17_MildStressor_g7(01) Box 3.wmv,min,pre,-8,162088,10,50,15,min_22,"(39600, 41400)",0.101666667,100
27,200730_SEFL17_MildStressor_g7(01) Box 3.wmv,min,pre,-7,162088,10,50,15,min_23,"(41400, 43200)",0.412222222,99.94444444
27,200730_SEFL17_MildStressor_g7(01) Box 3.wmv,min,pre,-6,162088,10,50,15,min_24,"(43200, 45000)",0.118333333,100
27,200730_SEFL17_MildStressor_g7(01) Box 3.wmv,min,pre,-5,162088,10,50,15,min_25,"(45000, 46800)",0.143888889,100
27,200730_SEFL17_MildStressor_g7(01) Box 3.wmv,min,pre,-4,162088,10,50,15,min_26,"(46800, 48600)",0.177222222,100
27,200730_SEFL17_MildStressor_g7(01) Box 3.wmv,min,pre,-3,162088,10,50,15,min_27,"(48600, 50400)",0.111111111,100
27,200730_SEFL17_MildStressor_g7(01) Box 3.wmv,min,pre,-2,162088,10,50,15,min_28,"(50400, 52200)",41.66833333,72.16666667
27,200730_SEFL17_MildStressor_g7(01) Box 3.wmv,min,pre,-1,162088,10,50,15,min_29,"(52200, 54000)",112.9711111,20.88888889
27,200730_SEFL17_MildStressor_g7(01) Box 3.wmv,min,post,0,162088,10,50,15,min_30,"(54000, 55800)",83.81944444,18.22222222
27,200730_SEFL17_MildStressor_g7(01) Box 3.wmv,min,post,1,162088,10,50,15,min_31,"(55800, 57600)",89.48888889,19.27777778
27,200730_SEFL17_MildStressor_g7(01) Box 3.wmv,min,post,2,162088,10,50,15,min_32,"(57600, 59400)",189.4133333,2.055555556
27,200730_SEFL17_MildStressor_g7(01) Box 3.wmv,min,post,3,162088,10,50,15,min_33,"(59400, 61200)",118.8238889,8.333333333
27,200730_SEFL17_MildStressor_g7(01) Box 3.wmv,min,post,4,162088,10,50,15,min_34,"(61200, 63000)",154.1216667,4.722222222
27,200730_SEFL17_MildStressor_g7(01) Box 3.wmv,min,post,5,162088,10,50,15,min_35,"(63000, 64800)",29.47055556,68.83333333
27,200730_SEFL17_MildStressor_g7(01) Box 3.wmv,min,post,6,162088,10,50,15,min_36,"(64800, 66600)",7.108888889,90.88888889
27,200730_SEFL17_MildStressor_g7(01) Box 3.wmv,min,post,7,162088,10,50,15,min_37,"(66600, 68400)",0.011666667,100
27,200730_SEFL17_MildStressor_g7(01) Box 3.wmv,min,post,8,162088,10,50,15,min_38,"(68400, 70200)",0.013888889,100
27,200730_SEFL17_MildStressor_g7(01) Box 3.wmv,min,post,9,162088,10,50,15,min_39,"(70200, 72000)",0.011666667,100
27,200730_SEFL17_MildStressor_g7(01) Box 3.wmv,min,post,10,162088,10,50,15,min_40,"(72000, 73800)",5.050555556,93.5
27,200730_SEFL17_MildStressor_g7(01) Box 3.wmv,min,post,11,162088,10,50,15,min_41,"(73800, 75600)",0.008333333,100
27,200730_SEFL17_MildStressor_g7(01) Box 3.wmv,min,post,12,162088,10,50,15,min_42,"(75600, 77400)",0.010555556,100
27,200730_SEFL17_MildStressor_g7(01) Box 3.wmv,min,post,13,162088,10,50,15,min_43,"(77400, 79200)",0.01,100
27,200730_SEFL17_MildStressor_g7(01) Box 3.wmv,min,post,14,162088,10,50,15,min_44,"(79200, 81000)",2.114444444,94.44444444
27,200730_SEFL17_MildStressor_g7(01) Box 3.wmv,min,post,15,162088,10,50,15,min_45,"(81000, 82800)",0.029444444,100
27,200730_SEFL17_MildStressor_g7(01) Box 3.wmv,min,post,16,162088,10,50,15,min_46,"(82800, 84600)",0.916111111,99.55555556
27,200730_SEFL17_MildStressor_g7(01) Box 3.wmv,min,post,17,162088,10,50,15,min_47,"(84600, 86400)",0.010555556,100
27,200730_SEFL17_MildStressor_g7(01) Box 3.wmv,min,post,18,162088,10,50,15,min_48,"(86400, 88200)",0.014444444,100
27,200730_SEFL17_MildStressor_g7(01) Box 3.wmv,min,post,19,162088,10,50,15,min_49,"(88200, 90000)",0.082222222,100
27,200730_SEFL17_MildStressor_g7(01) Box 3.wmv,min,post,20,162088,10,50,15,min_50,"(90000, 91800)",0.016666667,100
27,200730_SEFL17_MildStressor_g7(01) Box 3.wmv,min,post,21,162088,10,50,15,min_51,"(91800, 93600)",0.006111111,100
27,200730_SEFL17_MildStressor_g7(01) Box 3.wmv,min,post,22,162088,10,50,15,min_52,"(93600, 95400)",0.013333333,100
27,200730_SEFL17_MildStressor_g7(01) Box 3.wmv,min,post,23,162088,10,50,15,min_53,"(95400, 97200)",0.006666667,100
27,200730_SEFL17_MildStressor_g7(01) Box 3.wmv,min,post,24,162088,10,50,15,min_54,"(97200, 99000)",0.014444444,100
27,200730_SEFL17_MildStressor_g7(01) Box 3.wmv,min,post,25,162088,10,50,15,min_55,"(99000, 100800)",0.076111111,99.94444444
27,200730_SEFL17_MildStressor_g7(01) Box 3.wmv,min,post,26,162088,10,50,15,min_56,"(100800, 102600)",0.056111111,100
27,200730_SEFL17_MildStressor_g7(01) Box 3.wmv,min,post,27,162088,10,50,15,min_57,"(102600, 104400)",0.004444444,100
27,200730_SEFL17_MildStressor_g7(01) Box 3.wmv,min,post,28,162088,10,50,15,min_58,"(104400, 106200)",0.012777778,100
27,200730_SEFL17_MildStressor_g7(01) Box 3.wmv,min,post,29,162088,10,50,15,min_59,"(106200, 108000)",0.008333333,100
27,200730_SEFL17_MildStressor_g7(01) Box 3.wmv,noise,pre,-10,162088,10,50,15,sec_1790.0,"(53700, 53706)",272,0
27,200730_SEFL17_MildStressor_g7(01) Box 3.wmv,noise,pre,-9.8,162088,10,50,15,sec_1790.2,"(53706, 53712)",45.83333333,0
27,200730_SEFL17_MildStressor_g7(01) Box 3.wmv,noise,pre,-9.6,162088,10,50,15,sec_1790.4,"(53712, 53718)",20,0
27,200730_SEFL17_MildStressor_g7(01) Box 3.wmv,noise,pre,-9.4,162088,10,50,15,sec_1790.6,"(53718, 53724)",19,0
27,200730_SEFL17_MildStressor_g7(01) Box 3.wmv,noise,pre,-9.2,162088,10,50,15,sec_1790.8,"(53724, 53730)",52.33333333,0
27,200730_SEFL17_MildStressor_g7(01) Box 3.wmv,noise,pre,-9,162088,10,50,15,sec_1791.0,"(53730, 53736)",210,0
27,200730_SEFL17_MildStressor_g7(01) Box 3.wmv,noise,pre,-8.8,162088,10,50,15,sec_1791.2,"(53736, 53742)",167.3333333,0
27,200730_SEFL17_MildStressor_g7(01) Box 3.wmv,noise,pre,-8.6,162088,10,50,15,sec_1791.4,"(53742, 53748)",80.16666667,0
27,200730_SEFL17_MildStressor_g7(01) Box 3.wmv,noise,pre,-8.4,162088,10,50,15,sec_1791.6,"(53748, 53754)",99.33333333,0
27,200730_SEFL17_MildStressor_g7(01) Box 3.wmv,noise,pre,-8.2,162088,10,50,15,sec_1791.8,"(53754, 53760)",146.1666667,0
27,200730_SEFL17_MildStressor_g7(01) Box 3.wmv,noise,pre,-8,162088,10,50,15,sec_1792.0,"(53760, 53766)",279.6666667,16.66666667
27,200730_SEFL17_MildStressor_g7(01) Box 3.wmv,noise,pre,-7.8,162088,10,50,15,sec_1792.2,"(53766, 53772)",16,100
27,200730_SEFL17_MildStressor_g7(01) Box 3.wmv,noise,pre,-7.6,162088,10,50,15,sec_1792.4,"(53772, 53778)",6.5,100
27,200730_SEFL17_MildStressor_g7(01) Box 3.wmv,noise,pre,-7.4,162088,10,50,15,sec_1792.6,"(53778, 53784)",10.16666667,100
27,200730_SEFL17_MildStressor_g7(01) Box 3.wmv,noise,pre,-7.2,162088,10,50,15,sec_1792.8,"(53784, 53790)",16.33333333,100
27,200730_SEFL17_MildStressor_g7(01) Box 3.wmv,noise,pre,-7,162088,10,50,15,sec_1793.0,"(53790, 53796)",21,0
27,200730_SEFL17_MildStressor_g7(01) Box 3.wmv,noise,pre,-6.8,162088,10,50,15,sec_1793.2,"(53796, 53802)",48,0
27,200730_SEFL17_MildStressor_g7(01) Box 3.wmv,noise,pre,-6.6,162088,10,50,15,sec_1793.4,"(53802, 53808)",206.5,0
27,200730_SEFL17_MildStressor_g7(01) Box 3.wmv,noise,pre,-6.4,162088,10,50,15,sec_1793.6,"(53808, 53814)",92.33333333,0
27,200730_SEFL17_MildStressor_g7(01) Box 3.wmv,noise,pre,-6.2,162088,10,50,15,sec_1793.8,"(53814, 53820)",40.16666667,0
27,200730_SEFL17_MildStressor_g7(01) Box 3.wmv,noise,pre,-6,162088,10,50,15,sec_1794.0,"(53820, 53826)",50.33333333,0
27,200730_SEFL17_MildStressor_g7(01) Box 3.wmv,noise,pre,-5.8,162088,10,50,15,sec_1794.2,"(53826, 53832)",75.33333333,0
27,200730_SEFL17_MildStressor_g7(01) Box 3.wmv,noise,pre,-5.6,162088,10,50,15,sec_1794.4,"(53832, 53838)",316.5,0
27,200730_SEFL17_MildStressor_g7(01) Box 3.wmv,noise,pre,-5.4,162088,10,50,15,sec_1794.6,"(53838, 53844)",84.5,16.66666667
27,200730_SEFL17_MildStressor_g7(01) Box 3.wmv,noise,pre,-5.2,162088,10,50,15,sec_1794.8,"(53844, 53850)",8.666666667,100
27,200730_SEFL17_MildStressor_g7(01) Box 3.wmv,noise,pre,-5,162088,10,50,15,sec_1795.0,"(53850, 53856)",3.166666667,100
27,200730_SEFL17_MildStressor_g7(01) Box 3.wmv,noise,pre,-4.8,162088,10,50,15,sec_1795.2,"(53856, 53862)",14,100
27,200730_SEFL17_MildStressor_g7(01) Box 3.wmv,noise,pre,-4.6,162088,10,50,15,sec_1795.4,"(53862, 53868)",26.33333333,83.33333333
27,200730_SEFL17_MildStressor_g7(01) Box 3.wmv,noise,pre,-4.4,162088,10,50,15,sec_1795.6,"(53868, 53874)",179.8333333,0
27,200730_SEFL17_MildStressor_g7(01) Box 3.wmv,noise,pre,-4.2,162088,10,50,15,sec_1795.8,"(53874, 53880)",139.1666667,0
27,200730_SEFL17_MildStressor_g7(01) Box 3.wmv,noise,pre,-4,162088,10,50,15,sec_1796.0,"(53880, 53886)",60,0
27,200730_SEFL17_MildStressor_g7(01) Box 3.wmv,noise,pre,-3.8,162088,10,50,15,sec_1796.2,"(53886, 53892)",46.5,0
27,200730_SEFL17_MildStressor_g7(01) Box 3.wmv,noise,pre,-3.6,162088,10,50,15,sec_1796.4,"(53892, 53898)",49.33333333,0
27,200730_SEFL17_MildStressor_g7(01) Box 3.wmv,noise,pre,-3.4,162088,10,50,15,sec_1796.6,"(53898, 53904)",46.66666667,0
27,200730_SEFL17_MildStressor_g7(01) Box 3.wmv,noise,pre,-3.2,162088,10,50,15,sec_1796.8,"(53904, 53910)",26.66666667,0
27,200730_SEFL17_MildStressor_g7(01) Box 3.wmv,noise,pre,-3,162088,10,50,15,sec_1797.0,"(53910, 53916)",208.1666667,0
27,200730_SEFL17_MildStressor_g7(01) Box 3.wmv,noise,pre,-2.8,162088,10,50,15,sec_1797.2,"(53916, 53922)",148.6666667,0
27,200730_SEFL17_MildStressor_g7(01) Box 3.wmv,noise,pre,-2.6,162088,10,50,15,sec_1797.4,"(53922, 53928)",17.66666667,0
27,200730_SEFL17_MildStressor_g7(01) Box 3.wmv,noise,pre,-2.4,162088,10,50,15,sec_1797.6,"(53928, 53934)",3.166666667,0
27,200730_SEFL17_MildStressor_g7(01) Box 3.wmv,noise,pre,-2.2,162088,10,50,15,sec_1797.8,"(53934, 53940)",32.83333333,0
27,200730_SEFL17_MildStressor_g7(01) Box 3.wmv,noise,pre,-2,162088,10,50,15,sec_1798.0,"(53940, 53946)",16.16666667,0
27,200730_SEFL17_MildStressor_g7(01) Box 3.wmv,noise,pre,-1.8,162088,10,50,15,sec_1798.2,"(53946, 53952)",25,0
27,200730_SEFL17_MildStressor_g7(01) Box 3.wmv,noise,pre,-1.6,162088,10,50,15,sec_1798.4,"(53952, 53958)",14.16666667,0
27,200730_SEFL17_MildStressor_g7(01) Box 3.wmv,noise,pre,-1.4,162088,10,50,15,sec_1798.6,"(53958, 53964)",164.8333333,0
27,200730_SEFL17_MildStressor_g7(01) Box 3.wmv,noise,pre,-1.2,162088,10,50,15,sec_1798.8,"(53964, 53970)",116,0
27,200730_SEFL17_MildStressor_g7(01) Box 3.wmv,noise,pre,-1,162088,10,50,15,sec_1799.0,"(53970, 53976)",75.83333333,0
27,200730_SEFL17_MildStressor_g7(01) Box 3.wmv,noise,pre,-0.8,162088,10,50,15,sec_1799.2,"(53976, 53982)",296.1666667,0
27,200730_SEFL17_MildStressor_g7(01) Box 3.wmv,noise,pre,-0.6,162088,10,50,15,sec_1799.4,"(53982, 53988)",112.8333333,0
27,200730_SEFL17_MildStressor_g7(01) Box 3.wmv,noise,pre,-0.4,162088,10,50,15,sec_1799.6,"(53988, 53994)",18,66.66666667
27,200730_SEFL17_MildStressor_g7(01) Box 3.wmv,noise,pre,-0.2,162088,10,50,15,sec_1799.8,"(53994, 54000)",8.833333333,100
27,200730_SEFL17_MildStressor_g7(01) Box 3.wmv,noise,noise,-4.09E-14,162088,10,50,15,sec_1800.0,"(54000, 54006)",22,100
27,200730_SEFL17_MildStressor_g7(01) Box 3.wmv,noise,noise,0.2,162088,10,50,15,sec_1800.2,"(54006, 54012)",18.33333333,83.33333333
27,200730_SEFL17_MildStressor_g7(01) Box 3.wmv,noise,noise,0.4,162088,10,50,15,sec_1800.4,"(54012, 54018)",179.6666667,0
27,200730_SEFL17_MildStressor_g7(01) Box 3.wmv,noise,noise,0.6,162088,10,50,15,sec_1800.6,"(54018, 54024)",106,0
27,200730_SEFL17_MildStressor_g7(01) Box 3.wmv,noise,noise,0.8,162088,10,50,15,sec_1800.8,"(54024, 54030)",53.16666667,0
27,200730_SEFL17_MildStressor_g7(01) Box 3.wmv,noise,noise,1,162088,10,50,15,sec_1801.0,"(54030, 54036)",62.83333333,0
27,200730_SEFL17_MildStressor_g7(01) Box 3.wmv,noise,noise,1.2,162088,10,50,15,sec_1801.2,"(54036, 54042)",272.5,0
27,200730_SEFL17_MildStressor_g7(01) Box 3.wmv,noise,noise,1.4,162088,10,50,15,sec_1801.4,"(54042, 54048)",31,0
27,200730_SEFL17_MildStressor_g7(01) Box 3.wmv,noise,noise,1.6,162088,10,50,15,sec_1801.6,"(54048, 54054)",31.16666667,66.66666667
27,200730_SEFL17_MildStressor_g7(01) Box 3.wmv,noise,noise,1.8,162088,10,50,15,sec_1801.8,"(54054, 54060)",4,100
27,200730_SEFL17_MildStressor_g7(01) Box 3.wmv,noise,noise,2,162088,10,50,15,sec_1802.0,"(54060, 54066)",21.33333333,83.33333333
27,200730_SEFL17_MildStressor_g7(01) Box 3.wmv,noise,noise,2.2,162088,10,50,15,sec_1802.2,"(54066, 54072)",165.1666667,0
27,200730_SEFL17_MildStressor_g7(01) Box 3.wmv,noise,noise,2.4,162088,10,50,15,sec_1802.4,"(54072, 54078)",78.83333333,0
27,200730_SEFL17_MildStressor_g7(01) Box 3.wmv,noise,noise,2.6,162088,10,50,15,sec_1802.6,"(54078, 54084)",59.16666667,0
27,200730_SEFL17_MildStressor_g7(01) Box 3.wmv,noise,noise,2.8,162088,10,50,15,sec_1802.8,"(54084, 54090)",72,0
27,200730_SEFL17_MildStressor_g7(01) Box 3.wmv,noise,post,3,162088,10,50,15,sec_1803.0,"(54090, 54096)",266,0
27,200730_SEFL17_MildStressor_g7(01) Box 3.wmv,noise,post,3.2,162088,10,50,15,sec_1803.2,"(54096, 54102)",99,0
27,200730_SEFL17_MildStressor_g7(01) Box 3.wmv,noise,post,3.4,162088,10,50,15,sec_1803.4,"(54102, 54108)",27.33333333,66.66666667
27,200730_SEFL17_MildStressor_g7(01) Box 3.wmv,noise,post,3.6,162088,10,50,15,sec_1803.6,"(54108, 54114)",12.33333333,100
27,200730_SEFL17_MildStressor_g7(01) Box 3.wmv,noise,post,3.8,162088,10,50,15,sec_1803.8,"(54114, 54120)",6.166666667,100
27,200730_SEFL17_MildStressor_g7(01) Box 3.wmv,noise,post,4,162088,10,50,15,sec_1804.0,"(54120, 54126)",31.66666667,66.66666667
27,200730_SEFL17_MildStressor_g7(01) Box 3.wmv,noise,post,4.2,162088,10,50,15,sec_1804.2,"(54126, 54132)",167.8333333,0
27,200730_SEFL17_MildStressor_g7(01) Box 3.wmv,noise,post,4.4,162088,10,50,15,sec_1804.4,"(54132, 54138)",94.33333333,0
27,200730_SEFL17_MildStressor_g7(01) Box 3.wmv,noise,post,4.6,162088,10,50,15,sec_1804.6,"(54138, 54144)",57.16666667,0
27,200730_SEFL17_MildStressor_g7(01) Box 3.wmv,noise,post,4.8,162088,10,50,15,sec_1804.8,"(54144, 54150)",51.16666667,0
27,200730_SEFL17_MildStressor_g7(01) Box 3.wmv,noise,post,5,162088,10,50,15,sec_1805.0,"(54150, 54156)",58.16666667,0
27,200730_SEFL17_MildStressor_g7(01) Box 3.wmv,noise,post,5.2,162088,10,50,15,sec_1805.2,"(54156, 54162)",24.16666667,0
27,200730_SEFL17_MildStressor_g7(01) Box 3.wmv,noise,post,5.4,162088,10,50,15,sec_1805.4,"(54162, 54168)",259.1666667,0
27,200730_SEFL17_MildStressor_g7(01) Box 3.wmv,noise,post,5.6,162088,10,50,15,sec_1805.6,"(54168, 54174)",131.6666667,66.66666667
27,200730_SEFL17_MildStressor_g7(01) Box 3.wmv,noise,post,5.8,162088,10,50,15,sec_1805.8,"(54174, 54180)",0.166666667,100
27,200730_SEFL17_MildStressor_g7(01) Box 3.wmv,noise,post,6,162088,10,50,15,sec_1806.0,"(54180, 54186)",16.16666667,100
27,200730_SEFL17_MildStressor_g7(01) Box 3.wmv,noise,post,6.2,162088,10,50,15,sec_1806.2,"(54186, 54192)",26.33333333,66.66666667
27,200730_SEFL17_MildStressor_g7(01) Box 3.wmv,noise,post,6.4,162088,10,50,15,sec_1806.4,"(54192, 54198)",6,0
27,200730_SEFL17_MildStressor_g7(01) Box 3.wmv,noise,post,6.6,162088,10,50,15,sec_1806.6,"(54198, 54204)",11.66666667,0
27,200730_SEFL17_MildStressor_g7(01) Box 3.wmv,noise,post,6.8,162088,10,50,15,sec_1806.8,"(54204, 54210)",165.8333333,0
27,200730_SEFL17_MildStressor_g7(01) Box 3.wmv,noise,post,7,162088,10,50,15,sec_1807.0,"(54210, 54216)",83,0
27,200730_SEFL17_MildStressor_g7(01) Box 3.wmv,noise,post,7.2,162088,10,50,15,sec_1807.2,"(54216, 54222)",51.5,0
27,200730_SEFL17_MildStressor_g7(01) Box 3.wmv,noise,post,7.4,162088,10,50,15,sec_1807.4,"(54222, 54228)",44.5,0
27,200730_SEFL17_MildStressor_g7(01) Box 3.wmv,noise,post,7.6,162088,10,50,15,sec_1807.6,"(54228, 54234)",161.3333333,0
27,200730_SEFL17_MildStressor_g7(01) Box 3.wmv,noise,post,7.8,162088,10,50,15,sec_1807.8,"(54234, 54240)",173.1666667,16.66666667
27,200730_SEFL17_MildStressor_g7(01) Box 3.wmv,noise,post,8,162088,10,50,15,sec_1808.0,"(54240, 54246)",21.5,100
27,200730_SEFL17_MildStressor_g7(01) Box 3.wmv,noise,post,8.2,162088,10,50,15,sec_1808.2,"(54246, 54252)",8.833333333,100
27,200730_SEFL17_MildStressor_g7(01) Box 3.wmv,noise,post,8.4,162088,10,50,15,sec_1808.4,"(54252, 54258)",7.333333333,100
27,200730_SEFL17_MildStressor_g7(01) Box 3.wmv,noise,post,8.6,162088,10,50,15,sec_1808.6,"(54258, 54264)",16.66666667,100
27,200730_SEFL17_MildStressor_g7(01) Box 3.wmv,noise,post,8.8,162088,10,50,15,sec_1808.8,"(54264, 54270)",136.5,16.66666667
27,200730_SEFL17_MildStressor_g7(01) Box 3.wmv,noise,post,9,162088,10,50,15,sec_1809.0,"(54270, 54276)",100.5,0
27,200730_SEFL17_MildStressor_g7(01) Box 3.wmv,noise,post,9.2,162088,10,50,15,sec_1809.2,"(54276, 54282)",59.33333333,0
27,200730_SEFL17_MildStressor_g7(01) Box 3.wmv,noise,post,9.4,162088,10,50,15,sec_1809.4,"(54282, 54288)",102.8333333,0
27,200730_SEFL17_MildStressor_g7(01) Box 3.wmv,noise,post,9.6,162088,10,50,15,sec_1809.6,"(54288, 54294)",165.8333333,0
27,200730_SEFL17_MildStressor_g7(01) Box 3.wmv,noise,post,9.8,162088,10,50,15,sec_1809.8,"(54294, 54300)",38.16666667,66.66666667
27,200730_SEFL17_MildStressor_g7(01) Box 3.wmv,noise,post,10,162088,10,50,15,sec_1810.0,"(54300, 54306)",4.833333333,100
27,200730_SEFL17_MildStressor_g7(01) Box 3.wmv,noise,post,10.2,162088,10,50,15,sec_1810.2,"(54306, 54312)",11,100
27,200730_SEFL17_MildStressor_g7(01) Box 3.wmv,noise,post,10.4,162088,10,50,15,sec_1810.4,"(54312, 54318)",26.5,83.33333333
27,200730_SEFL17_MildStressor_g7(01) Box 3.wmv,noise,post,10.6,162088,10,50,15,sec_1810.6,"(54318, 54324)",155.8333333,0
27,200730_SEFL17_MildStressor_g7(01) Box 3.wmv,noise,post,10.8,162088,10,50,15,sec_1810.8,"(54324, 54330)",83,0
27,200730_SEFL17_MildStressor_g7(01) Box 3.wmv,noise,post,11,162088,10,50,15,sec_1811.0,"(54330, 54336)",34.33333333,0
27,200730_SEFL17_MildStressor_g7(01) Box 3.wmv,noise,post,11.2,162088,10,50,15,sec_1811.2,"(54336, 54342)",45.33333333,0
27,200730_SEFL17_MildStressor_g7(01) Box 3.wmv,noise,post,11.4,162088,10,50,15,sec_1811.4,"(54342, 54348)",38.5,0
27,200730_SEFL17_MildStressor_g7(01) Box 3.wmv,noise,post,11.6,162088,10,50,15,sec_1811.6,"(54348, 54354)",29.66666667,0
27,200730_SEFL17_MildStressor_g7(01) Box 3.wmv,noise,post,11.8,162088,10,50,15,sec_1811.8,"(54354, 54360)",57.83333333,0
27,200730_SEFL17_MildStressor_g7(01) Box 3.wmv,noise,post,12,162088,10,50,15,sec_1812.0,"(54360, 54366)",12.83333333,0
27,200730_SEFL17_MildStressor_g7(01) Box 3.wmv,noise,post,12.2,162088,10,50,15,sec_1812.2,"(54366, 54372)",104.8333333,0
27,200730_SEFL17_MildStressor_g7(01) Box 3.wmv,noise,post,12.4,162088,10,50,15,sec_1812.4,"(54372, 54378)",265.6666667,0
27,200730_SEFL17_MildStressor_g7(01) Box 3.wmv,noise,post,12.6,162088,10,50,15,sec_1812.6,"(54378, 54384)",51,0
27,200730_SEFL17_MildStressor_g7(01) Box 3.wmv,noise,post,12.8,162088,10,50,15,sec_1812.8,"(54384, 54390)",20.83333333,0
28,200730_SEFL17_MildStressor_g7(01) Box 4.wmv,min,pre,-30,162087,10,50,15,min_0,"(0, 1800)",0.028888889,99.94444444
28,200730_SEFL17_MildStressor_g7(01) Box 4.wmv,min,pre,-29,162087,10,50,15,min_1,"(1800, 3600)",0.026111111,100
28,200730_SEFL17_MildStressor_g7(01) Box 4.wmv,min,pre,-28,162087,10,50,15,min_2,"(3600, 5400)",0.380555556,99.66666667
28,200730_SEFL17_MildStressor_g7(01) Box 4.wmv,min,pre,-27,162087,10,50,15,min_3,"(5400, 7200)",0.958888889,99.44444444
28,200730_SEFL17_MildStressor_g7(01) Box 4.wmv,min,pre,-26,162087,10,50,15,min_4,"(7200, 9000)",0.044444444,100
28,200730_SEFL17_MildStressor_g7(01) Box 4.wmv,min,pre,-25,162087,10,50,15,min_5,"(9000, 10800)",0.038333333,100
28,200730_SEFL17_MildStressor_g7(01) Box 4.wmv,min,pre,-24,162087,10,50,15,min_6,"(10800, 12600)",0.036666667,100
28,200730_SEFL17_MildStressor_g7(01) Box 4.wmv,min,pre,-23,162087,10,50,15,min_7,"(12600, 14400)",0.071111111,100
28,200730_SEFL17_MildStressor_g7(01) Box 4.wmv,min,pre,-22,162087,10,50,15,min_8,"(14400, 16200)",0.03,100
28,200730_SEFL17_MildStressor_g7(01) Box 4.wmv,min,pre,-21,162087,10,50,15,min_9,"(16200, 18000)",0.041111111,100
28,200730_SEFL17_MildStressor_g7(01) Box 4.wmv,min,pre,-20,162087,10,50,15,min_10,"(18000, 19800)",0.033333333,100
28,200730_SEFL17_MildStressor_g7(01) Box 4.wmv,min,pre,-19,162087,10,50,15,min_11,"(19800, 21600)",0.05,100
28,200730_SEFL17_MildStressor_g7(01) Box 4.wmv,min,pre,-18,162087,10,50,15,min_12,"(21600, 23400)",0.038333333,100
28,200730_SEFL17_MildStressor_g7(01) Box 4.wmv,min,pre,-17,162087,10,50,15,min_13,"(23400, 25200)",0.034444444,100
28,200730_SEFL17_MildStressor_g7(01) Box 4.wmv,min,pre,-16,162087,10,50,15,min_14,"(25200, 27000)",0.054444444,100
28,200730_SEFL17_MildStressor_g7(01) Box 4.wmv,min,pre,-15,162087,10,50,15,min_15,"(27000, 28800)",0.541111111,99.94444444
28,200730_SEFL17_MildStressor_g7(01) Box 4.wmv,min,pre,-14,162087,10,50,15,min_16,"(28800, 30600)",0.117777778,100
28,200730_SEFL17_MildStressor_g7(01) Box 4.wmv,min,pre,-13,162087,10,50,15,min_17,"(30600, 32400)",0.047777778,100
28,200730_SEFL17_MildStressor_g7(01) Box 4.wmv,min,pre,-12,162087,10,50,15,min_18,"(32400, 34200)",0.055,100
28,200730_SEFL17_MildStressor_g7(01) Box 4.wmv,min,pre,-11,162087,10,50,15,min_19,"(34200, 36000)",0.065,100
28,200730_SEFL17_MildStressor_g7(01) Box 4.wmv,min,pre,-10,162087,10,50,15,min_20,"(36000, 37800)",0.078333333,100
28,200730_SEFL17_MildStressor_g7(01) Box 4.wmv,min,pre,-9,162087,10,50,15,min_21,"(37800, 39600)",0.03,100
28,200730_SEFL17_MildStressor_g7(01) Box 4.wmv,min,pre,-8,162087,10,50,15,min_22,"(39600, 41400)",0.066111111,100
28,200730_SEFL17_MildStressor_g7(01) Box 4.wmv,min,pre,-7,162087,10,50,15,min_23,"(41400, 43200)",0.048888889,100
28,200730_SEFL17_MildStressor_g7(01) Box 4.wmv,min,pre,-6,162087,10,50,15,min_24,"(43200, 45000)",0.038333333,100
28,200730_SEFL17_MildStressor_g7(01) Box 4.wmv,min,pre,-5,162087,10,50,15,min_25,"(45000, 46800)",0.271111111,99.94444444
28,200730_SEFL17_MildStressor_g7(01) Box 4.wmv,min,pre,-4,162087,10,50,15,min_26,"(46800, 48600)",0.173333333,99.88888889
28,200730_SEFL17_MildStressor_g7(01) Box 4.wmv,min,pre,-3,162087,10,50,15,min_27,"(48600, 50400)",0.045555556,100
28,200730_SEFL17_MildStressor_g7(01) Box 4.wmv,min,pre,-2,162087,10,50,15,min_28,"(50400, 52200)",0.033888889,100
28,200730_SEFL17_MildStressor_g7(01) Box 4.wmv,min,pre,-1,162087,10,50,15,min_29,"(52200, 54000)",0.046111111,100
28,200730_SEFL17_MildStressor_g7(01) Box 4.wmv,min,post,0,162087,10,50,15,min_30,"(54000, 55800)",0.057777778,100
28,200730_SEFL17_MildStressor_g7(01) Box 4.wmv,min,post,1,162087,10,50,15,min_31,"(55800, 57600)",0.152777778,100
28,200730_SEFL17_MildStressor_g7(01) Box 4.wmv,min,post,2,162087,10,50,15,min_32,"(57600, 59400)",0.071111111,100
28,200730_SEFL17_MildStressor_g7(01) Box 4.wmv,min,post,3,162087,10,50,15,min_33,"(59400, 61200)",0.120555556,100
28,200730_SEFL17_MildStressor_g7(01) Box 4.wmv,min,post,4,162087,10,50,15,min_34,"(61200, 63000)",0.043333333,100
28,200730_SEFL17_MildStressor_g7(01) Box 4.wmv,min,post,5,162087,10,50,15,min_35,"(63000, 64800)",0.045555556,100
28,200730_SEFL17_MildStressor_g7(01) Box 4.wmv,min,post,6,162087,10,50,15,min_36,"(64800, 66600)",0.047777778,100
28,200730_SEFL17_MildStressor_g7(01) Box 4.wmv,min,post,7,162087,10,50,15,min_37,"(66600, 68400)",0.046666667,100
28,200730_SEFL17_MildStressor_g7(01) Box 4.wmv,min,post,8,162087,10,50,15,min_38,"(68400, 70200)",2.622222222,98.5
28,200730_SEFL17_MildStressor_g7(01) Box 4.wmv,min,post,9,162087,10,50,15,min_39,"(70200, 72000)",3.550555556,96.27777778
28,200730_SEFL17_MildStressor_g7(01) Box 4.wmv,min,post,10,162087,10,50,15,min_40,"(72000, 73800)",0.03,100
28,200730_SEFL17_MildStressor_g7(01) Box 4.wmv,min,post,11,162087,10,50,15,min_41,"(73800, 75600)",1.200555556,98.5
28,200730_SEFL17_MildStressor_g7(01) Box 4.wmv,min,post,12,162087,10,50,15,min_42,"(75600, 77400)",0.041666667,100
28,200730_SEFL17_MildStressor_g7(01) Box 4.wmv,min,post,13,162087,10,50,15,min_43,"(77400, 79200)",0.021111111,100
28,200730_SEFL17_MildStressor_g7(01) Box 4.wmv,min,post,14,162087,10,50,15,min_44,"(79200, 81000)",0.057222222,100
28,200730_SEFL17_MildStressor_g7(01) Box 4.wmv,min,post,15,162087,10,50,15,min_45,"(81000, 82800)",0.037777778,100
28,200730_SEFL17_MildStressor_g7(01) Box 4.wmv,min,post,16,162087,10,50,15,min_46,"(82800, 84600)",0.057777778,100
28,200730_SEFL17_MildStressor_g7(01) Box 4.wmv,min,post,17,162087,10,50,15,min_47,"(84600, 86400)",0.041111111,100
28,200730_SEFL17_MildStressor_g7(01) Box 4.wmv,min,post,18,162087,10,50,15,min_48,"(86400, 88200)",0.050555556,100
28,200730_SEFL17_MildStressor_g7(01) Box 4.wmv,min,post,19,162087,10,50,15,min_49,"(88200, 90000)",0.059444444,100
28,200730_SEFL17_MildStressor_g7(01) Box 4.wmv,min,post,20,162087,10,50,15,min_50,"(90000, 91800)",0.054444444,100
28,200730_SEFL17_MildStressor_g7(01) Box 4.wmv,min,post,21,162087,10,50,15,min_51,"(91800, 93600)",0.033888889,100
28,200730_SEFL17_MildStressor_g7(01) Box 4.wmv,min,post,22,162087,10,50,15,min_52,"(93600, 95400)",0.032777778,100
28,200730_SEFL17_MildStressor_g7(01) Box 4.wmv,min,post,23,162087,10,50,15,min_53,"(95400, 97200)",0.565555556,99.61111111
28,200730_SEFL17_MildStressor_g7(01) Box 4.wmv,min,post,24,162087,10,50,15,min_54,"(97200, 99000)",0.03,100
28,200730_SEFL17_MildStressor_g7(01) Box 4.wmv,min,post,25,162087,10,50,15,min_55,"(99000, 100800)",0.054444444,100
28,200730_SEFL17_MildStressor_g7(01) Box 4.wmv,min,post,26,162087,10,50,15,min_56,"(100800, 102600)",0.09,100
28,200730_SEFL17_MildStressor_g7(01) Box 4.wmv,min,post,27,162087,10,50,15,min_57,"(102600, 104400)",0.068333333,100
28,200730_SEFL17_MildStressor_g7(01) Box 4.wmv,min,post,28,162087,10,50,15,min_58,"(104400, 106200)",0.033888889,100
28,200730_SEFL17_MildStressor_g7(01) Box 4.wmv,min,post,29,162087,10,50,15,min_59,"(106200, 108000)",0.051666667,100
28,200730_SEFL17_MildStressor_g7(01) Box 4.wmv,noise,pre,-10,162087,10,50,15,sec_1790.0,"(53700, 53706)",0,100
28,200730_SEFL17_MildStressor_g7(01) Box 4.wmv,noise,pre,-9.8,162087,10,50,15,sec_1790.2,"(53706, 53712)",0,100
28,200730_SEFL17_MildStressor_g7(01) Box 4.wmv,noise,pre,-9.6,162087,10,50,15,sec_1790.4,"(53712, 53718)",0,100
28,200730_SEFL17_MildStressor_g7(01) Box 4.wmv,noise,pre,-9.4,162087,10,50,15,sec_1790.6,"(53718, 53724)",0,100
28,200730_SEFL17_MildStressor_g7(01) Box 4.wmv,noise,pre,-9.2,162087,10,50,15,sec_1790.8,"(53724, 53730)",0,100
28,200730_SEFL17_MildStressor_g7(01) Box 4.wmv,noise,pre,-9,162087,10,50,15,sec_1791.0,"(53730, 53736)",0,100
28,200730_SEFL17_MildStressor_g7(01) Box 4.wmv,noise,pre,-8.8,162087,10,50,15,sec_1791.2,"(53736, 53742)",0,100
28,200730_SEFL17_MildStressor_g7(01) Box 4.wmv,noise,pre,-8.6,162087,10,50,15,sec_1791.4,"(53742, 53748)",0,100
28,200730_SEFL17_MildStressor_g7(01) Box 4.wmv,noise,pre,-8.4,162087,10,50,15,sec_1791.6,"(53748, 53754)",0,100
28,200730_SEFL17_MildStressor_g7(01) Box 4.wmv,noise,pre,-8.2,162087,10,50,15,sec_1791.8,"(53754, 53760)",0,100
28,200730_SEFL17_MildStressor_g7(01) Box 4.wmv,noise,pre,-8,162087,10,50,15,sec_1792.0,"(53760, 53766)",1.666666667,100
28,200730_SEFL17_MildStressor_g7(01) Box 4.wmv,noise,pre,-7.8,162087,10,50,15,sec_1792.2,"(53766, 53772)",0,100
28,200730_SEFL17_MildStressor_g7(01) Box 4.wmv,noise,pre,-7.6,162087,10,50,15,sec_1792.4,"(53772, 53778)",0,100
28,200730_SEFL17_MildStressor_g7(01) Box 4.wmv,noise,pre,-7.4,162087,10,50,15,sec_1792.6,"(53778, 53784)",0,100
28,200730_SEFL17_MildStressor_g7(01) Box 4.wmv,noise,pre,-7.2,162087,10,50,15,sec_1792.8,"(53784, 53790)",0,100
28,200730_SEFL17_MildStressor_g7(01) Box 4.wmv,noise,pre,-7,162087,10,50,15,sec_1793.0,"(53790, 53796)",0,100
28,200730_SEFL17_MildStressor_g7(01) Box 4.wmv,noise,pre,-6.8,162087,10,50,15,sec_1793.2,"(53796, 53802)",0,100
28,200730_SEFL17_MildStressor_g7(01) Box 4.wmv,noise,pre,-6.6,162087,10,50,15,sec_1793.4,"(53802, 53808)",0,100
28,200730_SEFL17_MildStressor_g7(01) Box 4.wmv,noise,pre,-6.4,162087,10,50,15,sec_1793.6,"(53808, 53814)",0,100
28,200730_SEFL17_MildStressor_g7(01) Box 4.wmv,noise,pre,-6.2,162087,10,50,15,sec_1793.8,"(53814, 53820)",0,100
28,200730_SEFL17_MildStressor_g7(01) Box 4.wmv,noise,pre,-6,162087,10,50,15,sec_1794.0,"(53820, 53826)",0,100
28,200730_SEFL17_MildStressor_g7(01) Box 4.wmv,noise,pre,-5.8,162087,10,50,15,sec_1794.2,"(53826, 53832)",0,100
28,200730_SEFL17_MildStressor_g7(01) Box 4.wmv,noise,pre,-5.6,162087,10,50,15,sec_1794.4,"(53832, 53838)",0,100
28,200730_SEFL17_MildStressor_g7(01) Box 4.wmv,noise,pre,-5.4,162087,10,50,15,sec_1794.6,"(53838, 53844)",0,100
28,200730_SEFL17_MildStressor_g7(01) Box 4.wmv,noise,pre,-5.2,162087,10,50,15,sec_1794.8,"(53844, 53850)",0,100
28,200730_SEFL17_MildStressor_g7(01) Box 4.wmv,noise,pre,-5,162087,10,50,15,sec_1795.0,"(53850, 53856)",0,100
28,200730_SEFL17_MildStressor_g7(01) Box 4.wmv,noise,pre,-4.8,162087,10,50,15,sec_1795.2,"(53856, 53862)",0,100
28,200730_SEFL17_MildStressor_g7(01) Box 4.wmv,noise,pre,-4.6,162087,10,50,15,sec_1795.4,"(53862, 53868)",0,100
28,200730_SEFL17_MildStressor_g7(01) Box 4.wmv,noise,pre,-4.4,162087,10,50,15,sec_1795.6,"(53868, 53874)",0,100
28,200730_SEFL17_MildStressor_g7(01) Box 4.wmv,noise,pre,-4.2,162087,10,50,15,sec_1795.8,"(53874, 53880)",0,100
28,200730_SEFL17_MildStressor_g7(01) Box 4.wmv,noise,pre,-4,162087,10,50,15,sec_1796.0,"(53880, 53886)",0,100
28,200730_SEFL17_MildStressor_g7(01) Box 4.wmv,noise,pre,-3.8,162087,10,50,15,sec_1796.2,"(53886, 53892)",0,100
28,200730_SEFL17_MildStressor_g7(01) Box 4.wmv,noise,pre,-3.6,162087,10,50,15,sec_1796.4,"(53892, 53898)",0,100
28,200730_SEFL17_MildStressor_g7(01) Box 4.wmv,noise,pre,-3.4,162087,10,50,15,sec_1796.6,"(53898, 53904)",0,100
28,200730_SEFL17_MildStressor_g7(01) Box 4.wmv,noise,pre,-3.2,162087,10,50,15,sec_1796.8,"(53904, 53910)",0,100
28,200730_SEFL17_MildStressor_g7(01) Box 4.wmv,noise,pre,-3,162087,10,50,15,sec_1797.0,"(53910, 53916)",0,100
28,200730_SEFL17_MildStressor_g7(01) Box 4.wmv,noise,pre,-2.8,162087,10,50,15,sec_1797.2,"(53916, 53922)",0,100
28,200730_SEFL17_MildStressor_g7(01) Box 4.wmv,noise,pre,-2.6,162087,10,50,15,sec_1797.4,"(53922, 53928)",0,100
28,200730_SEFL17_MildStressor_g7(01) Box 4.wmv,noise,pre,-2.4,162087,10,50,15,sec_1797.6,"(53928, 53934)",0,100
28,200730_SEFL17_MildStressor_g7(01) Box 4.wmv,noise,pre,-2.2,162087,10,50,15,sec_1797.8,"(53934, 53940)",0,100
28,200730_SEFL17_MildStressor_g7(01) Box 4.wmv,noise,pre,-2,162087,10,50,15,sec_1798.0,"(53940, 53946)",0,100
28,200730_SEFL17_MildStressor_g7(01) Box 4.wmv,noise,pre,-1.8,162087,10,50,15,sec_1798.2,"(53946, 53952)",0,100
28,200730_SEFL17_MildStressor_g7(01) Box 4.wmv,noise,pre,-1.6,162087,10,50,15,sec_1798.4,"(53952, 53958)",0,100
28,200730_SEFL17_MildStressor_g7(01) Box 4.wmv,noise,pre,-1.4,162087,10,50,15,sec_1798.6,"(53958, 53964)",0,100
28,200730_SEFL17_MildStressor_g7(01) Box 4.wmv,noise,pre,-1.2,162087,10,50,15,sec_1798.8,"(53964, 53970)",0,100
28,200730_SEFL17_MildStressor_g7(01) Box 4.wmv,noise,pre,-1,162087,10,50,15,sec_1799.0,"(53970, 53976)",0,100
28,200730_SEFL17_MildStressor_g7(01) Box 4.wmv,noise,pre,-0.8,162087,10,50,15,sec_1799.2,"(53976, 53982)",0,100
28,200730_SEFL17_MildStressor_g7(01) Box 4.wmv,noise,pre,-0.6,162087,10,50,15,sec_1799.4,"(53982, 53988)",0,100
28,200730_SEFL17_MildStressor_g7(01) Box 4.wmv,noise,pre,-0.4,162087,10,50,15,sec_1799.6,"(53988, 53994)",0,100
28,200730_SEFL17_MildStressor_g7(01) Box 4.wmv,noise,pre,-0.2,162087,10,50,15,sec_1799.8,"(53994, 54000)",0,100
28,200730_SEFL17_MildStressor_g7(01) Box 4.wmv,noise,noise,-4.09E-14,162087,10,50,15,sec_1800.0,"(54000, 54006)",2,100
28,200730_SEFL17_MildStressor_g7(01) Box 4.wmv,noise,noise,0.2,162087,10,50,15,sec_1800.2,"(54006, 54012)",0,100
28,200730_SEFL17_MildStressor_g7(01) Box 4.wmv,noise,noise,0.4,162087,10,50,15,sec_1800.4,"(54012, 54018)",0,100
28,200730_SEFL17_MildStressor_g7(01) Box 4.wmv,noise,noise,0.6,162087,10,50,15,sec_1800.6,"(54018, 54024)",0,100
28,200730_SEFL17_MildStressor_g7(01) Box 4.wmv,noise,noise,0.8,162087,10,50,15,sec_1800.8,"(54024, 54030)",0,100
28,200730_SEFL17_MildStressor_g7(01) Box 4.wmv,noise,noise,1,162087,10,50,15,sec_1801.0,"(54030, 54036)",0,100
28,200730_SEFL17_MildStressor_g7(01) Box 4.wmv,noise,noise,1.2,162087,10,50,15,sec_1801.2,"(54036, 54042)",0,100
28,200730_SEFL17_MildStressor_g7(01) Box 4.wmv,noise,noise,1.4,162087,10,50,15,sec_1801.4,"(54042, 54048)",0,100
28,200730_SEFL17_MildStressor_g7(01) Box 4.wmv,noise,noise,1.6,162087,10,50,15,sec_1801.6,"(54048, 54054)",0,100
28,200730_SEFL17_MildStressor_g7(01) Box 4.wmv,noise,noise,1.8,162087,10,50,15,sec_1801.8,"(54054, 54060)",0,100
28,200730_SEFL17_MildStressor_g7(01) Box 4.wmv,noise,noise,2,162087,10,50,15,sec_1802.0,"(54060, 54066)",0,100
28,200730_SEFL17_MildStressor_g7(01) Box 4.wmv,noise,noise,2.2,162087,10,50,15,sec_1802.2,"(54066, 54072)",0,100
28,200730_SEFL17_MildStressor_g7(01) Box 4.wmv,noise,noise,2.4,162087,10,50,15,sec_1802.4,"(54072, 54078)",0,100
28,200730_SEFL17_MildStressor_g7(01) Box 4.wmv,noise,noise,2.6,162087,10,50,15,sec_1802.6,"(54078, 54084)",0,100
28,200730_SEFL17_MildStressor_g7(01) Box 4.wmv,noise,noise,2.8,162087,10,50,15,sec_1802.8,"(54084, 54090)",0.333333333,100
28,200730_SEFL17_MildStressor_g7(01) Box 4.wmv,noise,post,3,162087,10,50,15,sec_1803.0,"(54090, 54096)",0,100
28,200730_SEFL17_MildStressor_g7(01) Box 4.wmv,noise,post,3.2,162087,10,50,15,sec_1803.2,"(54096, 54102)",0,100
28,200730_SEFL17_MildStressor_g7(01) Box 4.wmv,noise,post,3.4,162087,10,50,15,sec_1803.4,"(54102, 54108)",0,100
28,200730_SEFL17_MildStressor_g7(01) Box 4.wmv,noise,post,3.6,162087,10,50,15,sec_1803.6,"(54108, 54114)",0,100
28,200730_SEFL17_MildStressor_g7(01) Box 4.wmv,noise,post,3.8,162087,10,50,15,sec_1803.8,"(54114, 54120)",0,100
28,200730_SEFL17_MildStressor_g7(01) Box 4.wmv,noise,post,4,162087,10,50,15,sec_1804.0,"(54120, 54126)",0,100
28,200730_SEFL17_MildStressor_g7(01) Box 4.wmv,noise,post,4.2,162087,10,50,15,sec_1804.2,"(54126, 54132)",0,100
28,200730_SEFL17_MildStressor_g7(01) Box 4.wmv,noise,post,4.4,162087,10,50,15,sec_1804.4,"(54132, 54138)",0,100
28,200730_SEFL17_MildStressor_g7(01) Box 4.wmv,noise,post,4.6,162087,10,50,15,sec_1804.6,"(54138, 54144)",0,100
28,200730_SEFL17_MildStressor_g7(01) Box 4.wmv,noise,post,4.8,162087,10,50,15,sec_1804.8,"(54144, 54150)",0,100
28,200730_SEFL17_MildStressor_g7(01) Box 4.wmv,noise,post,5,162087,10,50,15,sec_1805.0,"(54150, 54156)",0,100
28,200730_SEFL17_MildStressor_g7(01) Box 4.wmv,noise,post,5.2,162087,10,50,15,sec_1805.2,"(54156, 54162)",0,100
28,200730_SEFL17_MildStressor_g7(01) Box 4.wmv,noise,post,5.4,162087,10,50,15,sec_1805.4,"(54162, 54168)",0,100
28,200730_SEFL17_MildStressor_g7(01) Box 4.wmv,noise,post,5.6,162087,10,50,15,sec_1805.6,"(54168, 54174)",0,100
28,200730_SEFL17_MildStressor_g7(01) Box 4.wmv,noise,post,5.8,162087,10,50,15,sec_1805.8,"(54174, 54180)",0,100
28,200730_SEFL17_MildStressor_g7(01) Box 4.wmv,noise,post,6,162087,10,50,15,sec_1806.0,"(54180, 54186)",0,100
28,200730_SEFL17_MildStressor_g7(01) Box 4.wmv,noise,post,6.2,162087,10,50,15,sec_1806.2,"(54186, 54192)",0,100
28,200730_SEFL17_MildStressor_g7(01) Box 4.wmv,noise,post,6.4,162087,10,50,15,sec_1806.4,"(54192, 54198)",0,100
28,200730_SEFL17_MildStressor_g7(01) Box 4.wmv,noise,post,6.6,162087,10,50,15,sec_1806.6,"(54198, 54204)",0,100
28,200730_SEFL17_MildStressor_g7(01) Box 4.wmv,noise,post,6.8,162087,10,50,15,sec_1806.8,"(54204, 54210)",0,100
28,200730_SEFL17_MildStressor_g7(01) Box 4.wmv,noise,post,7,162087,10,50,15,sec_1807.0,"(54210, 54216)",0,100
28,200730_SEFL17_MildStressor_g7(01) Box 4.wmv,noise,post,7.2,162087,10,50,15,sec_1807.2,"(54216, 54222)",0,100
28,200730_SEFL17_MildStressor_g7(01) Box 4.wmv,noise,post,7.4,162087,10,50,15,sec_1807.4,"(54222, 54228)",0,100
28,200730_SEFL17_MildStressor_g7(01) Box 4.wmv,noise,post,7.6,162087,10,50,15,sec_1807.6,"(54228, 54234)",0,100
28,200730_SEFL17_MildStressor_g7(01) Box 4.wmv,noise,post,7.8,162087,10,50,15,sec_1807.8,"(54234, 54240)",0,100
28,200730_SEFL17_MildStressor_g7(01) Box 4.wmv,noise,post,8,162087,10,50,15,sec_1808.0,"(54240, 54246)",0.666666667,100
28,200730_SEFL17_MildStressor_g7(01) Box 4.wmv,noise,post,8.2,162087,10,50,15,sec_1808.2,"(54246, 54252)",0,100
28,200730_SEFL17_MildStressor_g7(01) Box 4.wmv,noise,post,8.4,162087,10,50,15,sec_1808.4,"(54252, 54258)",0,100
28,200730_SEFL17_MildStressor_g7(01) Box 4.wmv,noise,post,8.6,162087,10,50,15,sec_1808.6,"(54258, 54264)",0,100
28,200730_SEFL17_MildStressor_g7(01) Box 4.wmv,noise,post,8.8,162087,10,50,15,sec_1808.8,"(54264, 54270)",0,100
28,200730_SEFL17_MildStressor_g7(01) Box 4.wmv,noise,post,9,162087,10,50,15,sec_1809.0,"(54270, 54276)",0,100
28,200730_SEFL17_MildStressor_g7(01) Box 4.wmv,noise,post,9.2,162087,10,50,15,sec_1809.2,"(54276, 54282)",0,100
28,200730_SEFL17_MildStressor_g7(01) Box 4.wmv,noise,post,9.4,162087,10,50,15,sec_1809.4,"(54282, 54288)",0,100
28,200730_SEFL17_MildStressor_g7(01) Box 4.wmv,noise,post,9.6,162087,10,50,15,sec_1809.6,"(54288, 54294)",0,100
28,200730_SEFL17_MildStressor_g7(01) Box 4.wmv,noise,post,9.8,162087,10,50,15,sec_1809.8,"(54294, 54300)",0,100
28,200730_SEFL17_MildStressor_g7(01) Box 4.wmv,noise,post,10,162087,10,50,15,sec_1810.0,"(54300, 54306)",0,100
28,200730_SEFL17_MildStressor_g7(01) Box 4.wmv,noise,post,10.2,162087,10,50,15,sec_1810.2,"(54306, 54312)",0,100
28,200730_SEFL17_MildStressor_g7(01) Box 4.wmv,noise,post,10.4,162087,10,50,15,sec_1810.4,"(54312, 54318)",0,100
28,200730_SEFL17_MildStressor_g7(01) Box 4.wmv,noise,post,10.6,162087,10,50,15,sec_1810.6,"(54318, 54324)",0,100
28,200730_SEFL17_MildStressor_g7(01) Box 4.wmv,noise,post,10.8,162087,10,50,15,sec_1810.8,"(54324, 54330)",0,100
28,200730_SEFL17_MildStressor_g7(01) Box 4.wmv,noise,post,11,162087,10,50,15,sec_1811.0,"(54330, 54336)",0,100
28,200730_SEFL17_MildStressor_g7(01) Box 4.wmv,noise,post,11.2,162087,10,50,15,sec_1811.2,"(54336, 54342)",0,100
28,200730_SEFL17_MildStressor_g7(01) Box 4.wmv,noise,post,11.4,162087,10,50,15,sec_1811.4,"(54342, 54348)",0,100
28,200730_SEFL17_MildStressor_g7(01) Box 4.wmv,noise,post,11.6,162087,10,50,15,sec_1811.6,"(54348, 54354)",0,100
28,200730_SEFL17_MildStressor_g7(01) Box 4.wmv,noise,post,11.8,162087,10,50,15,sec_1811.8,"(54354, 54360)",0,100
28,200730_SEFL17_MildStressor_g7(01) Box 4.wmv,noise,post,12,162087,10,50,15,sec_1812.0,"(54360, 54366)",0,100
28,200730_SEFL17_MildStressor_g7(01) Box 4.wmv,noise,post,12.2,162087,10,50,15,sec_1812.2,"(54366, 54372)",0,100
28,200730_SEFL17_MildStressor_g7(01) Box 4.wmv,noise,post,12.4,162087,10,50,15,sec_1812.4,"(54372, 54378)",0,100
28,200730_SEFL17_MildStressor_g7(01) Box 4.wmv,noise,post,12.6,162087,10,50,15,sec_1812.6,"(54378, 54384)",0,100
28,200730_SEFL17_MildStressor_g7(01) Box 4.wmv,noise,post,12.8,162087,10,50,15,sec_1812.8,"(54384, 54390)",0,100