"annotation_abrv","annotation_names","parcellation_group","graph_order","ControlVnoTrauma_z","ControlVnoTrauma_p","ControlVTrauma_z","ControlVTrauma_p","TraumaVnoTrauma_t","TraumaVnoTrauma_p","Model_p","Model_padj","Model_fdr","NTvsT_padj","NTvsT_fdr"
"IC","Inferior colliculus","midbrain","808",1.05704014598718,0.290493265746215,1.27438893003855,0.20252561355296,0.230536349921618,0.817675020889106,0.426862604939642,0.559251876616575,FALSE,NA,NA
"PGRNd","Paragigantocellular reticular nucleus, dorsal part","hindbrain","974",-2.50193421668956,0.0123516873089809,-2.0461566338475,0.0407409624515436,0.485765078059552,0.62713373683696,0.0339760390449481,0.10518609348162,FALSE,NA,NA
"SSp-n1","Primary somatosensory area, nose, layer 1","cortical_plate","45",4.93750908989531,7.91267195251853e-07,2.07083591298082,0.0383741328527383,-3.05250074164007,0.00226943170264415,0.000118716661525964,0.0048781755463396,TRUE,0.0340414755396623,TRUE
"VISpl2/3","Posterolateral visual area, layer 2/3","cortical_plate","194",2.1775455192876,0.0294398893950243,1.21753896841783,0.223399219312978,-1.02144467298724,0.307043809296313,0.119711063934022,0.224537774968884,FALSE,NA,NA
"SO","Supraoptic nucleus","diencephalon","717",3.11178129109364,0.0018596221443538,2.97307481821171,0.00294832573778402,-0.14789604046121,0.8824248130974,0.00841456618055969,0.0437170564783101,TRUE,0.968515038765439,FALSE
"RSPagl","Retrosplenial area, lateral agranular part","cortical_plate","298",2.53784142421733,0.0111538511327803,1.93975056590459,0.0524100110261341,-0.638669536248426,0.523037934612026,0.099218703472942,0.201106968474304,FALSE,NA,NA
"SSp-ul6b","Primary somatosensory area, upper limb, layer 6b","cortical_plate","85",-2.2410363312473,0.0250237217386925,-1.48464781594427,0.137637141970846,0.802925663054999,0.422017701980354,0.0859275578316381,0.187629256714495,FALSE,NA,NA
"LRN","Lateral reticular nucleus","hindbrain","964",-0.672873507338556,0.501027767887708,-0.0299149978782616,0.97613484462572,0.681838330768611,0.495341183833233,0.743312615988602,0.827384375693282,FALSE,NA,NA
"SSp-ll6b","Primary somatosensory area, lower limb, layer 6b","cortical_plate","71",-1.3122750415385,0.189427350168654,-1.09710830220936,0.272594051404817,0.228202960929665,0.819488459679198,0.377528208361833,0.510906437663319,FALSE,NA,NA
"TEa1","Temporal association areas, layer 1","cortical_plate","361",5.83774416813999,5.29123196575721e-09,4.40098156756694,1.07762279678263e-05,-1.53855211118568,0.12391367731078,1.99180461609716e-05,0.00180059137295183,TRUE,0.293479762051848,FALSE
"VPL","Ventral posterolateral nucleus of the thalamus","diencephalon","647",1.97770636713011,0.0479618415650054,-1.26823006833017,0.204715802183533,-3.41432908852323,0.000639392949427275,0.00703595091120535,0.0407724334854464,TRUE,0.0250362354837175,TRUE
"DR","Dorsal nucleus raphe","midbrain","865",-1.56559252936958,0.117444040050697,-0.301668193453433,0.762905017250747,1.33915417789816,0.180520486106332,0.261769014337277,0.395717707292472,FALSE,NA,NA
"VISC2/3","Visceral area, layer 2/3","cortical_plate","116",5.16265781683588,2.43467957699451e-07,4.16878759224802,3.06224197269083e-05,-1.05891495281106,0.289638513784879,0.00022980335642897,0.00649194481911841,TRUE,0.473953931647984,FALSE
"DMX","Dorsal motor nucleus of the vagus nerve","hindbrain","956",0.675162001865611,0.499572845218173,0.563373736831344,0.573180417030087,-0.118688335478884,0.905522278160799,0.784243650508067,0.851856050726129,FALSE,NA,NA
"AUDp1","Primary auditory area, layer 1","cortical_plate","137",2.94796960917444,0.00319868508865576,2.00777924181698,0.0446667556428578,-1.00059964236664,0.317020403072742,0.0251638148628488,0.0888597212344348,FALSE,NA,NA
"GU4","Gustatory areas, layer 4","cortical_plate","110",2.84849473735946,0.00439265798479727,1.13650974181248,0.255743290791618,-1.82124499956587,0.0685696228966253,0.0235426001443226,0.0861502971441192,FALSE,NA,NA
"VCO","Ventral cochlear nucleus","hindbrain","925",0.797818480541729,0.424975835243317,0.277196227013403,0.781629436571762,-0.552393146881724,0.580679024884014,0.714040682122305,0.807760890059399,FALSE,NA,NA
"ORBvl5","Orbital area, ventrolateral part, layer 5","cortical_plate","275",2.27410354619022,0.0229597615407771,2.45520121918954,0.014080574769732,0.192988910569349,0.846967652917713,0.0551083037433995,0.14152814370464,FALSE,NA,NA
"LSv","Lateral septal nucleus, ventral part","cerebral_nuclei","589",0.343612384463042,0.731137809777487,0.872136344137219,0.383134001104691,0.560745012497877,0.574971376985914,0.67643540380963,0.776294490758584,FALSE,NA,NA
"RM","Nucleus raphe magnus","hindbrain","994",-0.655671557817891,0.51203547287759,-2.57602950241869,0.00999421184415684,-2.03601223196264,0.0417491270077384,0.0434018877715625,0.119619837028941,FALSE,NA,NA
"VISam4","Anteromedial visual area, layer 4","cortical_plate","174",2.93187767131941,0.0033691942926071,1.69677519126217,0.0897391707673679,-1.31826825337159,0.187413864358184,0.0394883470529523,0.113686196611048,FALSE,NA,NA
"AUDv1","Ventral auditory area, layer 1","cortical_plate","151",5.12400529708475,2.99112573312927e-07,2.79161574318263,0.00524455968312354,-2.49057935408163,0.0127535012451316,0.000106904122740281,0.00483206634786071,TRUE,0.0604113216874656,FALSE
"SSp-m1","Primary somatosensory area, mouth, layer 1","cortical_plate","73",4.5097602201389,6.4900940438605e-06,1.90058366294808,0.0573565670512726,-2.77425986393234,0.00553274636726475,0.000382978371635811,0.00752635756432116,TRUE,0.0414955977544856,TRUE
"SSp-bfd1","Primary somatosensory area, barrel field, layer 1","cortical_plate","52",3.83971052712874,0.000123179462347094,1.05132273156497,0.293110390322505,-2.96437972815559,0.00303293774902258,0.00114892540934297,0.014042429530678,TRUE,0.037680197753019,TRUE
"PVHd","Paraventricular hypothalamic nucleus, descending division","diencephalon","778",0.615917655021087,0.537948868646524,2.20595667885853,0.027387033093236,1.68971597721706,0.0910823051043017,0.082115488472531,0.181942160733255,FALSE,NA,NA
"ORBvl6a","Orbital area, ventrolateral part, layer 6a","cortical_plate","276",-0.917202668820863,0.359036448582523,0.149252164295136,0.881354659755093,1.13045127251093,0.258286119765516,0.502019531249111,0.625297732012253,FALSE,NA,NA
"VISpm4","posteromedial visual area, layer 4","cortical_plate","202",3.14683074865465,0.00165050471297822,2.15945107102359,0.0308151893981816,-1.05516956389507,0.291347781443453,0.0332358476255175,0.104323632824541,FALSE,NA,NA
"ADP","Anterodorsal preoptic nucleus","diencephalon","735",0.428919444973687,0.667981848793061,1.45894050233347,0.144581484211019,1.09393753701449,0.273982374264207,0.321295003241801,0.458124105568751,FALSE,NA,NA
"PP","Peripeduncular nucleus","diencephalon","656",1.83017986293538,0.0672230479063634,3.07583885277745,0.00209911260491894,1.33110287166913,0.183155164215815,0.0185374974626247,0.0770145586300849,FALSE,NA,NA
"VISC1","Visceral area, layer 1","cortical_plate","115",4.61741408933563,3.88551453746806e-06,3.4555706410162,0.000549129278117621,-1.2443530472108,0.213369655406865,0.000617150872692873,0.00871725607678683,TRUE,0.38581885223727,FALSE
"VII","Facial motor nucleus","hindbrain","950",2.5008814264289,0.012388464860828,1.40862780470033,0.158945252723003,-1.17028816386102,0.241885023447605,0.0628274891776065,0.152143561661179,FALSE,NA,NA
"VISC4","Visceral area, layer 4","cortical_plate","117",4.21760173587252,2.46914427290501e-05,2.7684910621069,0.00563165303093746,-1.55070320163197,0.120972826916834,0.00167509175298153,0.0161093930286734,TRUE,0.293479762051848,FALSE
"PERI1","Perirhinal area, layer 1","cortical_plate","370",4.63076098039813,3.64324250421706e-06,3.02809614012045,0.00246099779461458,-1.70790466659589,0.0876540331632127,0.000523050516438084,0.00844352976535764,TRUE,0.246526968271536,FALSE
"SG","Supragenual nucleus","hindbrain","898",-1.38553417971544,0.165889188669077,-1.24100722338653,0.214603080453587,0.153472915069267,0.878025347896197,0.314984365612916,0.453416984895026,FALSE,NA,NA
"SAG","Nucleus sagulum","midbrain","813",1.45522961911801,0.14560570361608,1.80980386642756,0.0703262081348227,0.377908584587602,0.705498504974913,0.200162907764606,0.330195745655481,FALSE,NA,NA
"AId1","Agranular insular area, dorsal part, layer 1","cortical_plate","280",3.36974798302263,0.000752369593437236,1.51917062785535,0.128719552555777,-1.96918682708752,0.048931641015419,0.00783871849686979,0.0426879609709054,TRUE,0.157280274692418,FALSE
"ORBm1","Orbital area, medial part, layer 1","cortical_plate","265",5.30431602226624,1.13096239310497e-07,3.75557850793864,0.000172941537014685,-1.65619928360084,0.097681468289204,0.000101924036436274,0.00483206634786071,TRUE,0.258568592530246,FALSE
"ARH","Arcuate hypothalamic nucleus","diencephalon","733",1.72711166010101,0.0841476119149897,1.41533248612767,0.156971034376802,-0.330995972648171,0.740647527620994,0.229925550711379,0.358366720419116,FALSE,NA,NA
"CL","Central lateral nucleus of the thalamus","diencephalon","700",1.30746999820763,0.191053137787742,2.29670997495375,0.0216353200392057,1.05919795745172,0.289509635084379,0.0901898995459983,0.188730715716626,FALSE,NA,NA
"ECT1","Ectorhinal area/Layer 1","cortical_plate","374",8.20977084039167,2.21611040555878e-16,6.86475423515319,6.66058208395058e-12,-1.45431214040358,0.145859786088869,4.71792571676843e-08,1.06625121198967e-05,TRUE,0.314321354411252,FALSE
"SSp-ll1","Primary somatosensory area, lower limb, layer 1","cortical_plate","66",2.64779595877444,0.00810184084207195,1.08462714671749,0.278086826614813,-1.67075712458089,0.094769660471181,0.0464548905779469,0.124466681296887,FALSE,NA,NA
"VISpl4","Posterolateral visual area, layer 4","cortical_plate","195",1.55713418439877,0.119438630402862,1.20363815447808,0.228729465670689,-0.376587738588583,0.706480001247393,0.312563640019533,0.451369857152808,FALSE,NA,NA
"VISal4","Anterolateral visual area, layer 4","cortical_plate","167",3.5215841703426,0.000428976460373949,1.35659211484091,0.174910848592958,-2.31172976367461,0.0207925801052908,0.00478396136985526,0.0312900848717769,TRUE,0.0891110575941036,FALSE
"AM","Anteromedial nucleus","diencephalon","676",1.16068189381062,0.245771287757343,0.668069943592348,0.504088946595318,-0.523228999889777,0.60081490281118,0.5214044506953,0.638685126596952,FALSE,NA,NA
"LGd","Dorsal part of the lateral geniculate complex","diencephalon","662",2.33151489091806,0.0197262258021819,0.801783017278505,0.422678484053828,-1.63098936401543,0.102892563779058,0.0660957537998647,0.155516708821905,FALSE,NA,NA
"MEV","Midbrain trigeminal nucleus","midbrain","815",-0.710297876217018,0.477519436545264,1.28425039273239,0.199054358091688,2.11301978861891,0.0345990741900115,0.114760426643763,0.218834742381929,FALSE,NA,NA
"FF","Fields of Forel","diencephalon","800",2.07555519998439,0.0379351085333101,0.311270312947717,0.755595133874222,-1.87734843763603,0.0604703535392632,0.0773996167603415,0.174923133878372,FALSE,NA,NA
"ORBm6a","Orbital area, medial part, layer 6a","cortical_plate","269",0.280809555544762,0.77885647414351,-0.220327112111595,0.825616406503028,-0.531513018488654,0.595063322341959,0.868016661422271,0.91030981661918,FALSE,NA,NA
"LH","Lateral habenula","diencephalon","713",-0.772928516981119,0.439564686757505,-0.869273085358942,0.384697780567467,-0.102154745983216,0.918633847244131,0.641204356776563,0.748900178974177,FALSE,NA,NA
"VISl4","Lateral visual area, layer 4","cortical_plate","181",2.93962809733717,0.00328606407146626,1.59302164002538,0.111155336519753,-1.43857220594544,0.150271765877318,0.0275999264301765,0.0917291672532337,FALSE,NA,NA
"ORBl1","Orbital area, lateral part, layer 1","cortical_plate","259",2.65087289761085,0.00802840478447025,2.18376947044923,0.0289791920206737,-0.497623047177002,0.618749756181107,0.0410226140243882,0.116179232603804,FALSE,NA,NA
"RSPv6b","Retrosplenial area, ventral part, layer 6b","cortical_plate","338",0.430269611954473,0.666999529492103,-0.934162730744927,0.35021995724548,-1.44507785830455,0.148436017504441,0.362217893709707,0.494629872981231,FALSE,NA,NA
"AUDv6b","Ventral auditory area, layer 6b","cortical_plate","156",0.458527340674926,0.646573624500706,1.52466841340112,0.127341823992397,1.13258447397825,0.257388791711848,0.289953245512165,0.426901846812699,FALSE,NA,NA
"ILA6b","Infralimbic area, layer 6b","cortical_plate","251",-0.292985570213505,0.769533181273137,-0.0332019711832432,0.973513526213666,0.275492603747411,0.782937807416948,0.946961091812789,0.964023453827434,FALSE,NA,NA
"SOCl","Superior olivary complex, lateral part","hindbrain","889",-0.567646170421904,0.570275249760273,0.259004397606179,0.795631847447059,0.87647563275974,0.380771517584883,0.678398946570001,0.776294490758584,FALSE,NA,NA
"CUN","Cuneiform nucleus","midbrain","845",6.8846849864377,5.79155499589889e-12,7.38813948828087,1.48897498936573e-13,0.543645098615511,0.586685719142692,1.97776628296786e-07,2.97983453300491e-05,TRUE,0.723311160586881,FALSE
"IF","Interfascicular nucleus raphe","midbrain","861",-1.01561357710739,0.309813436884006,-0.172319210755047,0.863186582255396,0.893993769725303,0.371325224627849,0.549360842468442,0.665713406959077,FALSE,NA,NA
"IRN","Intermediate reticular nucleus","hindbrain","961",-0.0473465365619883,0.962237038833732,1.2770130532419,0.201597638900001,1.40498205400829,0.160026614801601,0.293038289843123,0.430043204574973,FALSE,NA,NA
"OP","Olivary pretectal nucleus","midbrain","841",0.860800315608346,0.389348031165579,-0.391037209856664,0.695769731772419,-1.32774315637563,0.184262971308911,0.405096089926082,0.535449700943093,FALSE,NA,NA
"AVPV","Anteroventral periventricular nucleus","diencephalon","738",2.79979037721191,0.00511358015297353,2.59952356955789,0.00933532674650542,-0.213042027161239,0.831294182118565,0.020795238916401,0.080337162309515,FALSE,NA,NA
"RCH","Retrochiasmatic area","diencephalon","795",1.86192727502562,0.0626133418878204,2.68479401588071,0.00725745188718026,0.873981098080837,0.382128547534729,0.0418416933723803,0.117468604995751,FALSE,NA,NA
"ECT6b","Ectorhinal area/Layer 6b","cortical_plate","378",1.70706593126882,0.0878097985391633,2.49044926451533,0.0127581709742874,0.833352161453733,0.404646146269103,0.062388856768772,0.152143561661179,FALSE,NA,NA
"PS","Parastrial nucleus","diencephalon","747",0.870981310686611,0.383764357788074,1.76513225127371,0.0775415414830778,0.951230772608774,0.341487240383353,0.226761670742592,0.354658391611251,FALSE,NA,NA
"PVi","Periventricular hypothalamic nucleus, intermediate part","diencephalon","732",0.541084349939706,0.588449444715749,-1.51085624113788,0.130825081843429,-2.17242307559091,0.0298237660414156,1,1,FALSE,NA,NA
"AVP","Anteroventral preoptic nucleus","diencephalon","737",-0.62185461728652,0.534037468843152,0.702476707528219,0.482381922689376,1.40457607687423,0.160147374593388,0.384465542839639,0.518463773012705,FALSE,NA,NA
"VMH","Ventromedial hypothalamic nucleus","diencephalon","783",4.89771179653289,9.69591028206834e-07,4.92812910496595,8.30207536900678e-07,0.032318711233231,0.974217887592253,7.18297583726102e-05,0.00405838134805248,TRUE,0.997212962717323,FALSE
"SUV","Superior vestibular nucleus","hindbrain","988",-2.11262690480017,0.0346327140396036,-0.437461662084215,0.661776573781754,1.77510663372239,0.0758802818640809,0.0971050967468321,0.197709476259316,FALSE,NA,NA
"IPN","Interpeduncular nucleus","midbrain","862",1.72101620114287,0.0852478840484409,2.04297825258961,0.0410545909874157,0.342100220666899,0.732275471395872,0.121878169152919,0.227640216764955,FALSE,NA,NA
"B","Barrington's nucleus","hindbrain","891",-1.34085083150443,0.179968888663695,0.266353963607238,0.789966616618834,1.70309103362333,0.0885510336507187,0.223172640432229,0.351477468555288,FALSE,NA,NA
"TEa6b","Temporal association areas, layer 6b","cortical_plate","366",1.88840187703445,0.0589720195566225,2.79154875220598,0.00524564546555196,0.960681276621173,0.336712448248618,0.0343325009246879,0.105566601482714,FALSE,NA,NA
"VISam1","Anteromedial visual area, layer 1","cortical_plate","172",2.1736619119552,0.0297305350821385,0.521290362608651,0.602164513591473,-1.75557863545155,0.0791603828514562,0.0740589182414898,0.168214226357555,FALSE,NA,NA
"SPFm","Subparafascicular nucleus, magnocellular part","diencephalon","653",0.268897997464617,0.788008178028101,0.724269313512316,0.46890041237274,0.483178566070951,0.628968952874783,0.76034350138847,0.834611777211346,FALSE,NA,NA
"BA","Bed nucleus of the accessory olfactory tract","cerebral_nuclei","594",3.38463057426737,0.000712741099710098,4.51187061957556,6.42583823334393e-06,1.20416615044299,0.228525366277297,0.000449733101278382,0.00755137220979738,TRUE,0.392972740625541,FALSE
"AIp1","Agranular insular area, posterior part, layer 1","cortical_plate","286",4.2138081122771,2.51100641223037e-05,3.47595099108854,0.000509045301273699,-0.786139991358601,0.431785477537061,0.00115215897298415,0.014042429530678,TRUE,0.588798378459629,FALSE
"AUDd6b","Dorsal auditory area, layer 6b","cortical_plate","128",-0.71976377816087,0.471670450308104,1.02461263535002,0.305546000186927,1.84978926838312,0.0643439282072003,0.193321421368674,0.32244015667395,FALSE,NA,NA
"VISp6b","Primary visual area, layer 6b","cortical_plate","191",-0.0979593160526701,0.921964599022091,-0.155430533194989,0.876481914649213,-0.0609529121137633,0.951396709973118,0.987864096471526,0.992254603566954,FALSE,NA,NA
"SLD","Sublaterodorsal nucleus","hindbrain","917",-1.96540753470417,0.0493670881189549,-0.0655847721387625,0.947708413081551,2.01209617973873,0.0442097993154418,0.0955717009533977,0.195467913262153,FALSE,NA,NA
"VISpm1","posteromedial visual area, layer 1","cortical_plate","200",2.60092707818742,0.00929722143061383,1.0580070967055,0.290052207000066,-1.64111219104905,0.100774128566799,0.0454475612700775,0.123007770623204,FALSE,NA,NA
"PMv","Ventral premammillary nucleus","diencephalon","777",0.594636748756694,0.552086310044726,2.35295617705158,0.0186248289392564,1.86756848926133,0.0618222420227128,0.0544041074725756,0.14051803758631,FALSE,NA,NA
"VISam6a","Anteromedial visual area, layer 6a","cortical_plate","176",1.64588631975723,0.0997871659843177,0.944808167932772,0.34475682112624,-0.744563496611267,0.456535642214209,0.286913656443996,0.425196631844873,FALSE,NA,NA
"IGL","Intergeniculate leaflet of the lateral geniculate complex","diencephalon","705",1.17559004792633,0.239758734343153,0.978285741020488,0.327933020198646,-0.209545637899471,0.83402231218019,0.48710593108922,0.613292147220968,FALSE,NA,NA
"PPN","Pedunculopontine nucleus","midbrain","859",3.53363664003148,0.000409884158743237,3.80438383950988,0.000142157601583866,0.288541732527122,0.772932090248456,0.00179633296386572,0.0162409927907293,TRUE,0.869548601529513,FALSE
"VISpl6a","Posterolateral visual area, layer 6a","cortical_plate","197",1.38678420395279,0.165507575184924,1.09816828639803,0.272131011603191,-0.306417748770916,0.759286596309972,0.385406698522719,0.518463773012705,FALSE,NA,NA
"MARN","Magnocellular reticular nucleus","hindbrain","967",-1.50231847319716,0.133014880013981,-2.20969087732549,0.0271266233164467,-0.750394004470279,0.453017440828871,0.0893907588752907,0.188705881363009,FALSE,NA,NA
"AUDp6b","Primary auditory area, layer 6b","cortical_plate","142",0.0832793070731046,0.933629453693796,1.4125390336542,0.157791305858896,1.41077624020669,0.158310602430987,0.265388495840666,0.399852000399936,FALSE,NA,NA
"SSp-tr4","Primary somatosensory area, trunk, layer 4","cortical_plate","89",2.59455445072442,0.00947136097767061,1.28874068498259,0.197488253161259,-1.38961196429603,0.164646740678533,0.0639493705145355,0.153270915508336,FALSE,NA,NA
"PVa","Periventricular hypothalamic nucleus, anterior part","diencephalon","731",-0.436337194835285,0.662592099285562,-0.331355151840435,0.740376236789925,0.111308921824602,0.911371380779096,0.90277496752085,0.935953963006988,FALSE,NA,NA
"AIv1","Agranular insular area, ventral part, layer 1","cortical_plate","292",3.81536689936605,0.000135980737199583,2.69130519885505,0.00711730504662244,-1.19671596907665,0.231417280590597,0.00359452627217782,0.0253863417972559,TRUE,0.392972740625541,FALSE
"RN","Red nucleus","midbrain","846",1.17183684016137,0.241262568757983,-0.0374718842531581,0.970108757512572,-1.28327707988382,0.199395019677654,0.359388276064455,0.493526288263847,FALSE,NA,NA
"PRP","Nucleus prepositus","hindbrain","979",-1.29798075594485,0.194293947864668,-0.724198148975847,0.468944094804828,0.608381920291052,0.542934199758652,0.435864592495704,0.569333221048406,FALSE,NA,NA
"PGRNl","Paragigantocellular reticular nucleus, lateral part","hindbrain","975",-1.98257856168559,0.047414524001528,-2.09528946975539,0.0361452679828149,-0.119601349388207,0.904798950741607,0.0666403548154488,0.155516708821905,FALSE,NA,NA
"GPe","Globus pallidus, external segment","cerebral_nuclei","610",3.50932269093514,0.000449249486876655,0.752809831953528,0.45156419771173,-2.93093217013634,0.00337946562410618,0.00198901036109411,0.0176280918277361,TRUE,0.037680197753019,TRUE
"TRS","Triangular nucleus of septum","cerebral_nuclei","619",-0.581337202450368,0.561013211971815,0.162796423172267,0.870678724594481,0.789058947546286,0.43007755433136,0.7179131830361,0.809182351669582,FALSE,NA,NA
"AV","Anteroventral nucleus of thalamus","diencephalon","675",-0.876753687300736,0.380620439125474,-1.22424379250162,0.220860273489815,-0.368453552511184,0.71253507247938,0.460292148669154,0.589382581298746,FALSE,NA,NA
"ECU","External cuneate nucleus","hindbrain","929",0.621623554069821,0.534189429285476,0.838742064644531,0.401614067886507,0.230479472610671,0.817719212642952,0.70369830732868,0.799174962091868,FALSE,NA,NA
"PERI6b","Perirhinal area, layer 6b","cortical_plate","369",2.86499938215063,0.00417010055844134,2.87854409531711,0.00399515424228046,0.0144627266732205,0.988460815957806,0.0144354066119974,0.0652480378862282,FALSE,NA,NA
"ORBl5","Orbital area, lateral part, layer 5","cortical_plate","261",1.67638321461241,0.093663154608566,1.30222534731429,0.192839362704596,-0.397677501328192,0.69086792388966,0.25858301535722,0.392213164233098,FALSE,NA,NA
"TEa4","Temporal association areas, layer 4","cortical_plate","363",3.53605371828263,0.000406152096426547,2.60800191344425,0.00910724452971615,-0.988551010423582,0.322882865142327,0.00669965763060787,0.0398453322241415,TRUE,0.509815050224727,FALSE
"PL1","Prelimbic area, layer 1","cortical_plate","239",4.27172276400625,1.93968629870173e-05,3.09503100345441,0.0019679232538078,-1.25313984941282,0.210154815866683,0.0012810042436443,0.0141222906860299,TRUE,0.38581885223727,FALSE
"GPi","Globus pallidus, internal segment","cerebral_nuclei","611",-0.334796098798405,0.737778903568361,-1.44289325420605,0.149050543738794,-1.17487009894268,0.240046689898439,0.325378644830253,0.459597335822733,FALSE,NA,NA
"VISal6a","Anterolateral visual area, layer 6a","cortical_plate","169",1.22674112584173,0.219919905129074,0.681174993797674,0.495760768815391,-0.579294222516989,0.562390663209928,0.484353451843481,0.611541397658272,FALSE,NA,NA
"ILA1","Infralimbic area, layer 1","cortical_plate","246",4.77693220163678,1.77989751268705e-06,4.06807289242912,4.74035538097474e-05,-0.758890501595938,0.447918061342158,0.000223167635425292,0.00649194481911841,TRUE,0.601680977922302,FALSE
"GRN","Gigantocellular reticular nucleus","hindbrain","958",-0.524718510809534,0.599778887258002,-0.555491976070491,0.57855819694775,-0.032636053291565,0.97396481876569,0.825535270821623,0.882132251563531,FALSE,NA,NA
"GU2/3","Gustatory areas, layer 2/3","cortical_plate","109",4.0061605227426,6.17137162694751e-05,2.51211223971905,0.0120010912273884,-1.58846302050673,0.112181676680454,0.00265404895661803,0.0199938354731891,TRUE,0.280454191701136,FALSE
"PPT","Posterior pretectal nucleus","midbrain","842",-0.553160957063604,0.580153199104988,-0.30542535434178,0.760042213775834,0.262648867386904,0.792821231224664,0.858311466706096,0.903034801394381,FALSE,NA,NA
"SCig-c","Superior colliculus, motor related, intermediate gray layer, sublayer c","midbrain","831",-0.770222326299464,0.441168022345596,-0.316135744042574,0.75189947709678,0.481341955834709,0.630273482675003,0.739682035118783,0.826730272918236,FALSE,NA,NA
"ORBvl1","Orbital area, ventrolateral part, layer 1","cortical_plate","273",4.03419680310676,5.47893842669011e-05,2.67133963493084,0.00755491620916477,-1.45134686076897,0.146683298725251,0.00223298105025349,0.0186908784206403,TRUE,0.314321354411252,FALSE
"STN","Subthalamic nucleus","diencephalon","796",3.34248645312275,0.000830314080851266,2.03441700286596,0.0419095689826596,-1.39298416202735,0.163624580082881,0.00989206526831032,0.0496801500141807,TRUE,0.33468664107862,FALSE
"NLOT1","Nucleus of the lateral olfactory tract, molecular layer","cortical_plate","423",2.28019346974302,0.0225962164777565,1.06034706872869,0.288986733179378,-1.29482704942523,0.195379898564063,0.0897605409138207,0.188705881363009,FALSE,NA,NA
"PRC","Precommissural nucleus","midbrain","833",0.548121728681678,0.583608321691159,2.10892721722363,0.0349508644862845,1.65784090492222,0.0973495825701152,0.094917362678738,0.195467913262153,FALSE,NA,NA
"AUDpo5","Posterior auditory area, layer 5","cortical_plate","147",1.37481826819708,0.169187793059218,1.84223881591865,0.065440224985882,0.497067272947668,0.619141612282058,0.196925409349734,0.32604500009553,FALSE,NA,NA
"AUDv4","Ventral auditory area, layer 4","cortical_plate","153",3.44399875352758,0.000573178344675106,2.92573007551388,0.00343648962467749,-0.550856662313113,0.581731937896554,0.00837808371143378,0.0437170564783101,TRUE,0.723311160586881,FALSE
"AUDd1","Dorsal auditory area, layer 1","cortical_plate","123",3.7014904827005,0.000214336697286042,0.990837002397457,0.321765177904495,-2.87976505807073,0.00397971614149806,0.00161001377813941,0.0159551780068042,TRUE,0.037680197753019,TRUE
"SSp-bfd6b","Primary somatosensory area, barrel field, layer 6b","cortical_plate","57",-1.35719179614583,0.174720276773956,-0.775402671702399,0.438101756906201,0.616848141908689,0.537334894592212,0.405141145403845,0.535449700943093,FALSE,NA,NA
"CS","Superior central nucleus raphe","hindbrain","908",0.652276251887092,0.514222977183034,1.58441961430138,0.113098261297857,0.989731584040509,0.322305332994234,0.288270249688965,0.425810957056903,FALSE,NA,NA
"AId6a","Agranular insular area, dorsal part, layer 6a","cortical_plate","283",3.49102721266564,0.000481167241667784,2.68151293678424,0.00732900806031155,-0.860582676288883,0.389467930548567,0.00715090284238196,0.0409140263893246,TRUE,0.556382757926525,FALSE
"SOCm","Superior olivary complex, medial part","hindbrain","888",0.476204313824569,0.633928826518664,-0.291613227736459,0.7705823605561,-0.814196343989742,0.415532479572287,0.714832646070265,0.807760890059399,FALSE,NA,NA
"VISpl1","Posterolateral visual area, layer 1","cortical_plate","193",1.42138452417157,0.155205003035797,0.549886683209532,0.582397098592501,-0.930049803698615,0.352345298670244,0.360317865325375,0.493526288263847,FALSE,NA,NA
"AUDpo6b","Posterior auditory area, layer 6b","cortical_plate","149",-1.84183362197556,0.0654994903924146,-0.29063828915592,0.771327973021752,1.63456440580568,0.102140394426675,0.151220213540952,0.268914674498863,FALSE,NA,NA
"SubG","Subgeniculate nucleus","diencephalon","710",0.232599311204431,0.816072562223228,0.575304485805469,0.565085388253828,0.365760521696492,0.714543780729471,0.842088970760661,0.895586387726633,FALSE,NA,NA
"ND","Nucleus of Darkschewitsch","midbrain","835",0.0747262471445265,0.940432523852226,2.16172043133732,0.0306397318170005,2.2429284020931,0.0249014318973804,0.0448695834935013,0.122175010476281,FALSE,NA,NA
"GU6b","Gustatory areas, layer 6b","cortical_plate","113",1.93293592614698,0.05324409148127,1.76227346368799,0.0780231051141192,-0.184811458596122,0.853376920021472,0.144188132382447,0.258623158082802,FALSE,NA,NA
"FRP2/3","Frontal pole, layer 2/3","cortical_plate","8",4.21685584544352,2.47732228088286e-05,1.13553578023706,0.2561508990877,-3.34107685565153,0.000834541182790582,0.000451077543505596,0.00755137220979738,TRUE,0.0250362354837175,TRUE
"LAV","Lateral vestibular nucleus","hindbrain","985",-0.592140113595719,0.553756767398784,-0.0173688701770567,0.986142343408189,0.60877651479339,0.54267258240015,0.788094834995274,0.851856050726129,FALSE,NA,NA
"OV","Vascular organ of the lamina terminalis","diencephalon","745",2.22449538828879,0.0261151324445079,2.25751157154712,0.0239761272561682,0.035451820226264,0.971719464091487,0.0628777581461464,0.152143561661179,FALSE,NA,NA
"AD","Anterodorsal nucleus","diencephalon","679",1.2380565160202,0.21569510585756,1.98164248088096,0.0475192690719707,0.798809298189138,0.424400998193926,0.166021131411314,0.288621351530438,FALSE,NA,NA
"SSp-m6b","Primary somatosensory area, mouth, layer 6b","cortical_plate","78",-1.71744397368519,0.0858980829109527,-0.959877058858743,0.337117093469979,0.80530361670699,0.420644495234903,0.237390180124396,0.367466991151463,FALSE,NA,NA
"VPMpc","Ventral posteromedial nucleus of the thalamus, parvicellular part","diencephalon","650",2.52162949962821,0.0116812670001558,1.80095157043385,0.0717105135812026,-0.820814328754816,0.411752035576204,0.0599743512502666,0.150602259806225,FALSE,NA,NA
"MH","Medial habenula","diencephalon","712",-0.31781156919535,0.750627874407287,0.405989477289959,0.684750332111923,0.76768776469141,0.442672706923384,0.745012037405234,0.827384375693282,FALSE,NA,NA
"AUDpo1","Posterior auditory area, layer 1","cortical_plate","144",2.46562760391201,0.0136773448722352,3.79225228092149,0.000149287139512128,1.51279780353053,0.130331026935074,0.00251806709565661,0.0196235573661515,TRUE,0.295083248643817,FALSE
"PO","Posterior complex of the thalamus","diencephalon","669",0.0322865083930129,0.974243568339382,1.98897234140934,0.0467042559278048,2.08751700258666,0.0368414257487244,0.0629443496253109,0.152143561661179,FALSE,NA,NA
"GR","Gracile nucleus","hindbrain","928",0.356747233991294,0.721281041457985,0.402525946650945,0.687296996869993,0.0487321964589308,0.961132717285146,0.912909322164114,0.94183292224027,FALSE,NA,NA
"INC","Interstitial nucleus of Cajal","midbrain","834",0.481217792517059,0.630361716576957,-0.946023595773939,0.344136551371053,-1.5044496378573,0.13246563151704,0.338047700328402,0.474526585554155,FALSE,NA,NA
"FC","Fasciola cinerea","cortical_plate","490",1.50518476625935,0.132276580586854,1.00837220500956,0.313275811292753,-0.527712963521047,0.597698574270834,0.345259282274288,0.482768489745622,FALSE,NA,NA
"ACAd6b","Anterior cingulate area, dorsal part, layer 6b","cortical_plate","231",-1.14437113851145,0.252469752290213,-1.58280674349954,0.11346551923877,-0.465126635537958,0.641840772689723,0.276424048371121,0.412355346084972,FALSE,NA,NA
"VISC6b","Visceral area, layer 6b","cortical_plate","120",1.38638023211649,0.165630829360757,2.09456303246508,0.0362098543196829,0.757754195756022,0.448598147858891,0.137287196107629,0.248215250562592,FALSE,NA,NA
"RSPd4","Retrosplenial area, dorsal part, layer 4","cortical_plate","328",2.73208921303349,0.00629340971693834,1.49117083065767,0.135916649843108,-1.36451505750153,0.17240551842882,0.0465373211043671,0.124466681296887,FALSE,NA,NA
"PPY","Parapyramidal nucleus","hindbrain","981",-0.765667113250603,0.443874399909624,-0.286293967851235,0.774652977822126,0.508090438429366,0.611389920442384,0.740764956928951,0.826730272918236,FALSE,NA,NA
"PBG","Parabigeminal nucleus","midbrain","814",0.838412386573637,0.401799135160081,1.36706957788464,0.171603497804895,0.562592452185031,0.573712432833721,0.407468793684521,0.536955961356862,FALSE,NA,NA
"RL","Rostral linear nucleus raphe","midbrain","863",2.29811498704794,0.021555245484461,1.97411073719103,0.0483691527150656,-0.355692232097864,0.72207106298809,0.0716024489891888,0.164285822046261,FALSE,NA,NA
"IG","Induseum griseum","cortical_plate","491",2.6767124904599,0.00743484041574747,1.80454306902594,0.07114621374389,-0.987452912190092,0.323420656025863,0.0443403522210055,0.121465692144815,FALSE,NA,NA
"SSp-n6b","Primary somatosensory area, nose, layer 6b","cortical_plate","50",-2.42130712737878,0.0154648051974464,-1.26590220776841,0.205548095893964,1.24210740270325,0.214196937640315,0.0645869408689039,0.153648933014445,FALSE,NA,NA
"RO","Nucleus raphe obscurus","hindbrain","996",-1.89763721588957,0.0577438883958492,-1.27116391875467,0.203670339718752,0.723710148630025,0.469243701306431,0.164679293676922,0.287393979698722,FALSE,NA,NA
"LT","Lateral terminal nucleus of the accessory optic tract","midbrain","853",0.345067345448893,0.730043741968471,1.39798456518529,0.162117702218842,1.15295834205748,0.248927483505851,0.317523416599911,0.454179064250506,FALSE,NA,NA
"IV","Trochlear nucleus","midbrain","850",-0.975139996817108,0.329490821035997,0.897024067432748,0.369706074615325,1.95067071721617,0.0510962289140451,0.161410792088941,0.28388201565837,FALSE,NA,NA
"III","Oculomotor nucleus","midbrain","847",-0.347292517253223,0.728371571738937,0.298532409221235,0.765296844171012,0.684079421676188,0.493925015479595,0.793149823632187,0.853580286385116,FALSE,NA,NA
"VTN","Ventral tegmental nucleus","midbrain","851",0.0634841860270575,0.949380951563463,0.184773036334855,0.85340705756151,0.128935470625762,0.897408709412716,0.98188284262649,0.988443307053839,FALSE,NA,NA
"PAS","Parasolitary nucleus","hindbrain","972",0.655323139214031,0.512259725882138,0.312276169560608,0.754830649075749,-0.366758306176754,0.713799310448191,0.806190222503574,0.86350232362942,FALSE,NA,NA
"ASO","Accessory supraoptic group","diencephalon","718",1.19399362052422,0.232480463531479,0.383118350310945,0.701632014201529,-0.881896565275386,0.377832744657685,0.453427849713193,0.585569680201038,FALSE,NA,NA
"SMT","Submedial nucleus of the thalamus","diencephalon","689",1.51565490054678,0.129606637078397,1.41517515296719,0.157017147729745,-0.11500240221606,0.908443217985845,0.267858424035466,0.402232583601431,FALSE,NA,NA
"PL6b","Prelimbic area, layer 6b","cortical_plate","244",-0.294606050974904,0.768294839221615,-0.464266681851554,0.642456691815551,-0.179699225128001,0.857388701799838,0.896373067568117,0.933549830739145,FALSE,NA,NA
"AId6b","Agranular insular area, dorsal part, layer 6b","cortical_plate","284",2.11960420356915,0.0340394376912984,1.80724204398023,0.0707245480927106,-0.364436198252327,0.71553230893674,0.0953741589238422,0.195467913262153,FALSE,NA,NA
"PCN","Paracentral nucleus","diencephalon","699",1.02076632094853,0.307365164419542,1.25751561003275,0.208566990139933,0.254035540541228,0.799468101125836,0.444376167006814,0.575524434060401,FALSE,NA,NA
"PD","Posterodorsal preoptic nucleus","diencephalon","746",0.672616153113484,0.501191522540174,1.2444703494686,0.213326505407029,0.62181383014245,0.534064291224982,0.467890949044035,0.597420081830237,FALSE,NA,NA
"SFO","Subfornical organ","diencephalon","753",2.42542525710589,0.0152904639398168,2.22943208879418,0.0257851691581962,-0.210573035639243,0.833220454961134,0.0889554816153032,0.188705881363009,FALSE,NA,NA
"VISal1","Anterolateral visual area, layer 1","cortical_plate","165",2.48517444789392,0.012948796316273,0.929465412699777,0.352647941798789,-1.66852519659349,0.0952115143670598,0.0501541106720573,0.131800337347499,FALSE,NA,NA
"IAD","Interanterodorsal nucleus of the thalamus","diencephalon","681",1.27242940545632,0.203220591737043,2.37308427836338,0.0176402383409356,1.17683472391307,0.239261480121788,0.0792105641465956,0.177243440565649,FALSE,NA,NA
"VI","Abducens nucleus","hindbrain","948",-0.195920823427393,0.84467213838036,1.22181695589347,0.221776855001946,1.504389850919,0.132481015955024,0.273410356217596,0.409210202021038,FALSE,NA,NA
"FRP1","Frontal pole, layer 1","cortical_plate","7",3.1127100564658,0.00185378040527532,1.2800490271284,0.20052789386082,-1.95148550660526,0.0509993186451758,0.0132448350247333,0.0623610982414525,FALSE,NA,NA
"SSs6b","Supplemental somatosensory area, layer 6b","cortical_plate","106",-0.790411840357496,0.429287289574639,0.26726635521104,0.789264089451654,1.12113445141181,0.262230635991897,0.525804815128635,0.6423345309139,FALSE,NA,NA
"CLI","Central linear nucleus raphe","midbrain","864",-0.500031415562093,0.617052956965442,0.41077994563069,0.681233899561549,0.965580966762923,0.33425390312234,0.632550963217815,0.742631260712863,FALSE,NA,NA
"y","Nucleus y","hindbrain","991",-2.57527604420449,0.0100160113812914,-0.93840174476749,0.348037989640183,1.73695570219376,0.0823949901913257,0.0485025266619026,0.128959659124588,FALSE,NA,NA
"IMD","Intermediodorsal nucleus of the thalamus","diencephalon","684",0.548487639363939,0.583357114290276,0.22399220509468,0.822763368581668,-0.344472761315314,0.730490777314571,0.856569938554277,0.903034801394381,FALSE,NA,NA
"SLC","Subceruleus nucleus","hindbrain","916",-0.57356633792838,0.566261296294443,-0.611265915416561,0.541023551945926,-0.0399228308400551,0.968154649232554,0.796124217027138,0.854746190252414,FALSE,NA,NA
"VPM","Ventral posteromedial nucleus of the thalamus","diencephalon","649",1.79386688049467,0.0728344188413643,-0.0661783105035731,0.94723586462388,-1.97598575133196,0.0481563910131835,0.088725845267408,0.188705881363009,FALSE,NA,NA
"VISpm6b","posteromedial visual area, layer 6b","cortical_plate","205",0.13148802329558,0.895389260343101,-0.689342284580244,0.490607894285261,-0.869782841888536,0.384419089906759,0.662759952304973,0.766189903983866,FALSE,NA,NA
"SSp-tr6b","Primary somatosensory area, trunk, layer 6b","cortical_plate","92",0.571344301340501,0.567766277063119,0.418884407974942,0.675300612732612,-0.162072127544147,0.871249054978697,0.845926291300728,0.897555595464623,FALSE,NA,NA
"VISl1","Lateral visual area, layer 1","cortical_plate","179",2.677967408879,0.00740704252087566,0.87410028146818,0.382063644235337,-1.92500549003637,0.0542286714172742,0.0290758174988964,0.0952338370253709,FALSE,NA,NA
"V","Motor nucleus of trigeminal","hindbrain","902",1.14837920756617,0.250812053396927,0.451017957523193,0.651976606525597,-0.740529554728091,0.458978734835437,0.510105367675612,0.631692126546237,FALSE,NA,NA
"SPVO","Spinal nucleus of the trigeminal, oral part","hindbrain","939",0.407539443451111,0.683611830525578,-0.146703714484878,0.883365886595367,-0.587940670104337,0.556572116731641,0.831005717817791,0.885883453900098,FALSE,NA,NA
"SPVC","Spinal nucleus of the trigeminal, caudal part","hindbrain","937",0.395490214577848,0.692481141902903,1.88026166798092,0.0600724247143614,1.57762809460198,0.114651074175698,0.130830768384071,0.240388241095935,FALSE,NA,NA
"VISal6b","Anterolateral visual area, layer 6b","cortical_plate","170",-1.02141419370689,0.307058243443381,-1.50134493611401,0.133266368040234,-0.509245093366205,0.610580438892812,0.322344473812916,0.458175164035969,FALSE,NA,NA
"ENTmv","Entorhinal area, medial part, ventral zone","cortical_plate","517",3.0186917568718,0.00253868684500544,4.65290148434325,3.27296641319799e-06,1.74340681728179,0.0812625783243057,0.000548252936603988,0.00854518370155181,TRUE,0.23592361448992,FALSE
"VISl6b","Lateral visual area, layer 6b","cortical_plate","184",-2.90134040713369,0.00371569994664966,-0.937915400806499,0.348287887932552,2.08723353373815,0.0368670296091729,0.0216467041757953,0.0815359190621622,FALSE,NA,NA
"MOs6b","Secondary motor area, layer 6b","cortical_plate","29",-0.727455212911571,0.466947142023863,-1.69372026231174,0.090318452279217,-1.02446160100912,0.30561729886082,0.250505222549837,0.381859231421579,FALSE,NA,NA
"XII","Hypoglossal nucleus","hindbrain","990",0.426844962660704,0.669492254878669,-0.567837419852774,0.570145368354578,-1.05435501244517,0.291720410896236,0.581184789795061,0.696805106067288,FALSE,NA,NA
"AUDpo2/3","Posterior auditory area, layer 2/3","cortical_plate","145",2.81969497436938,0.00480693184800832,3.13137922188466,0.00173987334661729,0.333956797857682,0.738412159178814,0.0117767615711856,0.0572375938728589,FALSE,NA,NA
"VISam6b","Anteromedial visual area, layer 6b","cortical_plate","177",-0.697559916973916,0.485452456131666,-0.613414746735398,0.539602137722082,0.0891499294188663,0.92896275739128,0.752041219965349,0.831106678299114,FALSE,NA,NA
"CM","Central medial nucleus of the thalamus","diencephalon","698",0.627757703461263,0.530162677990544,0.663000585142839,0.507330179319437,0.037415760506838,0.970153506402389,0.776373891467976,0.847635263148611,FALSE,NA,NA
"SSp-ul1","Primary somatosensory area, upper limb, layer 1","cortical_plate","80",3.95765696355656,7.56885497533991e-05,1.40019346199094,0.161455393165498,-2.73177067777577,0.00629949711796329,0.00124269287882106,0.014042429530678,TRUE,0.0436119031243613,TRUE
"ORBl6a","Orbital area, lateral part, layer 6a","cortical_plate","262",-0.0103361330867767,0.991753105835631,-0.167285592199672,0.867145340155513,-0.166444239942957,0.867807361034999,0.981387471051188,0.988443307053839,FALSE,NA,NA
"PF","Parafascicular nucleus","diencephalon","701",0.490771427234941,0.623588121049918,1.14198319078408,0.253461006767688,0.69217655431157,0.488826460569818,0.520403626803615,0.638685126596952,FALSE,NA,NA
"GU1","Gustatory areas, layer 1","cortical_plate","108",4.18200896887449,2.88944568617577e-05,2.40290060827466,0.0162656076639932,-1.90052792196321,0.0573638743098401,0.00160156324063576,0.0159551780068042,TRUE,0.176442289767648,FALSE
"LD","Lateral dorsal nucleus of thalamus","diencephalon","682",0.576618672757999,0.564197082327577,0.846796351108341,0.39710864244148,0.287004099129606,0.774109181566868,0.698409758469135,0.796864646402141,FALSE,NA,NA
"SPA","Subparafascicular area","diencephalon","655",0.247790148834559,0.804296777374548,-0.0755432231888514,0.939782508631962,-0.342981167139126,0.731612628222398,0.937734559943219,0.958950273969084,FALSE,NA,NA
"TMv","Tuberomammillary nucleus, ventral part","diencephalon","771",1.16741988942993,0.243040842825467,1.25016865764207,0.211237943499817,0.0882129432668558,0.929707430182545,0.415732989316173,0.546253811543343,FALSE,NA,NA
"AUDpo6a","Posterior auditory area, layer 6a","cortical_plate","148",0.370677540475053,0.710877720579997,1.66282606574281,0.0963472573821037,1.37782177291152,0.168258321965501,0.20942203918964,0.339278715819775,FALSE,NA,NA
"IO","Inferior olivary complex","hindbrain","960",-1.29027721347095,0.196954425545473,-0.620337936805903,0.535035323495861,0.710215983293894,0.477570210766636,0.44271027815314,0.575014499210401,FALSE,NA,NA
"MDRNd","Medullary reticular nucleus, dorsal part","hindbrain","969",-1.69699197997739,0.089698176800098,0.260050588660543,0.794824751443044,2.06753544267363,0.0386837280741072,0.119713954300901,0.224537774968884,FALSE,NA,NA
"RPA","Nucleus raphe pallidus","hindbrain","995",-1.07727727119518,0.28135641324733,-0.339936678358524,0.733904214343567,0.780773775265202,0.434935560727091,0.546244074469046,0.663715918440883,FALSE,NA,NA
"RH","Rhomboid nucleus","diencephalon","697",0.38105811921661,0.703160123081868,-0.266634614895663,0.789750501337878,-0.686914911276922,0.492136349806076,0.788898638807254,0.851856050726129,FALSE,NA,NA
"RSPd6b","Retrosplenial area, dorsal part, layer 6b","cortical_plate","331",1.63222456343618,0.102632188018316,0.494019143602461,0.621292659695755,-1.21826680612116,0.223122599782741,0.240643974319026,0.371232342635494,FALSE,NA,NA
"NTB","Nucleus of the trapezoid body","hindbrain","930",-1.49832862293138,0.134047890979702,-1.61913379963405,0.105418477860551,-0.128476001876884,0.897772288550479,0.202508046665685,0.332849589428689,FALSE,NA,NA
"RPO","Nucleus raphe pontis","hindbrain","915",-0.781135412611743,0.434722855879885,-1.04822349742782,0.294535646998013,-0.283512135383765,0.776784280435107,0.558268950035323,0.674699372769963,FALSE,NA,NA
"x","Nucleus x","hindbrain","989",-0.147643192906069,0.882624365620071,-0.303090119739018,0.76182118354298,-0.164802996979721,0.869099045051123,0.954855672207175,0.967701264209962,FALSE,NA,NA
"EW","Edinger-Westphal nucleus","midbrain","849",0.220336381821591,0.825609187710472,0.864276795181013,0.387435854318947,0.684182938637661,0.493859654437815,0.654874785525052,0.760934198090806,FALSE,NA,NA
"VAL","Ventral anterior-lateral complex of the thalamus","diencephalon","644",1.9328866924006,0.0532501575750763,1.34138666928468,0.179794943452393,-0.636038948016236,0.524751036582132,0.18144858557672,0.308326167972472,FALSE,NA,NA
"ACAv6b","Anterior cingulate area, ventral part, 6b","cortical_plate","237",-0.648055594870173,0.516948993072318,-1.19460478000393,0.232241480798235,-0.579187170776379,0.562462886388657,0.495972876621167,0.620996510340076,FALSE,NA,NA
"SSp-tr1","Primary somatosensory area, trunk, layer 1","cortical_plate","87",2.57483463528788,0.0100288021713599,-0.456681982096649,0.64789964338352,-3.19179321426341,0.00141392518647554,0.00930161324767598,0.0472396537971859,TRUE,0.0254506533565597,TRUE
"MDRNv","Medullary reticular nucleus, ventral part","hindbrain","970",0.761742960313537,0.446213429653663,1.79917360244042,0.0719912237472115,1.1045770621178,0.269342894804332,0.207621175401723,0.337571119717909,FALSE,NA,NA
"ICB","Infracerebellar nucleus","hindbrain","959",-0.240416956544187,0.810007034217783,0.447346317608298,0.654625029365806,0.729299752256109,0.465818323794456,0.760752327900608,0.834611777211346,FALSE,NA,NA
"CU","Cuneate nucleus","hindbrain","927",-0.0680485848436535,0.945746958774594,0.810723262610275,0.417524611161962,0.93260097078527,0.351026031961665,0.58681261036163,0.701691269532955,FALSE,NA,NA
"VLPO","Ventrolateral preoptic nucleus","diencephalon","755",-1.2854520222993,0.198634372140663,-1.69911006265924,0.0892984477563251,-0.438547859089269,0.660989184779847,0.224374006616,0.352142538161223,FALSE,NA,NA
"SH","Septohippocampal nucleus","cerebral_nuclei","591",2.51060838625117,0.0120523317106397,1.69303425642584,0.0904489468497032,-0.881319210687176,0.378145071129755,0.0640889447590165,0.153270915508336,FALSE,NA,NA
"LM","Lateral mammillary nucleus","diencephalon","763",0.397611599298424,0.690916509008862,0.477674960823223,0.632881568531084,0.08521857822372,0.932087621020424,0.883794879957734,0.924711309585407,FALSE,NA,NA
"PST","Preparasubthalamic nucleus","diencephalon","792",3.01433590649858,0.00257542487050706,2.57045376176605,0.0101565384061177,-0.478454687464354,0.632326617965955,0.0139308502067731,0.0636034777117317,FALSE,NA,NA
"TMd","Tuberomammillary nucleus, dorsal part","diencephalon","770",0.103252984861168,0.917762188750562,0.0318859381756918,0.974563012648768,-0.075702188687533,0.939656034671765,0.994206637395351,0.996411086702214,FALSE,NA,NA
"AIv6a","Agranular insular area, ventral part, layer 6a","cortical_plate","295",2.20288776986786,0.0276026598402972,2.16269163239105,0.0305649051123767,-0.0430523284414978,0.965659820428349,0.073799139536473,0.168214226357555,FALSE,NA,NA
"LC","Locus ceruleus","hindbrain","911",-1.05617539443124,0.290888090066838,0.679368860180961,0.49690417542919,1.83295630959381,0.0668090686840017,0.205834596540028,0.335874504101417,FALSE,NA,NA
"NR","Nucleus of Roller","hindbrain","978",-2.08311438077856,0.0372407988587004,-2.19930706250912,0.0278560958666635,-0.12577432694844,0.899910564490808,0.0538206316376039,0.14051803758631,FALSE,NA,NA
"SUT","Supratrigeminal nucleus","hindbrain","900",0.607320325070662,0.543638352366243,0.738724573047161,0.460074261184349,0.139467548909158,0.889080697509225,0.74799655832422,0.828662853829773,FALSE,NA,NA
"SPVI","Spinal nucleus of the trigeminal, interpolar part","hindbrain","938",0.112613541635817,0.910336948674885,1.05339500767841,0.292159991295123,0.999294557829571,0.31765202098548,0.484362434428454,0.611541397658272,FALSE,NA,NA
"AUDpo4","Posterior auditory area, layer 4","cortical_plate","146",1.57199582536222,0.115951519381746,1.93363258346713,0.0531583181324944,0.38765043321694,0.698274741358995,0.162558844423789,0.284793014261832,FALSE,NA,NA
"BLAv","Basolateral amygdalar nucleus, ventral part","cortical_subplate","565",2.15441760674487,0.0312074370406422,2.97254937022251,0.00295337708041383,0.869258775424515,0.38470560578104,0.022237655080386,0.0825004291548779,FALSE,NA,NA
"IAM","Interanteromedial nucleus of the thalamus","diencephalon","680",-0.0452325657596102,0.963921937083486,-1.06722328197395,0.285871021617086,-1.08317196900375,0.278732099205795,0.479999811015274,0.609437962300292,FALSE,NA,NA
"MD","Mediodorsal nucleus of thalamus","diencephalon","685",-0.111588785124413,0.91114946465532,1.40099163559301,0.161216574378903,1.60463315687322,0.108574560072407,0.220166747580084,0.349176736512975,FALSE,NA,NA
"ILA5","Infralimbic area, layer 5","cortical_plate","249",1.82781305046935,0.0675776139229959,1.68828811315245,0.0913559359161862,-0.148050492657493,0.882302919898575,0.16826565271253,0.291402586306758,FALSE,NA,NA
"RSPv6a","Retrosplenial area, ventral part, layer 6a","cortical_plate","337",1.47658257190893,0.139787566272138,0.0306594342081486,0.975541142753714,-1.53375923483105,0.125088895173839,0.214819469917847,0.343103888349352,FALSE,NA,NA
"PL2/3","Prelimbic area, layer 2/3","cortical_plate","241",3.69643277066849,0.000218650125940622,3.01854946593345,0.00253987933944343,-0.719697932910189,0.471710999250444,0.00397753576391291,0.0272400934134642,TRUE,0.606485570464857,FALSE
"AUDd6a","Dorsal auditory area, layer 6a","cortical_plate","127",1.53784249050896,0.124087131543628,0.827698227143402,0.407841423409261,-0.753352362369783,0.451238201023254,0.325130498081585,0.459597335822733,FALSE,NA,NA
"AAA","Anterior amygdalar area","cerebral_nuclei","593",1.83071962487689,0.0671424023474652,2.12646459080467,0.0334645945724059,0.313795396341648,0.753676441105559,0.101814806576837,0.20453463365658,FALSE,NA,NA
"SSs2/3","Supplemental somatosensory area, layer 2/3","cortical_plate","102",4.47763525848268,7.54744082457018e-06,2.62010894386712,0.00879016806095845,-1.97079845418493,0.0487469336019668,0.000829681600181154,0.0113641237358146,TRUE,0.157280274692418,FALSE
"PVT","Paraventricular nucleus of the thalamus","diencephalon","692",-1.19030157155293,0.233927883329858,-0.957958195357539,0.338083839177658,0.246429629113239,0.805349672572516,0.460235120837592,0.589382581298746,FALSE,NA,NA
"AUDv5","Ventral auditory area, layer 5","cortical_plate","154",2.85900863826091,0.00424967212264785,2.01267527527397,0.0441488021133234,-0.898010400484736,0.369180004698652,0.0298551634004885,0.097082977388639,FALSE,NA,NA
"ILA2/3","Infralimbic area, layer 2/3","cortical_plate","248",3.893826982305,9.86750409867349e-05,3.88901109051385,0.000100653518812988,-0.00511284381675076,0.995920558630389,0.000972340952970052,0.0125570888783561,TRUE,0.997212962717323,FALSE
"PAL","Pallidum","cerebral_nuclei","608",2.72778399173785,0.00637613460692411,2.38417723376716,0.0171173562820467,-0.364647133915809,0.715374826095604,0.0275362974027054,0.0917291672532337,FALSE,NA,NA
"SSp-ul5","Primary somatosensory area, upper limb, layer 5","cortical_plate","83",1.95949738952319,0.0500545653011213,0.438758897383472,0.660836245671295,-1.61325211618886,0.106689745003722,0.115124855921261,0.218834742381929,FALSE,NA,NA
"PERI5","Perirhinal area, layer 5","cortical_plate","371",2.1903338879001,0.0285000308742114,1.48150640408866,0.138471679652495,-0.752035272052405,0.452029847482489,0.111353702598809,0.216947730925266,FALSE,NA,NA
"SSp-ul2/3","Primary somatosensory area, upper limb, layer 2/3","cortical_plate","81",4.2812154651821,1.85875277002787e-05,2.29712956434363,0.0216113796955587,-2.10563544241795,0.0352360315087021,0.00120501529423878,0.014042429530678,TRUE,0.128953654519299,FALSE
"RSPd6a","Retrosplenial area, dorsal part, layer 6a","cortical_plate","330",2.07742232782064,0.0377625971977358,0.88445126144138,0.376452661431646,-1.26569915090936,0.205620812443646,0.126661338512365,0.235600514434523,FALSE,NA,NA
"COAa","Cortical amygdalar area, anterior part","cortical_plate","427",2.69645585352121,0.00700816864136235,2.4691350411999,0.0135440095877033,-0.241200432843075,0.809399775441319,0.0278930762687026,0.0920267917770335,FALSE,NA,NA
"DMH","Dorsomedial nucleus of the hypothalamus","diencephalon","739",0.609899142409209,0.541928620650509,2.0824032012452,0.037305656292385,1.56210035032468,0.118264350386324,0.107779776750367,0.213668680224413,FALSE,NA,NA
"AUDp5","Primary auditory area, layer 5","cortical_plate","140",3.05179944353642,0.00227474032190576,2.88894518360709,0.00386536449991937,-0.172814663992584,0.862797110269874,0.0120302375278402,0.0578475251338697,FALSE,NA,NA
"SSp-bfd6a","Primary somatosensory area, barrel field, layer 6a","cortical_plate","56",0.00887242169375817,0.992920924591052,-0.216441507805032,0.828643614420292,-0.238978324314554,0.811122390521012,0.965379231206739,0.976177656611736,FALSE,NA,NA
"PAR","Parasubiculum","cortical_plate","523",0.332346539408911,0.739627601702433,0.0981425431018362,0.921819106055887,-0.248415140732639,0.803813220055807,0.941038441577286,0.960156604047253,FALSE,NA,NA
"RSPd5","Retrosplenial area, dorsal part, layer 5","cortical_plate","329",2.86006933506126,0.00423548394999687,1.63096013071697,0.10289873241511,-1.30431314577418,0.192126834974352,0.0346410269826302,0.105795568892898,FALSE,NA,NA
"BMA","Basomedial amygdalar nucleus","cortical_subplate","566",3.49906782000496,0.000466887809565212,4.64368484441862,3.42249506219644e-06,1.21483799737459,0.224427885433167,0.000349107179968056,0.00752635756432116,TRUE,0.392972740625541,FALSE
"SCdg","Superior colliculus, motor related, deep gray layer","midbrain","825",0.814179229434443,0.41554228255855,1.12280222888682,0.261521498547137,0.327391830609901,0.743371544548794,0.531884333310715,0.648010023332731,FALSE,NA,NA
"AUDd5","Dorsal auditory area, layer 5","cortical_plate","126",2.9244596514095,0.00345054809718577,1.60176916811372,0.109206663355634,-1.40332925833113,0.160518677275288,0.0263791729213282,0.090092207034909,FALSE,NA,NA
"RSPd2/3","Retrosplenial area, dorsal part, layer 2/3","cortical_plate","327",3.07322521954984,0.00211758604457281,1.29031360329202,0.19694179565049,-1.89184936752865,0.0585110535325932,0.0152230544966877,0.0674590258088514,FALSE,NA,NA
"AUDd2/3","Dorsal auditory area, layer 2/3","cortical_plate","124",4.97500330638294,6.5246526233498e-07,3.19453542370732,0.00140056095846938,-1.88958042963962,0.0588140965892161,0.000227600170063624,0.00649194481911841,TRUE,0.176442289767648,FALSE
"ECT5","Ectorhinal area/Layer 5","cortical_plate","376",2.76853801443463,0.00563084163159858,2.09911559895118,0.0358067116821768,-0.710323819319649,0.477503352244687,0.0325292637136678,0.102819770619426,FALSE,NA,NA
"TRN","Tegmental reticular nucleus","hindbrain","901",0.955518094724138,0.339315759228141,1.72664774704331,0.084230945284961,0.81818260848986,0.413252924289275,0.246362660756515,0.377477703938797,FALSE,NA,NA
"VTA","Ventral tegmental area","midbrain","818",2.03931391102442,0.0414187081527232,1.91145453925868,0.0559461936117946,-0.135698990387053,0.892059245892787,0.104965044880638,0.209452487109339,FALSE,NA,NA
"ACAd5","Anterior cingulate area, dorsal part, layer 5","cortical_plate","229",2.42473445841187,0.0153195876038838,0.996802380455789,0.31886044258958,-1.51506427912803,0.129756126638409,0.0626464722780753,0.152143561661179,FALSE,NA,NA
"OT","Olfactory tubercle","cerebral_nuclei","577",3.51279797823718,0.000443414485844494,2.34252323656941,0.0191538412365675,-1.24170938292941,0.214343806798484,0.00731250764438685,0.0413156681907857,TRUE,0.38581885223727,FALSE
"LGv","Ventral part of the lateral geniculate complex","diencephalon","707",1.34522181023185,0.178553614939969,2.0731946199581,0.0381541708898556,0.772653960001728,0.43972720078345,0.135669633621936,0.246275800791627,FALSE,NA,NA
"VISp4","Primary visual area, layer 4","cortical_plate","188",2.95110783461299,0.00316636350462878,1.98165359061231,0.0475180247813299,-1.02935099869013,0.303314766486342,0.0359616556562142,0.108364455710726,FALSE,NA,NA
"SSp-ul6a","Primary somatosensory area, upper limb, layer 6a","cortical_plate","84",-0.42911133023996,0.667842207189373,-0.996298460110838,0.319105151770064,-0.601534717528746,0.547483895396657,0.608131386070094,0.722210204470606,FALSE,NA,NA
"LDT","Laterodorsal tegmental nucleus","hindbrain","912",-1.46761868369222,0.142207829996183,0.662468068756584,0.507671292358802,2.25857449429255,0.0239098658664234,0.0925380374556176,0.192752041151793,FALSE,NA,NA
"SSs6a","Supplemental somatosensory area, layer 6a","cortical_plate","105",1.22135732955656,0.221950755785367,0.188703587005962,0.850325140076013,-1.09536551938236,0.273356533808517,0.399114631364721,0.532152841819628,FALSE,NA,NA
"ORBvl2/3","Orbital area, ventrolateral part, layer 2/3","cortical_plate","274",2.54383611725508,0.0109642512729904,2.85475469302305,0.00430700818259188,0.330018810783309,0.741385748709488,0.0254656500588478,0.0892284792759629,FALSE,NA,NA
"ACAv2/3","Anterior cingulate area, ventral part, layer 2/3","cortical_plate","234",1.84101789279805,0.0656189366703465,1.22092704935843,0.222113641879535,-0.657900424890802,0.510602117623084,0.211236769597963,0.340996499493855,FALSE,NA,NA
"SSp-ul4","Primary somatosensory area, upper limb, layer 4","cortical_plate","82",2.86802219659591,0.0041304655430699,1.49886855657135,0.133907734986572,-1.45343648992464,0.1461026012343,0.0302271854884906,0.0975906274342696,FALSE,NA,NA
"PL5","Prelimbic area, layer 5","cortical_plate","242",2.03245609550879,0.0421075041683793,1.27619299230856,0.201887305229485,-0.802535001699568,0.422243549874492,0.151710712383208,0.268914674498863,FALSE,NA,NA
"AIp5","Agranular insular area, posterior part, layer 5","cortical_plate","288",2.74042684895783,0.00613594389613608,2.16409160845326,0.0304573194151724,-0.611704999583031,0.540732953463817,0.0339071066553438,0.10518609348162,FALSE,NA,NA
"PRNr","Pontine reticular nucleus","hindbrain","914",0.997119127832627,0.318706689529053,1.43694231450455,0.150734385185219,0.466653006017953,0.640748156941181,0.367390015430507,0.499179330909294,FALSE,NA,NA
"ACAd1","Anterior cingulate area, dorsal part, layer 1","cortical_plate","227",3.43636625565137,0.000589573363531288,1.45658805504987,0.145230126909327,-2.1015116266418,0.0355960784587115,0.00625656563709998,0.0377062355729225,TRUE,0.128953654519299,FALSE
"TEa6a","Temporal association areas, layer 6a","cortical_plate","365",2.78668403737749,0.00532503714549118,2.40375292149197,0.0162277371388909,-0.406412359331973,0.684439640031135,0.0266045074515309,0.090092207034909,FALSE,NA,NA
"MS","Medial septal nucleus","cerebral_nuclei","617",2.09273645330049,0.0363726872458479,2.63358844909187,0.008448782690257,0.574101726033251,0.565898965422675,0.0408789781760592,0.116179232603804,FALSE,NA,NA
"SSp-bfd4","Primary somatosensory area, barrel field, layer 4","cortical_plate","54",3.67211393686443,0.000240552384736803,2.09934595712603,0.0357864149660717,-1.66971758292013,0.0949752532690595,0.00612729821636926,0.0374261999162014,TRUE,0.258568592530246,FALSE
"SSp-n2/3","Primary somatosensory area, nose, layer 2/3","cortical_plate","46",4.68841748144267,2.75325893927197e-06,2.50794387986329,0.0121435952134306,-2.3138963755949,0.0206734069824357,0.000445282155385973,0.00755137220979738,TRUE,0.0891110575941036,FALSE
"SSs5","Supplemental somatosensory area, layer 5","cortical_plate","104",2.93361106775418,0.00335043755831184,1.27697501161282,0.201611069461649,-1.7574990684235,0.0788327804951914,0.0214510387064558,0.0814778949186389,FALSE,NA,NA
"RSPagl2/3","Retrosplenial area, lateral agranular part, layer 2/3","cortical_plate","300",2.3389441696339,0.0193383231293297,1.15104138874801,0.249715208659479,-1.26069185880024,0.207419888263613,0.0880980270564776,0.188705881363009,FALSE,NA,NA
"MOs6a","Secondary motor area, layer 6a","cortical_plate","28",2.10207068551687,0.0355470843309318,-0.416889923069328,0.676758924573457,-2.67179276740577,0.00754472260747518,0.0241271099167657,0.0861502971441192,FALSE,NA,NA
"SSp-ll2/3","Primary somatosensory area, lower limb, layer 2/3","cortical_plate","67",3.24876390311774,0.00115907637278892,1.86769458711378,0.0618046535613947,-1.46605341382892,0.142633735837757,0.0176323351523388,0.0751869385741237,FALSE,NA,NA
"CLA","Claustrum","cortical_subplate","557",3.04266820064739,0.00234490728198476,3.35873893078715,0.000782990006433118,0.335482614497685,0.737261057242895,0.00565570655952463,0.0350188954096594,TRUE,0.864533408771225,FALSE
"CA2","Field CA2","cortical_plate","462",1.95361117137291,0.0507472184689873,1.7923974745369,0.0730693190621024,-0.171098374041149,0.864146414348461,0.129683673723501,0.239253144991929,FALSE,NA,NA
"SSp-ll5","Primary somatosensory area, lower limb, layer 5","cortical_plate","69",2.25067820255443,0.0244059263183719,0.532684719379468,0.594251845598257,-1.82273042512017,0.0683442298330283,0.0629112895996379,0.152143561661179,FALSE,NA,NA
"RSPv1","Retrosplenial area, ventral part, layer 1","cortical_plate","333",2.46021726680069,0.0138852928720042,1.89319466310619,0.0583319868829431,-0.60176235601231,0.547332336101244,0.0693662645530001,0.159967099887531,FALSE,NA,NA
"VISrl6b","Rostrolateral area, layer 6b","cortical_plate","359",2.80857011185531,0.00497620455951773,1.7253319814759,0.0844676615523903,-1.14955239525909,0.250328274824923,0.0362814877025485,0.108604188354648,FALSE,NA,NA
"RSPagl5","Retrosplenial area, lateral agranular part, layer 5","cortical_plate","301",2.05066649520783,0.0402994359349499,1.65250954129498,0.0984307217089486,-0.422542646955993,0.672628979103961,0.172620302743651,0.297272070562751,FALSE,NA,NA
"CTXsp","Cortical subplate","cortical_subplate","555",2.46860499319629,0.0135640854196599,3.22109353368003,0.00127702463589598,0.798453133663575,0.424607579797796,0.0114502814096643,0.0564860597277386,FALSE,NA,NA
"NDB","Diagonal band nucleus","cerebral_nuclei","618",2.5048974732217,0.0122486893419593,2.85491725967105,0.00430480422976309,0.371426343239249,0.710320007591742,0.0203694976666743,0.0800609821333633,FALSE,NA,NA
"COAp","Cortical amygdalar area, posterior part","cortical_plate","431",2.62863350469174,0.00857286975392161,3.46543828625707,0.000529368004809683,0.887867467576881,0.374612046069771,0.00693068221391802,0.040684004684298,TRUE,0.5437916797787,FALSE
"TEa5","Temporal association areas, layer 5","cortical_plate","364",3.02033786233811,0.0025249285464328,2.14230372533334,0.0321690492647016,-0.93162943282025,0.351528066849171,0.0198896260154723,0.0800609821333633,FALSE,NA,NA
"MY","Medulla","hindbrain","918",-0.342186117423323,0.73221083202112,-0.0329803787491701,0.973690234618615,0.327959590547018,0.742942216360913,0.927159243041438,0.952445404215295,FALSE,NA,NA
"MOp2/3","Primary motor area, Layer 2/3","cortical_plate","20",3.84955360696583,0.000118333284374995,1.44173492834974,0.149377166135367,-2.55423376898437,0.0106421779903771,0.00176909407289683,0.0162409927907293,TRUE,0.0563409423019966,FALSE
"AHN","Anterior hypothalamic nucleus","diencephalon","757",2.34800475515225,0.0188742803439449,4.84366658414031,1.27464758079345e-06,2.64844552908184,0.00808628792685839,0.000192664548331889,0.00649194481911841,TRUE,0.0454853695885785,TRUE
"MOs5","Secondary motor area, layer 5","cortical_plate","27",3.22673743720518,0.00125210298833583,0.212578117777404,0.831656040822503,-3.19722449577915,0.00138756889688962,0.00217811629363351,0.0186908784206403,TRUE,0.0254506533565597,TRUE
"AON","Anterior olfactory nucleus","cortical_plate","390",2.07088998644167,0.0383690781680333,1.87314734136528,0.0610480415571494,-0.209761805712891,0.833853584454693,0.114394574336244,0.218834742381929,FALSE,NA,NA
"MRN","Midbrain reticular nucleus","midbrain","820",1.81601036593381,0.0693687820319676,0.708309903517083,0.478752828347598,-1.1750024358924,0.239993741260356,0.196664910980621,0.32604500009553,FALSE,NA,NA
"SSp-bfd2/3","Primary somatosensory area, barrel field, layer 2/3","cortical_plate","53",4.45018017856859,8.57982764072158e-06,2.08205976464456,0.0373370110876799,-2.51228926247137,0.0119950722906883,0.000582417641208588,0.00860198193179849,TRUE,0.0599753614534415,FALSE
"RSPv2/3","Retrosplenial area, ventral part, layer 2/3","cortical_plate","335",2.2044236545135,0.0274945636385203,1.24300672346116,0.21386535588449,-1.01985248883683,0.307798425228695,0.113144477939685,0.218834742381929,FALSE,NA,NA
"MEA","Medial amygdalar nucleus","cerebral_nuclei","600",3.65397424037609,0.000258212185030332,4.26889638543304,1.96442488327602e-05,0.652489017981752,0.514085755120191,0.000589958937800339,0.00860198193179849,TRUE,0.65165799944813,FALSE
"TH","Thalamus","diencephalon","641",1.20700321413801,0.227430906165107,0.683195548622474,0.494483285064284,-0.55563041826105,0.578463532608225,0.493341886667485,0.61941814659362,FALSE,NA,NA
"LSr","Lateral septal nucleus, rostral (rostroventral) part","cerebral_nuclei","588",2.60150119136107,0.00928167427376491,2.84694424553208,0.00441410925104354,0.260381704964578,0.794569353699919,0.0197783383315318,0.0800609821333633,FALSE,NA,NA
"CP","Caudoputamen","cerebral_nuclei","573",1.77744444016385,0.0754951444859021,0.284844549352388,0.775763239914768,-1.58319084677972,0.113377972085815,0.155184220692305,0.273997139659852,FALSE,NA,NA
"SUB","Subiculum","cortical_plate","535",2.07004914275508,0.0384477427025028,1.85056955990201,0.0642315023037564,-0.232816376107789,0.815903996018691,0.113330011442713,0.218834742381929,FALSE,NA,NA
"PAG","Periaqueductal gray","midbrain","832",0.833862903587732,0.404358243528288,1.60011257484128,0.109573611857452,0.812788217339029,0.416339492152914,0.295426873601085,0.43106005081931,FALSE,NA,NA
"MOp5","Primary motor area, Layer 5","cortical_plate","21",2.56669865438894,0.0102671795722666,-0.025223915183888,0.979876361464809,-2.74920981737843,0.00597391324431151,0.0114971625994512,0.0564860597277386,FALSE,NA,NA
"DG-sg","Dentate gyrus, granule cell layer","cortical_plate","476",-2.36802801315677,0.0178831817997424,-2.750671713566,0.00594732120876127,-0.405837455807375,0.684862035564955,0.0207258990797624,0.080337162309515,FALSE,NA,NA
"CA1","Field CA1","cortical_plate","457",1.48830743057006,0.136669836261533,0.959154707286276,0.337480813798305,-0.561284196522919,0.574603813197382,0.346055289109694,0.482768489745622,FALSE,NA,NA
"SCiw","Superior colliculus, motor related, intermediate white layer","midbrain","827",2.24752044392687,0.02460678552749,1.25289144674839,0.210245215084785,-1.05507345906722,0.291391729460197,0.101278987164859,0.204366527671948,FALSE,NA,NA
"PG","Pontine gray","hindbrain","895",0.893067551153812,0.371820998720545,0.897083956154219,0.369674119128574,0.00426024071460046,0.996600829990811,0.610363491388875,0.722210204470606,FALSE,NA,NA
"CA3","Field CA3","cortical_plate","467",1.99802453063825,0.0457140007102875,1.66602651571707,0.0957081332725795,-0.352169601886802,0.72471107265198,0.134674907555917,0.2454558799003,FALSE,NA,NA
"HY","Hypothalamus","diencephalon","715",2.4605009177298,0.0138743217166063,2.82454321649332,0.00473480626245808,0.386178901426964,0.699364178287037,0.0213412165862238,0.0814778949186389,FALSE,NA,NA
"P","Pons","hindbrain","867",1.12048901604052,0.262505430689286,1.41743348900179,0.156356227302971,0.314975177388794,0.752780500889348,0.359186082490117,0.493526288263847,FALSE,NA,NA
"MB","Midbrain","midbrain","802",1.44879250855546,0.147395536519014,1.33393116653656,0.182226416263296,-0.121837646975078,0.903027598065025,0.308431286831553,0.446829941179044,FALSE,NA,NA
"SCig","Superior colliculus, motor related, intermediate gray layer","midbrain","828",2.65703691657597,0.00788308101244841,1.10696600425285,0.268308626726728,-1.64424008679673,0.100126619586038,0.0389333900013845,0.113534788907263,FALSE,NA,NA
"SSp-m4","Primary somatosensory area, mouth, layer 4","cortical_plate","75",2.57958205786147,0.00989199537998569,0.188206293225525,0.850714939365446,-2.53730624901968,0.0111709183992872,0.0153882036246599,0.0675288159062744,FALSE,NA,NA
"LHA","Lateral hypothalamic area","diencephalon","790",2.66258360028873,0.00775433048607683,3.60071267215174,0.00031734612733164,0.995159615843695,0.319658639572499,0.00450772527816179,0.0299631150842519,TRUE,0.509815050224727,FALSE
"PIR","Piriform area","cortical_plate","416",4.44683754612466,8.71436891943033e-06,4.44354456067203,8.84888187475068e-06,-0.00349304033088138,0.997212962717323,0.000248946661943195,0.00661905242343082,TRUE,0.997212962717323,FALSE
"DG-mo","Dentate gyrus, molecular layer","cortical_plate","474",1.44804557103899,0.147604306139805,0.0355355938608773,0.971652664492277,-1.49825154621825,0.134067907806491,0.237228271297142,0.367466991151463,FALSE,NA,NA
"APN","Anterior pretectal nucleus","midbrain","837",2.19690497586288,0.0280272334146392,-0.0411590220851681,0.967169121609648,-2.37440480605326,0.0175772679828545,0.035836225257721,0.108364455710726,FALSE,NA,NA
"TT","Taenia tecta","cortical_plate","398",3.42185378945243,0.00062195749656675,3.18552068356904,0.00144493774632725,-0.250745149829477,0.80201115099574,0.00484580960403624,0.0312900848717769,TRUE,0.891123501106378,FALSE
"MPO","Medial preoptic area","diencephalon","744",0.653778893078045,0.513254266765161,0.897812226948718,0.36928566501384,0.258853664000619,0.795748150650313,0.662788169154185,0.766189903983866,FALSE,NA,NA
"AUDp2/3","Primary auditory area, layer 2/3","cortical_plate","138",3.70878595734239,0.00020825537726114,3.02147492490706,0.00251546473797264,-0.729335601536509,0.465796399836603,0.00348214560284055,0.0249830128965703,TRUE,0.606485570464857,FALSE
"HPF","Hippocampal formation","cortical_plate","454",2.13953648351826,0.032392244461925,1.7665709393625,0.0773001114218641,-0.39567848806103,0.69234222710782,0.110650226723154,0.216737145403184,FALSE,NA,NA
"ZI","Zona incerta","diencephalon","798",1.87327403008542,0.0610305541231169,0.940915190466751,0.346748322442308,-0.989144792180528,0.322592305053717,0.191264249540245,0.320200412518128,FALSE,NA,NA
"PCG","Pontine central gray","hindbrain","894",-2.5688277816493,0.010204315603262,0.994482716171035,0.319987915847136,3.77823740206197,0.00015794227883803,0.00298190579684066,0.0217390551640641,TRUE,0.0142148050954227,TRUE
"POST","Postsubiculum","cortical_plate","527",3.09111233929863,0.00199408175012779,1.85325233317923,0.0638461998413908,-1.31334074555999,0.189068154487914,0.0192073054299852,0.0789245641304845,FALSE,NA,NA
"SCop","Superior colliculus, optic layer","midbrain","805",0.874232137902548,0.381991847494815,-0.264823848419398,0.791145164229466,-1.20817038862476,0.226981729232046,0.457313928403061,0.58890568557887,FALSE,NA,NA
"CEA","Central amygdalar nucleus","cerebral_nuclei","595",2.48197616769122,0.013065601354268,2.76663028880903,0.00566389474215773,0.302014275150064,0.762641180790596,0.0242059463214671,0.0861502971441192,FALSE,NA,NA
"MV","Medial vestibular nucleus","hindbrain","986",-1.75598353767376,0.0790912195316892,-0.55538107175907,0.578634036621127,1.27333632118302,0.202898723323571,0.212306002374212,0.341502893498733,FALSE,NA,NA
"SI","Substantia innominata","cerebral_nuclei","613",3.03015759210986,0.00244426164257899,2.65874024059826,0.00784334092409041,-0.39413311760798,0.693482761507089,0.0136757999566141,0.0636034777117317,FALSE,NA,NA
"ACAd2/3","Anterior cingulate area, dorsal part, layer 2/3","cortical_plate","228",3.07773843451064,0.00208577903722975,1.484855225763,0.137582178887562,-1.68994279745354,0.0910388987967363,0.0169618102277292,0.0730165545041297,FALSE,NA,NA
"SCsg","Superior colliculus, superficial gray layer","midbrain","806",0.778893588811522,0.436042400887281,-0.146631054355644,0.883423240779095,-0.981685256402598,0.326254931063982,0.578552843758001,0.696805106067288,FALSE,NA,NA
"VISp6a","Primary visual area, layer 6a","cortical_plate","190",1.13239563281954,0.257468140090895,0.411576713909087,0.680649702295472,-0.764590340838611,0.444515522688348,0.513445693104458,0.63285413437799,FALSE,NA,NA
"EPd","Endopiriform nucleus, dorsal part","cortical_subplate","559",3.22054714634365,0.00127946145870699,3.69634736408038,0.000218723659170201,0.504885527755911,0.613639239455675,0.00265059252958533,0.0199938354731891,TRUE,0.746317993932578,FALSE
"VISp5","Primary visual area, layer 5","cortical_plate","189",2.01460798373108,0.0439457402941665,0.321396829418682,0.747909685535708,-1.79605390174182,0.0724859449106439,0.0874688568617891,0.188266301435851,FALSE,NA,NA
"SSp-bfd5","Primary somatosensory area, barrel field, layer 5","cortical_plate","55",2.12380121146653,0.0336867696671839,0.310386518035026,0.756267045284924,-1.92360979934076,0.0544035118255373,0.066864299021844,0.155516708821905,FALSE,NA,NA
"MOs2/3","Secondary motor area, layer 2/3","cortical_plate","26",4.1213946930914,3.76585603749127e-05,1.61352811303123,0.106629820575037,-2.66079492956016,0.00779564205583627,0.000911405072332672,0.0121163262557167,TRUE,0.0454853695885785,TRUE
"MOp6a","Primary motor area, Layer 6a","cortical_plate","22",0.81251669628971,0.416495210094601,-0.892538875802882,0.372104165031461,-1.80842487587695,0.070540399200919,0.21387614006287,0.342808564923465,FALSE,NA,NA
"DG-po","Dentate gyrus, polymorph layer","cortical_plate","475",1.18726992856592,0.235121165621333,0.724260491266817,0.468905827548037,-0.491150136244091,0.623320263442818,0.504323738005517,0.626248158182675,FALSE,NA,NA
"PH","Posterior hypothalamic nucleus","diencephalon","788",-0.240950179251952,0.809593730167484,-0.429928368138593,0.667247748957799,-0.200437893124932,0.841138126314324,0.911772146421407,0.94183292224027,FALSE,NA,NA
"ACB","Nucleus accumbens","cerebral_nuclei","575",2.42800941762689,0.0151819490416282,2.11642453137429,0.0343087175141398,-0.330542098332413,0.740990388541193,0.0577810043482742,0.145905105952067,FALSE,NA,NA
"RSPv5","Retrosplenial area, ventral part, layer 5","cortical_plate","336",1.91823013063199,0.0550818372894803,0.458774523062588,0.646396091806899,-1.54809583425787,0.12159922490526,0.127788674340559,0.236723281975134,FALSE,NA,NA
"LPO","Lateral preoptic area","diencephalon","791",0.839835298367297,0.40100073907552,0.851819227736762,0.394314432782707,0.012711857479548,0.989857678330537,0.639307969556582,0.748619694921179,FALSE,NA,NA
"ENTm","Entorhinal area, medial part, dorsal zone","cortical_plate","507",1.12213319852861,0.261805810256834,1.33704788035174,0.181207008317724,0.227969529771157,0.819669928560624,0.394424117208987,0.527454736622669,FALSE,NA,NA
"PRE","Presubiculum","cortical_plate","531",2.34111112817294,0.0192264433727387,1.43632048193552,0.150911168478762,-0.959823969219897,0.337143816718739,0.0871516419667917,0.188266301435851,FALSE,NA,NA
"STR","Striatum","cerebral_nuclei","571",3.68232941029495,0.000231112513608183,3.32932619787702,0.000870563792053733,-0.374560752896716,0.70798716609554,0.00245877402456873,0.0194976466509661,TRUE,0.849584599314648,FALSE
"BST","Bed nuclei of the stria terminalis","cerebral_nuclei","621",1.48178339216851,0.138397939510286,1.87566872796408,0.0607007825778109,0.417846251511558,0.676059532166117,0.174993158492771,0.299609498631563,FALSE,NA,NA
"VISp2/3","Primary visual area, layer 2/3","cortical_plate","187",3.05111375466345,0.00227994178062405,2.0785443993594,0.0376592459627273,-1.03184855055283,0.302143071141195,0.0266003227647578,0.090092207034909,FALSE,NA,NA
"SSp-ll6a","Primary somatosensory area, lower limb, layer 6a","cortical_plate","70",0.633899638894103,0.526146321265449,-0.261243924334075,0.79390440713521,-0.949449167578257,0.342392213777651,0.622911055600061,0.734464641146052,FALSE,NA,NA
"ENTl","Entorhinal area, lateral part","cortical_plate","494",2.20479732777727,0.0274683196553487,2.50714370871911,0.0121711216392813,0.320711892875579,0.748428733800497,0.049198873500764,0.130046145159914,FALSE,NA,NA
"SBPV","Subparaventricular zone","diencephalon","751",0.353990256406657,0.723346185338493,0.881134455390774,0.37824505016423,0.559216134714055,0.576014222919837,0.672520975824399,0.775457859879154,FALSE,NA,NA
"AId2/3","Agranular insular area, dorsal part, layer 2/3","cortical_plate","281",3.43075992893848,0.000601893019487006,1.34728524471112,0.177888382437169,-2.21193529645369,0.0269711359883056,0.00561434185141607,0.0350188954096594,TRUE,0.110336465406705,FALSE
"PSV","Principal sensory nucleus of the trigeminal","hindbrain","873",1.45920534169273,0.144508599039815,0.633088667912889,0.526675742014073,-0.877096409246069,0.380434274877164,0.349688732898839,0.486336330062386,FALSE,NA,NA
"AUDd4","Dorsal auditory area, layer 4","cortical_plate","125",4.87245686438732,1.10218926044709e-06,3.98116711214051,6.85777127892213e-05,-0.948029068684069,0.343114656018832,0.00037658896970294,0.00752635756432116,TRUE,0.532419293822326,FALSE
"SSp-n4","Primary somatosensory area, nose, layer 4","cortical_plate","47",2.71207412451048,0.00668636389952876,0.5092443359817,0.610580969708372,-2.33788273316198,0.0193933322253728,0.0169441667067166,0.0730165545041297,FALSE,NA,NA
"PSTN","Parasubthalamic nucleus","diencephalon","793",2.58754047068472,0.00966638397217734,2.22658324040573,0.0259751400821177,-0.383869231347022,0.701075372306738,0.0368412325153252,0.109554191427151,FALSE,NA,NA
"VISam5","Anteromedial visual area, layer 5","cortical_plate","175",2.24485840295238,0.024777224068771,1.80512127488609,0.0710557065752537,-0.467182955291966,0.640368987291116,0.131394361462902,0.240446361867336,FALSE,NA,NA
"SCig-a","Superior colliculus, motor related, intermediate gray layer, sublayer a","midbrain","829",1.1359221610241,0.255989142626223,-0.914343795228559,0.360536224913888,-2.17397381024924,0.0297071021176494,0.110409159305442,0.216737145403184,FALSE,NA,NA
"RSPd1","Retrosplenial area, dorsal part, layer 1","cortical_plate","326",2.77566432431998,0.00550890528284915,0.694670164273303,0.487262029882679,-2.21022332768632,0.0270896667564076,0.0178250340558684,0.0752982747032947,FALSE,NA,NA
"ORBl2/3","Orbital area, lateral part, layer 2/3","cortical_plate","260",3.09361567112099,0.00197733454870086,2.95449563184936,0.00313180586972076,-0.147831313024679,0.882475896619582,0.0138364988220271,0.0636034777117317,FALSE,NA,NA
"AId5","Agranular insular area, dorsal part, layer 5","cortical_plate","282",2.71280310960628,0.00667167340800259,1.28950411061738,0.197222888196318,-1.51073185368623,0.130856783236505,0.0375176401474357,0.110116710043123,FALSE,NA,NA
"AIv2/3","Agranular insular area, ventral part, layer 2/3","cortical_plate","293",3.62472633134852,0.000289267598815731,2.76207454932917,0.00574353624772433,-0.916356283576519,0.359480056439037,0.00542070847205089,0.0345092990051691,TRUE,0.542110210790307,FALSE
"SSp-ll4","Primary somatosensory area, lower limb, layer 4","cortical_plate","68",3.01207308093993,0.00259470122654524,2.0173439373083,0.0436596334341221,-1.05738591673082,0.290335496276377,0.032020694166041,0.101925026500356,FALSE,NA,NA
"PVH","Paraventricular hypothalamic nucleus","diencephalon","720",-0.254978521735421,0.798739688240104,0.265984107492993,0.790251448670425,0.552561748219065,0.58056354111881,0.859081780087575,0.903034801394381,FALSE,NA,NA
"MG","Medial geniculate complex","diencephalon","658",2.06943344430403,0.0385054308366103,0.745928433508031,0.455710648047465,-1.40498078789447,0.160026991306009,0.11972036231748,0.224537774968884,FALSE,NA,NA
"MOp","Primary motor area","cortical_plate","18",2.39414984211094,0.0166589415057388,0.776363579137684,0.437534342788772,-1.7170704572685,0.0859662992726669,0.0561017501964489,0.143265486377372,FALSE,NA,NA
"VISam2/3","Anteromedial visual area, layer 2/3","cortical_plate","173",2.75267213756543,0.00591110615120572,0.923540357081276,0.355725679198209,-1.94257849961861,0.0520671067651595,0.0267087516430925,0.090092207034909,FALSE,NA,NA
"VISal2/3","Anterolateral visual area, layer 2/3","cortical_plate","166",3.85806573746464,0.000114287912367258,1.89701951741269,0.0578253622092095,-2.08385712056074,0.0371731657223917,0.00269910275719987,0.0199999089549892,TRUE,0.128953654519299,FALSE
"VISpm5","posteromedial visual area, layer 5","cortical_plate","203",2.3399530978819,0.0192861617277562,1.88315554939122,0.0596792909904029,-0.485277958423542,0.627479188531257,0.110766107495875,0.216737145403184,FALSE,NA,NA
"TU","Tuberal nucleus","diencephalon","797",5.00700264670737,5.52841670891037e-07,5.01670167472019,5.25660937950414e-07,0.0103091768626072,0.99177461264483,4.61984730073528e-05,0.00298310139990335,TRUE,0.997212962717323,FALSE
"IA","Intercalated amygdalar nucleus","cerebral_nuclei","599",1.8269866407203,0.0677017780544131,2.5115672649145,0.0120196376849879,0.727054713019313,0.467192439644429,0.057152713822515,0.145129363189757,FALSE,NA,NA
"NB","Nucleus of the brachium of the inferior colliculus","midbrain","812",1.71479839215585,0.0863821964370919,1.71815749405181,0.0857678922512317,0.00356695994644567,0.997153983764804,0.177411108259042,0.302603097860705,FALSE,NA,NA
"MPT","Medial pretectal area","midbrain","838",-0.515828840959817,0.605973957221495,-1.50632353900462,0.131984138295112,-1.05020202916617,0.29362523680929,0.316327205897173,0.453904435128641,FALSE,NA,NA
"SSp-m5","Primary somatosensory area, mouth, layer 5","cortical_plate","76",2.37337572307743,0.0176263236014468,0.703253720426232,0.48189764628356,-1.77195146778201,0.0764026137903715,0.0542281134859325,0.14051803758631,FALSE,NA,NA
"SSp-m6a","Primary somatosensory area, mouth, layer 6a","cortical_plate","77",0.143780125942026,0.885674096995671,-0.800214854680948,0.423586324693171,-1.00116049608405,0.316749221580678,0.579957368881649,0.696805106067288,FALSE,NA,NA
"AIp2/3","Agranular insular area, posterior part, layer 2/3","cortical_plate","287",5.1422132332217,2.71520693426678e-07,4.1006250469569,4.12035712355183e-05,-1.10706672663968,0.26826508001835,0.000132191286864369,0.00497920513855791,TRUE,0.44710846669725,FALSE
"AIv5","Agranular insular area, ventral part, layer 5","cortical_plate","294",2.32155520070521,0.0202568985159967,1.75937540415014,0.0785137667246835,-0.596893504517099,0.550578484245549,0.0839432104099671,0.184186073326724,FALSE,NA,NA
"POR","Superior olivary complex, periolivary region","hindbrain","887",-0.805632654062005,0.420454691517362,-0.773607215614672,0.439163103758835,0.0339726941877516,0.972898925009255,0.654153646436199,0.760934198090806,FALSE,NA,NA
"FS","Fundus of striatum","cerebral_nuclei","576",2.37954568395767,0.0173339942571503,2.86190766542385,0.00421099565894953,0.51234989580347,0.608406150584708,0.0240607268112704,0.0861502971441192,FALSE,NA,NA
"PT","Parataenial nucleus","diencephalon","693",0.177661412194727,0.858988891673006,1.1617142267817,0.245351564855675,1.04386963453082,0.296545708834482,0.437076609964153,0.569333221048406,FALSE,NA,NA
"PA","Posterior amygdalar nucleus","cortical_subplate","569",-1.31154386456878,0.189674084204864,-1.0798871254006,0.280192447090205,0.245686238022963,0.805925126198819,0.387462488683458,0.519682625771285,FALSE,NA,NA
"ACAv6a","Anterior cingulate area, ventral part, 6a","cortical_plate","236",0.645768783293688,0.518429107429502,-0.137858883665313,0.890351946140735,-0.831224083227827,0.4058470521361,0.678146476619463,0.776294490758584,FALSE,NA,NA
"SPFp","Subparafascicular nucleus, parvicellular part","diencephalon","654",4.2941747965904,1.75344290589065e-05,4.00642081345027,6.16457792818499e-05,-0.30696736280912,0.758868214365853,0.000427450151384567,0.00755137220979738,TRUE,0.864533408771225,FALSE
"SNc","Substantia nigra, compact part","midbrain","858",0.0154798302700116,0.987649375679036,0.838410545743427,0.401800168667652,0.873155898062933,0.382578109403314,0.609529379643464,0.722210204470606,FALSE,NA,NA
"DTN","Dorsal tegmental nucleus","hindbrain","892",-1.97930398169253,0.0477817915826727,0.0597267312371859,0.952373281286692,2.15996699829213,0.0307752244436281,0.0802907476541879,0.178775457831,FALSE,NA,NA
"PVp","Periventricular hypothalamic nucleus, posterior part","diencephalon","749",0.0362498425063835,0.971083143509031,0.368713372429321,0.712341380235244,0.352669892504377,0.724335933149339,0.914744807220085,0.94183292224027,FALSE,NA,NA
"PL6a","Prelimbic area, layer 6a","cortical_plate","243",0.658313797859155,0.510336513639797,-0.228858460867445,0.818978927150102,-0.941039313906931,0.346684712733782,0.623969960619655,0.734464641146052,FALSE,NA,NA
"SSs1","Supplemental somatosensory area, layer 1","cortical_plate","101",3.77297972412714,0.000161309401784923,1.27458165929945,0.202457352547313,-2.65291198463697,0.00798006763605996,0.00179656999897448,0.0162409927907293,TRUE,0.0454853695885785,TRUE
"NI","Nucleus incertus","hindbrain","913",-1.66142585066935,0.0966279495465324,0.121314504705103,0.903441931777872,1.88906096687185,0.0588836599125202,0.150279284115441,0.268483147905847,FALSE,NA,NA
"POL","Posterior limiting nucleus of the thalamus","diencephalon","670",1.01923913845024,0.308089449939577,0.108113657814167,0.913905534289424,-0.96692329595919,0.333582379870637,0.513843954240536,0.63285413437799,FALSE,NA,NA
"VISal5","Anterolateral visual area, layer 5","cortical_plate","168",2.86825376252038,0.0041274434020338,1.19061902931252,0.233803177755421,-1.78296729676469,0.0745916270187217,0.0236789562976527,0.0861502971441192,FALSE,NA,NA
"SF","Septofimbrial nucleus","cerebral_nuclei","590",1.20837122879816,0.226904501477358,1.39464414436037,0.163123176141069,0.197819629430531,0.843186187591614,0.355321036268305,0.492653706727834,FALSE,NA,NA
"MOp6b","Primary motor area, Layer 6b","cortical_plate","23",-1.56256139182129,0.11815579529068,-2.3553014681616,0.0185076838500193,-0.841013008618266,0.400340646811954,0.0670923854430783,0.155516708821905,FALSE,NA,NA
"SSp-tr6a","Primary somatosensory area, trunk, layer 6a","cortical_plate","91",1.55713176782706,0.119439204031526,0.598220832030859,0.549692593060564,-1.01784652998402,0.308750895550758,0.295638530429173,0.43106005081931,FALSE,NA,NA
"ORBm5","Orbital area, medial part, layer 5","cortical_plate","268",2.49609387512033,0.0125569365525627,1.71530284528326,0.0862897171882953,-0.829678672516696,0.406720482894616,0.0654409131398723,0.154865407011635,FALSE,NA,NA
"ACAv1","Anterior cingulate area, ventral part, layer 1","cortical_plate","233",2.68580880355073,0.00723544794206209,1.47039093887145,0.141455904035582,-1.29092104399817,0.19673105743318,0.0424673828740539,0.117762313245843,FALSE,NA,NA
"PVpo","Periventricular hypothalamic nucleus, preoptic part","diencephalon","750",0.697020554839687,0.485789930314819,0.460948683203717,0.644835422779583,-0.250447950653971,0.802240951570615,0.785397199279519,0.851856050726129,FALSE,NA,NA
"VISpm6a","posteromedial visual area, layer 6a","cortical_plate","204",1.26157682567971,0.207101099413419,0.670661930903164,0.50243591985288,-0.627111520462859,0.530586135968512,0.470118941389308,0.598573976078781,FALSE,NA,NA
"PMd","Dorsal premammillary nucleus","diencephalon","776",1.56118555434283,0.11847997638342,2.51248274318497,0.0119884968291058,1.01151606496381,0.311769496086993,0.061066942105385,0.152143561661179,FALSE,NA,NA
"VISp1","Primary visual area, layer 1","cortical_plate","186",2.84079814773429,0.00450007859492675,1.70564495290622,0.0880742043967297,-1.20652683384777,0.227614418925579,0.0372638944953287,0.110086799424108,FALSE,NA,NA
"VISl6a","Lateral visual area, layer 6a","cortical_plate","183",0.476857909753684,0.633463305616429,0.35902219117491,0.719578488341919,-0.125013964731128,0.900512494815687,0.888638140405598,0.927631499915313,FALSE,NA,NA
"VISpm2/3","posteromedial visual area, layer 2/3","cortical_plate","201",3.08816275875248,0.00201398135557064,1.57476697832263,0.115310241198868,-1.608187120483,0.107794203092313,0.022267814948883,0.0825004291548779,FALSE,NA,NA
"PARN","Parvicellular reticular nucleus","hindbrain","971",0.0743949771399547,0.940696105391482,0.704792985025131,0.480939074735902,0.668688865059735,0.503693971971649,0.723239303141012,0.811176588138306,FALSE,NA,NA
"VISpl5","Posterolateral visual area, layer 5","cortical_plate","196",1.84206388134239,0.0654658062422167,1.57333877949895,0.115640394437316,-0.285260916855716,0.775444253216999,0.191270157920121,0.320200412518128,FALSE,NA,NA
"SCdw","Superior colliculus, motor related, deep white layer","midbrain","826",1.07841749498346,0.280847482987471,1.04326254602288,0.296826712622252,-0.0373137601916556,0.970234834087395,0.502174948496566,0.625297732012253,FALSE,NA,NA
"ACAd6a","Anterior cingulate area, dorsal part, layer 6a","cortical_plate","230",1.55491390229203,0.119966575908541,0.199105296312532,0.842180378318194,-1.43857304485626,0.150271528044627,0.222868502467163,0.351477468555288,FALSE,NA,NA
"NOT","Nucleus of the optic tract","midbrain","839",1.07828752099364,0.280905464310031,-0.168801279990919,0.865952951486992,-1.32302470830451,0.185827161143303,0.367758223877865,0.499179330909294,FALSE,NA,NA
"NTS","Nucleus of the solitary tract","hindbrain","931",0.776532547753998,0.437434610862943,1.02893192009067,0.303511667486788,0.267793499600572,0.788858274610006,0.590164777013682,0.703837676016317,FALSE,NA,NA
"SSs4","Supplemental somatosensory area, layer 4","cortical_plate","103",3.6360733858423,0.000276825498669383,2.88427896905454,0.00392311050053931,-0.798193931639566,0.424757958408911,0.00772708123748311,0.0425931795041752,TRUE,0.5881264039508,FALSE
"TEa2/3","Temporal association areas, layer 2/3","cortical_plate","362",5.61356599080949,1.98198965255242e-08,4.93671408133559,7.94498164015343e-07,-0.720302908783075,0.471338514196002,2.74576688836792e-05,0.0020684777225705,TRUE,0.606485570464857,FALSE
"GU5","Gustatory areas, layer 5","cortical_plate","111",3.03977837604659,0.0023675229526987,1.68027560780778,0.0929037046346383,-1.44288011891475,0.149054244543382,0.0203308832171402,0.0800609821333633,FALSE,NA,NA
"EPv","Endopiriform nucleus, ventral part","cortical_subplate","560",2.32303375690081,0.0201773390635679,2.96282359705926,0.00304831209044798,0.67934676087616,0.496918174504541,0.0201871885053626,0.0800609821333633,FALSE,NA,NA
"VISl2/3","Lateral visual area, layer 2/3","cortical_plate","180",3.4966482987109,0.000471142537727376,2.24982032604617,0.0244603531932615,-1.32441085325023,0.185366632028176,0.00863461759337036,0.0443505358204932,TRUE,0.362673845272518,FALSE
"GU6a","Gustatory areas, layer 6a","cortical_plate","112",2.73821453208838,0.00617737643990977,1.73694349087238,0.0823971458044603,-1.06271498004756,0.287911225418633,0.0393191490570254,0.113686196611048,FALSE,NA,NA
"VISC6a","Visceral area, layer 6a","cortical_plate","119",2.82913772622914,0.00466736084738924,2.04380562426555,0.0409727533337266,-0.833569851773076,0.404523420355852,0.031592458773994,0.101275116069825,FALSE,NA,NA
"ORBm2/3","Orbital area, medial part, layer 2/3","cortical_plate","267",4.14019411307314,3.47012054140039e-05,3.28098137699405,0.00103446574250402,-0.912687714366634,0.361406807193538,0.0014364628316732,0.015459076188483,TRUE,0.542110210790307,FALSE
"SSp-tr2/3","Primary somatosensory area, trunk, layer 2/3","cortical_plate","88",3.08795440745449,0.00201539388404703,1.21904965515307,0.222825346497292,-1.98463654892712,0.0471849229106984,0.0151744505211124,0.0674590258088514,FALSE,NA,NA
"TR","Postpiriform transition area","cortical_plate","449",2.75062989987333,0.00594808031964477,4.25406651711231,2.09922897487375e-05,1.59645387659473,0.110387495631733,0.00122137628505137,0.014042429530678,TRUE,0.280454191701136,FALSE
"DP","Dorsal peduncular area","cortical_plate","410",2.30668236759246,0.0210725339310232,1.76241154082732,0.0779997901448775,-0.577909946127114,0.563324919898988,0.0867317597505787,0.188266301435851,FALSE,NA,NA
"LSc","Lateral septal nucleus, caudal (caudodorsal) part","cerebral_nuclei","587",2.36060224921337,0.0182452878117396,1.39987346073263,0.161551214631701,-1.02009924845504,0.307681393168237,0.0834958188504481,0.184098098148305,FALSE,NA,NA
"SCig-b","Superior colliculus, motor related, intermediate gray layer, sublayer b","midbrain","830",0.856528793477798,0.391705353270808,-0.76416129899127,0.444771126314072,-1.71880040608941,0.0856507215747746,0.244182342079735,0.375409587142994,FALSE,NA,NA
"PRNc","Pontine reticular nucleus, caudal part","hindbrain","896",0.615702546304357,0.538090856450391,0.685142860108677,0.493253776547787,0.0736611554873241,0.941280008212586,0.767137251279547,0.839578783482701,FALSE,NA,NA
"MOs1","Secondary motor area, layer 1","cortical_plate","25",3.74311043442243,0.000181756298673367,1.12398458580104,0.261019565168475,-2.78099877025821,0.00541919424405735,0.00162375705378981,0.0159551780068042,TRUE,0.0414955977544856,TRUE
"AUDp6a","Primary auditory area, layer 6a","cortical_plate","141",2.45547175511554,0.0140699809060783,2.4012060953237,0.0163411300940919,-0.0576123443895543,0.954057416605699,0.0422780099829853,0.117762313245843,FALSE,NA,NA
"VM","Ventral medial nucleus of the thalamus","diencephalon","645",0.752407204462495,0.451806215359508,-0.940373788165231,0.347025862492151,-1.79485136719762,0.0726773841420099,0.220106424242443,0.349176736512975,FALSE,NA,NA
"ECT6a","Ectorhinal area/Layer 6a","cortical_plate","377",3.18830747695471,0.00143108272354682,3.09481999013833,0.00196932377995966,-0.0992745516261071,0.920920283446721,0.00746825196910128,0.041674690000417,TRUE,0.996919304990958,FALSE
"SUM","Supramammillary nucleus","diencephalon","766",0.333785271833091,0.738541598047641,-0.0676589895387688,0.946057096071731,-0.425807872960007,0.670247849644249,0.902822849272227,0.935953963006988,FALSE,NA,NA
"AUDv6a","Ventral auditory area, layer 6a","cortical_plate","155",2.23798685621883,0.0252219122699248,1.34372436639968,0.179037534938985,-0.948854846552566,0.342694442321929,0.105189634012876,0.209452487109339,FALSE,NA,NA
"SSp-tr5","Primary somatosensory area, trunk, layer 5","cortical_plate","90",2.27698444776895,0.0227871543527391,1.04418221654698,0.296401093049396,-1.30834455498545,0.190756469343372,0.0945838126292657,0.195467913262153,FALSE,NA,NA
"MEPO","Median preoptic nucleus","diencephalon","743",1.2423214198019,0.214117995416667,2.66278340923384,0.00774972785289869,1.50780377738109,0.131604755105969,0.0411253920721432,0.116179232603804,FALSE,NA,NA
"PERI2/3","Perirhinal area, layer 2/3","cortical_plate","372",3.45034226422747,0.000559876240010916,2.25561593148493,0.0240946946000436,-1.2680566961986,0.204777704349033,0.00830225696099662,0.0437170564783101,TRUE,0.38581885223727,FALSE
"MM","Medial mammillary nucleus","diencephalon","764",1.24771423866406,0.212135725036268,1.4629858872105,0.143471240681231,0.228492714614934,0.819263219233882,0.328538795356623,0.462615375393126,FALSE,NA,NA
"RR","Midbrain reticular nucleus, retrorubral area","midbrain","819",0.533547320814354,0.593654763257931,0.740480016410023,0.459008782395179,0.219539705882286,0.82622965336145,0.756004688367676,0.833449071078511,FALSE,NA,NA
"SPIV","Spinal vestibular nucleus","hindbrain","987",0.61351580818058,0.539535333417136,0.617267787333907,0.537058110291237,0.0039803895983565,0.996824116979678,0.789663020474001,0.851856050726129,FALSE,NA,NA
"SNr","Substantia nigra, reticular part","midbrain","817",0.282503733580076,0.777557284144185,0.0280100068556216,0.977654169962655,-0.269946013753691,0.787201786892958,0.949286668003442,0.964219267275407,FALSE,NA,NA
"PAA","Piriform-amygdalar area","cortical_plate","444",3.1239291958173,0.0017845339314891,3.07978455244876,0.00207150384034599,-0.0468596377444147,0.962625097147597,0.00832810947296014,0.0437170564783101,TRUE,0.997212962717323,FALSE
"sAMY","Striatum-like amygdalar nuclei","cerebral_nuclei","592",1.95255811876642,0.0508719779125365,3.05370858850334,0.00226031525963657,1.17002444025397,0.241991133562486,0.0185720948908833,0.0770145586300849,FALSE,NA,NA
"BLAa","Basolateral amygdalar nucleus, anterior part","cortical_subplate","563",2.58439006158244,0.00975513991766958,2.67333575123333,0.00751010429626714,0.0943821546859605,0.924805591017972,0.0258965751463316,0.0900403997395529,FALSE,NA,NA
"AIp6a","Agranular insular area, posterior part, layer 6a","cortical_plate","289",3.5159315794807,0.000438213898494201,3.59803811347266,0.000320626641823815,0.0872685928933806,0.930458017991561,0.00229951658629446,0.0188978454000926,TRUE,0.996919304990958,FALSE
"SCH","Suprachiasmatic nucleus","diencephalon","752",-0.575590256925992,0.564892168141196,-0.834767579552564,0.403848583187438,-0.274870690091513,0.783415586009305,0.699901027924005,0.796864646402141,FALSE,NA,NA
"LP","Lateral posterior nucleus of the thalamus","diencephalon","668",1.96541232568482,0.0493665340545415,1.66528747990472,0.0958554151745619,-0.318606515949539,0.750024911752257,0.143611901619262,0.258615854708791,FALSE,NA,NA
"SSp-n5","Primary somatosensory area, nose, layer 5","cortical_plate","48",1.67412071873109,0.0941068766403752,0.208117692700972,0.835137072832947,-1.55525877773231,0.119884450684808,0.17297025344691,0.297272070562751,FALSE,NA,NA
"RSPagl1","Retrosplenial area, lateral agranular part, layer 1","cortical_plate","299",2.17153821174188,0.0298905119232939,1.03972470866588,0.29846781767568,-1.20183289640642,0.229428277266806,0.115227143112609,0.218834742381929,FALSE,NA,NA
"PB","Parabrachial nucleus","hindbrain","874",3.23226426734756,0.00122813420018,3.5406636063812,0.000399122096479858,0.327716278364266,0.743126194163279,0.003843524157641,0.0267272756808266,TRUE,0.864533408771225,FALSE
"LA","Lateral amygdalar nucleus","cortical_subplate","561",8.28813694183519,1.15036090109237e-16,8.57783156645234,9.66783771022663e-18,0.308808393036659,0.757467284273056,6.59241827793977e-09,2.97977306162878e-06,TRUE,0.864533408771225,FALSE
"ECT2/3","Ectorhinal area/Layer 2/3","cortical_plate","375",6.31093513792917,2.7735442550217e-10,5.46457082951321,4.64028075656464e-08,-0.90063847152549,0.367780572608774,4.37787075246998e-06,0.000494699395029108,TRUE,0.542627074340814,FALSE
"NPC","Nucleus of the posterior commissure","midbrain","840",-0.347297233834936,0.728368028695428,-0.278025871061855,0.780992499141481,0.073463425853861,0.941437347344313,0.93626088097921,0.958950273969084,FALSE,NA,NA
"SSp-n6a","Primary somatosensory area, nose, layer 6a","cortical_plate","49",-1.32194279927447,0.186187199086795,-1.37795938502495,0.168215828242134,-0.0594084351986635,0.952626794611029,0.306578565363932,0.445573992104493,FALSE,NA,NA
"AUDp4","Primary auditory area, layer 4","cortical_plate","139",3.49456457199276,0.000474835732082921,3.47810416020813,0.000504973658883938,-0.0174872668982307,0.986047890837856,0.00407599649763213,0.0274977674168615,TRUE,0.997212962717323,FALSE
"RT","Reticular nucleus of the thalamus","diencephalon","703",-1.52032737322678,0.128428717631855,-2.29782753867295,0.0215716067384589,-0.824652364496959,0.409568983179452,0.0780678294022817,0.175555516864833,FALSE,NA,NA
"VISl5","Lateral visual area, layer 5","cortical_plate","182",1.71047413263917,0.0871782327981873,0.479699532479006,0.63144106039183,-1.30597408686581,0.191561369951469,0.203994187391906,0.334077437322976,FALSE,NA,NA
"PERI6a","Perirhinal area, layer 6a","cortical_plate","368",2.83696354124203,0.00455448124388327,3.00969046266508,0.0026151405631832,0.183482248423062,0.854419646039854,0.0122988780746155,0.0585167672602758,FALSE,NA,NA
"ILA6a","Infralimbic area, layer 6a","cortical_plate","250",0.550635260078854,0.581883732634621,0.458439307393789,0.646636857107956,-0.097805681641298,0.922086595720553,0.848455407049598,0.898130782169598,FALSE,NA,NA
"RE","Nucleus of reuniens","diencephalon","694",0.529838505936179,0.596223905139472,-0.216230715913698,0.828807912007346,-0.791341157154284,0.428744937429469,0.719671029582239,0.809182351669582,FALSE,NA,NA
"AUDv2/3","Ventral auditory area, layer 2/3","cortical_plate","152",4.8791907621397,1.06521997514113e-06,3.55257218414006,0.000381484336549892,-1.40912982937516,0.158796781943379,0.000274383080443807,0.00689006402003339,TRUE,0.33236535755591,FALSE
"MA","Magnocellular nucleus","cerebral_nuclei","614",0.882142989491889,0.377699487109126,1.63185067353756,0.102710947338978,0.795619708545205,0.426253107733169,0.282316207639021,0.419759624515912,FALSE,NA,NA
"MPN","Medial preoptic nucleus","diencephalon","772",1.14748474054142,0.251181336212093,1.70316625316172,0.0885369601158215,0.589673373653685,0.555409649529226,0.250911928611082,0.381859231421579,FALSE,NA,NA
"DCO","Dorsal cochlear nucleus","hindbrain","924",0.135891471374843,0.891907077788712,1.19655005650706,0.231481976910765,1.12519909584479,0.260504676202344,0.403322328786582,0.535449700943093,FALSE,NA,NA
"NLOT3","Nucleus of the lateral olfactory tract, layer 3","cortical_plate","425",3.90161868543571,9.55515925853085e-05,4.65848302598325,3.18548066750833e-06,0.804612824767909,0.42104313909976,0.000303690627778019,0.00722464019766657,TRUE,0.5881264039508,FALSE
"VISC5","Visceral area, layer 5","cortical_plate","118",3.99071571385563,6.58742033093078e-05,2.70705777810667,0.00678824420149459,-1.3632506230237,0.172803537830398,0.00240082115395102,0.0193780564568903,TRUE,0.345607075660796,FALSE
"MOp1","Primary motor area, Layer 1","cortical_plate","19",3.72621968150307,0.000194373014581632,1.02813935428748,0.303884280880861,-2.86374200271366,0.00418668863922433,0.00148519147375659,0.0156117801427437,TRUE,0.037680197753019,TRUE
"BLAp","Basolateral amygdalar nucleus, posterior part","cortical_subplate","564",3.29063657719932,0.000999609637091643,4.71177967036069,2.45562798003046e-06,1.509589859305,0.131148110508363,0.000358730218002257,0.00752635756432116,TRUE,0.295083248643817,FALSE
"SSp-m2/3","Primary somatosensory area, mouth, layer 2/3","cortical_plate","74",4.0222535151159,5.76439647810162e-05,2.059094674327,0.0394851699267974,-2.08297746200785,0.0372532779722419,0.00220869182564409,0.0186908784206403,TRUE,0.128953654519299,FALSE
"ACAv5","Anterior cingulate area, ventral part, layer 5","cortical_plate","235",1.42387230299149,0.154483440780093,0.551373139295004,0.58137791005989,-0.925725582466977,0.354588609482159,0.358055157259739,0.493526288263847,FALSE,NA,NA
"NLL","Nucleus of the lateral lemniscus","hindbrain","869",1.69601670868801,0.089882715815078,1.72610885159938,0.0843278316914979,0.0319405992894397,0.974519421593492,0.183854919904827,0.311245032947497,FALSE,NA,NA
"RSPagl6a","Retrosplenial area, lateral agranular part, layer 6a","cortical_plate","302",1.96070443934725,0.0499135109165768,1.4181426876809,0.156149110510604,-0.575999580870473,0.564615464891495,0.186292887648136,0.314195467227453,FALSE,NA,NA
