Animal,Test,Box,File,Location_Thresh,Use_Window,Window_Weight,Window_Size,Start_Frame,ROI_coordinates,ROI_location,ROI_transition,bin,range(f),light,dark,Distance_px,Distance_in
1,pre,1,250819_21H2_LD_01_02.avi,99,TRUE,0.5,50,1800,"{'xs': [[1.3216560509554163, 140.6783439490446, 141.5891719745223, 2.2324840764331233], [2.2324840764331233, 141.5891719745223, 140.6783439490446, 3.1433121019108303]], 'ys': [[2.1464968152866355, 1.5350318471337694, 144.61783439490446, 143.39490445859875], [143.39490445859875, 144.61783439490446, 285.86624203821657, 285.86624203821657]]}",dark,FALSE,0,"(0, 1800)",0.48195447,0.521377013,1702.806261,126.9318222
1,pre,1,250819_21H2_LD_01_02.avi,99,TRUE,0.5,50,1800,"{'xs': [[1.3216560509554163, 140.6783439490446, 141.5891719745223, 2.2324840764331233], [2.2324840764331233, 141.5891719745223, 140.6783439490446, 3.1433121019108303]], 'ys': [[2.1464968152866355, 1.5350318471337694, 144.61783439490446, 143.39490445859875], [143.39490445859875, 144.61783439490446, 285.86624203821657, 285.86624203821657]]}",dark,FALSE,1,"(1800, 3600)",0.484175458,0.518600777,1444.214363,107.6556769
1,pre,1,250819_21H2_LD_01_02.avi,99,TRUE,0.5,50,1800,"{'xs': [[1.3216560509554163, 140.6783439490446, 141.5891719745223, 2.2324840764331233], [2.2324840764331233, 141.5891719745223, 140.6783439490446, 3.1433121019108303]], 'ys': [[2.1464968152866355, 1.5350318471337694, 144.61783439490446, 143.39490445859875], [143.39490445859875, 144.61783439490446, 285.86624203821657, 285.86624203821657]]}",dark,FALSE,2,"(3600, 5400)",0.391449195,0.608550805,1288.379988,96.03935768
1,pre,1,250819_21H2_LD_01_02.avi,99,TRUE,0.5,50,1800,"{'xs': [[1.3216560509554163, 140.6783439490446, 141.5891719745223, 2.2324840764331233], [2.2324840764331233, 141.5891719745223, 140.6783439490446, 3.1433121019108303]], 'ys': [[2.1464968152866355, 1.5350318471337694, 144.61783439490446, 143.39490445859875], [143.39490445859875, 144.61783439490446, 285.86624203821657, 285.86624203821657]]}",dark,FALSE,3,"(5400, 7200)",0.686840644,0.313159356,1110.087631,82.74895916
1,pre,1,250819_21H2_LD_01_02.avi,99,TRUE,0.5,50,1800,"{'xs': [[1.3216560509554163, 140.6783439490446, 141.5891719745223, 2.2324840764331233], [2.2324840764331233, 141.5891719745223, 140.6783439490446, 3.1433121019108303]], 'ys': [[2.1464968152866355, 1.5350318471337694, 144.61783439490446, 143.39490445859875], [143.39490445859875, 144.61783439490446, 285.86624203821657, 285.86624203821657]]}",dark,FALSE,4,"(7200, 9000)",0.267629095,0.740144364,1074.01709,80.06016269
1,pre,1,250819_21H2_LD_01_02.avi,99,TRUE,0.5,50,1800,"{'xs': [[1.3216560509554163, 140.6783439490446, 141.5891719745223, 2.2324840764331233], [2.2324840764331233, 141.5891719745223, 140.6783439490446, 3.1433121019108303]], 'ys': [[2.1464968152866355, 1.5350318471337694, 144.61783439490446, 143.39490445859875], [143.39490445859875, 144.61783439490446, 285.86624203821657, 285.86624203821657]]}",dark,FALSE,5,"(9000, 10800)",0.27817879,0.723486952,945.7351956,70.49768046
1,pre,1,250819_21H2_LD_01_02.avi,99,TRUE,0.5,50,1800,"{'xs': [[1.3216560509554163, 140.6783439490446, 141.5891719745223, 2.2324840764331233], [2.2324840764331233, 141.5891719745223, 140.6783439490446, 3.1433121019108303]], 'ys': [[2.1464968152866355, 1.5350318471337694, 144.61783439490446, 143.39490445859875], [143.39490445859875, 144.61783439490446, 285.86624203821657, 285.86624203821657]]}",dark,FALSE,6,"(10800, 12600)",0.028872848,0.971127152,754.6523739,56.25384585
1,pre,1,250819_21H2_LD_01_02.avi,99,TRUE,0.5,50,1800,"{'xs': [[1.3216560509554163, 140.6783439490446, 141.5891719745223, 2.2324840764331233], [2.2324840764331233, 141.5891719745223, 140.6783439490446, 3.1433121019108303]], 'ys': [[2.1464968152866355, 1.5350318471337694, 144.61783439490446, 143.39490445859875], [143.39490445859875, 144.61783439490446, 285.86624203821657, 285.86624203821657]]}",dark,FALSE,7,"(12600, 14400)",0.469739034,0.530260966,671.1733575,50.03109233
2,pre,2,250819_21H2_LD_01_02.avi,99,TRUE,0.5,50,1800,"{'xs': [[1.3012422360248461, 141.79813664596273, 144.5, 1.3012422360248461], [1.3012422360248461, 144.5, 139.99689440993788, 2.2018633540372687]], 'ys': [[2.1464968152866355, 1.5350318471337694, 147.06369426751593, 145.22929936305732], [145.22929936305732, 147.06369426751593, 286.4777070063694, 287.0891719745223]]}",dark,FALSE,0,"(0, 1800)",0.850638534,0.149361466,2369.891953,177.6838716
2,pre,2,250819_21H2_LD_01_02.avi,99,TRUE,0.5,50,1800,"{'xs': [[1.3012422360248461, 141.79813664596273, 144.5, 1.3012422360248461], [1.3012422360248461, 144.5, 139.99689440993788, 2.2018633540372687]], 'ys': [[2.1464968152866355, 1.5350318471337694, 147.06369426751593, 145.22929936305732], [145.22929936305732, 147.06369426751593, 286.4777070063694, 287.0891719745223]]}",dark,FALSE,1,"(1800, 3600)",0.324264298,0.676290949,2060.181716,154.4631869
2,pre,2,250819_21H2_LD_01_02.avi,99,TRUE,0.5,50,1800,"{'xs': [[1.3012422360248461, 141.79813664596273, 144.5, 1.3012422360248461], [1.3012422360248461, 144.5, 139.99689440993788, 2.2018633540372687]], 'ys': [[2.1464968152866355, 1.5350318471337694, 147.06369426751593, 145.22929936305732], [145.22929936305732, 147.06369426751593, 286.4777070063694, 287.0891719745223]]}",dark,FALSE,2,"(3600, 5400)",0.573014992,0.430871738,1872.950685,140.4254437
2,pre,2,250819_21H2_LD_01_02.avi,99,TRUE,0.5,50,1800,"{'xs': [[1.3012422360248461, 141.79813664596273, 144.5, 1.3012422360248461], [1.3012422360248461, 144.5, 139.99689440993788, 2.2018633540372687]], 'ys': [[2.1464968152866355, 1.5350318471337694, 147.06369426751593, 145.22929936305732], [145.22929936305732, 147.06369426751593, 286.4777070063694, 287.0891719745223]]}",dark,FALSE,3,"(5400, 7200)",0.402554137,0.606329817,1624.871729,121.825596
2,pre,2,250819_21H2_LD_01_02.avi,99,TRUE,0.5,50,1800,"{'xs': [[1.3012422360248461, 141.79813664596273, 144.5, 1.3012422360248461], [1.3012422360248461, 144.5, 139.99689440993788, 2.2018633540372687]], 'ys': [[2.1464968152866355, 1.5350318471337694, 147.06369426751593, 145.22929936305732], [145.22929936305732, 147.06369426751593, 286.4777070063694, 287.0891719745223]]}",dark,FALSE,4,"(7200, 9000)",0.490283176,0.531926707,1072.093431,80.38075797
2,pre,2,250819_21H2_LD_01_02.avi,99,TRUE,0.5,50,1800,"{'xs': [[1.3012422360248461, 141.79813664596273, 144.5, 1.3012422360248461], [1.3012422360248461, 144.5, 139.99689440993788, 2.2018633540372687]], 'ys': [[2.1464968152866355, 1.5350318471337694, 147.06369426751593, 145.22929936305732], [145.22929936305732, 147.06369426751593, 286.4777070063694, 287.0891719745223]]}",dark,FALSE,5,"(9000, 10800)",0.156024431,0.878400888,883.4441637,66.23668186
2,pre,2,250819_21H2_LD_01_02.avi,99,TRUE,0.5,50,1800,"{'xs': [[1.3012422360248461, 141.79813664596273, 144.5, 1.3012422360248461], [1.3012422360248461, 144.5, 139.99689440993788, 2.2018633540372687]], 'ys': [[2.1464968152866355, 1.5350318471337694, 147.06369426751593, 145.22929936305732], [145.22929936305732, 147.06369426751593, 286.4777070063694, 287.0891719745223]]}",dark,FALSE,6,"(10800, 12600)",0.056079956,0.945030539,1036.086036,77.68108497
2,pre,2,250819_21H2_LD_01_02.avi,99,TRUE,0.5,50,1800,"{'xs': [[1.3012422360248461, 141.79813664596273, 144.5, 1.3012422360248461], [1.3012422360248461, 144.5, 139.99689440993788, 2.2018633540372687]], 'ys': [[2.1464968152866355, 1.5350318471337694, 147.06369426751593, 145.22929936305732], [145.22929936305732, 147.06369426751593, 286.4777070063694, 287.0891719745223]]}",dark,FALSE,7,"(12600, 14400)",0.588006663,0.420322043,870.5546069,65.27028069
3,pre,1,250819_21H2_LD_03_04.avi,99,TRUE,0.5,50,1800,"{'xs': [[1.3216560509554163, 140.6783439490446, 141.5891719745223, 2.2324840764331233], [2.2324840764331233, 141.5891719745223, 140.6783439490446, 3.1433121019108303]], 'ys': [[2.1464968152866355, 1.5350318471337694, 144.61783439490446, 143.39490445859875], [143.39490445859875, 144.61783439490446, 285.86624203821657, 285.86624203821657]]}",dark,FALSE,0,"(0, 1800)",0.777901166,0.224319822,2667.67403,198.8556969
3,pre,1,250819_21H2_LD_03_04.avi,99,TRUE,0.5,50,1800,"{'xs': [[1.3216560509554163, 140.6783439490446, 141.5891719745223, 2.2324840764331233], [2.2324840764331233, 141.5891719745223, 140.6783439490446, 3.1433121019108303]], 'ys': [[2.1464968152866355, 1.5350318471337694, 144.61783439490446, 143.39490445859875], [143.39490445859875, 144.61783439490446, 285.86624203821657, 285.86624203821657]]}",dark,FALSE,1,"(1800, 3600)",0.294280955,0.705719045,2434.786268,181.495608
3,pre,1,250819_21H2_LD_03_04.avi,99,TRUE,0.5,50,1800,"{'xs': [[1.3216560509554163, 140.6783439490446, 141.5891719745223, 2.2324840764331233], [2.2324840764331233, 141.5891719745223, 140.6783439490446, 3.1433121019108303]], 'ys': [[2.1464968152866355, 1.5350318471337694, 144.61783439490446, 143.39490445859875], [143.39490445859875, 144.61783439490446, 285.86624203821657, 285.86624203821657]]}",dark,FALSE,2,"(3600, 5400)",0.380344253,0.620766241,2141.351563,159.6221849
3,pre,1,250819_21H2_LD_03_04.avi,99,TRUE,0.5,50,1800,"{'xs': [[1.3216560509554163, 140.6783439490446, 141.5891719745223, 2.2324840764331233], [2.2324840764331233, 141.5891719745223, 140.6783439490446, 3.1433121019108303]], 'ys': [[2.1464968152866355, 1.5350318471337694, 144.61783439490446, 143.39490445859875], [143.39490445859875, 144.61783439490446, 285.86624203821657, 285.86624203821657]]}",dark,FALSE,3,"(5400, 7200)",0.411993337,0.58856191,1836.086097,136.8668646
3,pre,1,250819_21H2_LD_03_04.avi,99,TRUE,0.5,50,1800,"{'xs': [[1.3216560509554163, 140.6783439490446, 141.5891719745223, 2.2324840764331233], [2.2324840764331233, 141.5891719745223, 140.6783439490446, 3.1433121019108303]], 'ys': [[2.1464968152866355, 1.5350318471337694, 144.61783439490446, 143.39490445859875], [143.39490445859875, 144.61783439490446, 285.86624203821657, 285.86624203821657]]}",dark,FALSE,4,"(7200, 9000)",0.033314825,0.966685175,1491.522618,111.1821632
3,pre,1,250819_21H2_LD_03_04.avi,99,TRUE,0.5,50,1800,"{'xs': [[1.3216560509554163, 140.6783439490446, 141.5891719745223, 2.2324840764331233], [2.2324840764331233, 141.5891719745223, 140.6783439490446, 3.1433121019108303]], 'ys': [[2.1464968152866355, 1.5350318471337694, 144.61783439490446, 143.39490445859875], [143.39490445859875, 144.61783439490446, 285.86624203821657, 285.86624203821657]]}",dark,FALSE,5,"(9000, 10800)",0.309272626,0.690727374,1888.511473,140.7747951
3,pre,1,250819_21H2_LD_03_04.avi,99,TRUE,0.5,50,1800,"{'xs': [[1.3216560509554163, 140.6783439490446, 141.5891719745223, 2.2324840764331233], [2.2324840764331233, 141.5891719745223, 140.6783439490446, 3.1433121019108303]], 'ys': [[2.1464968152866355, 1.5350318471337694, 144.61783439490446, 143.39490445859875], [143.39490445859875, 144.61783439490446, 285.86624203821657, 285.86624203821657]]}",light_dark,TRUE,6,"(10800, 12600)",0.2476402,0.7523598,1851.841561,138.0413198
3,pre,1,250819_21H2_LD_03_04.avi,99,TRUE,0.5,50,1800,"{'xs': [[1.3216560509554163, 140.6783439490446, 141.5891719745223, 2.2324840764331233], [2.2324840764331233, 141.5891719745223, 140.6783439490446, 3.1433121019108303]], 'ys': [[2.1464968152866355, 1.5350318471337694, 144.61783439490446, 143.39490445859875], [143.39490445859875, 144.61783439490446, 285.86624203821657, 285.86624203821657]]}",light,TRUE,7,"(12600, 14400)",0.228206552,0.772903942,1922.768997,143.3284443
4,pre,2,250819_21H2_LD_03_04.avi,99,TRUE,0.5,50,1800,"{'xs': [[1.3012422360248461, 141.79813664596273, 144.5, 1.3012422360248461], [1.3012422360248461, 144.5, 139.99689440993788, 2.2018633540372687]], 'ys': [[2.1464968152866355, 1.5350318471337694, 147.06369426751593, 145.22929936305732], [145.22929936305732, 147.06369426751593, 286.4777070063694, 287.0891719745223]]}",dark,FALSE,0,"(0, 1800)",0.045530261,0.954469739,1971.328203,147.8013489
4,pre,2,250819_21H2_LD_03_04.avi,99,TRUE,0.5,50,1800,"{'xs': [[1.3012422360248461, 141.79813664596273, 144.5, 1.3012422360248461], [1.3012422360248461, 144.5, 139.99689440993788, 2.2018633540372687]], 'ys': [[2.1464968152866355, 1.5350318471337694, 147.06369426751593, 145.22929936305732], [145.22929936305732, 147.06369426751593, 286.4777070063694, 287.0891719745223]]}",dark,FALSE,1,"(1800, 3600)",0,1,1807.941143,135.5513198
4,pre,2,250819_21H2_LD_03_04.avi,99,TRUE,0.5,50,1800,"{'xs': [[1.3012422360248461, 141.79813664596273, 144.5, 1.3012422360248461], [1.3012422360248461, 144.5, 139.99689440993788, 2.2018633540372687]], 'ys': [[2.1464968152866355, 1.5350318471337694, 147.06369426751593, 145.22929936305732], [145.22929936305732, 147.06369426751593, 286.4777070063694, 287.0891719745223]]}",dark,FALSE,2,"(3600, 5400)",0.052193226,0.951138257,2078.00593,155.7995665
4,pre,2,250819_21H2_LD_03_04.avi,99,TRUE,0.5,50,1800,"{'xs': [[1.3012422360248461, 141.79813664596273, 144.5, 1.3012422360248461], [1.3012422360248461, 144.5, 139.99689440993788, 2.2018633540372687]], 'ys': [[2.1464968152866355, 1.5350318471337694, 147.06369426751593, 145.22929936305732], [145.22929936305732, 147.06369426751593, 286.4777070063694, 287.0891719745223]]}",dark,FALSE,3,"(5400, 7200)",0.027762354,0.97334814,1709.713577,128.1866573
4,pre,2,250819_21H2_LD_03_04.avi,99,TRUE,0.5,50,1800,"{'xs': [[1.3012422360248461, 141.79813664596273, 144.5, 1.3012422360248461], [1.3012422360248461, 144.5, 139.99689440993788, 2.2018633540372687]], 'ys': [[2.1464968152866355, 1.5350318471337694, 147.06369426751593, 145.22929936305732], [145.22929936305732, 147.06369426751593, 286.4777070063694, 287.0891719745223]]}",dark,FALSE,4,"(7200, 9000)",0.399222654,0.602998334,2007.575048,150.5189747
4,pre,2,250819_21H2_LD_03_04.avi,99,TRUE,0.5,50,1800,"{'xs': [[1.3012422360248461, 141.79813664596273, 144.5, 1.3012422360248461], [1.3012422360248461, 144.5, 139.99689440993788, 2.2018633540372687]], 'ys': [[2.1464968152866355, 1.5350318471337694, 147.06369426751593, 145.22929936305732], [145.22929936305732, 147.06369426751593, 286.4777070063694, 287.0891719745223]]}",dark,FALSE,5,"(9000, 10800)",0.347584675,0.652415325,1885.859158,141.3932631
4,pre,2,250819_21H2_LD_03_04.avi,99,TRUE,0.5,50,1800,"{'xs': [[1.3012422360248461, 141.79813664596273, 144.5, 1.3012422360248461], [1.3012422360248461, 144.5, 139.99689440993788, 2.2018633540372687]], 'ys': [[2.1464968152866355, 1.5350318471337694, 147.06369426751593, 145.22929936305732], [145.22929936305732, 147.06369426751593, 286.4777070063694, 287.0891719745223]]}",dark,FALSE,6,"(10800, 12600)",0.389228207,0.613548029,2112.934139,158.418327
4,pre,2,250819_21H2_LD_03_04.avi,99,TRUE,0.5,50,1800,"{'xs': [[1.3012422360248461, 141.79813664596273, 144.5, 1.3012422360248461], [1.3012422360248461, 144.5, 139.99689440993788, 2.2018633540372687]], 'ys': [[2.1464968152866355, 1.5350318471337694, 147.06369426751593, 145.22929936305732], [145.22929936305732, 147.06369426751593, 286.4777070063694, 287.0891719745223]]}",dark,FALSE,7,"(12600, 14400)",0.363686841,0.637423654,1693.859975,126.9980254
5,pre,1,250819_21H2_LD_05_06.avi,99,TRUE,0.5,50,1800,"{'xs': [[1.3216560509554163, 140.6783439490446, 141.5891719745223, 2.2324840764331233], [2.2324840764331233, 141.5891719745223, 140.6783439490446, 3.1433121019108303]], 'ys': [[2.1464968152866355, 1.5350318471337694, 144.61783439490446, 143.39490445859875], [143.39490445859875, 144.61783439490446, 285.86624203821657, 285.86624203821657]]}",dark,FALSE,0,"(0, 1800)",0.646862854,0.353137146,1909.950065,142.3728862
5,pre,1,250819_21H2_LD_05_06.avi,99,TRUE,0.5,50,1800,"{'xs': [[1.3216560509554163, 140.6783439490446, 141.5891719745223, 2.2324840764331233], [2.2324840764331233, 141.5891719745223, 140.6783439490446, 3.1433121019108303]], 'ys': [[2.1464968152866355, 1.5350318471337694, 144.61783439490446, 143.39490445859875], [143.39490445859875, 144.61783439490446, 285.86624203821657, 285.86624203821657]]}",dark,FALSE,1,"(1800, 3600)",0.399222654,0.604664076,2153.147253,160.5014678
5,pre,1,250819_21H2_LD_05_06.avi,99,TRUE,0.5,50,1800,"{'xs': [[1.3216560509554163, 140.6783439490446, 141.5891719745223, 2.2324840764331233], [2.2324840764331233, 141.5891719745223, 140.6783439490446, 3.1433121019108303]], 'ys': [[2.1464968152866355, 1.5350318471337694, 144.61783439490446, 143.39490445859875], [143.39490445859875, 144.61783439490446, 285.86624203821657, 285.86624203821657]]}",dark,FALSE,2,"(3600, 5400)",0.355913381,0.64575236,2067.683606,154.1307744
5,pre,1,250819_21H2_LD_05_06.avi,99,TRUE,0.5,50,1800,"{'xs': [[1.3216560509554163, 140.6783439490446, 141.5891719745223, 2.2324840764331233], [2.2324840764331233, 141.5891719745223, 140.6783439490446, 3.1433121019108303]], 'ys': [[2.1464968152866355, 1.5350318471337694, 144.61783439490446, 143.39490445859875], [143.39490445859875, 144.61783439490446, 285.86624203821657, 285.86624203821657]]}",dark,FALSE,3,"(5400, 7200)",0.299278179,0.700721821,1959.62577,146.0758487
5,pre,1,250819_21H2_LD_05_06.avi,99,TRUE,0.5,50,1800,"{'xs': [[1.3216560509554163, 140.6783439490446, 141.5891719745223, 2.2324840764331233], [2.2324840764331233, 141.5891719745223, 140.6783439490446, 3.1433121019108303]], 'ys': [[2.1464968152866355, 1.5350318471337694, 144.61783439490446, 143.39490445859875], [143.39490445859875, 144.61783439490446, 285.86624203821657, 285.86624203821657]]}",dark,FALSE,4,"(7200, 9000)",0.397001666,0.602998334,1983.748786,147.8740441
5,pre,1,250819_21H2_LD_05_06.avi,99,TRUE,0.5,50,1800,"{'xs': [[1.3216560509554163, 140.6783439490446, 141.5891719745223, 2.2324840764331233], [2.2324840764331233, 141.5891719745223, 140.6783439490446, 3.1433121019108303]], 'ys': [[2.1464968152866355, 1.5350318471337694, 144.61783439490446, 143.39490445859875], [143.39490445859875, 144.61783439490446, 285.86624203821657, 285.86624203821657]]}",dark,FALSE,5,"(9000, 10800)",0.42865075,0.573014992,1570.975344,117.1047861
5,pre,1,250819_21H2_LD_05_06.avi,99,TRUE,0.5,50,1800,"{'xs': [[1.3216560509554163, 140.6783439490446, 141.5891719745223, 2.2324840764331233], [2.2324840764331233, 141.5891719745223, 140.6783439490446, 3.1433121019108303]], 'ys': [[2.1464968152866355, 1.5350318471337694, 144.61783439490446, 143.39490445859875], [143.39490445859875, 144.61783439490446, 285.86624203821657, 285.86624203821657]]}",dark,FALSE,6,"(10800, 12600)",0.321488062,0.679067185,1576.976347,117.5521172
5,pre,1,250819_21H2_LD_05_06.avi,99,TRUE,0.5,50,1800,"{'xs': [[1.3216560509554163, 140.6783439490446, 141.5891719745223, 2.2324840764331233], [2.2324840764331233, 141.5891719745223, 140.6783439490446, 3.1433121019108303]], 'ys': [[2.1464968152866355, 1.5350318471337694, 144.61783439490446, 143.39490445859875], [143.39490445859875, 144.61783439490446, 285.86624203821657, 285.86624203821657]]}",dark,FALSE,7,"(12600, 14400)",0.552222222,0.447777778,1464.349339,109.1565929
6,pre,2,250819_21H2_LD_05_06.avi,99,TRUE,0.5,50,1800,"{'xs': [[1.3012422360248461, 141.79813664596273, 144.5, 1.3012422360248461], [1.3012422360248461, 144.5, 139.99689440993788, 2.2018633540372687]], 'ys': [[2.1464968152866355, 1.5350318471337694, 147.06369426751593, 145.22929936305732], [145.22929936305732, 147.06369426751593, 286.4777070063694, 287.0891719745223]]}",light,FALSE,0,"(0, 1800)",0.773459189,0.226540811,1888.993614,141.6282706
6,pre,2,250819_21H2_LD_05_06.avi,99,TRUE,0.5,50,1800,"{'xs': [[1.3012422360248461, 141.79813664596273, 144.5, 1.3012422360248461], [1.3012422360248461, 144.5, 139.99689440993788, 2.2018633540372687]], 'ys': [[2.1464968152866355, 1.5350318471337694, 147.06369426751593, 145.22929936305732], [145.22929936305732, 147.06369426751593, 286.4777070063694, 287.0891719745223]]}",light,FALSE,1,"(1800, 3600)",0.563575791,0.439200444,1959.429981,146.9092735
6,pre,2,250819_21H2_LD_05_06.avi,99,TRUE,0.5,50,1800,"{'xs': [[1.3012422360248461, 141.79813664596273, 144.5, 1.3012422360248461], [1.3012422360248461, 144.5, 139.99689440993788, 2.2018633540372687]], 'ys': [[2.1464968152866355, 1.5350318471337694, 147.06369426751593, 145.22929936305732], [145.22929936305732, 147.06369426751593, 286.4777070063694, 287.0891719745223]]}",light,FALSE,2,"(3600, 5400)",0.600222099,0.400333148,1320.302152,98.9903349
6,pre,2,250819_21H2_LD_05_06.avi,99,TRUE,0.5,50,1800,"{'xs': [[1.3012422360248461, 141.79813664596273, 144.5, 1.3012422360248461], [1.3012422360248461, 144.5, 139.99689440993788, 2.2018633540372687]], 'ys': [[2.1464968152866355, 1.5350318471337694, 147.06369426751593, 145.22929936305732], [145.22929936305732, 147.06369426751593, 286.4777070063694, 287.0891719745223]]}",light,FALSE,3,"(5400, 7200)",0.362576346,0.640755136,1347.405477,101.0224206
6,pre,2,250819_21H2_LD_05_06.avi,99,TRUE,0.5,50,1800,"{'xs': [[1.3012422360248461, 141.79813664596273, 144.5, 1.3012422360248461], [1.3012422360248461, 144.5, 139.99689440993788, 2.2018633540372687]], 'ys': [[2.1464968152866355, 1.5350318471337694, 147.06369426751593, 145.22929936305732], [145.22929936305732, 147.06369426751593, 286.4777070063694, 287.0891719745223]]}",light,FALSE,4,"(7200, 9000)",0.61521377,0.385341477,1034.929117,77.59434438
6,pre,2,250819_21H2_LD_05_06.avi,99,TRUE,0.5,50,1800,"{'xs': [[1.3012422360248461, 141.79813664596273, 144.5, 1.3012422360248461], [1.3012422360248461, 144.5, 139.99689440993788, 2.2018633540372687]], 'ys': [[2.1464968152866355, 1.5350318471337694, 147.06369426751593, 145.22929936305732], [145.22929936305732, 147.06369426751593, 286.4777070063694, 287.0891719745223]]}",light,FALSE,5,"(9000, 10800)",0.282065519,0.719044975,1105.181722,82.86156965
6,pre,2,250819_21H2_LD_05_06.avi,99,TRUE,0.5,50,1800,"{'xs': [[1.3012422360248461, 141.79813664596273, 144.5, 1.3012422360248461], [1.3012422360248461, 144.5, 139.99689440993788, 2.2018633540372687]], 'ys': [[2.1464968152866355, 1.5350318471337694, 147.06369426751593, 145.22929936305732], [145.22929936305732, 147.06369426751593, 286.4777070063694, 287.0891719745223]]}",light,FALSE,6,"(10800, 12600)",0.251526929,0.748473071,1439.06378,107.8945492
6,pre,2,250819_21H2_LD_05_06.avi,99,TRUE,0.5,50,1800,"{'xs': [[1.3012422360248461, 141.79813664596273, 144.5, 1.3012422360248461], [1.3012422360248461, 144.5, 139.99689440993788, 2.2018633540372687]], 'ys': [[2.1464968152866355, 1.5350318471337694, 147.06369426751593, 145.22929936305732], [145.22929936305732, 147.06369426751593, 286.4777070063694, 287.0891719745223]]}",light,FALSE,7,"(12600, 14400)",0.547222222,0.452777778,1200.84494,90.03396875
7,pre,1,250819_21H2_LD_07_08.avi,99,TRUE,0.5,50,1800,"{'xs': [[1.3216560509554163, 140.6783439490446, 141.5891719745223, 2.2324840764331233], [2.2324840764331233, 141.5891719745223, 140.6783439490446, 3.1433121019108303]], 'ys': [[2.1464968152866355, 1.5350318471337694, 144.61783439490446, 143.39490445859875], [143.39490445859875, 144.61783439490446, 285.86624203821657, 285.86624203821657]]}",light,FALSE,0,"(0, 1800)",0.427540255,0.573014992,1954.440156,145.6892989
7,pre,1,250819_21H2_LD_07_08.avi,99,TRUE,0.5,50,1800,"{'xs': [[1.3216560509554163, 140.6783439490446, 141.5891719745223, 2.2324840764331233], [2.2324840764331233, 141.5891719745223, 140.6783439490446, 3.1433121019108303]], 'ys': [[2.1464968152866355, 1.5350318471337694, 144.61783439490446, 143.39490445859875], [143.39490445859875, 144.61783439490446, 285.86624203821657, 285.86624203821657]]}",light,FALSE,1,"(1800, 3600)",0.456413104,0.543586896,1600.319648,119.2921906
7,pre,1,250819_21H2_LD_07_08.avi,99,TRUE,0.5,50,1800,"{'xs': [[1.3216560509554163, 140.6783439490446, 141.5891719745223, 2.2324840764331233], [2.2324840764331233, 141.5891719745223, 140.6783439490446, 3.1433121019108303]], 'ys': [[2.1464968152866355, 1.5350318471337694, 144.61783439490446, 143.39490445859875], [143.39490445859875, 144.61783439490446, 285.86624203821657, 285.86624203821657]]}",light,FALSE,2,"(3600, 5400)",0.184897279,0.818434203,1320.183777,98.41009885
7,pre,1,250819_21H2_LD_07_08.avi,99,TRUE,0.5,50,1800,"{'xs': [[1.3216560509554163, 140.6783439490446, 141.5891719745223, 2.2324840764331233], [2.2324840764331233, 141.5891719745223, 140.6783439490446, 3.1433121019108303]], 'ys': [[2.1464968152866355, 1.5350318471337694, 144.61783439490446, 143.39490445859875], [143.39490445859875, 144.61783439490446, 285.86624203821657, 285.86624203821657]]}",light,FALSE,3,"(5400, 7200)",0.385341477,0.615769017,1494.24891,111.3853885
7,pre,1,250819_21H2_LD_07_08.avi,99,TRUE,0.5,50,1800,"{'xs': [[1.3216560509554163, 140.6783439490446, 141.5891719745223, 2.2324840764331233], [2.2324840764331233, 141.5891719745223, 140.6783439490446, 3.1433121019108303]], 'ys': [[2.1464968152866355, 1.5350318471337694, 144.61783439490446, 143.39490445859875], [143.39490445859875, 144.61783439490446, 285.86624203821657, 285.86624203821657]]}",light,FALSE,4,"(7200, 9000)",0.250416435,0.750138812,1598.618612,119.1653907
7,pre,1,250819_21H2_LD_07_08.avi,99,TRUE,0.5,50,1800,"{'xs': [[1.3216560509554163, 140.6783439490446, 141.5891719745223, 2.2324840764331233], [2.2324840764331233, 141.5891719745223, 140.6783439490446, 3.1433121019108303]], 'ys': [[2.1464968152866355, 1.5350318471337694, 144.61783439490446, 143.39490445859875], [143.39490445859875, 144.61783439490446, 285.86624203821657, 285.86624203821657]]}",light,FALSE,5,"(9000, 10800)",0.2476402,0.752915047,1167.680303,87.04207399
7,pre,1,250819_21H2_LD_07_08.avi,99,TRUE,0.5,50,1800,"{'xs': [[1.3216560509554163, 140.6783439490446, 141.5891719745223, 2.2324840764331233], [2.2324840764331233, 141.5891719745223, 140.6783439490446, 3.1433121019108303]], 'ys': [[2.1464968152866355, 1.5350318471337694, 144.61783439490446, 143.39490445859875], [143.39490445859875, 144.61783439490446, 285.86624203821657, 285.86624203821657]]}",light,FALSE,6,"(10800, 12600)",0,1,1122.916412,83.70525147
7,pre,1,250819_21H2_LD_07_08.avi,99,TRUE,0.5,50,1800,"{'xs': [[1.3216560509554163, 140.6783439490446, 141.5891719745223, 2.2324840764331233], [2.2324840764331233, 141.5891719745223, 140.6783439490446, 3.1433121019108303]], 'ys': [[2.1464968152866355, 1.5350318471337694, 144.61783439490446, 143.39490445859875], [143.39490445859875, 144.61783439490446, 285.86624203821657, 285.86624203821657]]}",light,FALSE,7,"(12600, 14400)",0.320377568,0.680177679,1248.573034,93.0720388
8,pre,2,250819_21H2_LD_07_08.avi,99,TRUE,0.5,50,1800,"{'xs': [[1.3012422360248461, 141.79813664596273, 144.5, 1.3012422360248461], [1.3012422360248461, 144.5, 139.99689440993788, 2.2018633540372687]], 'ys': [[2.1464968152866355, 1.5350318471337694, 147.06369426751593, 145.22929936305732], [145.22929936305732, 147.06369426751593, 286.4777070063694, 287.0891719745223]]}",dark,FALSE,0,"(0, 1800)",0.377568018,0.624652971,2435.479882,182.6013604
8,pre,2,250819_21H2_LD_07_08.avi,99,TRUE,0.5,50,1800,"{'xs': [[1.3012422360248461, 141.79813664596273, 144.5, 1.3012422360248461], [1.3012422360248461, 144.5, 139.99689440993788, 2.2018633540372687]], 'ys': [[2.1464968152866355, 1.5350318471337694, 147.06369426751593, 145.22929936305732], [145.22929936305732, 147.06369426751593, 286.4777070063694, 287.0891719745223]]}",dark,FALSE,1,"(1800, 3600)",0.155469184,0.850083287,2097.618193,157.270006
8,pre,2,250819_21H2_LD_07_08.avi,99,TRUE,0.5,50,1800,"{'xs': [[1.3012422360248461, 141.79813664596273, 144.5, 1.3012422360248461], [1.3012422360248461, 144.5, 139.99689440993788, 2.2018633540372687]], 'ys': [[2.1464968152866355, 1.5350318471337694, 147.06369426751593, 145.22929936305732], [145.22929936305732, 147.06369426751593, 286.4777070063694, 287.0891719745223]]}",dark,FALSE,2,"(3600, 5400)",0.347584675,0.656857301,1696.682826,127.20967
8,pre,2,250819_21H2_LD_07_08.avi,99,TRUE,0.5,50,1800,"{'xs': [[1.3012422360248461, 141.79813664596273, 144.5, 1.3012422360248461], [1.3012422360248461, 144.5, 139.99689440993788, 2.2018633540372687]], 'ys': [[2.1464968152866355, 1.5350318471337694, 147.06369426751593, 145.22929936305732], [145.22929936305732, 147.06369426751593, 286.4777070063694, 287.0891719745223]]}",dark,FALSE,3,"(5400, 7200)",0.280399778,0.719600222,1641.910706,123.1031021
8,pre,2,250819_21H2_LD_07_08.avi,99,TRUE,0.5,50,1800,"{'xs': [[1.3012422360248461, 141.79813664596273, 144.5, 1.3012422360248461], [1.3012422360248461, 144.5, 139.99689440993788, 2.2018633540372687]], 'ys': [[2.1464968152866355, 1.5350318471337694, 147.06369426751593, 145.22929936305732], [145.22929936305732, 147.06369426751593, 286.4777070063694, 287.0891719745223]]}",dark,FALSE,4,"(7200, 9000)",0.395891172,0.605219323,1564.957673,117.3335088
8,pre,2,250819_21H2_LD_07_08.avi,99,TRUE,0.5,50,1800,"{'xs': [[1.3012422360248461, 141.79813664596273, 144.5, 1.3012422360248461], [1.3012422360248461, 144.5, 139.99689440993788, 2.2018633540372687]], 'ys': [[2.1464968152866355, 1.5350318471337694, 147.06369426751593, 145.22929936305732], [145.22929936305732, 147.06369426751593, 286.4777070063694, 287.0891719745223]]}",dark,FALSE,5,"(9000, 10800)",0.057745697,0.945585786,990.9543522,74.2973137
8,pre,2,250819_21H2_LD_07_08.avi,99,TRUE,0.5,50,1800,"{'xs': [[1.3012422360248461, 141.79813664596273, 144.5, 1.3012422360248461], [1.3012422360248461, 144.5, 139.99689440993788, 2.2018633540372687]], 'ys': [[2.1464968152866355, 1.5350318471337694, 147.06369426751593, 145.22929936305732], [145.22929936305732, 147.06369426751593, 286.4777070063694, 287.0891719745223]]}",dark,FALSE,6,"(10800, 12600)",0.16379789,0.83620211,857.2091083,64.26969505
8,pre,2,250819_21H2_LD_07_08.avi,99,TRUE,0.5,50,1800,"{'xs': [[1.3012422360248461, 141.79813664596273, 144.5, 1.3012422360248461], [1.3012422360248461, 144.5, 139.99689440993788, 2.2018633540372687]], 'ys': [[2.1464968152866355, 1.5350318471337694, 147.06369426751593, 145.22929936305732], [145.22929936305732, 147.06369426751593, 286.4777070063694, 287.0891719745223]]}",dark,FALSE,7,"(12600, 14400)",0.556912826,0.445308162,1028.043552,77.0780956
9,pre,1,250819_21H2_LD_09_10.avi,99,TRUE,0.5,50,1800,"{'xs': [[1.3216560509554163, 140.6783439490446, 141.5891719745223, 2.2324840764331233], [2.2324840764331233, 141.5891719745223, 140.6783439490446, 3.1433121019108303]], 'ys': [[2.1464968152866355, 1.5350318471337694, 144.61783439490446, 143.39490445859875], [143.39490445859875, 144.61783439490446, 285.86624203821657, 285.86624203821657]]}",dark,FALSE,0,"(0, 1800)",0.205996669,0.794003331,1820.212235,135.6835837
9,pre,1,250819_21H2_LD_09_10.avi,99,TRUE,0.5,50,1800,"{'xs': [[1.3216560509554163, 140.6783439490446, 141.5891719745223, 2.2324840764331233], [2.2324840764331233, 141.5891719745223, 140.6783439490446, 3.1433121019108303]], 'ys': [[2.1464968152866355, 1.5350318471337694, 144.61783439490446, 143.39490445859875], [143.39490445859875, 144.61783439490446, 285.86624203821657, 285.86624203821657]]}",dark,FALSE,1,"(1800, 3600)",0.390893948,0.613548029,1805.206245,134.5649963
9,pre,1,250819_21H2_LD_09_10.avi,99,TRUE,0.5,50,1800,"{'xs': [[1.3216560509554163, 140.6783439490446, 141.5891719745223, 2.2324840764331233], [2.2324840764331233, 141.5891719745223, 140.6783439490446, 3.1433121019108303]], 'ys': [[2.1464968152866355, 1.5350318471337694, 144.61783439490446, 143.39490445859875], [143.39490445859875, 144.61783439490446, 285.86624203821657, 285.86624203821657]]}",dark,FALSE,2,"(3600, 5400)",0.104386452,0.897834536,1261.896895,94.06523572
9,pre,1,250819_21H2_LD_09_10.avi,99,TRUE,0.5,50,1800,"{'xs': [[1.3216560509554163, 140.6783439490446, 141.5891719745223, 2.2324840764331233], [2.2324840764331233, 141.5891719745223, 140.6783439490446, 3.1433121019108303]], 'ys': [[2.1464968152866355, 1.5350318471337694, 144.61783439490446, 143.39490445859875], [143.39490445859875, 144.61783439490446, 285.86624203821657, 285.86624203821657]]}",dark,FALSE,3,"(5400, 7200)",0.322598556,0.678511938,1421.530309,105.9647457
9,pre,1,250819_21H2_LD_09_10.avi,99,TRUE,0.5,50,1800,"{'xs': [[1.3216560509554163, 140.6783439490446, 141.5891719745223, 2.2324840764331233], [2.2324840764331233, 141.5891719745223, 140.6783439490446, 3.1433121019108303]], 'ys': [[2.1464968152866355, 1.5350318471337694, 144.61783439490446, 143.39490445859875], [143.39490445859875, 144.61783439490446, 285.86624203821657, 285.86624203821657]]}",dark,FALSE,4,"(7200, 9000)",0.536368684,0.46474181,1596.032497,118.9726147
9,pre,1,250819_21H2_LD_09_10.avi,99,TRUE,0.5,50,1800,"{'xs': [[1.3216560509554163, 140.6783439490446, 141.5891719745223, 2.2324840764331233], [2.2324840764331233, 141.5891719745223, 140.6783439490446, 3.1433121019108303]], 'ys': [[2.1464968152866355, 1.5350318471337694, 144.61783439490446, 143.39490445859875], [143.39490445859875, 144.61783439490446, 285.86624203821657, 285.86624203821657]]}",dark,FALSE,5,"(9000, 10800)",0.683509162,0.316490838,1209.87916,90.1876919
9,pre,1,250819_21H2_LD_09_10.avi,99,TRUE,0.5,50,1800,"{'xs': [[1.3216560509554163, 140.6783439490446, 141.5891719745223, 2.2324840764331233], [2.2324840764331233, 141.5891719745223, 140.6783439490446, 3.1433121019108303]], 'ys': [[2.1464968152866355, 1.5350318471337694, 144.61783439490446, 143.39490445859875], [143.39490445859875, 144.61783439490446, 285.86624203821657, 285.86624203821657]]}",dark,FALSE,6,"(10800, 12600)",0.510272071,0.491948917,1438.566928,107.2347017
9,pre,1,250819_21H2_LD_09_10.avi,99,TRUE,0.5,50,1800,"{'xs': [[1.3216560509554163, 140.6783439490446, 141.5891719745223, 2.2324840764331233], [2.2324840764331233, 141.5891719745223, 140.6783439490446, 3.1433121019108303]], 'ys': [[2.1464968152866355, 1.5350318471337694, 144.61783439490446, 143.39490445859875], [143.39490445859875, 144.61783439490446, 285.86624203821657, 285.86624203821657]]}",dark,FALSE,7,"(12600, 14400)",0.008888889,0.992222222,920.9262198,68.64835175
10,pre,2,250819_21H2_LD_09_10.avi,99,TRUE,0.5,50,1800,"{'xs': [[1.3012422360248461, 141.79813664596273, 144.5, 1.3012422360248461], [1.3012422360248461, 144.5, 139.99689440993788, 2.2018633540372687]], 'ys': [[2.1464968152866355, 1.5350318471337694, 147.06369426751593, 145.22929936305732], [145.22929936305732, 147.06369426751593, 286.4777070063694, 287.0891719745223]]}",dark,FALSE,0,"(0, 1800)",0.487506941,0.514714048,2102.639203,157.6464588
10,pre,2,250819_21H2_LD_09_10.avi,99,TRUE,0.5,50,1800,"{'xs': [[1.3012422360248461, 141.79813664596273, 144.5, 1.3012422360248461], [1.3012422360248461, 144.5, 139.99689440993788, 2.2018633540372687]], 'ys': [[2.1464968152866355, 1.5350318471337694, 147.06369426751593, 145.22929936305732], [145.22929936305732, 147.06369426751593, 286.4777070063694, 287.0891719745223]]}",dark,FALSE,1,"(1800, 3600)",0.026096613,0.983342587,1055.721147,79.15323758
10,pre,2,250819_21H2_LD_09_10.avi,99,TRUE,0.5,50,1800,"{'xs': [[1.3012422360248461, 141.79813664596273, 144.5, 1.3012422360248461], [1.3012422360248461, 144.5, 139.99689440993788, 2.2018633540372687]], 'ys': [[2.1464968152866355, 1.5350318471337694, 147.06369426751593, 145.22929936305732], [145.22929936305732, 147.06369426751593, 286.4777070063694, 287.0891719745223]]}",dark,FALSE,2,"(3600, 5400)",0.321488062,0.678511938,1440.032603,107.9671872
10,pre,2,250819_21H2_LD_09_10.avi,99,TRUE,0.5,50,1800,"{'xs': [[1.3012422360248461, 141.79813664596273, 144.5, 1.3012422360248461], [1.3012422360248461, 144.5, 139.99689440993788, 2.2018633540372687]], 'ys': [[2.1464968152866355, 1.5350318471337694, 147.06369426751593, 145.22929936305732], [145.22929936305732, 147.06369426751593, 286.4777070063694, 287.0891719745223]]}",dark,FALSE,3,"(5400, 7200)",0.44197668,0.563575791,1420.995915,106.5399017
10,pre,2,250819_21H2_LD_09_10.avi,99,TRUE,0.5,50,1800,"{'xs': [[1.3012422360248461, 141.79813664596273, 144.5, 1.3012422360248461], [1.3012422360248461, 144.5, 139.99689440993788, 2.2018633540372687]], 'ys': [[2.1464968152866355, 1.5350318471337694, 147.06369426751593, 145.22929936305732], [145.22929936305732, 147.06369426751593, 286.4777070063694, 287.0891719745223]]}",dark,FALSE,4,"(7200, 9000)",0.012770683,0.988895058,1085.927263,81.41795671
10,pre,2,250819_21H2_LD_09_10.avi,99,TRUE,0.5,50,1800,"{'xs': [[1.3012422360248461, 141.79813664596273, 144.5, 1.3012422360248461], [1.3012422360248461, 144.5, 139.99689440993788, 2.2018633540372687]], 'ys': [[2.1464968152866355, 1.5350318471337694, 147.06369426751593, 145.22929936305732], [145.22929936305732, 147.06369426751593, 286.4777070063694, 287.0891719745223]]}",dark,FALSE,5,"(9000, 10800)",0.909494725,0.107717934,727.2465606,54.525686
10,pre,2,250819_21H2_LD_09_10.avi,99,TRUE,0.5,50,1800,"{'xs': [[1.3012422360248461, 141.79813664596273, 144.5, 1.3012422360248461], [1.3012422360248461, 144.5, 139.99689440993788, 2.2018633540372687]], 'ys': [[2.1464968152866355, 1.5350318471337694, 147.06369426751593, 145.22929936305732], [145.22929936305732, 147.06369426751593, 286.4777070063694, 287.0891719745223]]}",dark,FALSE,6,"(10800, 12600)",0.436424209,0.563575791,1056.92548,79.243533
10,pre,2,250819_21H2_LD_09_10.avi,99,TRUE,0.5,50,1800,"{'xs': [[1.3012422360248461, 141.79813664596273, 144.5, 1.3012422360248461], [1.3012422360248461, 144.5, 139.99689440993788, 2.2018633540372687]], 'ys': [[2.1464968152866355, 1.5350318471337694, 147.06369426751593, 145.22929936305732], [145.22929936305732, 147.06369426751593, 286.4777070063694, 287.0891719745223]]}",dark,FALSE,7,"(12600, 14400)",0.112222222,0.888333333,713.6418985,53.50566945
11,pre,1,250819_21H2_LD_11_12.avi,99,TRUE,0.5,50,1800,"{'xs': [[1.3216560509554163, 140.6783439490446, 141.5891719745223, 2.2324840764331233], [2.2324840764331233, 141.5891719745223, 140.6783439490446, 3.1433121019108303]], 'ys': [[2.1464968152866355, 1.5350318471337694, 144.61783439490446, 143.39490445859875], [143.39490445859875, 144.61783439490446, 285.86624203821657, 285.86624203821657]]}",dark,FALSE,0,"(0, 1800)",0.408661855,0.59244864,1686.907291,125.7466696
11,pre,1,250819_21H2_LD_11_12.avi,99,TRUE,0.5,50,1800,"{'xs': [[1.3216560509554163, 140.6783439490446, 141.5891719745223, 2.2324840764331233], [2.2324840764331233, 141.5891719745223, 140.6783439490446, 3.1433121019108303]], 'ys': [[2.1464968152866355, 1.5350318471337694, 144.61783439490446, 143.39490445859875], [143.39490445859875, 144.61783439490446, 285.86624203821657, 285.86624203821657]]}",dark,FALSE,1,"(1800, 3600)",0.240421988,0.760133259,1378.746904,102.775554
11,pre,1,250819_21H2_LD_11_12.avi,99,TRUE,0.5,50,1800,"{'xs': [[1.3216560509554163, 140.6783439490446, 141.5891719745223, 2.2324840764331233], [2.2324840764331233, 141.5891719745223, 140.6783439490446, 3.1433121019108303]], 'ys': [[2.1464968152866355, 1.5350318471337694, 144.61783439490446, 143.39490445859875], [143.39490445859875, 144.61783439490446, 285.86624203821657, 285.86624203821657]]}",dark,FALSE,2,"(3600, 5400)",0.656857301,0.343142699,1699.236659,126.6657343
11,pre,1,250819_21H2_LD_11_12.avi,99,TRUE,0.5,50,1800,"{'xs': [[1.3216560509554163, 140.6783439490446, 141.5891719745223, 2.2324840764331233], [2.2324840764331233, 141.5891719745223, 140.6783439490446, 3.1433121019108303]], 'ys': [[2.1464968152866355, 1.5350318471337694, 144.61783439490446, 143.39490445859875], [143.39490445859875, 144.61783439490446, 285.86624203821657, 285.86624203821657]]}",dark,FALSE,3,"(5400, 7200)",0.440310938,0.564686285,1346.840889,100.3971926
11,pre,1,250819_21H2_LD_11_12.avi,99,TRUE,0.5,50,1800,"{'xs': [[1.3216560509554163, 140.6783439490446, 141.5891719745223, 2.2324840764331233], [2.2324840764331233, 141.5891719745223, 140.6783439490446, 3.1433121019108303]], 'ys': [[2.1464968152866355, 1.5350318471337694, 144.61783439490446, 143.39490445859875], [143.39490445859875, 144.61783439490446, 285.86624203821657, 285.86624203821657]]}",dark,FALSE,4,"(7200, 9000)",0.545252637,0.454747363,1150.452037,85.75783206
11,pre,1,250819_21H2_LD_11_12.avi,99,TRUE,0.5,50,1800,"{'xs': [[1.3216560509554163, 140.6783439490446, 141.5891719745223, 2.2324840764331233], [2.2324840764331233, 141.5891719745223, 140.6783439490446, 3.1433121019108303]], 'ys': [[2.1464968152866355, 1.5350318471337694, 144.61783439490446, 143.39490445859875], [143.39490445859875, 144.61783439490446, 285.86624203821657, 285.86624203821657]]}",dark,FALSE,5,"(9000, 10800)",0.345918934,0.65519156,1289.075197,96.09118045
11,pre,1,250819_21H2_LD_11_12.avi,99,TRUE,0.5,50,1800,"{'xs': [[1.3216560509554163, 140.6783439490446, 141.5891719745223, 2.2324840764331233], [2.2324840764331233, 141.5891719745223, 140.6783439490446, 3.1433121019108303]], 'ys': [[2.1464968152866355, 1.5350318471337694, 144.61783439490446, 143.39490445859875], [143.39490445859875, 144.61783439490446, 285.86624203821657, 285.86624203821657]]}",dark,FALSE,6,"(10800, 12600)",0.651304831,0.348695169,1481.801438,110.45752
11,pre,1,250819_21H2_LD_11_12.avi,99,TRUE,0.5,50,1800,"{'xs': [[1.3216560509554163, 140.6783439490446, 141.5891719745223, 2.2324840764331233], [2.2324840764331233, 141.5891719745223, 140.6783439490446, 3.1433121019108303]], 'ys': [[2.1464968152866355, 1.5350318471337694, 144.61783439490446, 143.39490445859875], [143.39490445859875, 144.61783439490446, 285.86624203821657, 285.86624203821657]]}",dark,FALSE,7,"(12600, 14400)",0.201002227,0.810690423,1083.211104,80.74550957
12,pre,2,250819_21H2_LD_11_12.avi,99,TRUE,0.5,50,1800,"{'xs': [[1.3012422360248461, 141.79813664596273, 144.5, 1.3012422360248461], [1.3012422360248461, 144.5, 139.99689440993788, 2.2018633540372687]], 'ys': [[2.1464968152866355, 1.5350318471337694, 147.06369426751593, 145.22929936305732], [145.22929936305732, 147.06369426751593, 286.4777070063694, 287.0891719745223]]}",dark,FALSE,0,"(0, 1800)",0.29150472,0.711826763,844.2361811,63.29704314
12,pre,2,250819_21H2_LD_11_12.avi,99,TRUE,0.5,50,1800,"{'xs': [[1.3012422360248461, 141.79813664596273, 144.5, 1.3012422360248461], [1.3012422360248461, 144.5, 139.99689440993788, 2.2018633540372687]], 'ys': [[2.1464968152866355, 1.5350318471337694, 147.06369426751593, 145.22929936305732], [145.22929936305732, 147.06369426751593, 286.4777070063694, 287.0891719745223]]}",dark,FALSE,1,"(1800, 3600)",0.076624098,0.953359245,1317.651184,98.79157717
12,pre,2,250819_21H2_LD_11_12.avi,99,TRUE,0.5,50,1800,"{'xs': [[1.3012422360248461, 141.79813664596273, 144.5, 1.3012422360248461], [1.3012422360248461, 144.5, 139.99689440993788, 2.2018633540372687]], 'ys': [[2.1464968152866355, 1.5350318471337694, 147.06369426751593, 145.22929936305732], [145.22929936305732, 147.06369426751593, 286.4777070063694, 287.0891719745223]]}",dark,FALSE,2,"(3600, 5400)",0.385896724,0.624652971,1535.552035,115.1288059
12,pre,2,250819_21H2_LD_11_12.avi,99,TRUE,0.5,50,1800,"{'xs': [[1.3012422360248461, 141.79813664596273, 144.5, 1.3012422360248461], [1.3012422360248461, 144.5, 139.99689440993788, 2.2018633540372687]], 'ys': [[2.1464968152866355, 1.5350318471337694, 147.06369426751593, 145.22929936305732], [145.22929936305732, 147.06369426751593, 286.4777070063694, 287.0891719745223]]}",dark,FALSE,3,"(5400, 7200)",0.637423654,0.365352582,1581.889894,118.6030108
12,pre,2,250819_21H2_LD_11_12.avi,99,TRUE,0.5,50,1800,"{'xs': [[1.3012422360248461, 141.79813664596273, 144.5, 1.3012422360248461], [1.3012422360248461, 144.5, 139.99689440993788, 2.2018633540372687]], 'ys': [[2.1464968152866355, 1.5350318471337694, 147.06369426751593, 145.22929936305732], [145.22929936305732, 147.06369426751593, 286.4777070063694, 287.0891719745223]]}",dark,FALSE,4,"(7200, 9000)",0.47806774,0.526374237,1325.243865,99.36084238
12,pre,2,250819_21H2_LD_11_12.avi,99,TRUE,0.5,50,1800,"{'xs': [[1.3012422360248461, 141.79813664596273, 144.5, 1.3012422360248461], [1.3012422360248461, 144.5, 139.99689440993788, 2.2018633540372687]], 'ys': [[2.1464968152866355, 1.5350318471337694, 147.06369426751593, 145.22929936305732], [145.22929936305732, 147.06369426751593, 286.4777070063694, 287.0891719745223]]}",dark,FALSE,5,"(9000, 10800)",0.112715158,0.88950583,1079.910106,80.96681721
12,pre,2,250819_21H2_LD_11_12.avi,99,TRUE,0.5,50,1800,"{'xs': [[1.3012422360248461, 141.79813664596273, 144.5, 1.3012422360248461], [1.3012422360248461, 144.5, 139.99689440993788, 2.2018633540372687]], 'ys': [[2.1464968152866355, 1.5350318471337694, 147.06369426751593, 145.22929936305732], [145.22929936305732, 147.06369426751593, 286.4777070063694, 287.0891719745223]]}",dark,FALSE,6,"(10800, 12600)",0.767906718,0.235424764,1146.522007,85.96107884
12,pre,2,250819_21H2_LD_11_12.avi,99,TRUE,0.5,50,1800,"{'xs': [[1.3012422360248461, 141.79813664596273, 144.5, 1.3012422360248461], [1.3012422360248461, 144.5, 139.99689440993788, 2.2018633540372687]], 'ys': [[2.1464968152866355, 1.5350318471337694, 147.06369426751593, 145.22929936305732], [145.22929936305732, 147.06369426751593, 286.4777070063694, 287.0891719745223]]}",dark,FALSE,7,"(12600, 14400)",0.372494432,0.628062361,913.9487425,68.52377839
13,pre,1,250819_21H2_LD_13_14.avi,99,TRUE,0.5,50,1800,"{'xs': [[1.3216560509554163, 140.6783439490446, 141.5891719745223, 2.2324840764331233], [2.2324840764331233, 141.5891719745223, 140.6783439490446, 3.1433121019108303]], 'ys': [[2.1464968152866355, 1.5350318471337694, 144.61783439490446, 143.39490445859875], [143.39490445859875, 144.61783439490446, 285.86624203821657, 285.86624203821657]]}",dark,FALSE,0,"(0, 1800)",0.612437535,0.387562465,2326.493468,173.4231674
13,pre,1,250819_21H2_LD_13_14.avi,99,TRUE,0.5,50,1800,"{'xs': [[1.3216560509554163, 140.6783439490446, 141.5891719745223, 2.2324840764331233], [2.2324840764331233, 141.5891719745223, 140.6783439490446, 3.1433121019108303]], 'ys': [[2.1464968152866355, 1.5350318471337694, 144.61783439490446, 143.39490445859875], [143.39490445859875, 144.61783439490446, 285.86624203821657, 285.86624203821657]]}",dark,FALSE,1,"(1800, 3600)",0.315380344,0.684619656,1983.506651,147.8559947
13,pre,1,250819_21H2_LD_13_14.avi,99,TRUE,0.5,50,1800,"{'xs': [[1.3216560509554163, 140.6783439490446, 141.5891719745223, 2.2324840764331233], [2.2324840764331233, 141.5891719745223, 140.6783439490446, 3.1433121019108303]], 'ys': [[2.1464968152866355, 1.5350318471337694, 144.61783439490446, 143.39490445859875], [143.39490445859875, 144.61783439490446, 285.86624203821657, 285.86624203821657]]}",dark,FALSE,2,"(3600, 5400)",0.332037757,0.669627984,1887.496102,140.6991066
13,pre,1,250819_21H2_LD_13_14.avi,99,TRUE,0.5,50,1800,"{'xs': [[1.3216560509554163, 140.6783439490446, 141.5891719745223, 2.2324840764331233], [2.2324840764331233, 141.5891719745223, 140.6783439490446, 3.1433121019108303]], 'ys': [[2.1464968152866355, 1.5350318471337694, 144.61783439490446, 143.39490445859875], [143.39490445859875, 144.61783439490446, 285.86624203821657, 285.86624203821657]]}",dark,FALSE,3,"(5400, 7200)",0.134369795,0.866185453,1187.240864,88.50017154
13,pre,1,250819_21H2_LD_13_14.avi,99,TRUE,0.5,50,1800,"{'xs': [[1.3216560509554163, 140.6783439490446, 141.5891719745223, 2.2324840764331233], [2.2324840764331233, 141.5891719745223, 140.6783439490446, 3.1433121019108303]], 'ys': [[2.1464968152866355, 1.5350318471337694, 144.61783439490446, 143.39490445859875], [143.39490445859875, 144.61783439490446, 285.86624203821657, 285.86624203821657]]}",dark,FALSE,4,"(7200, 9000)",0.519711272,0.480843976,1420.498042,105.8877977
13,pre,1,250819_21H2_LD_13_14.avi,99,TRUE,0.5,50,1800,"{'xs': [[1.3216560509554163, 140.6783439490446, 141.5891719745223, 2.2324840764331233], [2.2324840764331233, 141.5891719745223, 140.6783439490446, 3.1433121019108303]], 'ys': [[2.1464968152866355, 1.5350318471337694, 144.61783439490446, 143.39490445859875], [143.39490445859875, 144.61783439490446, 285.86624203821657, 285.86624203821657]]}",dark,FALSE,5,"(9000, 10800)",0.449750139,0.55247085,1305.583497,97.32175413
13,pre,1,250819_21H2_LD_13_14.avi,99,TRUE,0.5,50,1800,"{'xs': [[1.3216560509554163, 140.6783439490446, 141.5891719745223, 2.2324840764331233], [2.2324840764331233, 141.5891719745223, 140.6783439490446, 3.1433121019108303]], 'ys': [[2.1464968152866355, 1.5350318471337694, 144.61783439490446, 143.39490445859875], [143.39490445859875, 144.61783439490446, 285.86624203821657, 285.86624203821657]]}",dark,FALSE,6,"(10800, 12600)",0.517490283,0.483064964,1273.05593,94.89706059
13,pre,1,250819_21H2_LD_13_14.avi,99,TRUE,0.5,50,1800,"{'xs': [[1.3216560509554163, 140.6783439490446, 141.5891719745223, 2.2324840764331233], [2.2324840764331233, 141.5891719745223, 140.6783439490446, 3.1433121019108303]], 'ys': [[2.1464968152866355, 1.5350318471337694, 144.61783439490446, 143.39490445859875], [143.39490445859875, 144.61783439490446, 285.86624203821657, 285.86624203821657]]}",dark,FALSE,7,"(12600, 14400)",0.173237091,0.827873404,1257.339296,93.72549986
14,pre,2,250819_21H2_LD_13_14.avi,99,TRUE,0.5,50,1800,"{'xs': [[1.3012422360248461, 141.79813664596273, 144.5, 1.3012422360248461], [1.3012422360248461, 144.5, 139.99689440993788, 2.2018633540372687]], 'ys': [[2.1464968152866355, 1.5350318471337694, 147.06369426751593, 145.22929936305732], [145.22929936305732, 147.06369426751593, 286.4777070063694, 287.0891719745223]]}",dark,FALSE,0,"(0, 1800)",0.265963354,0.736257635,1758.31658,131.8306925
14,pre,2,250819_21H2_LD_13_14.avi,99,TRUE,0.5,50,1800,"{'xs': [[1.3012422360248461, 141.79813664596273, 144.5, 1.3012422360248461], [1.3012422360248461, 144.5, 139.99689440993788, 2.2018633540372687]], 'ys': [[2.1464968152866355, 1.5350318471337694, 147.06369426751593, 145.22929936305732], [145.22929936305732, 147.06369426751593, 286.4777070063694, 287.0891719745223]]}",dark,FALSE,1,"(1800, 3600)",0.071071627,0.92948362,1073.788662,80.50785879
14,pre,2,250819_21H2_LD_13_14.avi,99,TRUE,0.5,50,1800,"{'xs': [[1.3012422360248461, 141.79813664596273, 144.5, 1.3012422360248461], [1.3012422360248461, 144.5, 139.99689440993788, 2.2018633540372687]], 'ys': [[2.1464968152866355, 1.5350318471337694, 147.06369426751593, 145.22929936305732], [145.22929936305732, 147.06369426751593, 286.4777070063694, 287.0891719745223]]}",dark,FALSE,2,"(3600, 5400)",0.03053859,0.96946141,1406.748062,105.4716616
14,pre,2,250819_21H2_LD_13_14.avi,99,TRUE,0.5,50,1800,"{'xs': [[1.3012422360248461, 141.79813664596273, 144.5, 1.3012422360248461], [1.3012422360248461, 144.5, 139.99689440993788, 2.2018633540372687]], 'ys': [[2.1464968152866355, 1.5350318471337694, 147.06369426751593, 145.22929936305732], [145.22929936305732, 147.06369426751593, 286.4777070063694, 287.0891719745223]]}",dark,FALSE,3,"(5400, 7200)",0.198778456,0.808439756,1304.528553,97.80770111
14,pre,2,250819_21H2_LD_13_14.avi,99,TRUE,0.5,50,1800,"{'xs': [[1.3012422360248461, 141.79813664596273, 144.5, 1.3012422360248461], [1.3012422360248461, 144.5, 139.99689440993788, 2.2018633540372687]], 'ys': [[2.1464968152866355, 1.5350318471337694, 147.06369426751593, 145.22929936305732], [145.22929936305732, 147.06369426751593, 286.4777070063694, 287.0891719745223]]}",dark,FALSE,4,"(7200, 9000)",0.048306496,0.958911716,1015.915612,76.16879703
14,pre,2,250819_21H2_LD_13_14.avi,99,TRUE,0.5,50,1800,"{'xs': [[1.3012422360248461, 141.79813664596273, 144.5, 1.3012422360248461], [1.3012422360248461, 144.5, 139.99689440993788, 2.2018633540372687]], 'ys': [[2.1464968152866355, 1.5350318471337694, 147.06369426751593, 145.22929936305732], [145.22929936305732, 147.06369426751593, 286.4777070063694, 287.0891719745223]]}",dark,FALSE,5,"(9000, 10800)",0.014436424,0.987784564,516.7136634,38.74087344
14,pre,2,250819_21H2_LD_13_14.avi,99,TRUE,0.5,50,1800,"{'xs': [[1.3012422360248461, 141.79813664596273, 144.5, 1.3012422360248461], [1.3012422360248461, 144.5, 139.99689440993788, 2.2018633540372687]], 'ys': [[2.1464968152866355, 1.5350318471337694, 147.06369426751593, 145.22929936305732], [145.22929936305732, 147.06369426751593, 286.4777070063694, 287.0891719745223]]}",dark,FALSE,6,"(10800, 12600)",0.294280955,0.706274292,1556.814893,116.7229997
14,pre,2,250819_21H2_LD_13_14.avi,99,TRUE,0.5,50,1800,"{'xs': [[1.3012422360248461, 141.79813664596273, 144.5, 1.3012422360248461], [1.3012422360248461, 144.5, 139.99689440993788, 2.2018633540372687]], 'ys': [[2.1464968152866355, 1.5350318471337694, 147.06369426751593, 145.22929936305732], [145.22929936305732, 147.06369426751593, 286.4777070063694, 287.0891719745223]]}",dark,FALSE,7,"(12600, 14400)",0.248750694,0.7523598,1364.607079,102.3121196
15,pre,1,250819_21H2_LD_15_xx.avi,99,TRUE,0.5,50,1800,"{'xs': [[1.3216560509554163, 140.6783439490446, 141.5891719745223, 2.2324840764331233], [2.2324840764331233, 141.5891719745223, 140.6783439490446, 3.1433121019108303]], 'ys': [[2.1464968152866355, 1.5350318471337694, 144.61783439490446, 143.39490445859875], [143.39490445859875, 144.61783439490446, 285.86624203821657, 285.86624203821657]]}",dark,FALSE,0,"(0, 1800)",0.83620211,0.165463631,2959.579391,220.6151184
15,pre,1,250819_21H2_LD_15_xx.avi,99,TRUE,0.5,50,1800,"{'xs': [[1.3216560509554163, 140.6783439490446, 141.5891719745223, 2.2324840764331233], [2.2324840764331233, 141.5891719745223, 140.6783439490446, 3.1433121019108303]], 'ys': [[2.1464968152866355, 1.5350318471337694, 144.61783439490446, 143.39490445859875], [143.39490445859875, 144.61783439490446, 285.86624203821657, 285.86624203821657]]}",dark,FALSE,1,"(1800, 3600)",0.409217102,0.591338145,2894.61345,215.77238
15,pre,1,250819_21H2_LD_15_xx.avi,99,TRUE,0.5,50,1800,"{'xs': [[1.3216560509554163, 140.6783439490446, 141.5891719745223, 2.2324840764331233], [2.2324840764331233, 141.5891719745223, 140.6783439490446, 3.1433121019108303]], 'ys': [[2.1464968152866355, 1.5350318471337694, 144.61783439490446, 143.39490445859875], [143.39490445859875, 144.61783439490446, 285.86624203821657, 285.86624203821657]]}",dark,FALSE,2,"(3600, 5400)",0.394780677,0.606885064,2752.811294,205.2020606
15,pre,1,250819_21H2_LD_15_xx.avi,99,TRUE,0.5,50,1800,"{'xs': [[1.3216560509554163, 140.6783439490446, 141.5891719745223, 2.2324840764331233], [2.2324840764331233, 141.5891719745223, 140.6783439490446, 3.1433121019108303]], 'ys': [[2.1464968152866355, 1.5350318471337694, 144.61783439490446, 143.39490445859875], [143.39490445859875, 144.61783439490446, 285.86624203821657, 285.86624203821657]]}",dark,FALSE,3,"(5400, 7200)",0.421987785,0.578012215,2381.52961,177.5257115
15,pre,1,250819_21H2_LD_15_xx.avi,99,TRUE,0.5,50,1800,"{'xs': [[1.3216560509554163, 140.6783439490446, 141.5891719745223, 2.2324840764331233], [2.2324840764331233, 141.5891719745223, 140.6783439490446, 3.1433121019108303]], 'ys': [[2.1464968152866355, 1.5350318471337694, 144.61783439490446, 143.39490445859875], [143.39490445859875, 144.61783439490446, 285.86624203821657, 285.86624203821657]]}",dark,FALSE,4,"(7200, 9000)",0.387007218,0.612992782,2057.960936,153.4060202
15,pre,1,250819_21H2_LD_15_xx.avi,99,TRUE,0.5,50,1800,"{'xs': [[1.3216560509554163, 140.6783439490446, 141.5891719745223, 2.2324840764331233], [2.2324840764331233, 141.5891719745223, 140.6783439490446, 3.1433121019108303]], 'ys': [[2.1464968152866355, 1.5350318471337694, 144.61783439490446, 143.39490445859875], [143.39490445859875, 144.61783439490446, 285.86624203821657, 285.86624203821657]]}",dark,FALSE,5,"(9000, 10800)",0.479178234,0.52193226,1894.877462,141.2493333
15,pre,1,250819_21H2_LD_15_xx.avi,99,TRUE,0.5,50,1800,"{'xs': [[1.3216560509554163, 140.6783439490446, 141.5891719745223, 2.2324840764331233], [2.2324840764331233, 141.5891719745223, 140.6783439490446, 3.1433121019108303]], 'ys': [[2.1464968152866355, 1.5350318471337694, 144.61783439490446, 143.39490445859875], [143.39490445859875, 144.61783439490446, 285.86624203821657, 285.86624203821657]]}",dark,FALSE,6,"(10800, 12600)",0.387562465,0.612437535,1808.18804,134.7872673
15,pre,1,250819_21H2_LD_15_xx.avi,99,TRUE,0.5,50,1800,"{'xs': [[1.3216560509554163, 140.6783439490446, 141.5891719745223, 2.2324840764331233], [2.2324840764331233, 141.5891719745223, 140.6783439490446, 3.1433121019108303]], 'ys': [[2.1464968152866355, 1.5350318471337694, 144.61783439490446, 143.39490445859875], [143.39490445859875, 144.61783439490446, 285.86624203821657, 285.86624203821657]]}",dark,FALSE,7,"(12600, 14400)",0.404006678,0.595993322,1838.441319,137.0424293
21,pre,1,251208_21H2_LD1_21_22.avi,99,TRUE,0.5,50,1800,"{'xs': [[3.12264150943396, 138.97169811320754, 140.7830188679245, 1.311320754716979], [1.311320754716979, 140.7830188679245, 138.97169811320754, 1.311320754716979]], 'ys': [[4.319676409185803, 4.319676409185803, 147.57646137787057, 146.357254697286], [146.357254697286, 147.57646137787057, 289.0044363256785, 288.39483298538624]]}",dark,FALSE,0,"(0, 1800)",0.613548029,0.387562465,2119.306164,161.2291022
22,pre,2,251208_21H2_LD1_21_22.avi,99,TRUE,0.5,50,1800,"{'xs': [[2.1871165644171793, 141.02147239263803, 139.23006134969324, 2.1871165644171793], [2.1871165644171793, 139.23006134969324, 141.91717791411043, 4.874233128834357]], 'ys': [[1.8885350318471452, 1.2770700636942791, 143.7484076433121, 143.13694267515925], [143.13694267515925, 143.7484076433121, 285.60828025477707, 284.9968152866242]]}",dark,FALSE,0,"(0, 1800)",0.362021099,0.639644642,2013.667131,151.7808561
23,pre,1,251208_21H2_LD1_23_24.avi,99,TRUE,0.5,50,1800,"{'xs': [[3.12264150943396, 138.97169811320754, 140.7830188679245, 1.311320754716979], [1.311320754716979, 140.7830188679245, 138.97169811320754, 1.311320754716979]], 'ys': [[4.319676409185803, 4.319676409185803, 147.57646137787057, 146.357254697286], [146.357254697286, 147.57646137787057, 289.0044363256785, 288.39483298538624]]}",dark,FALSE,0,"(0, 1800)",0.001665741,1,1331.990995,101.3330286
24,pre,2,251208_21H2_LD1_23_24.avi,99,TRUE,0.5,50,1800,"{'xs': [[2.1871165644171793, 141.02147239263803, 139.23006134969324, 2.1871165644171793], [2.1871165644171793, 139.23006134969324, 141.91717791411043, 4.874233128834357]], 'ys': [[1.8885350318471452, 1.2770700636942791, 143.7484076433121, 143.13694267515925], [143.13694267515925, 143.7484076433121, 285.60828025477707, 284.9968152866242]]}",dark,FALSE,0,"(0, 1800)",0.46862854,0.531926707,1838.261527,138.559598
25,pre,1,251208_21H2_LD1_25_26.avi,99,TRUE,0.5,50,1800,"{'xs': [[3.12264150943396, 138.97169811320754, 140.7830188679245, 1.311320754716979], [1.311320754716979, 140.7830188679245, 138.97169811320754, 1.311320754716979]], 'ys': [[4.319676409185803, 4.319676409185803, 147.57646137787057, 146.357254697286], [146.357254697286, 147.57646137787057, 289.0044363256785, 288.39483298538624]]}",dark,FALSE,0,"(0, 1800)",0,1,1515.819987,115.3180696
26,pre,2,251208_21H2_LD1_25_26.avi,99,TRUE,0.5,50,1800,"{'xs': [[2.1871165644171793, 141.02147239263803, 139.23006134969324, 2.1871165644171793], [2.1871165644171793, 139.23006134969324, 141.91717791411043, 4.874233128834357]], 'ys': [[1.8885350318471452, 1.2770700636942791, 143.7484076433121, 143.13694267515925], [143.13694267515925, 143.7484076433121, 285.60828025477707, 284.9968152866242]]}",light,FALSE,0,"(0, 1800)",0.134925042,0.866185453,1423.091024,107.2659778
27,pre,1,251208_21H2_LD1_27_28.avi,99,TRUE,0.5,50,1800,"{'xs': [[3.12264150943396, 138.97169811320754, 140.7830188679245, 1.311320754716979], [1.311320754716979, 140.7830188679245, 138.97169811320754, 1.311320754716979]], 'ys': [[4.319676409185803, 4.319676409185803, 147.57646137787057, 146.357254697286], [146.357254697286, 147.57646137787057, 289.0044363256785, 288.39483298538624]]}",dark,FALSE,0,"(0, 1800)",0.569128262,0.431982232,2268.676565,172.5926588
28,pre,2,251208_21H2_LD1_27_28.avi,99,TRUE,0.5,50,1800,"{'xs': [[2.1871165644171793, 141.02147239263803, 139.23006134969324, 2.1871165644171793], [2.1871165644171793, 139.23006134969324, 141.91717791411043, 4.874233128834357]], 'ys': [[1.8885350318471452, 1.2770700636942791, 143.7484076433121, 143.13694267515925], [143.13694267515925, 143.7484076433121, 285.60828025477707, 284.9968152866242]]}",dark,FALSE,0,"(0, 1800)",0.430316491,0.57134925,1945.507515,146.6433014
29,pre,1,251208_21H2_LD1_29_30.avi,99,TRUE,0.5,50,1800,"{'xs': [[3.12264150943396, 138.97169811320754, 140.7830188679245, 1.311320754716979], [1.311320754716979, 140.7830188679245, 138.97169811320754, 1.311320754716979]], 'ys': [[4.319676409185803, 4.319676409185803, 147.57646137787057, 146.357254697286], [146.357254697286, 147.57646137787057, 289.0044363256785, 288.39483298538624]]}",dark,FALSE,0,"(0, 1800)",0.649639089,0.350916158,2789.410702,212.2082174
30,pre,2,251208_21H2_LD1_29_30.avi,99,TRUE,0.5,50,1800,"{'xs': [[2.1871165644171793, 141.02147239263803, 139.23006134969324, 2.1871165644171793], [2.1871165644171793, 139.23006134969324, 141.91717791411043, 4.874233128834357]], 'ys': [[1.8885350318471452, 1.2770700636942791, 143.7484076433121, 143.13694267515925], [143.13694267515925, 143.7484076433121, 285.60828025477707, 284.9968152866242]]}",dark,FALSE,0,"(0, 1800)",0.429205997,0.570794003,1861.49286,140.3106678
31,pre,1,251208_21H2_LD1_31_32.avi,99,TRUE,0.5,50,1800,"{'xs': [[3.12264150943396, 138.97169811320754, 140.7830188679245, 1.311320754716979], [1.311320754716979, 140.7830188679245, 138.97169811320754, 1.311320754716979]], 'ys': [[4.319676409185803, 4.319676409185803, 147.57646137787057, 146.357254697286], [146.357254697286, 147.57646137787057, 289.0044363256785, 288.39483298538624]]}",dark,FALSE,0,"(0, 1800)",0.505274847,0.496390894,1761.382407,133.999565
32,pre,2,251208_21H2_LD1_31_32.avi,99,TRUE,0.5,50,1800,"{'xs': [[2.1871165644171793, 141.02147239263803, 139.23006134969324, 2.1871165644171793], [2.1871165644171793, 139.23006134969324, 141.91717791411043, 4.874233128834357]], 'ys': [[1.8885350318471452, 1.2770700636942791, 143.7484076433121, 143.13694267515925], [143.13694267515925, 143.7484076433121, 285.60828025477707, 284.9968152866242]]}",dark,FALSE,0,"(0, 1800)",0.36757357,0.632981677,2568.519122,193.6030167
33,pre,1,251208_21H2_LD1_33_34.avi,99,TRUE,0.5,50,1800,"{'xs': [[3.12264150943396, 138.97169811320754, 140.7830188679245, 1.311320754716979], [1.311320754716979, 140.7830188679245, 138.97169811320754, 1.311320754716979]], 'ys': [[4.319676409185803, 4.319676409185803, 147.57646137787057, 146.357254697286], [146.357254697286, 147.57646137787057, 289.0044363256785, 288.39483298538624]]}",dark,FALSE,0,"(0, 1800)",0.109383676,0.891726818,1121.897647,85.3498911
34,pre,2,251208_21H2_LD1_33_34.avi,99,TRUE,0.5,50,1800,"{'xs': [[2.1871165644171793, 141.02147239263803, 139.23006134969324, 2.1871165644171793], [2.1871165644171793, 139.23006134969324, 141.91717791411043, 4.874233128834357]], 'ys': [[1.8885350318471452, 1.2770700636942791, 143.7484076433121, 143.13694267515925], [143.13694267515925, 143.7484076433121, 285.60828025477707, 284.9968152866242]]}",dark,FALSE,0,"(0, 1800)",0.006107718,0.993892282,1122.442672,84.60450439
35,pre,1,251208_21H2_LD1_35_36.avi,99,TRUE,0.5,50,1800,"{'xs': [[3.12264150943396, 138.97169811320754, 140.7830188679245, 1.311320754716979], [1.311320754716979, 140.7830188679245, 138.97169811320754, 1.311320754716979]], 'ys': [[4.319676409185803, 4.319676409185803, 147.57646137787057, 146.357254697286], [146.357254697286, 147.57646137787057, 289.0044363256785, 288.39483298538624]]}",dark,FALSE,0,"(0, 1800)",0.626318712,0.378678512,2225.788814,169.3299148
36,pre,2,251208_21H2_LD1_35_36.avi,99,TRUE,0.5,50,1800,"{'xs': [[2.1871165644171793, 141.02147239263803, 139.23006134969324, 2.1871165644171793], [2.1871165644171793, 139.23006134969324, 141.91717791411043, 4.874233128834357]], 'ys': [[1.8885350318471452, 1.2770700636942791, 143.7484076433121, 143.13694267515925], [143.13694267515925, 143.7484076433121, 285.60828025477707, 284.9968152866242]]}",dark,FALSE,0,"(0, 1800)",0.288728484,0.71238201,1273.6649,96.00293213
37,pre,1,251208_21H2_LD1_37_38.avi,99,TRUE,0.5,50,1800,"{'xs': [[3.12264150943396, 138.97169811320754, 140.7830188679245, 1.311320754716979], [1.311320754716979, 140.7830188679245, 138.97169811320754, 1.311320754716979]], 'ys': [[4.319676409185803, 4.319676409185803, 147.57646137787057, 146.357254697286], [146.357254697286, 147.57646137787057, 289.0044363256785, 288.39483298538624]]}",dark,FALSE,0,"(0, 1800)",0.282065519,0.719600222,2053.968446,156.2584463
38,pre,2,251208_21H2_LD1_37_38.avi,99,TRUE,0.5,50,1800,"{'xs': [[2.1871165644171793, 141.02147239263803, 139.23006134969324, 2.1871165644171793], [2.1871165644171793, 139.23006134969324, 141.91717791411043, 4.874233128834357]], 'ys': [[1.8885350318471452, 1.2770700636942791, 143.7484076433121, 143.13694267515925], [143.13694267515925, 143.7484076433121, 285.60828025477707, 284.9968152866242]]}",dark,FALSE,0,"(0, 1800)",0.599111605,0.40199889,2081.612926,156.9022938
21,pre,1,251208_21H2_LD1_21_22.avi,99,TRUE,0.5,50,1800,"{'xs': [[3.12264150943396, 138.97169811320754, 140.7830188679245, 1.311320754716979], [1.311320754716979, 140.7830188679245, 138.97169811320754, 1.311320754716979]], 'ys': [[4.319676409185803, 4.319676409185803, 147.57646137787057, 146.357254697286], [146.357254697286, 147.57646137787057, 289.0044363256785, 288.39483298538624]]}",dark,FALSE,1,"(1800, 3600)",0.421432537,0.579677957,1623.733349,123.5277255
22,pre,2,251208_21H2_LD1_21_22.avi,99,TRUE,0.5,50,1800,"{'xs': [[2.1871165644171793, 141.02147239263803, 139.23006134969324, 2.1871165644171793], [2.1871165644171793, 139.23006134969324, 141.91717791411043, 4.874233128834357]], 'ys': [[1.8885350318471452, 1.2770700636942791, 143.7484076433121, 143.13694267515925], [143.13694267515925, 143.7484076433121, 285.60828025477707, 284.9968152866242]]}",dark,FALSE,1,"(1800, 3600)",0.394780677,0.606329817,2013.19437,151.7452216
23,pre,1,251208_21H2_LD1_23_24.avi,99,TRUE,0.5,50,1800,"{'xs': [[3.12264150943396, 138.97169811320754, 140.7830188679245, 1.311320754716979], [1.311320754716979, 140.7830188679245, 138.97169811320754, 1.311320754716979]], 'ys': [[4.319676409185803, 4.319676409185803, 147.57646137787057, 146.357254697286], [146.357254697286, 147.57646137787057, 289.0044363256785, 288.39483298538624]]}",dark,FALSE,1,"(1800, 3600)",0.382565242,0.619655747,1831.368786,139.3238741
24,pre,2,251208_21H2_LD1_23_24.avi,99,TRUE,0.5,50,1800,"{'xs': [[2.1871165644171793, 141.02147239263803, 139.23006134969324, 2.1871165644171793], [2.1871165644171793, 139.23006134969324, 141.91717791411043, 4.874233128834357]], 'ys': [[1.8885350318471452, 1.2770700636942791, 143.7484076433121, 143.13694267515925], [143.13694267515925, 143.7484076433121, 285.60828025477707, 284.9968152866242]]}",dark,FALSE,1,"(1800, 3600)",0.121599112,0.878956135,1196.144776,90.15982593
25,pre,1,251208_21H2_LD1_25_26.avi,99,TRUE,0.5,50,1800,"{'xs': [[3.12264150943396, 138.97169811320754, 140.7830188679245, 1.311320754716979], [1.311320754716979, 140.7830188679245, 138.97169811320754, 1.311320754716979]], 'ys': [[4.319676409185803, 4.319676409185803, 147.57646137787057, 146.357254697286], [146.357254697286, 147.57646137787057, 289.0044363256785, 288.39483298538624]]}",dark,FALSE,1,"(1800, 3600)",0.148250972,0.851749028,1436.859382,109.311034
26,pre,2,251208_21H2_LD1_25_26.avi,99,TRUE,0.5,50,1800,"{'xs': [[2.1871165644171793, 141.02147239263803, 139.23006134969324, 2.1871165644171793], [2.1871165644171793, 139.23006134969324, 141.91717791411043, 4.874233128834357]], 'ys': [[1.8885350318471452, 1.2770700636942791, 143.7484076433121, 143.13694267515925], [143.13694267515925, 143.7484076433121, 285.60828025477707, 284.9968152866242]]}",light_dark,TRUE,1,"(1800, 3600)",0,1,755.2602958,56.92800586
27,pre,1,251208_21H2_LD1_27_28.avi,99,TRUE,0.5,50,1800,"{'xs': [[3.12264150943396, 138.97169811320754, 140.7830188679245, 1.311320754716979], [1.311320754716979, 140.7830188679245, 138.97169811320754, 1.311320754716979]], 'ys': [[4.319676409185803, 4.319676409185803, 147.57646137787057, 146.357254697286], [146.357254697286, 147.57646137787057, 289.0044363256785, 288.39483298538624]]}",dark,FALSE,1,"(1800, 3600)",0.271515825,0.734591893,1703.675447,129.6094294
28,pre,2,251208_21H2_LD1_27_28.avi,99,TRUE,0.5,50,1800,"{'xs': [[2.1871165644171793, 141.02147239263803, 139.23006134969324, 2.1871165644171793], [2.1871165644171793, 139.23006134969324, 141.91717791411043, 4.874233128834357]], 'ys': [[1.8885350318471452, 1.2770700636942791, 143.7484076433121, 143.13694267515925], [143.13694267515925, 143.7484076433121, 285.60828025477707, 284.9968152866242]]}",dark,FALSE,1,"(1800, 3600)",0.275957801,0.732370905,1677.217397,126.420841
29,pre,1,251208_21H2_LD1_29_30.avi,99,TRUE,0.5,50,1800,"{'xs': [[3.12264150943396, 138.97169811320754, 140.7830188679245, 1.311320754716979], [1.311320754716979, 140.7830188679245, 138.97169811320754, 1.311320754716979]], 'ys': [[4.319676409185803, 4.319676409185803, 147.57646137787057, 146.357254697286], [146.357254697286, 147.57646137787057, 289.0044363256785, 288.39483298538624]]}",dark,FALSE,1,"(1800, 3600)",0.533592449,0.467518046,2192.729323,166.814869
30,pre,2,251208_21H2_LD1_29_30.avi,99,TRUE,0.5,50,1800,"{'xs': [[2.1871165644171793, 141.02147239263803, 139.23006134969324, 2.1871165644171793], [2.1871165644171793, 139.23006134969324, 141.91717791411043, 4.874233128834357]], 'ys': [[1.8885350318471452, 1.2770700636942791, 143.7484076433121, 143.13694267515925], [143.13694267515925, 143.7484076433121, 285.60828025477707, 284.9968152866242]]}",dark,FALSE,1,"(1800, 3600)",0.415880067,0.584119933,2315.296682,174.5162877
31,pre,1,251208_21H2_LD1_31_32.avi,99,TRUE,0.5,50,1800,"{'xs': [[3.12264150943396, 138.97169811320754, 140.7830188679245, 1.311320754716979], [1.311320754716979, 140.7830188679245, 138.97169811320754, 1.311320754716979]], 'ys': [[4.319676409185803, 4.319676409185803, 147.57646137787057, 146.357254697286], [146.357254697286, 147.57646137787057, 289.0044363256785, 288.39483298538624]]}",dark,FALSE,1,"(1800, 3600)",0.192670738,0.808439756,1165.666604,88.67967409
32,pre,2,251208_21H2_LD1_31_32.avi,99,TRUE,0.5,50,1800,"{'xs': [[2.1871165644171793, 141.02147239263803, 139.23006134969324, 2.1871165644171793], [2.1871165644171793, 139.23006134969324, 141.91717791411043, 4.874233128834357]], 'ys': [[1.8885350318471452, 1.2770700636942791, 143.7484076433121, 143.13694267515925], [143.13694267515925, 143.7484076433121, 285.60828025477707, 284.9968152866242]]}",dark,FALSE,1,"(1800, 3600)",0.350360911,0.649639089,2292.004569,172.7606366
33,pre,1,251208_21H2_LD1_33_34.avi,99,TRUE,0.5,50,1800,"{'xs': [[3.12264150943396, 138.97169811320754, 140.7830188679245, 1.311320754716979], [1.311320754716979, 140.7830188679245, 138.97169811320754, 1.311320754716979]], 'ys': [[4.319676409185803, 4.319676409185803, 147.57646137787057, 146.357254697286], [146.357254697286, 147.57646137787057, 289.0044363256785, 288.39483298538624]]}",dark,FALSE,1,"(1800, 3600)",0.359800111,0.642420877,1643.533448,125.034045
34,pre,2,251208_21H2_LD1_33_34.avi,99,TRUE,0.5,50,1800,"{'xs': [[2.1871165644171793, 141.02147239263803, 139.23006134969324, 2.1871165644171793], [2.1871165644171793, 139.23006134969324, 141.91717791411043, 4.874233128834357]], 'ys': [[1.8885350318471452, 1.2770700636942791, 143.7484076433121, 143.13694267515925], [143.13694267515925, 143.7484076433121, 285.60828025477707, 284.9968152866242]]}",dark,FALSE,1,"(1800, 3600)",0.16768462,0.832870627,1405.481036,105.9386189
35,pre,1,251208_21H2_LD1_35_36.avi,99,TRUE,0.5,50,1800,"{'xs': [[3.12264150943396, 138.97169811320754, 140.7830188679245, 1.311320754716979], [1.311320754716979, 140.7830188679245, 138.97169811320754, 1.311320754716979]], 'ys': [[4.319676409185803, 4.319676409185803, 147.57646137787057, 146.357254697286], [146.357254697286, 147.57646137787057, 289.0044363256785, 288.39483298538624]]}",dark,FALSE,1,"(1800, 3600)",0.132704053,0.867295947,1425.624062,108.4562917
36,pre,2,251208_21H2_LD1_35_36.avi,99,TRUE,0.5,50,1800,"{'xs': [[2.1871165644171793, 141.02147239263803, 139.23006134969324, 2.1871165644171793], [2.1871165644171793, 139.23006134969324, 141.91717791411043, 4.874233128834357]], 'ys': [[1.8885350318471452, 1.2770700636942791, 143.7484076433121, 143.13694267515925], [143.13694267515925, 143.7484076433121, 285.60828025477707, 284.9968152866242]]}",dark,FALSE,1,"(1800, 3600)",0.589672404,0.410327596,2246.913382,169.3618728
37,pre,1,251208_21H2_LD1_37_38.avi,99,TRUE,0.5,50,1800,"{'xs': [[3.12264150943396, 138.97169811320754, 140.7830188679245, 1.311320754716979], [1.311320754716979, 140.7830188679245, 138.97169811320754, 1.311320754716979]], 'ys': [[4.319676409185803, 4.319676409185803, 147.57646137787057, 146.357254697286], [146.357254697286, 147.57646137787057, 289.0044363256785, 288.39483298538624]]}",dark,FALSE,1,"(1800, 3600)",0.655746807,0.344253193,1882.916993,143.2454741
38,pre,2,251208_21H2_LD1_37_38.avi,99,TRUE,0.5,50,1800,"{'xs': [[2.1871165644171793, 141.02147239263803, 139.23006134969324, 2.1871165644171793], [2.1871165644171793, 139.23006134969324, 141.91717791411043, 4.874233128834357]], 'ys': [[1.8885350318471452, 1.2770700636942791, 143.7484076433121, 143.13694267515925], [143.13694267515925, 143.7484076433121, 285.60828025477707, 284.9968152866242]]}",dark,FALSE,1,"(1800, 3600)",0.173792338,0.826207662,1178.204629,88.80758115
21,pre,1,251208_21H2_LD1_21_22.avi,99,TRUE,0.5,50,1800,"{'xs': [[3.12264150943396, 138.97169811320754, 140.7830188679245, 1.311320754716979], [1.311320754716979, 140.7830188679245, 138.97169811320754, 1.311320754716979]], 'ys': [[4.319676409185803, 4.319676409185803, 147.57646137787057, 146.357254697286], [146.357254697286, 147.57646137787057, 289.0044363256785, 288.39483298538624]]}",dark,FALSE,2,"(3600, 5400)",0.256524153,0.743475847,1202.869854,91.509962
22,pre,2,251208_21H2_LD1_21_22.avi,99,TRUE,0.5,50,1800,"{'xs': [[2.1871165644171793, 141.02147239263803, 139.23006134969324, 2.1871165644171793], [2.1871165644171793, 139.23006134969324, 141.91717791411043, 4.874233128834357]], 'ys': [[1.8885350318471452, 1.2770700636942791, 143.7484076433121, 143.13694267515925], [143.13694267515925, 143.7484076433121, 285.60828025477707, 284.9968152866242]]}",dark,FALSE,2,"(3600, 5400)",0.196002221,0.803997779,1451.600792,109.4149114
23,pre,1,251208_21H2_LD1_23_24.avi,99,TRUE,0.5,50,1800,"{'xs': [[3.12264150943396, 138.97169811320754, 140.7830188679245, 1.311320754716979], [1.311320754716979, 140.7830188679245, 138.97169811320754, 1.311320754716979]], 'ys': [[4.319676409185803, 4.319676409185803, 147.57646137787057, 146.357254697286], [146.357254697286, 147.57646137787057, 289.0044363256785, 288.39483298538624]]}",dark,FALSE,2,"(3600, 5400)",0.305941144,0.695724597,1922.396644,146.2489423
24,pre,2,251208_21H2_LD1_23_24.avi,99,TRUE,0.5,50,1800,"{'xs': [[2.1871165644171793, 141.02147239263803, 139.23006134969324, 2.1871165644171793], [2.1871165644171793, 139.23006134969324, 141.91717791411043, 4.874233128834357]], 'ys': [[1.8885350318471452, 1.2770700636942791, 143.7484076433121, 143.13694267515925], [143.13694267515925, 143.7484076433121, 285.60828025477707, 284.9968152866242]]}",dark,FALSE,2,"(3600, 5400)",0.124375347,0.875624653,1114.944433,84.03932201
25,pre,1,251208_21H2_LD1_25_26.avi,99,TRUE,0.5,50,1800,"{'xs': [[3.12264150943396, 138.97169811320754, 140.7830188679245, 1.311320754716979], [1.311320754716979, 140.7830188679245, 138.97169811320754, 1.311320754716979]], 'ys': [[4.319676409185803, 4.319676409185803, 147.57646137787057, 146.357254697286], [146.357254697286, 147.57646137787057, 289.0044363256785, 288.39483298538624]]}",dark,FALSE,2,"(3600, 5400)",0.224319822,0.776790672,1291.544745,98.25602508
26,pre,2,251208_21H2_LD1_25_26.avi,99,TRUE,0.5,50,1800,"{'xs': [[2.1871165644171793, 141.02147239263803, 139.23006134969324, 2.1871165644171793], [2.1871165644171793, 139.23006134969324, 141.91717791411043, 4.874233128834357]], 'ys': [[1.8885350318471452, 1.2770700636942791, 143.7484076433121, 143.13694267515925], [143.13694267515925, 143.7484076433121, 285.60828025477707, 284.9968152866242]]}",light,TRUE,2,"(3600, 5400)",0.244308717,0.755691283,1662.398395,125.3038536
27,pre,1,251208_21H2_LD1_27_28.avi,99,TRUE,0.5,50,1800,"{'xs': [[3.12264150943396, 138.97169811320754, 140.7830188679245, 1.311320754716979], [1.311320754716979, 140.7830188679245, 138.97169811320754, 1.311320754716979]], 'ys': [[4.319676409185803, 4.319676409185803, 147.57646137787057, 146.357254697286], [146.357254697286, 147.57646137787057, 289.0044363256785, 288.39483298538624]]}",dark,FALSE,2,"(3600, 5400)",0.254303165,0.746807329,1709.083819,130.0208787
28,pre,2,251208_21H2_LD1_27_28.avi,99,TRUE,0.5,50,1800,"{'xs': [[2.1871165644171793, 141.02147239263803, 139.23006134969324, 2.1871165644171793], [2.1871165644171793, 139.23006134969324, 141.91717791411043, 4.874233128834357]], 'ys': [[1.8885350318471452, 1.2770700636942791, 143.7484076433121, 143.13694267515925], [143.13694267515925, 143.7484076433121, 285.60828025477707, 284.9968152866242]]}",dark,FALSE,2,"(3600, 5400)",0.273736813,0.727373681,1420.688715,107.084903
29,pre,1,251208_21H2_LD1_29_30.avi,99,TRUE,0.5,50,1800,"{'xs': [[3.12264150943396, 138.97169811320754, 140.7830188679245, 1.311320754716979], [1.311320754716979, 140.7830188679245, 138.97169811320754, 1.311320754716979]], 'ys': [[4.319676409185803, 4.319676409185803, 147.57646137787057, 146.357254697286], [146.357254697286, 147.57646137787057, 289.0044363256785, 288.39483298538624]]}",dark,FALSE,2,"(3600, 5400)",0.564131038,0.435868962,1808.696027,137.5990131
30,pre,2,251208_21H2_LD1_29_30.avi,99,TRUE,0.5,50,1800,"{'xs': [[2.1871165644171793, 141.02147239263803, 139.23006134969324, 2.1871165644171793], [2.1871165644171793, 139.23006134969324, 141.91717791411043, 4.874233128834357]], 'ys': [[1.8885350318471452, 1.2770700636942791, 143.7484076433121, 143.13694267515925], [143.13694267515925, 143.7484076433121, 285.60828025477707, 284.9968152866242]]}",dark,FALSE,2,"(3600, 5400)",0.175458079,0.825097168,1709.873257,128.8822878
31,pre,1,251208_21H2_LD1_31_32.avi,99,TRUE,0.5,50,1800,"{'xs': [[3.12264150943396, 138.97169811320754, 140.7830188679245, 1.311320754716979], [1.311320754716979, 140.7830188679245, 138.97169811320754, 1.311320754716979]], 'ys': [[4.319676409185803, 4.319676409185803, 147.57646137787057, 146.357254697286], [146.357254697286, 147.57646137787057, 289.0044363256785, 288.39483298538624]]}",dark,FALSE,2,"(3600, 5400)",0.280399778,0.719600222,1703.95439,129.6306504
32,pre,2,251208_21H2_LD1_31_32.avi,99,TRUE,0.5,50,1800,"{'xs': [[2.1871165644171793, 141.02147239263803, 139.23006134969324, 2.1871165644171793], [2.1871165644171793, 139.23006134969324, 141.91717791411043, 4.874233128834357]], 'ys': [[1.8885350318471452, 1.2770700636942791, 143.7484076433121, 143.13694267515925], [143.13694267515925, 143.7484076433121, 285.60828025477707, 284.9968152866242]]}",dark,FALSE,2,"(3600, 5400)",0.223209328,0.776790672,1554.963736,117.2059291
33,pre,1,251208_21H2_LD1_33_34.avi,99,TRUE,0.5,50,1800,"{'xs': [[3.12264150943396, 138.97169811320754, 140.7830188679245, 1.311320754716979], [1.311320754716979, 140.7830188679245, 138.97169811320754, 1.311320754716979]], 'ys': [[4.319676409185803, 4.319676409185803, 147.57646137787057, 146.357254697286], [146.357254697286, 147.57646137787057, 289.0044363256785, 288.39483298538624]]}",dark,FALSE,2,"(3600, 5400)",0.512493059,0.487506941,1944.315865,147.9164769
34,pre,2,251208_21H2_LD1_33_34.avi,99,TRUE,0.5,50,1800,"{'xs': [[2.1871165644171793, 141.02147239263803, 139.23006134969324, 2.1871165644171793], [2.1871165644171793, 139.23006134969324, 141.91717791411043, 4.874233128834357]], 'ys': [[1.8885350318471452, 1.2770700636942791, 143.7484076433121, 143.13694267515925], [143.13694267515925, 143.7484076433121, 285.60828025477707, 284.9968152866242]]}",dark,FALSE,2,"(3600, 5400)",0.219877846,0.780122154,1808.09353,136.2856748
35,pre,1,251208_21H2_LD1_35_36.avi,99,TRUE,0.5,50,1800,"{'xs': [[3.12264150943396, 138.97169811320754, 140.7830188679245, 1.311320754716979], [1.311320754716979, 140.7830188679245, 138.97169811320754, 1.311320754716979]], 'ys': [[4.319676409185803, 4.319676409185803, 147.57646137787057, 146.357254697286], [146.357254697286, 147.57646137787057, 289.0044363256785, 288.39483298538624]]}",dark,FALSE,2,"(3600, 5400)",0.252637424,0.748473071,1377.038802,104.7601019
36,pre,2,251208_21H2_LD1_35_36.avi,99,TRUE,0.5,50,1800,"{'xs': [[2.1871165644171793, 141.02147239263803, 139.23006134969324, 2.1871165644171793], [2.1871165644171793, 139.23006134969324, 141.91717791411043, 4.874233128834357]], 'ys': [[1.8885350318471452, 1.2770700636942791, 143.7484076433121, 143.13694267515925], [143.13694267515925, 143.7484076433121, 285.60828025477707, 284.9968152866242]]}",dark,FALSE,2,"(3600, 5400)",0.543586896,0.456968351,1885.400594,142.1127215
37,pre,1,251208_21H2_LD1_37_38.avi,99,TRUE,0.5,50,1800,"{'xs': [[3.12264150943396, 138.97169811320754, 140.7830188679245, 1.311320754716979], [1.311320754716979, 140.7830188679245, 138.97169811320754, 1.311320754716979]], 'ys': [[4.319676409185803, 4.319676409185803, 147.57646137787057, 146.357254697286], [146.357254697286, 147.57646137787057, 289.0044363256785, 288.39483298538624]]}",dark,FALSE,2,"(3600, 5400)",0.217656857,0.783453637,1565.750443,119.116597
38,pre,2,251208_21H2_LD1_37_38.avi,99,TRUE,0.5,50,1800,"{'xs': [[2.1871165644171793, 141.02147239263803, 139.23006134969324, 2.1871165644171793], [2.1871165644171793, 139.23006134969324, 141.91717791411043, 4.874233128834357]], 'ys': [[1.8885350318471452, 1.2770700636942791, 143.7484076433121, 143.13694267515925], [143.13694267515925, 143.7484076433121, 285.60828025477707, 284.9968152866242]]}",dark,FALSE,2,"(3600, 5400)",0.185452526,0.814547474,1755.359347,132.3108176
21,pre,1,251208_21H2_LD1_21_22.avi,99,TRUE,0.5,50,1800,"{'xs': [[3.12264150943396, 138.97169811320754, 140.7830188679245, 1.311320754716979], [1.311320754716979, 140.7830188679245, 138.97169811320754, 1.311320754716979]], 'ys': [[4.319676409185803, 4.319676409185803, 147.57646137787057, 146.357254697286], [146.357254697286, 147.57646137787057, 289.0044363256785, 288.39483298538624]]}",light_dark,TRUE,3,"(5400, 7200)",0.027207107,0.972792893,1251.50051,95.20960541
22,pre,2,251208_21H2_LD1_21_22.avi,99,TRUE,0.5,50,1800,"{'xs': [[2.1871165644171793, 141.02147239263803, 139.23006134969324, 2.1871165644171793], [2.1871165644171793, 139.23006134969324, 141.91717791411043, 4.874233128834357]], 'ys': [[1.8885350318471452, 1.2770700636942791, 143.7484076433121, 143.13694267515925], [143.13694267515925, 143.7484076433121, 285.60828025477707, 284.9968152866242]]}",dark,FALSE,3,"(5400, 7200)",0,1,761.4338786,57.3933418
23,pre,1,251208_21H2_LD1_23_24.avi,99,TRUE,0.5,50,1800,"{'xs': [[3.12264150943396, 138.97169811320754, 140.7830188679245, 1.311320754716979], [1.311320754716979, 140.7830188679245, 138.97169811320754, 1.311320754716979]], 'ys': [[4.319676409185803, 4.319676409185803, 147.57646137787057, 146.357254697286], [146.357254697286, 147.57646137787057, 289.0044363256785, 288.39483298538624]]}",dark,FALSE,3,"(5400, 7200)",0.410882843,0.589672404,1702.079452,129.4880119
24,pre,2,251208_21H2_LD1_23_24.avi,99,TRUE,0.5,50,1800,"{'xs': [[2.1871165644171793, 141.02147239263803, 139.23006134969324, 2.1871165644171793], [2.1871165644171793, 139.23006134969324, 141.91717791411043, 4.874233128834357]], 'ys': [[1.8885350318471452, 1.2770700636942791, 143.7484076433121, 143.13694267515925], [143.13694267515925, 143.7484076433121, 285.60828025477707, 284.9968152866242]]}",dark,FALSE,3,"(5400, 7200)",0.14658523,0.85341477,1093.406458,82.41588974
25,pre,1,251208_21H2_LD1_25_26.avi,99,TRUE,0.5,50,1800,"{'xs': [[3.12264150943396, 138.97169811320754, 140.7830188679245, 1.311320754716979], [1.311320754716979, 140.7830188679245, 138.97169811320754, 1.311320754716979]], 'ys': [[4.319676409185803, 4.319676409185803, 147.57646137787057, 146.357254697286], [146.357254697286, 147.57646137787057, 289.0044363256785, 288.39483298538624]]}",dark,FALSE,3,"(5400, 7200)",0.002776235,0.997223765,982.780174,74.76633994
26,pre,2,251208_21H2_LD1_25_26.avi,99,TRUE,0.5,50,1800,"{'xs': [[2.1871165644171793, 141.02147239263803, 139.23006134969324, 2.1871165644171793], [2.1871165644171793, 139.23006134969324, 141.91717791411043, 4.874233128834357]], 'ys': [[1.8885350318471452, 1.2770700636942791, 143.7484076433121, 143.13694267515925], [143.13694267515925, 143.7484076433121, 285.60828025477707, 284.9968152866242]]}",light_dark,TRUE,3,"(5400, 7200)",0.329261521,0.671293726,1655.50739,124.7844418
27,pre,1,251208_21H2_LD1_27_28.avi,99,TRUE,0.5,50,1800,"{'xs': [[3.12264150943396, 138.97169811320754, 140.7830188679245, 1.311320754716979], [1.311320754716979, 140.7830188679245, 138.97169811320754, 1.311320754716979]], 'ys': [[4.319676409185803, 4.319676409185803, 147.57646137787057, 146.357254697286], [146.357254697286, 147.57646137787057, 289.0044363256785, 288.39483298538624]]}",dark,FALSE,3,"(5400, 7200)",0.440866185,0.561354803,1534.223141,116.7181145
28,pre,2,251208_21H2_LD1_27_28.avi,99,TRUE,0.5,50,1800,"{'xs': [[2.1871165644171793, 141.02147239263803, 139.23006134969324, 2.1871165644171793], [2.1871165644171793, 139.23006134969324, 141.91717791411043, 4.874233128834357]], 'ys': [[1.8885350318471452, 1.2770700636942791, 143.7484076433121, 143.13694267515925], [143.13694267515925, 143.7484076433121, 285.60828025477707, 284.9968152866242]]}",dark,FALSE,3,"(5400, 7200)",0.511937812,0.489727929,1550.98234,116.90583
29,pre,1,251208_21H2_LD1_29_30.avi,99,TRUE,0.5,50,1800,"{'xs': [[3.12264150943396, 138.97169811320754, 140.7830188679245, 1.311320754716979], [1.311320754716979, 140.7830188679245, 138.97169811320754, 1.311320754716979]], 'ys': [[4.319676409185803, 4.319676409185803, 147.57646137787057, 146.357254697286], [146.357254697286, 147.57646137787057, 289.0044363256785, 288.39483298538624]]}",dark,FALSE,3,"(5400, 7200)",0.322598556,0.677401444,1466.388468,111.5574994
30,pre,2,251208_21H2_LD1_29_30.avi,99,TRUE,0.5,50,1800,"{'xs': [[2.1871165644171793, 141.02147239263803, 139.23006134969324, 2.1871165644171793], [2.1871165644171793, 139.23006134969324, 141.91717791411043, 4.874233128834357]], 'ys': [[1.8885350318471452, 1.2770700636942791, 143.7484076433121, 143.13694267515925], [143.13694267515925, 143.7484076433121, 285.60828025477707, 284.9968152866242]]}",dark,FALSE,3,"(5400, 7200)",0.151582454,0.848417546,1111.127841,83.7516451
31,pre,1,251208_21H2_LD1_31_32.avi,99,TRUE,0.5,50,1800,"{'xs': [[3.12264150943396, 138.97169811320754, 140.7830188679245, 1.311320754716979], [1.311320754716979, 140.7830188679245, 138.97169811320754, 1.311320754716979]], 'ys': [[4.319676409185803, 4.319676409185803, 147.57646137787057, 146.357254697286], [146.357254697286, 147.57646137787057, 289.0044363256785, 288.39483298538624]]}",dark,FALSE,3,"(5400, 7200)",0.223209328,0.777345919,1303.391431,99.15727784
32,pre,2,251208_21H2_LD1_31_32.avi,99,TRUE,0.5,50,1800,"{'xs': [[2.1871165644171793, 141.02147239263803, 139.23006134969324, 2.1871165644171793], [2.1871165644171793, 139.23006134969324, 141.91717791411043, 4.874233128834357]], 'ys': [[1.8885350318471452, 1.2770700636942791, 143.7484076433121, 143.13694267515925], [143.13694267515925, 143.7484076433121, 285.60828025477707, 284.9968152866242]]}",dark,FALSE,3,"(5400, 7200)",0.359244864,0.640755136,1909.891137,143.9587046
33,pre,1,251208_21H2_LD1_33_34.avi,99,TRUE,0.5,50,1800,"{'xs': [[3.12264150943396, 138.97169811320754, 140.7830188679245, 1.311320754716979], [1.311320754716979, 140.7830188679245, 138.97169811320754, 1.311320754716979]], 'ys': [[4.319676409185803, 4.319676409185803, 147.57646137787057, 146.357254697286], [146.357254697286, 147.57646137787057, 289.0044363256785, 288.39483298538624]]}",dark,FALSE,3,"(5400, 7200)",0.204330927,0.796779567,1750.078418,133.1395986
34,pre,2,251208_21H2_LD1_33_34.avi,99,TRUE,0.5,50,1800,"{'xs': [[2.1871165644171793, 141.02147239263803, 139.23006134969324, 2.1871165644171793], [2.1871165644171793, 139.23006134969324, 141.91717791411043, 4.874233128834357]], 'ys': [[1.8885350318471452, 1.2770700636942791, 143.7484076433121, 143.13694267515925], [143.13694267515925, 143.7484076433121, 285.60828025477707, 284.9968152866242]]}",dark,FALSE,3,"(5400, 7200)",0.586896169,0.414769572,1796.349662,135.4004767
35,pre,1,251208_21H2_LD1_35_36.avi,99,TRUE,0.5,50,1800,"{'xs': [[3.12264150943396, 138.97169811320754, 140.7830188679245, 1.311320754716979], [1.311320754716979, 140.7830188679245, 138.97169811320754, 1.311320754716979]], 'ys': [[4.319676409185803, 4.319676409185803, 147.57646137787057, 146.357254697286], [146.357254697286, 147.57646137787057, 289.0044363256785, 288.39483298538624]]}",dark,FALSE,3,"(5400, 7200)",0.267629095,0.739589117,1449.583593,110.2790456
36,pre,2,251208_21H2_LD1_35_36.avi,99,TRUE,0.5,50,1800,"{'xs': [[2.1871165644171793, 141.02147239263803, 139.23006134969324, 2.1871165644171793], [2.1871165644171793, 139.23006134969324, 141.91717791411043, 4.874233128834357]], 'ys': [[1.8885350318471452, 1.2770700636942791, 143.7484076433121, 143.13694267515925], [143.13694267515925, 143.7484076433121, 285.60828025477707, 284.9968152866242]]}",dark,FALSE,3,"(5400, 7200)",0.245974459,0.755136036,1297.989119,97.83637855
37,pre,1,251208_21H2_LD1_37_38.avi,99,TRUE,0.5,50,1800,"{'xs': [[3.12264150943396, 138.97169811320754, 140.7830188679245, 1.311320754716979], [1.311320754716979, 140.7830188679245, 138.97169811320754, 1.311320754716979]], 'ys': [[4.319676409185803, 4.319676409185803, 147.57646137787057, 146.357254697286], [146.357254697286, 147.57646137787057, 289.0044363256785, 288.39483298538624]]}",dark,FALSE,3,"(5400, 7200)",0.162132149,0.838423098,1297.65727,98.72104374
38,pre,2,251208_21H2_LD1_37_38.avi,99,TRUE,0.5,50,1800,"{'xs': [[2.1871165644171793, 141.02147239263803, 139.23006134969324, 2.1871165644171793], [2.1871165644171793, 139.23006134969324, 141.91717791411043, 4.874233128834357]], 'ys': [[1.8885350318471452, 1.2770700636942791, 143.7484076433121, 143.13694267515925], [143.13694267515925, 143.7484076433121, 285.60828025477707, 284.9968152866242]]}",dark,FALSE,3,"(5400, 7200)",0.223764575,0.776790672,1481.715085,111.6847867
21,pre,1,251208_21H2_LD1_21_22.avi,99,TRUE,0.5,50,1800,"{'xs': [[3.12264150943396, 138.97169811320754, 140.7830188679245, 1.311320754716979], [1.311320754716979, 140.7830188679245, 138.97169811320754, 1.311320754716979]], 'ys': [[4.319676409185803, 4.319676409185803, 147.57646137787057, 146.357254697286], [146.357254697286, 147.57646137787057, 289.0044363256785, 288.39483298538624]]}",light,TRUE,4,"(7200, 9000)",0.218767351,0.783453637,952.892821,72.49261886
22,pre,2,251208_21H2_LD1_21_22.avi,99,TRUE,0.5,50,1800,"{'xs': [[2.1871165644171793, 141.02147239263803, 139.23006134969324, 2.1871165644171793], [2.1871165644171793, 139.23006134969324, 141.91717791411043, 4.874233128834357]], 'ys': [[1.8885350318471452, 1.2770700636942791, 143.7484076433121, 143.13694267515925], [143.13694267515925, 143.7484076433121, 285.60828025477707, 284.9968152866242]]}",dark,FALSE,4,"(7200, 9000)",0.351471405,0.649639089,1531.920433,115.4690321
23,pre,1,251208_21H2_LD1_23_24.avi,99,TRUE,0.5,50,1800,"{'xs': [[3.12264150943396, 138.97169811320754, 140.7830188679245, 1.311320754716979], [1.311320754716979, 140.7830188679245, 138.97169811320754, 1.311320754716979]], 'ys': [[4.319676409185803, 4.319676409185803, 147.57646137787057, 146.357254697286], [146.357254697286, 147.57646137787057, 289.0044363256785, 288.39483298538624]]}",dark,FALSE,4,"(7200, 9000)",0.01721266,0.983897835,1161.771513,88.38334976
24,pre,2,251208_21H2_LD1_23_24.avi,99,TRUE,0.5,50,1800,"{'xs': [[2.1871165644171793, 141.02147239263803, 139.23006134969324, 2.1871165644171793], [2.1871165644171793, 139.23006134969324, 141.91717791411043, 4.874233128834357]], 'ys': [[1.8885350318471452, 1.2770700636942791, 143.7484076433121, 143.13694267515925], [143.13694267515925, 143.7484076433121, 285.60828025477707, 284.9968152866242]]}",dark,FALSE,4,"(7200, 9000)",0.238200999,0.761799001,1082.983279,81.63023902
25,pre,1,251208_21H2_LD1_25_26.avi,99,TRUE,0.5,50,1800,"{'xs': [[3.12264150943396, 138.97169811320754, 140.7830188679245, 1.311320754716979], [1.311320754716979, 140.7830188679245, 138.97169811320754, 1.311320754716979]], 'ys': [[4.319676409185803, 4.319676409185803, 147.57646137787057, 146.357254697286], [146.357254697286, 147.57646137787057, 289.0044363256785, 288.39483298538624]]}",dark,FALSE,4,"(7200, 9000)",0.345363687,0.654636313,1522.118547,115.797241
26,pre,2,251208_21H2_LD1_25_26.avi,99,TRUE,0.5,50,1800,"{'xs': [[2.1871165644171793, 141.02147239263803, 139.23006134969324, 2.1871165644171793], [2.1871165644171793, 139.23006134969324, 141.91717791411043, 4.874233128834357]], 'ys': [[1.8885350318471452, 1.2770700636942791, 143.7484076433121, 143.13694267515925], [143.13694267515925, 143.7484076433121, 285.60828025477707, 284.9968152866242]]}",light,TRUE,4,"(7200, 9000)",0,1,860.3410481,64.84850389
27,pre,1,251208_21H2_LD1_27_28.avi,99,TRUE,0.5,50,1800,"{'xs': [[3.12264150943396, 138.97169811320754, 140.7830188679245, 1.311320754716979], [1.311320754716979, 140.7830188679245, 138.97169811320754, 1.311320754716979]], 'ys': [[4.319676409185803, 4.319676409185803, 147.57646137787057, 146.357254697286], [146.357254697286, 147.57646137787057, 289.0044363256785, 288.39483298538624]]}",dark,FALSE,4,"(7200, 9000)",0.085508051,0.914491949,1173.989456,89.31284644
28,pre,2,251208_21H2_LD1_27_28.avi,99,TRUE,0.5,50,1800,"{'xs': [[2.1871165644171793, 141.02147239263803, 139.23006134969324, 2.1871165644171793], [2.1871165644171793, 139.23006134969324, 141.91717791411043, 4.874233128834357]], 'ys': [[1.8885350318471452, 1.2770700636942791, 143.7484076433121, 143.13694267515925], [143.13694267515925, 143.7484076433121, 285.60828025477707, 284.9968152866242]]}",dark,FALSE,4,"(7200, 9000)",0,1,940.0471407,70.85637817
29,pre,1,251208_21H2_LD1_29_30.avi,99,TRUE,0.5,50,1800,"{'xs': [[3.12264150943396, 138.97169811320754, 140.7830188679245, 1.311320754716979], [1.311320754716979, 140.7830188679245, 138.97169811320754, 1.311320754716979]], 'ys': [[4.319676409185803, 4.319676409185803, 147.57646137787057, 146.357254697286], [146.357254697286, 147.57646137787057, 289.0044363256785, 288.39483298538624]]}",dark,FALSE,4,"(7200, 9000)",0.148806219,0.851193781,1255.984674,95.55074428
30,pre,2,251208_21H2_LD1_29_30.avi,99,TRUE,0.5,50,1800,"{'xs': [[2.1871165644171793, 141.02147239263803, 139.23006134969324, 2.1871165644171793], [2.1871165644171793, 139.23006134969324, 141.91717791411043, 4.874233128834357]], 'ys': [[1.8885350318471452, 1.2770700636942791, 143.7484076433121, 143.13694267515925], [143.13694267515925, 143.7484076433121, 285.60828025477707, 284.9968152866242]]}",dark,FALSE,4,"(7200, 9000)",0.343142699,0.656857301,1207.154728,90.98970488
31,pre,1,251208_21H2_LD1_31_32.avi,99,TRUE,0.5,50,1800,"{'xs': [[3.12264150943396, 138.97169811320754, 140.7830188679245, 1.311320754716979], [1.311320754716979, 140.7830188679245, 138.97169811320754, 1.311320754716979]], 'ys': [[4.319676409185803, 4.319676409185803, 147.57646137787057, 146.357254697286], [146.357254697286, 147.57646137787057, 289.0044363256785, 288.39483298538624]]}",dark,FALSE,4,"(7200, 9000)",0.073292615,0.927817879,967.4492254,73.60001715
32,pre,2,251208_21H2_LD1_31_32.avi,99,TRUE,0.5,50,1800,"{'xs': [[2.1871165644171793, 141.02147239263803, 139.23006134969324, 2.1871165644171793], [2.1871165644171793, 139.23006134969324, 141.91717791411043, 4.874233128834357]], 'ys': [[1.8885350318471452, 1.2770700636942791, 143.7484076433121, 143.13694267515925], [143.13694267515925, 143.7484076433121, 285.60828025477707, 284.9968152866242]]}",dark,FALSE,4,"(7200, 9000)",0.503609106,0.502498612,1617.082785,121.8881739
33,pre,1,251208_21H2_LD1_33_34.avi,99,TRUE,0.5,50,1800,"{'xs': [[3.12264150943396, 138.97169811320754, 140.7830188679245, 1.311320754716979], [1.311320754716979, 140.7830188679245, 138.97169811320754, 1.311320754716979]], 'ys': [[4.319676409185803, 4.319676409185803, 147.57646137787057, 146.357254697286], [146.357254697286, 147.57646137787057, 289.0044363256785, 288.39483298538624]]}",dark,FALSE,4,"(7200, 9000)",0.51804553,0.483064964,1714.851041,130.459628
34,pre,2,251208_21H2_LD1_33_34.avi,99,TRUE,0.5,50,1800,"{'xs': [[2.1871165644171793, 141.02147239263803, 139.23006134969324, 2.1871165644171793], [2.1871165644171793, 139.23006134969324, 141.91717791411043, 4.874233128834357]], 'ys': [[1.8885350318471452, 1.2770700636942791, 143.7484076433121, 143.13694267515925], [143.13694267515925, 143.7484076433121, 285.60828025477707, 284.9968152866242]]}",dark,FALSE,4,"(7200, 9000)",0.015546918,0.984453082,1086.606269,81.9033231
35,pre,1,251208_21H2_LD1_35_36.avi,99,TRUE,0.5,50,1800,"{'xs': [[3.12264150943396, 138.97169811320754, 140.7830188679245, 1.311320754716979], [1.311320754716979, 140.7830188679245, 138.97169811320754, 1.311320754716979]], 'ys': [[4.319676409185803, 4.319676409185803, 147.57646137787057, 146.357254697286], [146.357254697286, 147.57646137787057, 289.0044363256785, 288.39483298538624]]}",dark,FALSE,4,"(7200, 9000)",0.493059411,0.509716824,1586.170657,120.6700925
36,pre,2,251208_21H2_LD1_35_36.avi,99,TRUE,0.5,50,1800,"{'xs': [[2.1871165644171793, 141.02147239263803, 139.23006134969324, 2.1871165644171793], [2.1871165644171793, 139.23006134969324, 141.91717791411043, 4.874233128834357]], 'ys': [[1.8885350318471452, 1.2770700636942791, 143.7484076433121, 143.13694267515925], [143.13694267515925, 143.7484076433121, 285.60828025477707, 284.9968152866242]]}",dark,FALSE,4,"(7200, 9000)",0.126041088,0.879511383,1235.470328,93.12400304
37,pre,1,251208_21H2_LD1_37_38.avi,99,TRUE,0.5,50,1800,"{'xs': [[3.12264150943396, 138.97169811320754, 140.7830188679245, 1.311320754716979], [1.311320754716979, 140.7830188679245, 138.97169811320754, 1.311320754716979]], 'ys': [[4.319676409185803, 4.319676409185803, 147.57646137787057, 146.357254697286], [146.357254697286, 147.57646137787057, 289.0044363256785, 288.39483298538624]]}",dark,FALSE,4,"(7200, 9000)",0.503609106,0.505274847,1741.180015,132.4626405
38,pre,2,251208_21H2_LD1_37_38.avi,99,TRUE,0.5,50,1800,"{'xs': [[2.1871165644171793, 141.02147239263803, 139.23006134969324, 2.1871165644171793], [2.1871165644171793, 139.23006134969324, 141.91717791411043, 4.874233128834357]], 'ys': [[1.8885350318471452, 1.2770700636942791, 143.7484076433121, 143.13694267515925], [143.13694267515925, 143.7484076433121, 285.60828025477707, 284.9968152866242]]}",dark,FALSE,4,"(7200, 9000)",0.321488062,0.679067185,1151.514942,86.79583677
21,pre,1,251208_21H2_LD1_21_22.avi,99,TRUE,0.5,50,1800,"{'xs': [[3.12264150943396, 138.97169811320754, 140.7830188679245, 1.311320754716979], [1.311320754716979, 140.7830188679245, 138.97169811320754, 1.311320754716979]], 'ys': [[4.319676409185803, 4.319676409185803, 147.57646137787057, 146.357254697286], [146.357254697286, 147.57646137787057, 289.0044363256785, 288.39483298538624]]}",light,FALSE,5,"(9000, 10800)",0,1,668.0221441,50.82069423
22,pre,2,251208_21H2_LD1_21_22.avi,99,TRUE,0.5,50,1800,"{'xs': [[2.1871165644171793, 141.02147239263803, 139.23006134969324, 2.1871165644171793], [2.1871165644171793, 139.23006134969324, 141.91717791411043, 4.874233128834357]], 'ys': [[1.8885350318471452, 1.2770700636942791, 143.7484076433121, 143.13694267515925], [143.13694267515925, 143.7484076433121, 285.60828025477707, 284.9968152866242]]}",dark,FALSE,5,"(9000, 10800)",0.034980566,0.965019434,1186.684318,89.44674067
23,pre,1,251208_21H2_LD1_23_24.avi,99,TRUE,0.5,50,1800,"{'xs': [[3.12264150943396, 138.97169811320754, 140.7830188679245, 1.311320754716979], [1.311320754716979, 140.7830188679245, 138.97169811320754, 1.311320754716979]], 'ys': [[4.319676409185803, 4.319676409185803, 147.57646137787057, 146.357254697286], [146.357254697286, 147.57646137787057, 289.0044363256785, 288.39483298538624]]}",dark,FALSE,5,"(9000, 10800)",0.513603554,0.486396446,1189.095402,90.46205183
24,pre,2,251208_21H2_LD1_23_24.avi,99,TRUE,0.5,50,1800,"{'xs': [[2.1871165644171793, 141.02147239263803, 139.23006134969324, 2.1871165644171793], [2.1871165644171793, 139.23006134969324, 141.91717791411043, 4.874233128834357]], 'ys': [[1.8885350318471452, 1.2770700636942791, 143.7484076433121, 143.13694267515925], [143.13694267515925, 143.7484076433121, 285.60828025477707, 284.9968152866242]]}",dark,FALSE,5,"(9000, 10800)",0.392559689,0.607995558,1107.493436,83.47770054
25,pre,1,251208_21H2_LD1_25_26.avi,99,TRUE,0.5,50,1800,"{'xs': [[3.12264150943396, 138.97169811320754, 140.7830188679245, 1.311320754716979], [1.311320754716979, 140.7830188679245, 138.97169811320754, 1.311320754716979]], 'ys': [[4.319676409185803, 4.319676409185803, 147.57646137787057, 146.357254697286], [146.357254697286, 147.57646137787057, 289.0044363256785, 288.39483298538624]]}",dark,FALSE,5,"(9000, 10800)",0.314825097,0.687395891,1128.04726,85.81773129
26,pre,2,251208_21H2_LD1_25_26.avi,99,TRUE,0.5,50,1800,"{'xs': [[2.1871165644171793, 141.02147239263803, 139.23006134969324, 2.1871165644171793], [2.1871165644171793, 139.23006134969324, 141.91717791411043, 4.874233128834357]], 'ys': [[1.8885350318471452, 1.2770700636942791, 143.7484076433121, 143.13694267515925], [143.13694267515925, 143.7484076433121, 285.60828025477707, 284.9968152866242]]}",light,FALSE,5,"(9000, 10800)",0.312604109,0.689061632,1425.939911,107.4807137
27,pre,1,251208_21H2_LD1_27_28.avi,99,TRUE,0.5,50,1800,"{'xs': [[3.12264150943396, 138.97169811320754, 140.7830188679245, 1.311320754716979], [1.311320754716979, 140.7830188679245, 138.97169811320754, 1.311320754716979]], 'ys': [[4.319676409185803, 4.319676409185803, 147.57646137787057, 146.357254697286], [146.357254697286, 147.57646137787057, 289.0044363256785, 288.39483298538624]]}",dark,FALSE,5,"(9000, 10800)",0.255968906,0.747362576,1227.724507,93.40081362
28,pre,2,251208_21H2_LD1_27_28.avi,99,TRUE,0.5,50,1800,"{'xs': [[2.1871165644171793, 141.02147239263803, 139.23006134969324, 2.1871165644171793], [2.1871165644171793, 139.23006134969324, 141.91717791411043, 4.874233128834357]], 'ys': [[1.8885350318471452, 1.2770700636942791, 143.7484076433121, 143.13694267515925], [143.13694267515925, 143.7484076433121, 285.60828025477707, 284.9968152866242]]}",dark,FALSE,5,"(9000, 10800)",0.284286507,0.719600222,1234.473211,93.04884497
29,pre,1,251208_21H2_LD1_29_30.avi,99,TRUE,0.5,50,1800,"{'xs': [[3.12264150943396, 138.97169811320754, 140.7830188679245, 1.311320754716979], [1.311320754716979, 140.7830188679245, 138.97169811320754, 1.311320754716979]], 'ys': [[4.319676409185803, 4.319676409185803, 147.57646137787057, 146.357254697286], [146.357254697286, 147.57646137787057, 289.0044363256785, 288.39483298538624]]}",dark,FALSE,5,"(9000, 10800)",0.262076624,0.737923376,1240.763987,94.39280979
30,pre,2,251208_21H2_LD1_29_30.avi,99,TRUE,0.5,50,1800,"{'xs': [[2.1871165644171793, 141.02147239263803, 139.23006134969324, 2.1871165644171793], [2.1871165644171793, 139.23006134969324, 141.91717791411043, 4.874233128834357]], 'ys': [[1.8885350318471452, 1.2770700636942791, 143.7484076433121, 143.13694267515925], [143.13694267515925, 143.7484076433121, 285.60828025477707, 284.9968152866242]]}",dark,FALSE,5,"(9000, 10800)",0.39422543,0.606329817,1301.902462,98.13134811
31,pre,1,251208_21H2_LD1_31_32.avi,99,TRUE,0.5,50,1800,"{'xs': [[3.12264150943396, 138.97169811320754, 140.7830188679245, 1.311320754716979], [1.311320754716979, 140.7830188679245, 138.97169811320754, 1.311320754716979]], 'ys': [[4.319676409185803, 4.319676409185803, 147.57646137787057, 146.357254697286], [146.357254697286, 147.57646137787057, 289.0044363256785, 288.39483298538624]]}",dark,FALSE,5,"(9000, 10800)",0.300388673,0.700721821,1199.86905,91.28167181
32,pre,2,251208_21H2_LD1_31_32.avi,99,TRUE,0.5,50,1800,"{'xs': [[2.1871165644171793, 141.02147239263803, 139.23006134969324, 2.1871165644171793], [2.1871165644171793, 139.23006134969324, 141.91717791411043, 4.874233128834357]], 'ys': [[1.8885350318471452, 1.2770700636942791, 143.7484076433121, 143.13694267515925], [143.13694267515925, 143.7484076433121, 285.60828025477707, 284.9968152866242]]}",dark,FALSE,5,"(9000, 10800)",0.186007773,0.814547474,1450.928166,109.364212
33,pre,1,251208_21H2_LD1_33_34.avi,99,TRUE,0.5,50,1800,"{'xs': [[3.12264150943396, 138.97169811320754, 140.7830188679245, 1.311320754716979], [1.311320754716979, 140.7830188679245, 138.97169811320754, 1.311320754716979]], 'ys': [[4.319676409185803, 4.319676409185803, 147.57646137787057, 146.357254697286], [146.357254697286, 147.57646137787057, 289.0044363256785, 288.39483298538624]]}",dark,FALSE,5,"(9000, 10800)",0.033314825,0.96946141,1189.976797,90.52910516
34,pre,2,251208_21H2_LD1_33_34.avi,99,TRUE,0.5,50,1800,"{'xs': [[2.1871165644171793, 141.02147239263803, 139.23006134969324, 2.1871165644171793], [2.1871165644171793, 139.23006134969324, 141.91717791411043, 4.874233128834357]], 'ys': [[1.8885350318471452, 1.2770700636942791, 143.7484076433121, 143.13694267515925], [143.13694267515925, 143.7484076433121, 285.60828025477707, 284.9968152866242]]}",dark,FALSE,5,"(9000, 10800)",0.162687396,0.837312604,1222.750029,92.1652061
35,pre,1,251208_21H2_LD1_35_36.avi,99,TRUE,0.5,50,1800,"{'xs': [[3.12264150943396, 138.97169811320754, 140.7830188679245, 1.311320754716979], [1.311320754716979, 140.7830188679245, 138.97169811320754, 1.311320754716979]], 'ys': [[4.319676409185803, 4.319676409185803, 147.57646137787057, 146.357254697286], [146.357254697286, 147.57646137787057, 289.0044363256785, 288.39483298538624]]}",dark,FALSE,5,"(9000, 10800)",0.173237091,0.826762909,1030.12372,78.36806469
36,pre,2,251208_21H2_LD1_35_36.avi,99,TRUE,0.5,50,1800,"{'xs': [[2.1871165644171793, 141.02147239263803, 139.23006134969324, 2.1871165644171793], [2.1871165644171793, 139.23006134969324, 141.91717791411043, 4.874233128834357]], 'ys': [[1.8885350318471452, 1.2770700636942791, 143.7484076433121, 143.13694267515925], [143.13694267515925, 143.7484076433121, 285.60828025477707, 284.9968152866242]]}",dark,FALSE,5,"(9000, 10800)",0,1,665.0311173,50.12695034
37,pre,1,251208_21H2_LD1_37_38.avi,99,TRUE,0.5,50,1800,"{'xs': [[3.12264150943396, 138.97169811320754, 140.7830188679245, 1.311320754716979], [1.311320754716979, 140.7830188679245, 138.97169811320754, 1.311320754716979]], 'ys': [[4.319676409185803, 4.319676409185803, 147.57646137787057, 146.357254697286], [146.357254697286, 147.57646137787057, 289.0044363256785, 288.39483298538624]]}",dark,FALSE,5,"(9000, 10800)",0.259300389,0.742365353,1346.226766,102.4160343
38,pre,2,251208_21H2_LD1_37_38.avi,99,TRUE,0.5,50,1800,"{'xs': [[2.1871165644171793, 141.02147239263803, 139.23006134969324, 2.1871165644171793], [2.1871165644171793, 139.23006134969324, 141.91717791411043, 4.874233128834357]], 'ys': [[1.8885350318471452, 1.2770700636942791, 143.7484076433121, 143.13694267515925], [143.13694267515925, 143.7484076433121, 285.60828025477707, 284.9968152866242]]}",dark,FALSE,5,"(9000, 10800)",0.02276513,0.97723487,923.9108144,69.640097
21,pre,1,251208_21H2_LD1_21_22.avi,99,TRUE,0.5,50,1800,"{'xs': [[3.12264150943396, 138.97169811320754, 140.7830188679245, 1.311320754716979], [1.311320754716979, 140.7830188679245, 138.97169811320754, 1.311320754716979]], 'ys': [[4.319676409185803, 4.319676409185803, 147.57646137787057, 146.357254697286], [146.357254697286, 147.57646137787057, 289.0044363256785, 288.39483298538624]]}",light,FALSE,6,"(10800, 12600)",0.423098279,0.578012215,1220.948175,92.88529489
22,pre,2,251208_21H2_LD1_21_22.avi,99,TRUE,0.5,50,1800,"{'xs': [[2.1871165644171793, 141.02147239263803, 139.23006134969324, 2.1871165644171793], [2.1871165644171793, 139.23006134969324, 141.91717791411043, 4.874233128834357]], 'ys': [[1.8885350318471452, 1.2770700636942791, 143.7484076433121, 143.13694267515925], [143.13694267515925, 143.7484076433121, 285.60828025477707, 284.9968152866242]]}",dark,FALSE,6,"(10800, 12600)",0.091615769,0.908384231,870.7939839,65.63639754
23,pre,1,251208_21H2_LD1_23_24.avi,99,TRUE,0.5,50,1800,"{'xs': [[3.12264150943396, 138.97169811320754, 140.7830188679245, 1.311320754716979], [1.311320754716979, 140.7830188679245, 138.97169811320754, 1.311320754716979]], 'ys': [[4.319676409185803, 4.319676409185803, 147.57646137787057, 146.357254697286], [146.357254697286, 147.57646137787057, 289.0044363256785, 288.39483298538624]]}",dark,FALSE,6,"(10800, 12600)",0.14658523,0.85341477,1386.859665,105.5072374
24,pre,2,251208_21H2_LD1_23_24.avi,99,TRUE,0.5,50,1800,"{'xs': [[2.1871165644171793, 141.02147239263803, 139.23006134969324, 2.1871165644171793], [2.1871165644171793, 139.23006134969324, 141.91717791411043, 4.874233128834357]], 'ys': [[1.8885350318471452, 1.2770700636942791, 143.7484076433121, 143.13694267515925], [143.13694267515925, 143.7484076433121, 285.60828025477707, 284.9968152866242]]}",dark,FALSE,6,"(10800, 12600)",0,1,776.0051832,58.49165892
25,pre,1,251208_21H2_LD1_25_26.avi,99,TRUE,0.5,50,1800,"{'xs': [[3.12264150943396, 138.97169811320754, 140.7830188679245, 1.311320754716979], [1.311320754716979, 140.7830188679245, 138.97169811320754, 1.311320754716979]], 'ys': [[4.319676409185803, 4.319676409185803, 147.57646137787057, 146.357254697286], [146.357254697286, 147.57646137787057, 289.0044363256785, 288.39483298538624]]}",dark,FALSE,6,"(10800, 12600)",0.074403109,0.925596891,1126.3496,85.68857954
26,pre,2,251208_21H2_LD1_25_26.avi,99,TRUE,0.5,50,1800,"{'xs': [[2.1871165644171793, 141.02147239263803, 139.23006134969324, 2.1871165644171793], [2.1871165644171793, 139.23006134969324, 141.91717791411043, 4.874233128834357]], 'ys': [[1.8885350318471452, 1.2770700636942791, 143.7484076433121, 143.13694267515925], [143.13694267515925, 143.7484076433121, 285.60828025477707, 284.9968152866242]]}",light,FALSE,6,"(10800, 12600)",0.477512493,0.523042754,1732.019696,130.5515833
27,pre,1,251208_21H2_LD1_27_28.avi,99,TRUE,0.5,50,1800,"{'xs': [[3.12264150943396, 138.97169811320754, 140.7830188679245, 1.311320754716979], [1.311320754716979, 140.7830188679245, 138.97169811320754, 1.311320754716979]], 'ys': [[4.319676409185803, 4.319676409185803, 147.57646137787057, 146.357254697286], [146.357254697286, 147.57646137787057, 289.0044363256785, 288.39483298538624]]}",dark,FALSE,6,"(10800, 12600)",0.095502499,0.90671849,1351.322894,102.8037292
28,pre,2,251208_21H2_LD1_27_28.avi,99,TRUE,0.5,50,1800,"{'xs': [[2.1871165644171793, 141.02147239263803, 139.23006134969324, 2.1871165644171793], [2.1871165644171793, 139.23006134969324, 141.91717791411043, 4.874233128834357]], 'ys': [[1.8885350318471452, 1.2770700636942791, 143.7484076433121, 143.13694267515925], [143.13694267515925, 143.7484076433121, 285.60828025477707, 284.9968152866242]]}",dark,FALSE,6,"(10800, 12600)",0.183231538,0.816768462,992.2513103,74.7912855
29,pre,1,251208_21H2_LD1_29_30.avi,99,TRUE,0.5,50,1800,"{'xs': [[3.12264150943396, 138.97169811320754, 140.7830188679245, 1.311320754716979], [1.311320754716979, 140.7830188679245, 138.97169811320754, 1.311320754716979]], 'ys': [[4.319676409185803, 4.319676409185803, 147.57646137787057, 146.357254697286], [146.357254697286, 147.57646137787057, 289.0044363256785, 288.39483298538624]]}",dark,FALSE,6,"(10800, 12600)",0.560799556,0.440310938,1624.77455,123.6069362
30,pre,2,251208_21H2_LD1_29_30.avi,99,TRUE,0.5,50,1800,"{'xs': [[2.1871165644171793, 141.02147239263803, 139.23006134969324, 2.1871165644171793], [2.1871165644171793, 139.23006134969324, 141.91717791411043, 4.874233128834357]], 'ys': [[1.8885350318471452, 1.2770700636942791, 143.7484076433121, 143.13694267515925], [143.13694267515925, 143.7484076433121, 285.60828025477707, 284.9968152866242]]}",dark,FALSE,6,"(10800, 12600)",0.217656857,0.782343143,1444.196453,108.8568069
31,pre,1,251208_21H2_LD1_31_32.avi,99,TRUE,0.5,50,1800,"{'xs': [[3.12264150943396, 138.97169811320754, 140.7830188679245, 1.311320754716979], [1.311320754716979, 140.7830188679245, 138.97169811320754, 1.311320754716979]], 'ys': [[4.319676409185803, 4.319676409185803, 147.57646137787057, 146.357254697286], [146.357254697286, 147.57646137787057, 289.0044363256785, 288.39483298538624]]}",dark,FALSE,6,"(10800, 12600)",0.118267629,0.885063853,1246.786533,94.85098319
32,pre,2,251208_21H2_LD1_31_32.avi,99,TRUE,0.5,50,1800,"{'xs': [[2.1871165644171793, 141.02147239263803, 139.23006134969324, 2.1871165644171793], [2.1871165644171793, 139.23006134969324, 141.91717791411043, 4.874233128834357]], 'ys': [[1.8885350318471452, 1.2770700636942791, 143.7484076433121, 143.13694267515925], [143.13694267515925, 143.7484076433121, 285.60828025477707, 284.9968152866242]]}",dark,FALSE,6,"(10800, 12600)",0.178789561,0.822320933,1233.850357,93.00189712
33,pre,1,251208_21H2_LD1_33_34.avi,99,TRUE,0.5,50,1800,"{'xs': [[3.12264150943396, 138.97169811320754, 140.7830188679245, 1.311320754716979], [1.311320754716979, 140.7830188679245, 138.97169811320754, 1.311320754716979]], 'ys': [[4.319676409185803, 4.319676409185803, 147.57646137787057, 146.357254697286], [146.357254697286, 147.57646137787057, 289.0044363256785, 288.39483298538624]]}",dark,FALSE,6,"(10800, 12600)",0.339811216,0.660188784,1258.070573,95.70943187
34,pre,2,251208_21H2_LD1_33_34.avi,99,TRUE,0.5,50,1800,"{'xs': [[2.1871165644171793, 141.02147239263803, 139.23006134969324, 2.1871165644171793], [2.1871165644171793, 139.23006134969324, 141.91717791411043, 4.874233128834357]], 'ys': [[1.8885350318471452, 1.2770700636942791, 143.7484076433121, 143.13694267515925], [143.13694267515925, 143.7484076433121, 285.60828025477707, 284.9968152866242]]}",dark,FALSE,6,"(10800, 12600)",0.540810661,0.460299833,1616.146653,121.8176126
35,pre,1,251208_21H2_LD1_35_36.avi,99,TRUE,0.5,50,1800,"{'xs': [[3.12264150943396, 138.97169811320754, 140.7830188679245, 1.311320754716979], [1.311320754716979, 140.7830188679245, 138.97169811320754, 1.311320754716979]], 'ys': [[4.319676409185803, 4.319676409185803, 147.57646137787057, 146.357254697286], [146.357254697286, 147.57646137787057, 289.0044363256785, 288.39483298538624]]}",dark,FALSE,6,"(10800, 12600)",0.180455303,0.820655192,900.6827374,68.52066566
36,pre,2,251208_21H2_LD1_35_36.avi,99,TRUE,0.5,50,1800,"{'xs': [[2.1871165644171793, 141.02147239263803, 139.23006134969324, 2.1871165644171793], [2.1871165644171793, 139.23006134969324, 141.91717791411043, 4.874233128834357]], 'ys': [[1.8885350318471452, 1.2770700636942791, 143.7484076433121, 143.13694267515925], [143.13694267515925, 143.7484076433121, 285.60828025477707, 284.9968152866242]]}",dark,FALSE,6,"(10800, 12600)",0.221543587,0.779566907,1095.190608,82.55037068
37,pre,1,251208_21H2_LD1_37_38.avi,99,TRUE,0.5,50,1800,"{'xs': [[3.12264150943396, 138.97169811320754, 140.7830188679245, 1.311320754716979], [1.311320754716979, 140.7830188679245, 138.97169811320754, 1.311320754716979]], 'ys': [[4.319676409185803, 4.319676409185803, 147.57646137787057, 146.357254697286], [146.357254697286, 147.57646137787057, 289.0044363256785, 288.39483298538624]]}",dark,FALSE,6,"(10800, 12600)",0.006107718,0.997779012,1051.317056,79.98037654
38,pre,2,251208_21H2_LD1_37_38.avi,99,TRUE,0.5,50,1800,"{'xs': [[2.1871165644171793, 141.02147239263803, 139.23006134969324, 2.1871165644171793], [2.1871165644171793, 139.23006134969324, 141.91717791411043, 4.874233128834357]], 'ys': [[1.8885350318471452, 1.2770700636942791, 143.7484076433121, 143.13694267515925], [143.13694267515925, 143.7484076433121, 285.60828025477707, 284.9968152866242]]}",dark,FALSE,6,"(10800, 12600)",0.159355913,0.841199334,1361.567048,102.6285869
21,pre,1,251208_21H2_LD1_21_22.avi,99,TRUE,0.5,50,1800,"{'xs': [[3.12264150943396, 138.97169811320754, 140.7830188679245, 1.311320754716979], [1.311320754716979, 140.7830188679245, 138.97169811320754, 1.311320754716979]], 'ys': [[4.319676409185803, 4.319676409185803, 147.57646137787057, 146.357254697286], [146.357254697286, 147.57646137787057, 289.0044363256785, 288.39483298538624]]}",light,FALSE,7,"(12600, 14400)",0,1,858.5917865,65.31853926
22,pre,2,251208_21H2_LD1_21_22.avi,99,TRUE,0.5,50,1800,"{'xs': [[2.1871165644171793, 141.02147239263803, 139.23006134969324, 2.1871165644171793], [2.1871165644171793, 139.23006134969324, 141.91717791411043, 4.874233128834357]], 'ys': [[1.8885350318471452, 1.2770700636942791, 143.7484076433121, 143.13694267515925], [143.13694267515925, 143.7484076433121, 285.60828025477707, 284.9968152866242]]}",dark,FALSE,7,"(12600, 14400)",0,1,661.4119665,49.8541556
23,pre,1,251208_21H2_LD1_23_24.avi,99,TRUE,0.5,50,1800,"{'xs': [[3.12264150943396, 138.97169811320754, 140.7830188679245, 1.311320754716979], [1.311320754716979, 140.7830188679245, 138.97169811320754, 1.311320754716979]], 'ys': [[4.319676409185803, 4.319676409185803, 147.57646137787057, 146.357254697286], [146.357254697286, 147.57646137787057, 289.0044363256785, 288.39483298538624]]}",dark,FALSE,7,"(12600, 14400)",0.017222222,0.987777778,874.8414347,66.55475337
24,pre,2,251208_21H2_LD1_23_24.avi,99,TRUE,0.5,50,1800,"{'xs': [[2.1871165644171793, 141.02147239263803, 139.23006134969324, 2.1871165644171793], [2.1871165644171793, 139.23006134969324, 141.91717791411043, 4.874233128834357]], 'ys': [[1.8885350318471452, 1.2770700636942791, 143.7484076433121, 143.13694267515925], [143.13694267515925, 143.7484076433121, 285.60828025477707, 284.9968152866242]]}",dark,FALSE,7,"(12600, 14400)",0.16,0.84,1058.738641,79.80279103
25,pre,1,251208_21H2_LD1_25_26.avi,99,TRUE,0.5,50,1800,"{'xs': [[3.12264150943396, 138.97169811320754, 140.7830188679245, 1.311320754716979], [1.311320754716979, 140.7830188679245, 138.97169811320754, 1.311320754716979]], 'ys': [[4.319676409185803, 4.319676409185803, 147.57646137787057, 146.357254697286], [146.357254697286, 147.57646137787057, 289.0044363256785, 288.39483298538624]]}",dark,FALSE,7,"(12600, 14400)",0.292547275,0.708565072,955.6885239,72.70530577
26,pre,2,251208_21H2_LD1_25_26.avi,99,TRUE,0.5,50,1800,"{'xs': [[2.1871165644171793, 141.02147239263803, 139.23006134969324, 2.1871165644171793], [2.1871165644171793, 139.23006134969324, 141.91717791411043, 4.874233128834357]], 'ys': [[1.8885350318471452, 1.2770700636942791, 143.7484076433121, 143.13694267515925], [143.13694267515925, 143.7484076433121, 285.60828025477707, 284.9968152866242]]}",light,FALSE,7,"(12600, 14400)",0.214126808,0.786985539,1366.113909,102.9713081
27,pre,1,251208_21H2_LD1_27_28.avi,99,TRUE,0.5,50,1800,"{'xs': [[3.12264150943396, 138.97169811320754, 140.7830188679245, 1.311320754716979], [1.311320754716979, 140.7830188679245, 138.97169811320754, 1.311320754716979]], 'ys': [[4.319676409185803, 4.319676409185803, 147.57646137787057, 146.357254697286], [146.357254697286, 147.57646137787057, 289.0044363256785, 288.39483298538624]]}",dark,FALSE,7,"(12600, 14400)",0.240668524,0.760445682,1325.916246,100.8708838
28,pre,2,251208_21H2_LD1_27_28.avi,99,TRUE,0.5,50,1800,"{'xs': [[2.1871165644171793, 141.02147239263803, 139.23006134969324, 2.1871165644171793], [2.1871165644171793, 139.23006134969324, 141.91717791411043, 4.874233128834357]], 'ys': [[1.8885350318471452, 1.2770700636942791, 143.7484076433121, 143.13694267515925], [143.13694267515925, 143.7484076433121, 285.60828025477707, 284.9968152866242]]}",dark,FALSE,7,"(12600, 14400)",0.31810585,0.68189415,1266.473351,95.46086663
29,pre,1,251208_21H2_LD1_29_30.avi,99,TRUE,0.5,50,1800,"{'xs': [[3.12264150943396, 138.97169811320754, 140.7830188679245, 1.311320754716979], [1.311320754716979, 140.7830188679245, 138.97169811320754, 1.311320754716979]], 'ys': [[4.319676409185803, 4.319676409185803, 147.57646137787057, 146.357254697286], [146.357254697286, 147.57646137787057, 289.0044363256785, 288.39483298538624]]}",dark,FALSE,7,"(12600, 14400)",0.155086159,0.844913841,1157.103122,88.02819559
30,pre,2,251208_21H2_LD1_29_30.avi,99,TRUE,0.5,50,1800,"{'xs': [[2.1871165644171793, 141.02147239263803, 139.23006134969324, 2.1871165644171793], [2.1871165644171793, 139.23006134969324, 141.91717791411043, 4.874233128834357]], 'ys': [[1.8885350318471452, 1.2770700636942791, 143.7484076433121, 143.13694267515925], [143.13694267515925, 143.7484076433121, 285.60828025477707, 284.9968152866242]]}",dark,FALSE,7,"(12600, 14400)",0.076153419,0.92495831,873.1631828,65.81497672
31,pre,1,251208_21H2_LD1_31_32.avi,99,TRUE,0.5,50,1800,"{'xs': [[3.12264150943396, 138.97169811320754, 140.7830188679245, 1.311320754716979], [1.311320754716979, 140.7830188679245, 138.97169811320754, 1.311320754716979]], 'ys': [[4.319676409185803, 4.319676409185803, 147.57646137787057, 146.357254697286], [146.357254697286, 147.57646137787057, 289.0044363256785, 288.39483298538624]]}",dark,FALSE,7,"(12600, 14400)",0.395219566,0.605892162,1087.63986,82.74368335
32,pre,2,251208_21H2_LD1_31_32.avi,99,TRUE,0.5,50,1800,"{'xs': [[2.1871165644171793, 141.02147239263803, 139.23006134969324, 2.1871165644171793], [2.1871165644171793, 139.23006134969324, 141.91717791411043, 4.874233128834357]], 'ys': [[1.8885350318471452, 1.2770700636942791, 143.7484076433121, 143.13694267515925], [143.13694267515925, 143.7484076433121, 285.60828025477707, 284.9968152866242]]}",dark,FALSE,7,"(12600, 14400)",0.11450806,0.88549194,934.0908998,70.40742445
33,pre,1,251208_21H2_LD1_33_34.avi,99,TRUE,0.5,50,1800,"{'xs': [[3.12264150943396, 138.97169811320754, 140.7830188679245, 1.311320754716979], [1.311320754716979, 140.7830188679245, 138.97169811320754, 1.311320754716979]], 'ys': [[4.319676409185803, 4.319676409185803, 147.57646137787057, 146.357254697286], [146.357254697286, 147.57646137787057, 289.0044363256785, 288.39483298538624]]}",dark,FALSE,7,"(12600, 14400)",0.296666667,0.712777778,1117.904204,85.04608453
34,pre,2,251208_21H2_LD1_33_34.avi,99,TRUE,0.5,50,1800,"{'xs': [[2.1871165644171793, 141.02147239263803, 139.23006134969324, 2.1871165644171793], [2.1871165644171793, 139.23006134969324, 141.91717791411043, 4.874233128834357]], 'ys': [[1.8885350318471452, 1.2770700636942791, 143.7484076433121, 143.13694267515925], [143.13694267515925, 143.7484076433121, 285.60828025477707, 284.9968152866242]]}",dark,FALSE,7,"(12600, 14400)",0.181666667,0.819444444,1193.789243,89.98227686
35,pre,1,251208_21H2_LD1_35_36.avi,99,TRUE,0.5,50,1800,"{'xs': [[3.12264150943396, 138.97169811320754, 140.7830188679245, 1.311320754716979], [1.311320754716979, 140.7830188679245, 138.97169811320754, 1.311320754716979]], 'ys': [[4.319676409185803, 4.319676409185803, 147.57646137787057, 146.357254697286], [146.357254697286, 147.57646137787057, 289.0044363256785, 288.39483298538624]]}",dark,FALSE,7,"(12600, 14400)",0.263070078,0.738042269,1141.951897,86.87554549
36,pre,2,251208_21H2_LD1_35_36.avi,99,TRUE,0.5,50,1800,"{'xs': [[2.1871165644171793, 141.02147239263803, 139.23006134969324, 2.1871165644171793], [2.1871165644171793, 139.23006134969324, 141.91717791411043, 4.874233128834357]], 'ys': [[1.8885350318471452, 1.2770700636942791, 143.7484076433121, 143.13694267515925], [143.13694267515925, 143.7484076433121, 285.60828025477707, 284.9968152866242]]}",dark,FALSE,7,"(12600, 14400)",0.278642937,0.723581758,988.4062058,74.50145942
37,pre,1,251208_21H2_LD1_37_38.avi,99,TRUE,0.5,50,1800,"{'xs': [[3.12264150943396, 138.97169811320754, 140.7830188679245, 1.311320754716979], [1.311320754716979, 140.7830188679245, 138.97169811320754, 1.311320754716979]], 'ys': [[4.319676409185803, 4.319676409185803, 147.57646137787057, 146.357254697286], [146.357254697286, 147.57646137787057, 289.0044363256785, 288.39483298538624]]}",dark,FALSE,7,"(12600, 14400)",0.213014461,0.78865406,1493.85226,113.6468448
38,pre,2,251208_21H2_LD1_37_38.avi,99,TRUE,0.5,50,1800,"{'xs': [[2.1871165644171793, 141.02147239263803, 139.23006134969324, 2.1871165644171793], [2.1871165644171793, 139.23006134969324, 141.91717791411043, 4.874233128834357]], 'ys': [[1.8885350318471452, 1.2770700636942791, 143.7484076433121, 143.13694267515925], [143.13694267515925, 143.7484076433121, 285.60828025477707, 284.9968152866242]]}",dark,FALSE,7,"(12600, 14400)",0.44160178,0.55839822,1555.307567,117.2318455