Animal,file,Box,phase,subphase,component,freezing,motion
41,250901_SEFL10N6d_B2_trauma_g1,1,trauma,baseline,baseline,5.09,165.34
41,250901_SEFL10N6d_B2_trauma_g1,1,trauma,shock,shock01,0,1361.77
41,250901_SEFL10N6d_B2_trauma_g1,1,trauma,shock,shock02,0,1075.13
41,250901_SEFL10N6d_B2_trauma_g1,1,trauma,shock,shock03,0,1040.57
41,250901_SEFL10N6d_B2_trauma_g1,1,trauma,shock,shock04,0,1516.7
41,250901_SEFL10N6d_B2_trauma_g1,1,trauma,shock,shock05,0,961.17
41,250901_SEFL10N6d_B2_trauma_g1,1,trauma,shock,shock06,0,632.4
41,250901_SEFL10N6d_B2_trauma_g1,1,trauma,shock,shock07,0,879.43
41,250901_SEFL10N6d_B2_trauma_g1,1,trauma,shock,shock08,0,269.83
41,250901_SEFL10N6d_B2_trauma_g1,1,trauma,shock,shock09,0,492.5
41,250901_SEFL10N6d_B2_trauma_g1,1,trauma,shock,shock10,0,1163.83
41,250901_SEFL10N6d_B2_trauma_g1,1,trauma,postshock,postshock01,80.5,8.08
41,250901_SEFL10N6d_B2_trauma_g1,1,trauma,postshock,postshock02,57.17,45.46
41,250901_SEFL10N6d_B2_trauma_g1,1,trauma,postshock,postshock03,79.17,13.73
41,250901_SEFL10N6d_B2_trauma_g1,1,trauma,postshock,postshock04,72.83,14.96
41,250901_SEFL10N6d_B2_trauma_g1,1,trauma,postshock,postshock05,72,16.25
41,250901_SEFL10N6d_B2_trauma_g1,1,trauma,postshock,postshock06,71.5,36.01
41,250901_SEFL10N6d_B2_trauma_g1,1,trauma,postshock,postshock07,64.33,26.98
41,250901_SEFL10N6d_B2_trauma_g1,1,trauma,postshock,postshock08,70.17,21.09
41,250901_SEFL10N6d_B2_trauma_g1,1,trauma,postshock,postshock09,64.5,40.33
41,250901_SEFL10N6d_B2_trauma_g1,1,trauma,postshock,postshock10,88.83,4.39
42,250901_SEFL10N6d_B2_trauma_g1,2,trauma,baseline,baseline,1.86,222.06
42,250901_SEFL10N6d_B2_trauma_g1,2,trauma,shock,shock01,0,1012.43
42,250901_SEFL10N6d_B2_trauma_g1,2,trauma,shock,shock02,0,1746.9
42,250901_SEFL10N6d_B2_trauma_g1,2,trauma,shock,shock03,0,1715.2
42,250901_SEFL10N6d_B2_trauma_g1,2,trauma,shock,shock04,0,1261.17
42,250901_SEFL10N6d_B2_trauma_g1,2,trauma,shock,shock05,0,657.77
42,250901_SEFL10N6d_B2_trauma_g1,2,trauma,shock,shock06,0,1078.67
42,250901_SEFL10N6d_B2_trauma_g1,2,trauma,shock,shock07,0,1250.27
42,250901_SEFL10N6d_B2_trauma_g1,2,trauma,shock,shock08,0,1038.23
42,250901_SEFL10N6d_B2_trauma_g1,2,trauma,shock,shock09,0,720.63
42,250901_SEFL10N6d_B2_trauma_g1,2,trauma,shock,shock10,0,968.1
42,250901_SEFL10N6d_B2_trauma_g1,2,trauma,postshock,postshock01,23,40.63
42,250901_SEFL10N6d_B2_trauma_g1,2,trauma,postshock,postshock02,26.17,56.77
42,250901_SEFL10N6d_B2_trauma_g1,2,trauma,postshock,postshock03,50,38.41
42,250901_SEFL10N6d_B2_trauma_g1,2,trauma,postshock,postshock04,79.33,13.14
42,250901_SEFL10N6d_B2_trauma_g1,2,trauma,postshock,postshock05,52.33,36.06
42,250901_SEFL10N6d_B2_trauma_g1,2,trauma,postshock,postshock06,59.83,29.11
42,250901_SEFL10N6d_B2_trauma_g1,2,trauma,postshock,postshock07,79.5,9.41
42,250901_SEFL10N6d_B2_trauma_g1,2,trauma,postshock,postshock08,99.67,0.23
42,250901_SEFL10N6d_B2_trauma_g1,2,trauma,postshock,postshock09,90.33,2.52
42,250901_SEFL10N6d_B2_trauma_g1,2,trauma,postshock,postshock10,97,1.33
43,250901_SEFL10N6d_B2_trauma_g6,1,trauma,baseline,baseline,7.4,139.74
43,250901_SEFL10N6d_B2_trauma_g6,1,trauma,shock,shock01,0,815.37
43,250901_SEFL10N6d_B2_trauma_g6,1,trauma,shock,shock02,0,1251.4
43,250901_SEFL10N6d_B2_trauma_g6,1,trauma,shock,shock03,0,624.2
43,250901_SEFL10N6d_B2_trauma_g6,1,trauma,shock,shock04,0,918.53
43,250901_SEFL10N6d_B2_trauma_g6,1,trauma,shock,shock05,0,1055.83
43,250901_SEFL10N6d_B2_trauma_g6,1,trauma,shock,shock06,0,761.5
43,250901_SEFL10N6d_B2_trauma_g6,1,trauma,shock,shock07,0,638.13
43,250901_SEFL10N6d_B2_trauma_g6,1,trauma,shock,shock08,0,806.67
43,250901_SEFL10N6d_B2_trauma_g6,1,trauma,shock,shock09,0,689.6
43,250901_SEFL10N6d_B2_trauma_g6,1,trauma,shock,shock10,0,1521.83
43,250901_SEFL10N6d_B2_trauma_g6,1,trauma,postshock,postshock01,0,167.74
43,250901_SEFL10N6d_B2_trauma_g6,1,trauma,postshock,postshock02,11.5,45.67
43,250901_SEFL10N6d_B2_trauma_g6,1,trauma,postshock,postshock03,59.33,27.03
43,250901_SEFL10N6d_B2_trauma_g6,1,trauma,postshock,postshock04,42.33,60.47
43,250901_SEFL10N6d_B2_trauma_g6,1,trauma,postshock,postshock05,87.5,5.81
43,250901_SEFL10N6d_B2_trauma_g6,1,trauma,postshock,postshock06,18.5,236.93
43,250901_SEFL10N6d_B2_trauma_g6,1,trauma,postshock,postshock07,76,14.58
43,250901_SEFL10N6d_B2_trauma_g6,1,trauma,postshock,postshock08,18.33,349.4
43,250901_SEFL10N6d_B2_trauma_g6,1,trauma,postshock,postshock09,28.67,156.1
43,250901_SEFL10N6d_B2_trauma_g6,1,trauma,postshock,postshock10,86.5,4.24
44,250901_SEFL10N6d_B2_trauma_g1,4,trauma,baseline,baseline,1.58,209.56
44,250901_SEFL10N6d_B2_trauma_g1,4,trauma,shock,shock01,0,1031
44,250901_SEFL10N6d_B2_trauma_g1,4,trauma,shock,shock02,0,838.87
44,250901_SEFL10N6d_B2_trauma_g1,4,trauma,shock,shock03,0,1221.07
44,250901_SEFL10N6d_B2_trauma_g1,4,trauma,shock,shock04,0,340.7
44,250901_SEFL10N6d_B2_trauma_g1,4,trauma,shock,shock05,0,759.5
44,250901_SEFL10N6d_B2_trauma_g1,4,trauma,shock,shock06,0,837.6
44,250901_SEFL10N6d_B2_trauma_g1,4,trauma,shock,shock07,0,632.9
44,250901_SEFL10N6d_B2_trauma_g1,4,trauma,shock,shock08,0,1399.2
44,250901_SEFL10N6d_B2_trauma_g1,4,trauma,shock,shock09,0,741.87
44,250901_SEFL10N6d_B2_trauma_g1,4,trauma,shock,shock10,0,1258.97
44,250901_SEFL10N6d_B2_trauma_g1,4,trauma,postshock,postshock01,5.5,104.24
44,250901_SEFL10N6d_B2_trauma_g1,4,trauma,postshock,postshock02,27.17,64.76
44,250901_SEFL10N6d_B2_trauma_g1,4,trauma,postshock,postshock03,18,112.2
44,250901_SEFL10N6d_B2_trauma_g1,4,trauma,postshock,postshock04,19,38.37
44,250901_SEFL10N6d_B2_trauma_g1,4,trauma,postshock,postshock05,67.33,8.21
44,250901_SEFL10N6d_B2_trauma_g1,4,trauma,postshock,postshock06,48.83,18.53
44,250901_SEFL10N6d_B2_trauma_g1,4,trauma,postshock,postshock07,65,8.36
44,250901_SEFL10N6d_B2_trauma_g1,4,trauma,postshock,postshock08,78.33,12.27
44,250901_SEFL10N6d_B2_trauma_g1,4,trauma,postshock,postshock09,40.33,70.83
44,250901_SEFL10N6d_B2_trauma_g1,4,trauma,postshock,postshock10,63.83,8.7
45,250901_SEFL10N6d_B2_trauma_g2,1,trauma,baseline,baseline,2.86,158.66
45,250901_SEFL10N6d_B2_trauma_g2,1,trauma,shock,shock01,0,1100.7
45,250901_SEFL10N6d_B2_trauma_g2,1,trauma,shock,shock02,0,1359.53
45,250901_SEFL10N6d_B2_trauma_g2,1,trauma,shock,shock03,0,903.57
45,250901_SEFL10N6d_B2_trauma_g2,1,trauma,shock,shock04,0,1182.3
45,250901_SEFL10N6d_B2_trauma_g2,1,trauma,shock,shock05,0,1704.87
45,250901_SEFL10N6d_B2_trauma_g2,1,trauma,shock,shock06,0,624.93
45,250901_SEFL10N6d_B2_trauma_g2,1,trauma,shock,shock07,0,660.8
45,250901_SEFL10N6d_B2_trauma_g2,1,trauma,shock,shock08,0,819.23
45,250901_SEFL10N6d_B2_trauma_g2,1,trauma,shock,shock09,0,1117.4
45,250901_SEFL10N6d_B2_trauma_g2,1,trauma,shock,shock10,0,688.93
45,250901_SEFL10N6d_B2_trauma_g2,1,trauma,postshock,postshock01,0,137.48
45,250901_SEFL10N6d_B2_trauma_g2,1,trauma,postshock,postshock02,39.83,54.75
45,250901_SEFL10N6d_B2_trauma_g2,1,trauma,postshock,postshock03,59,20.68
45,250901_SEFL10N6d_B2_trauma_g2,1,trauma,postshock,postshock04,73.17,17.94
45,250901_SEFL10N6d_B2_trauma_g2,1,trauma,postshock,postshock05,88.17,4.6
45,250901_SEFL10N6d_B2_trauma_g2,1,trauma,postshock,postshock06,67.17,16.31
45,250901_SEFL10N6d_B2_trauma_g2,1,trauma,postshock,postshock07,62.33,22.43
45,250901_SEFL10N6d_B2_trauma_g2,1,trauma,postshock,postshock08,78.5,5.76
45,250901_SEFL10N6d_B2_trauma_g2,1,trauma,postshock,postshock09,79,8.94
45,250901_SEFL10N6d_B2_trauma_g2,1,trauma,postshock,postshock10,81,3.13
46,250901_SEFL10N6d_B2_trauma_g2,2,trauma,baseline,baseline,0,217.13
46,250901_SEFL10N6d_B2_trauma_g2,2,trauma,shock,shock01,0,1351.77
46,250901_SEFL10N6d_B2_trauma_g2,2,trauma,shock,shock02,0,904.97
46,250901_SEFL10N6d_B2_trauma_g2,2,trauma,shock,shock03,0,1075.27
46,250901_SEFL10N6d_B2_trauma_g2,2,trauma,shock,shock04,0,980.1
46,250901_SEFL10N6d_B2_trauma_g2,2,trauma,shock,shock05,0,1487.93
46,250901_SEFL10N6d_B2_trauma_g2,2,trauma,shock,shock06,0,598.5
46,250901_SEFL10N6d_B2_trauma_g2,2,trauma,shock,shock07,0,1133.47
46,250901_SEFL10N6d_B2_trauma_g2,2,trauma,shock,shock08,0,510.93
46,250901_SEFL10N6d_B2_trauma_g2,2,trauma,shock,shock09,0,1378.2
46,250901_SEFL10N6d_B2_trauma_g2,2,trauma,shock,shock10,0,563.7
46,250901_SEFL10N6d_B2_trauma_g2,2,trauma,postshock,postshock01,11.33,102.3
46,250901_SEFL10N6d_B2_trauma_g2,2,trauma,postshock,postshock02,50.5,25.56
46,250901_SEFL10N6d_B2_trauma_g2,2,trauma,postshock,postshock03,63.17,20.25
46,250901_SEFL10N6d_B2_trauma_g2,2,trauma,postshock,postshock04,45.17,33.38
46,250901_SEFL10N6d_B2_trauma_g2,2,trauma,postshock,postshock05,78.83,7.22
46,250901_SEFL10N6d_B2_trauma_g2,2,trauma,postshock,postshock06,75.83,7.17
46,250901_SEFL10N6d_B2_trauma_g2,2,trauma,postshock,postshock07,80.33,4.28
46,250901_SEFL10N6d_B2_trauma_g2,2,trauma,postshock,postshock08,96.83,0.89
46,250901_SEFL10N6d_B2_trauma_g2,2,trauma,postshock,postshock09,81.33,4.47
46,250901_SEFL10N6d_B2_trauma_g2,2,trauma,postshock,postshock10,72.17,5.04
47,250901_SEFL10N6d_B2_trauma_g2,3,trauma,baseline,baseline,0.99,173.57
47,250901_SEFL10N6d_B2_trauma_g2,3,trauma,shock,shock01,0,1010.8
47,250901_SEFL10N6d_B2_trauma_g2,3,trauma,shock,shock02,0,926.03
47,250901_SEFL10N6d_B2_trauma_g2,3,trauma,shock,shock03,0,800.43
47,250901_SEFL10N6d_B2_trauma_g2,3,trauma,shock,shock04,0,737.43
47,250901_SEFL10N6d_B2_trauma_g2,3,trauma,shock,shock05,0,644.2
47,250901_SEFL10N6d_B2_trauma_g2,3,trauma,shock,shock06,0,843.63
47,250901_SEFL10N6d_B2_trauma_g2,3,trauma,shock,shock07,0,1445.63
47,250901_SEFL10N6d_B2_trauma_g2,3,trauma,shock,shock08,0,1597.13
47,250901_SEFL10N6d_B2_trauma_g2,3,trauma,shock,shock09,0,947.6
47,250901_SEFL10N6d_B2_trauma_g2,3,trauma,shock,shock10,0,564.13
47,250901_SEFL10N6d_B2_trauma_g2,3,trauma,postshock,postshock01,0,96.23
47,250901_SEFL10N6d_B2_trauma_g2,3,trauma,postshock,postshock02,65.5,15.9
47,250901_SEFL10N6d_B2_trauma_g2,3,trauma,postshock,postshock03,23.5,61.91
47,250901_SEFL10N6d_B2_trauma_g2,3,trauma,postshock,postshock04,83.83,4.68
47,250901_SEFL10N6d_B2_trauma_g2,3,trauma,postshock,postshock05,70.5,4.66
47,250901_SEFL10N6d_B2_trauma_g2,3,trauma,postshock,postshock06,69.67,7.51
47,250901_SEFL10N6d_B2_trauma_g2,3,trauma,postshock,postshock07,47.67,33.4
47,250901_SEFL10N6d_B2_trauma_g2,3,trauma,postshock,postshock08,78.83,2.42
47,250901_SEFL10N6d_B2_trauma_g2,3,trauma,postshock,postshock09,58.5,15.9
47,250901_SEFL10N6d_B2_trauma_g2,3,trauma,postshock,postshock10,71.33,40.18
48,250901_SEFL10N6d_B2_trauma_g2,4,trauma,baseline,baseline,0.34,260.23
48,250901_SEFL10N6d_B2_trauma_g2,4,trauma,shock,shock01,0,1261.5
48,250901_SEFL10N6d_B2_trauma_g2,4,trauma,shock,shock02,0,1130
48,250901_SEFL10N6d_B2_trauma_g2,4,trauma,shock,shock03,0,997.87
48,250901_SEFL10N6d_B2_trauma_g2,4,trauma,shock,shock04,0,509.8
48,250901_SEFL10N6d_B2_trauma_g2,4,trauma,shock,shock05,0,723.27
48,250901_SEFL10N6d_B2_trauma_g2,4,trauma,shock,shock06,0,830.9
48,250901_SEFL10N6d_B2_trauma_g2,4,trauma,shock,shock07,0,1206
48,250901_SEFL10N6d_B2_trauma_g2,4,trauma,shock,shock08,0,1169.4
48,250901_SEFL10N6d_B2_trauma_g2,4,trauma,shock,shock09,0,1024.53
48,250901_SEFL10N6d_B2_trauma_g2,4,trauma,shock,shock10,0,834.4
48,250901_SEFL10N6d_B2_trauma_g2,4,trauma,postshock,postshock01,0,124.85
48,250901_SEFL10N6d_B2_trauma_g2,4,trauma,postshock,postshock02,48.5,27.47
48,250901_SEFL10N6d_B2_trauma_g2,4,trauma,postshock,postshock03,18.33,183.24
48,250901_SEFL10N6d_B2_trauma_g2,4,trauma,postshock,postshock04,36.83,114.16
48,250901_SEFL10N6d_B2_trauma_g2,4,trauma,postshock,postshock05,72.17,8.62
48,250901_SEFL10N6d_B2_trauma_g2,4,trauma,postshock,postshock06,62.33,45.1
48,250901_SEFL10N6d_B2_trauma_g2,4,trauma,postshock,postshock07,17.83,74.72
48,250901_SEFL10N6d_B2_trauma_g2,4,trauma,postshock,postshock08,76,20.92
48,250901_SEFL10N6d_B2_trauma_g2,4,trauma,postshock,postshock09,59.5,22.29
48,250901_SEFL10N6d_B2_trauma_g2,4,trauma,postshock,postshock10,66.33,73.5
49,250901_SEFL10N6d_B2_trauma_g3,1,trauma,baseline,baseline,2.58,169.1
49,250901_SEFL10N6d_B2_trauma_g3,1,trauma,shock,shock01,0,1036.7
49,250901_SEFL10N6d_B2_trauma_g3,1,trauma,shock,shock02,0,968.73
49,250901_SEFL10N6d_B2_trauma_g3,1,trauma,shock,shock03,0,703.9
49,250901_SEFL10N6d_B2_trauma_g3,1,trauma,shock,shock04,0,1111.3
49,250901_SEFL10N6d_B2_trauma_g3,1,trauma,shock,shock05,0,1058.97
49,250901_SEFL10N6d_B2_trauma_g3,1,trauma,shock,shock06,0,927.63
49,250901_SEFL10N6d_B2_trauma_g3,1,trauma,shock,shock07,0,1317.47
49,250901_SEFL10N6d_B2_trauma_g3,1,trauma,shock,shock08,0,857.3
49,250901_SEFL10N6d_B2_trauma_g3,1,trauma,shock,shock09,0,1337.53
49,250901_SEFL10N6d_B2_trauma_g3,1,trauma,shock,shock10,0,852.13
49,250901_SEFL10N6d_B2_trauma_g3,1,trauma,postshock,postshock01,17.67,71.74
49,250901_SEFL10N6d_B2_trauma_g3,1,trauma,postshock,postshock02,10,87.78
49,250901_SEFL10N6d_B2_trauma_g3,1,trauma,postshock,postshock03,57.5,39.31
49,250901_SEFL10N6d_B2_trauma_g3,1,trauma,postshock,postshock04,33.33,44.01
49,250901_SEFL10N6d_B2_trauma_g3,1,trauma,postshock,postshock05,60.33,44.99
49,250901_SEFL10N6d_B2_trauma_g3,1,trauma,postshock,postshock06,53.17,25.28
49,250901_SEFL10N6d_B2_trauma_g3,1,trauma,postshock,postshock07,53.17,43.78
49,250901_SEFL10N6d_B2_trauma_g3,1,trauma,postshock,postshock08,78.5,7.39
49,250901_SEFL10N6d_B2_trauma_g3,1,trauma,postshock,postshock09,54.33,28.53
49,250901_SEFL10N6d_B2_trauma_g3,1,trauma,postshock,postshock10,76.33,10.76
50,250901_SEFL10N6d_B2_trauma_g3,2,trauma,baseline,baseline,5.61,113.57
50,250901_SEFL10N6d_B2_trauma_g3,2,trauma,shock,shock01,0,893.5
50,250901_SEFL10N6d_B2_trauma_g3,2,trauma,shock,shock02,0,1255.3
50,250901_SEFL10N6d_B2_trauma_g3,2,trauma,shock,shock03,0,605.47
50,250901_SEFL10N6d_B2_trauma_g3,2,trauma,shock,shock04,0,616.1
50,250901_SEFL10N6d_B2_trauma_g3,2,trauma,shock,shock05,0,930.07
50,250901_SEFL10N6d_B2_trauma_g3,2,trauma,shock,shock06,0,802.63
50,250901_SEFL10N6d_B2_trauma_g3,2,trauma,shock,shock07,0,664.17
50,250901_SEFL10N6d_B2_trauma_g3,2,trauma,shock,shock08,0,1107.83
50,250901_SEFL10N6d_B2_trauma_g3,2,trauma,shock,shock09,0,306.4
50,250901_SEFL10N6d_B2_trauma_g3,2,trauma,shock,shock10,0,860.2
50,250901_SEFL10N6d_B2_trauma_g3,2,trauma,postshock,postshock01,21.33,54.66
50,250901_SEFL10N6d_B2_trauma_g3,2,trauma,postshock,postshock02,10.33,47.4
50,250901_SEFL10N6d_B2_trauma_g3,2,trauma,postshock,postshock03,46.83,47.27
50,250901_SEFL10N6d_B2_trauma_g3,2,trauma,postshock,postshock04,65.67,30.5
50,250901_SEFL10N6d_B2_trauma_g3,2,trauma,postshock,postshock05,78,10.31
50,250901_SEFL10N6d_B2_trauma_g3,2,trauma,postshock,postshock06,36.5,106.41
50,250901_SEFL10N6d_B2_trauma_g3,2,trauma,postshock,postshock07,78.83,8.61
50,250901_SEFL10N6d_B2_trauma_g3,2,trauma,postshock,postshock08,83.17,4.84
50,250901_SEFL10N6d_B2_trauma_g3,2,trauma,postshock,postshock09,85.33,3.68
50,250901_SEFL10N6d_B2_trauma_g3,2,trauma,postshock,postshock10,20.5,40.86
51,250901_SEFL10N6d_B2_trauma_g3,3,trauma,baseline,baseline,2.58,118.52
51,250901_SEFL10N6d_B2_trauma_g3,3,trauma,shock,shock01,0,633.23
51,250901_SEFL10N6d_B2_trauma_g3,3,trauma,shock,shock02,0,385.47
51,250901_SEFL10N6d_B2_trauma_g3,3,trauma,shock,shock03,0,561.03
51,250901_SEFL10N6d_B2_trauma_g3,3,trauma,shock,shock04,0,671.8
51,250901_SEFL10N6d_B2_trauma_g3,3,trauma,shock,shock05,0,599.9
51,250901_SEFL10N6d_B2_trauma_g3,3,trauma,shock,shock06,0,393.87
51,250901_SEFL10N6d_B2_trauma_g3,3,trauma,shock,shock07,0,616.9
51,250901_SEFL10N6d_B2_trauma_g3,3,trauma,shock,shock08,0,212.1
51,250901_SEFL10N6d_B2_trauma_g3,3,trauma,shock,shock09,0,423.53
51,250901_SEFL10N6d_B2_trauma_g3,3,trauma,shock,shock10,0,1005.03
51,250901_SEFL10N6d_B2_trauma_g3,3,trauma,postshock,postshock01,6.17,88.07
51,250901_SEFL10N6d_B2_trauma_g3,3,trauma,postshock,postshock02,12.17,92.5
51,250901_SEFL10N6d_B2_trauma_g3,3,trauma,postshock,postshock03,52,18.03
51,250901_SEFL10N6d_B2_trauma_g3,3,trauma,postshock,postshock04,80.83,5.31
51,250901_SEFL10N6d_B2_trauma_g3,3,trauma,postshock,postshock05,44.5,19.48
51,250901_SEFL10N6d_B2_trauma_g3,3,trauma,postshock,postshock06,51.5,46
51,250901_SEFL10N6d_B2_trauma_g3,3,trauma,postshock,postshock07,53.33,34.2
51,250901_SEFL10N6d_B2_trauma_g3,3,trauma,postshock,postshock08,62,79.97
51,250901_SEFL10N6d_B2_trauma_g3,3,trauma,postshock,postshock09,69,8.77
51,250901_SEFL10N6d_B2_trauma_g3,3,trauma,postshock,postshock10,71.5,7.39
52,250901_SEFL10N6d_B2_trauma_g3,4,trauma,baseline,baseline,0,211.1
52,250901_SEFL10N6d_B2_trauma_g3,4,trauma,shock,shock01,0,1011.33
52,250901_SEFL10N6d_B2_trauma_g3,4,trauma,shock,shock02,0,951.63
52,250901_SEFL10N6d_B2_trauma_g3,4,trauma,shock,shock03,0,776.6
52,250901_SEFL10N6d_B2_trauma_g3,4,trauma,shock,shock04,0,812.4
52,250901_SEFL10N6d_B2_trauma_g3,4,trauma,shock,shock05,0,943.47
52,250901_SEFL10N6d_B2_trauma_g3,4,trauma,shock,shock06,0,782
52,250901_SEFL10N6d_B2_trauma_g3,4,trauma,shock,shock07,0,991.03
52,250901_SEFL10N6d_B2_trauma_g3,4,trauma,shock,shock08,0,644.5
52,250901_SEFL10N6d_B2_trauma_g3,4,trauma,shock,shock09,0,731.73
52,250901_SEFL10N6d_B2_trauma_g3,4,trauma,shock,shock10,0,681.87
52,250901_SEFL10N6d_B2_trauma_g3,4,trauma,postshock,postshock01,0,128.38
52,250901_SEFL10N6d_B2_trauma_g3,4,trauma,postshock,postshock02,23.5,61.27
52,250901_SEFL10N6d_B2_trauma_g3,4,trauma,postshock,postshock03,15.5,71.44
52,250901_SEFL10N6d_B2_trauma_g3,4,trauma,postshock,postshock04,55.67,22.99
52,250901_SEFL10N6d_B2_trauma_g3,4,trauma,postshock,postshock05,47.17,34.46
52,250901_SEFL10N6d_B2_trauma_g3,4,trauma,postshock,postshock06,82.5,8.24
52,250901_SEFL10N6d_B2_trauma_g3,4,trauma,postshock,postshock07,100,0.74
52,250901_SEFL10N6d_B2_trauma_g3,4,trauma,postshock,postshock08,26.33,42.32
52,250901_SEFL10N6d_B2_trauma_g3,4,trauma,postshock,postshock09,99.33,0.85
52,250901_SEFL10N6d_B2_trauma_g3,4,trauma,postshock,postshock10,81.5,18.72
53,250901_SEFL10N6d_B2_trauma_g4,1,trauma,baseline,baseline,0,208.09
53,250901_SEFL10N6d_B2_trauma_g4,1,trauma,shock,shock01,0,2017.2
53,250901_SEFL10N6d_B2_trauma_g4,1,trauma,shock,shock02,0,776.2
53,250901_SEFL10N6d_B2_trauma_g4,1,trauma,shock,shock03,0,875.77
53,250901_SEFL10N6d_B2_trauma_g4,1,trauma,shock,shock04,0,755.77
53,250901_SEFL10N6d_B2_trauma_g4,1,trauma,shock,shock05,0,851.2
53,250901_SEFL10N6d_B2_trauma_g4,1,trauma,shock,shock06,0,624.97
53,250901_SEFL10N6d_B2_trauma_g4,1,trauma,shock,shock07,0,756.5
53,250901_SEFL10N6d_B2_trauma_g4,1,trauma,shock,shock08,0,787.63
53,250901_SEFL10N6d_B2_trauma_g4,1,trauma,shock,shock09,0,335.73
53,250901_SEFL10N6d_B2_trauma_g4,1,trauma,shock,shock10,0,785.57
53,250901_SEFL10N6d_B2_trauma_g4,1,trauma,postshock,postshock01,31.83,38.17
53,250901_SEFL10N6d_B2_trauma_g4,1,trauma,postshock,postshock02,52.5,31.15
53,250901_SEFL10N6d_B2_trauma_g4,1,trauma,postshock,postshock03,29.33,58.23
53,250901_SEFL10N6d_B2_trauma_g4,1,trauma,postshock,postshock04,79.67,16.11
53,250901_SEFL10N6d_B2_trauma_g4,1,trauma,postshock,postshock05,75.33,7.01
53,250901_SEFL10N6d_B2_trauma_g4,1,trauma,postshock,postshock06,72.83,14.79
53,250901_SEFL10N6d_B2_trauma_g4,1,trauma,postshock,postshock07,79.17,3.02
53,250901_SEFL10N6d_B2_trauma_g4,1,trauma,postshock,postshock08,60.33,21.21
53,250901_SEFL10N6d_B2_trauma_g4,1,trauma,postshock,postshock09,79.33,20.24
53,250901_SEFL10N6d_B2_trauma_g4,1,trauma,postshock,postshock10,85,5.17
54,250901_SEFL10N6d_B2_trauma_g4,2,trauma,baseline,baseline,0,200.93
54,250901_SEFL10N6d_B2_trauma_g4,2,trauma,shock,shock01,0,942.17
54,250901_SEFL10N6d_B2_trauma_g4,2,trauma,shock,shock02,0,865.03
54,250901_SEFL10N6d_B2_trauma_g4,2,trauma,shock,shock03,0,814
54,250901_SEFL10N6d_B2_trauma_g4,2,trauma,shock,shock04,0,550.7
54,250901_SEFL10N6d_B2_trauma_g4,2,trauma,shock,shock05,0,596.07
54,250901_SEFL10N6d_B2_trauma_g4,2,trauma,shock,shock06,0,684.87
54,250901_SEFL10N6d_B2_trauma_g4,2,trauma,shock,shock07,0,995.13
54,250901_SEFL10N6d_B2_trauma_g4,2,trauma,shock,shock08,0,836.57
54,250901_SEFL10N6d_B2_trauma_g4,2,trauma,shock,shock09,0,749.43
54,250901_SEFL10N6d_B2_trauma_g4,2,trauma,shock,shock10,0,422.77
54,250901_SEFL10N6d_B2_trauma_g4,2,trauma,postshock,postshock01,58,31.13
54,250901_SEFL10N6d_B2_trauma_g4,2,trauma,postshock,postshock02,46.67,61.95
54,250901_SEFL10N6d_B2_trauma_g4,2,trauma,postshock,postshock03,74,10.1
54,250901_SEFL10N6d_B2_trauma_g4,2,trauma,postshock,postshock04,78.83,12.82
54,250901_SEFL10N6d_B2_trauma_g4,2,trauma,postshock,postshock05,89,5.09
54,250901_SEFL10N6d_B2_trauma_g4,2,trauma,postshock,postshock06,79.17,5.96
54,250901_SEFL10N6d_B2_trauma_g4,2,trauma,postshock,postshock07,85.83,3.88
54,250901_SEFL10N6d_B2_trauma_g4,2,trauma,postshock,postshock08,74.33,16.32
54,250901_SEFL10N6d_B2_trauma_g4,2,trauma,postshock,postshock09,99.67,0.25
54,250901_SEFL10N6d_B2_trauma_g4,2,trauma,postshock,postshock10,78.17,9.99
55,250901_SEFL10N6d_B2_trauma_g4,3,trauma,baseline,baseline,2.93,115.35
55,250901_SEFL10N6d_B2_trauma_g4,3,trauma,shock,shock01,0,787.6
55,250901_SEFL10N6d_B2_trauma_g4,3,trauma,shock,shock02,0,979.93
55,250901_SEFL10N6d_B2_trauma_g4,3,trauma,shock,shock03,0,781.37
55,250901_SEFL10N6d_B2_trauma_g4,3,trauma,shock,shock04,0,888.4
55,250901_SEFL10N6d_B2_trauma_g4,3,trauma,shock,shock05,0,670.67
55,250901_SEFL10N6d_B2_trauma_g4,3,trauma,shock,shock06,0,973.93
55,250901_SEFL10N6d_B2_trauma_g4,3,trauma,shock,shock07,0,667.63
55,250901_SEFL10N6d_B2_trauma_g4,3,trauma,shock,shock08,0,561.83
55,250901_SEFL10N6d_B2_trauma_g4,3,trauma,shock,shock09,0,610.07
55,250901_SEFL10N6d_B2_trauma_g4,3,trauma,shock,shock10,0,490.73
55,250901_SEFL10N6d_B2_trauma_g4,3,trauma,postshock,postshock01,7.83,61.42
55,250901_SEFL10N6d_B2_trauma_g4,3,trauma,postshock,postshock02,40.33,35.96
55,250901_SEFL10N6d_B2_trauma_g4,3,trauma,postshock,postshock03,45.5,21.68
55,250901_SEFL10N6d_B2_trauma_g4,3,trauma,postshock,postshock04,74,19.23
55,250901_SEFL10N6d_B2_trauma_g4,3,trauma,postshock,postshock05,38,28.98
55,250901_SEFL10N6d_B2_trauma_g4,3,trauma,postshock,postshock06,80.67,5.2
55,250901_SEFL10N6d_B2_trauma_g4,3,trauma,postshock,postshock07,84.67,1.79
55,250901_SEFL10N6d_B2_trauma_g4,3,trauma,postshock,postshock08,87.83,3.04
55,250901_SEFL10N6d_B2_trauma_g4,3,trauma,postshock,postshock09,78.5,4.07
55,250901_SEFL10N6d_B2_trauma_g4,3,trauma,postshock,postshock10,86,1.7
56,250901_SEFL10N6d_B2_trauma_g4,4,trauma,baseline,baseline,0.43,199.37
56,250901_SEFL10N6d_B2_trauma_g4,4,trauma,shock,shock01,0,1018.13
56,250901_SEFL10N6d_B2_trauma_g4,4,trauma,shock,shock02,0,835.43
56,250901_SEFL10N6d_B2_trauma_g4,4,trauma,shock,shock03,0,1190.13
56,250901_SEFL10N6d_B2_trauma_g4,4,trauma,shock,shock04,0,845.23
56,250901_SEFL10N6d_B2_trauma_g4,4,trauma,shock,shock05,0,714.97
56,250901_SEFL10N6d_B2_trauma_g4,4,trauma,shock,shock06,0,838.83
56,250901_SEFL10N6d_B2_trauma_g4,4,trauma,shock,shock07,0,957.53
56,250901_SEFL10N6d_B2_trauma_g4,4,trauma,shock,shock08,0,647.17
56,250901_SEFL10N6d_B2_trauma_g4,4,trauma,shock,shock09,0,725.37
56,250901_SEFL10N6d_B2_trauma_g4,4,trauma,shock,shock10,0,1195.77
56,250901_SEFL10N6d_B2_trauma_g4,4,trauma,postshock,postshock01,5.17,109.3
56,250901_SEFL10N6d_B2_trauma_g4,4,trauma,postshock,postshock02,37.5,18.02
56,250901_SEFL10N6d_B2_trauma_g4,4,trauma,postshock,postshock03,58.83,15.18
56,250901_SEFL10N6d_B2_trauma_g4,4,trauma,postshock,postshock04,66.67,12.43
56,250901_SEFL10N6d_B2_trauma_g4,4,trauma,postshock,postshock05,71.5,20.83
56,250901_SEFL10N6d_B2_trauma_g4,4,trauma,postshock,postshock06,81.83,9.71
56,250901_SEFL10N6d_B2_trauma_g4,4,trauma,postshock,postshock07,82.67,14.41
56,250901_SEFL10N6d_B2_trauma_g4,4,trauma,postshock,postshock08,58.5,11.55
56,250901_SEFL10N6d_B2_trauma_g4,4,trauma,postshock,postshock09,80.67,11.39
56,250901_SEFL10N6d_B2_trauma_g4,4,trauma,postshock,postshock10,57,25.36
57,250901_SEFL10N6d_B2_trauma_g5,1,trauma,baseline,baseline,2.03,187.14
57,250901_SEFL10N6d_B2_trauma_g5,1,trauma,shock,shock01,0,717.87
57,250901_SEFL10N6d_B2_trauma_g5,1,trauma,shock,shock02,0,982.77
57,250901_SEFL10N6d_B2_trauma_g5,1,trauma,shock,shock03,0,616.77
57,250901_SEFL10N6d_B2_trauma_g5,1,trauma,shock,shock04,0,1843.93
57,250901_SEFL10N6d_B2_trauma_g5,1,trauma,shock,shock05,0,1423
57,250901_SEFL10N6d_B2_trauma_g5,1,trauma,shock,shock06,0,863.87
57,250901_SEFL10N6d_B2_trauma_g5,1,trauma,shock,shock07,0,592.97
57,250901_SEFL10N6d_B2_trauma_g5,1,trauma,shock,shock08,0,757.97
57,250901_SEFL10N6d_B2_trauma_g5,1,trauma,shock,shock09,0,400.3
57,250901_SEFL10N6d_B2_trauma_g5,1,trauma,shock,shock10,0,394.07
57,250901_SEFL10N6d_B2_trauma_g5,1,trauma,postshock,postshock01,5.33,163.74
57,250901_SEFL10N6d_B2_trauma_g5,1,trauma,postshock,postshock02,28.67,45.18
57,250901_SEFL10N6d_B2_trauma_g5,1,trauma,postshock,postshock03,55.5,28.65
57,250901_SEFL10N6d_B2_trauma_g5,1,trauma,postshock,postshock04,75.17,5.68
57,250901_SEFL10N6d_B2_trauma_g5,1,trauma,postshock,postshock05,55.67,17.01
57,250901_SEFL10N6d_B2_trauma_g5,1,trauma,postshock,postshock06,60.67,61.73
57,250901_SEFL10N6d_B2_trauma_g5,1,trauma,postshock,postshock07,49.5,27.8
57,250901_SEFL10N6d_B2_trauma_g5,1,trauma,postshock,postshock08,88.17,4.86
57,250901_SEFL10N6d_B2_trauma_g5,1,trauma,postshock,postshock09,91.67,7.8
57,250901_SEFL10N6d_B2_trauma_g5,1,trauma,postshock,postshock10,69.33,17.39
58,250901_SEFL10N6d_B2_trauma_g5,2,trauma,baseline,baseline,0,188.14
58,250901_SEFL10N6d_B2_trauma_g5,2,trauma,shock,shock01,0,1182.73
58,250901_SEFL10N6d_B2_trauma_g5,2,trauma,shock,shock02,0,910.27
58,250901_SEFL10N6d_B2_trauma_g5,2,trauma,shock,shock03,0,702.3
58,250901_SEFL10N6d_B2_trauma_g5,2,trauma,shock,shock04,0,813.27
58,250901_SEFL10N6d_B2_trauma_g5,2,trauma,shock,shock05,0,767.4
58,250901_SEFL10N6d_B2_trauma_g5,2,trauma,shock,shock06,0,624.9
58,250901_SEFL10N6d_B2_trauma_g5,2,trauma,shock,shock07,0,454.9
58,250901_SEFL10N6d_B2_trauma_g5,2,trauma,shock,shock08,0,605.83
58,250901_SEFL10N6d_B2_trauma_g5,2,trauma,shock,shock09,0,718.1
58,250901_SEFL10N6d_B2_trauma_g5,2,trauma,shock,shock10,0,321.73
58,250901_SEFL10N6d_B2_trauma_g5,2,trauma,postshock,postshock01,0,140.83
58,250901_SEFL10N6d_B2_trauma_g5,2,trauma,postshock,postshock02,5.5,84.79
58,250901_SEFL10N6d_B2_trauma_g5,2,trauma,postshock,postshock03,56.67,23.55
58,250901_SEFL10N6d_B2_trauma_g5,2,trauma,postshock,postshock04,42.33,24.58
58,250901_SEFL10N6d_B2_trauma_g5,2,trauma,postshock,postshock05,83,17.92
58,250901_SEFL10N6d_B2_trauma_g5,2,trauma,postshock,postshock06,73.5,11.61
58,250901_SEFL10N6d_B2_trauma_g5,2,trauma,postshock,postshock07,52.17,44.85
58,250901_SEFL10N6d_B2_trauma_g5,2,trauma,postshock,postshock08,63.5,9.76
58,250901_SEFL10N6d_B2_trauma_g5,2,trauma,postshock,postshock09,34.83,37.65
58,250901_SEFL10N6d_B2_trauma_g5,2,trauma,postshock,postshock10,50.5,135.48
59,250901_SEFL10N6d_B2_trauma_g5,3,trauma,baseline,baseline,4.33,131.6
59,250901_SEFL10N6d_B2_trauma_g5,3,trauma,shock,shock01,0,1869.13
59,250901_SEFL10N6d_B2_trauma_g5,3,trauma,shock,shock02,0,1177.43
59,250901_SEFL10N6d_B2_trauma_g5,3,trauma,shock,shock03,0,1586.57
59,250901_SEFL10N6d_B2_trauma_g5,3,trauma,shock,shock04,0,1073.33
59,250901_SEFL10N6d_B2_trauma_g5,3,trauma,shock,shock05,0,1202.3
59,250901_SEFL10N6d_B2_trauma_g5,3,trauma,shock,shock06,0,760.27
59,250901_SEFL10N6d_B2_trauma_g5,3,trauma,shock,shock07,0,1401.87
59,250901_SEFL10N6d_B2_trauma_g5,3,trauma,shock,shock08,0,1368.13
59,250901_SEFL10N6d_B2_trauma_g5,3,trauma,shock,shock09,0,919.73
59,250901_SEFL10N6d_B2_trauma_g5,3,trauma,shock,shock10,0,1338.07
59,250901_SEFL10N6d_B2_trauma_g5,3,trauma,postshock,postshock01,0,99.28
59,250901_SEFL10N6d_B2_trauma_g5,3,trauma,postshock,postshock02,37.67,26.02
59,250901_SEFL10N6d_B2_trauma_g5,3,trauma,postshock,postshock03,42,57.31
59,250901_SEFL10N6d_B2_trauma_g5,3,trauma,postshock,postshock04,43.67,171.71
59,250901_SEFL10N6d_B2_trauma_g5,3,trauma,postshock,postshock05,37.67,105.72
59,250901_SEFL10N6d_B2_trauma_g5,3,trauma,postshock,postshock06,50,88.8
59,250901_SEFL10N6d_B2_trauma_g5,3,trauma,postshock,postshock07,74.5,77.6
59,250901_SEFL10N6d_B2_trauma_g5,3,trauma,postshock,postshock08,77.5,15.29
59,250901_SEFL10N6d_B2_trauma_g5,3,trauma,postshock,postshock09,82.5,7.22
59,250901_SEFL10N6d_B2_trauma_g5,3,trauma,postshock,postshock10,65,29.85
60,250901_SEFL10N6d_B2_trauma_g5,4,trauma,baseline,baseline,2.39,206.1
60,250901_SEFL10N6d_B2_trauma_g5,4,trauma,shock,shock01,0,1603.37
60,250901_SEFL10N6d_B2_trauma_g5,4,trauma,shock,shock02,0,1122.47
60,250901_SEFL10N6d_B2_trauma_g5,4,trauma,shock,shock03,0,752.1
60,250901_SEFL10N6d_B2_trauma_g5,4,trauma,shock,shock04,0,1280.93
60,250901_SEFL10N6d_B2_trauma_g5,4,trauma,shock,shock05,0,776.7
60,250901_SEFL10N6d_B2_trauma_g5,4,trauma,shock,shock06,0,564.5
60,250901_SEFL10N6d_B2_trauma_g5,4,trauma,shock,shock07,0,637.03
60,250901_SEFL10N6d_B2_trauma_g5,4,trauma,shock,shock08,0,1184.73
60,250901_SEFL10N6d_B2_trauma_g5,4,trauma,shock,shock09,0,1248.6
60,250901_SEFL10N6d_B2_trauma_g5,4,trauma,shock,shock10,0,1126.13
60,250901_SEFL10N6d_B2_trauma_g5,4,trauma,postshock,postshock01,0,125.86
60,250901_SEFL10N6d_B2_trauma_g5,4,trauma,postshock,postshock02,41,37.66
60,250901_SEFL10N6d_B2_trauma_g5,4,trauma,postshock,postshock03,73.33,17.21
60,250901_SEFL10N6d_B2_trauma_g5,4,trauma,postshock,postshock04,76,13.17
60,250901_SEFL10N6d_B2_trauma_g5,4,trauma,postshock,postshock05,82.83,7.08
60,250901_SEFL10N6d_B2_trauma_g5,4,trauma,postshock,postshock06,93.5,0.64
60,250901_SEFL10N6d_B2_trauma_g5,4,trauma,postshock,postshock07,79.67,20.07
60,250901_SEFL10N6d_B2_trauma_g5,4,trauma,postshock,postshock08,71.83,9.53
60,250901_SEFL10N6d_B2_trauma_g5,4,trauma,postshock,postshock09,93.17,2.34
60,250901_SEFL10N6d_B2_trauma_g5,4,trauma,postshock,postshock10,90.67,2.09
61,250901_SEFL10N6d_B2_trauma_g6,2,trauma,baseline,baseline,0,195.36
61,250901_SEFL10N6d_B2_trauma_g6,2,trauma,shock,shock01,0,947.87
61,250901_SEFL10N6d_B2_trauma_g6,2,trauma,shock,shock02,0,937.13
61,250901_SEFL10N6d_B2_trauma_g6,2,trauma,shock,shock03,0,1329.43
61,250901_SEFL10N6d_B2_trauma_g6,2,trauma,shock,shock04,0,1049.63
61,250901_SEFL10N6d_B2_trauma_g6,2,trauma,shock,shock05,0,574.53
61,250901_SEFL10N6d_B2_trauma_g6,2,trauma,shock,shock06,0,902.23
61,250901_SEFL10N6d_B2_trauma_g6,2,trauma,shock,shock07,0,533.57
61,250901_SEFL10N6d_B2_trauma_g6,2,trauma,shock,shock08,0,1232.77
61,250901_SEFL10N6d_B2_trauma_g6,2,trauma,shock,shock09,0,1864.1
61,250901_SEFL10N6d_B2_trauma_g6,2,trauma,shock,shock10,0,974.23
61,250901_SEFL10N6d_B2_trauma_g6,2,trauma,postshock,postshock01,19.17,69.84
61,250901_SEFL10N6d_B2_trauma_g6,2,trauma,postshock,postshock02,25,37.23
61,250901_SEFL10N6d_B2_trauma_g6,2,trauma,postshock,postshock03,42.33,45.81
61,250901_SEFL10N6d_B2_trauma_g6,2,trauma,postshock,postshock04,43,43.03
61,250901_SEFL10N6d_B2_trauma_g6,2,trauma,postshock,postshock05,37.17,35.06
61,250901_SEFL10N6d_B2_trauma_g6,2,trauma,postshock,postshock06,63.17,20.79
61,250901_SEFL10N6d_B2_trauma_g6,2,trauma,postshock,postshock07,53.17,16.27
61,250901_SEFL10N6d_B2_trauma_g6,2,trauma,postshock,postshock08,79.5,13.36
61,250901_SEFL10N6d_B2_trauma_g6,2,trauma,postshock,postshock09,89,16.65
61,250901_SEFL10N6d_B2_trauma_g6,2,trauma,postshock,postshock10,39.5,35.25
41,250903_SEFL10N6D_B2_g1,1,traumatest,min,min01,48.61,65.91
41,250903_SEFL10N6D_B2_g1,1,traumatest,min,min02,58.22,39.2
41,250903_SEFL10N6D_B2_g1,1,traumatest,min,min03,53.83,58.87
41,250903_SEFL10N6D_B2_g1,1,traumatest,min,min04,56.11,52.83
41,250903_SEFL10N6D_B2_g1,1,traumatest,min,min05,83.61,18.38
41,250903_SEFL10N6D_B2_g1,1,traumatest,min,min06,71.94,15.54
41,250903_SEFL10N6D_B2_g1,1,traumatest,min,min07,52.61,19.8
41,250903_SEFL10N6D_B2_g1,1,traumatest,min,min08,63.11,24.19
41,250903_SEFL10N6D_B2_g1,1,traumatest,avg,avg,61.2,36.84
42,250903_SEFL10N6D_B2_g1,2,traumatest,min,min01,89.33,6.57
42,250903_SEFL10N6D_B2_g1,2,traumatest,min,min02,91.11,5.55
42,250903_SEFL10N6D_B2_g1,2,traumatest,min,min03,92.33,2.27
42,250903_SEFL10N6D_B2_g1,2,traumatest,min,min04,93.78,1.42
42,250903_SEFL10N6D_B2_g1,2,traumatest,min,min05,100,0
42,250903_SEFL10N6D_B2_g1,2,traumatest,min,min06,95.39,1.99
42,250903_SEFL10N6D_B2_g1,2,traumatest,min,min07,99.44,0.09
42,250903_SEFL10N6D_B2_g1,2,traumatest,min,min08,99.11,0.19
42,250903_SEFL10N6D_B2_g1,2,traumatest,avg,avg,95.06,2.26
43,250903_SEFL10N6D_B2_g1,3,traumatest,min,min01,50.28,15.18
43,250903_SEFL10N6D_B2_g1,3,traumatest,min,min02,56.39,16.68
43,250903_SEFL10N6D_B2_g1,3,traumatest,min,min03,54.11,16.65
43,250903_SEFL10N6D_B2_g1,3,traumatest,min,min04,65.44,12.57
43,250903_SEFL10N6D_B2_g1,3,traumatest,min,min05,76.44,8
43,250903_SEFL10N6D_B2_g1,3,traumatest,min,min06,68.89,12.28
43,250903_SEFL10N6D_B2_g1,3,traumatest,min,min07,63.11,12.52
43,250903_SEFL10N6D_B2_g1,3,traumatest,min,min08,22.72,65.94
43,250903_SEFL10N6D_B2_g1,3,traumatest,avg,avg,57.79,19.98
44,250903_SEFL10N6D_B2_g1,4,traumatest,min,min01,38.11,33.57
44,250903_SEFL10N6D_B2_g1,4,traumatest,min,min02,49.78,21.27
44,250903_SEFL10N6D_B2_g1,4,traumatest,min,min03,66.61,8.66
44,250903_SEFL10N6D_B2_g1,4,traumatest,min,min04,64.11,32.56
44,250903_SEFL10N6D_B2_g1,4,traumatest,min,min05,18.33,54.57
44,250903_SEFL10N6D_B2_g1,4,traumatest,min,min06,26.33,88.74
44,250903_SEFL10N6D_B2_g1,4,traumatest,min,min07,22.67,78.18
44,250903_SEFL10N6D_B2_g1,4,traumatest,min,min08,48.89,33.14
44,250903_SEFL10N6D_B2_g1,4,traumatest,avg,avg,41.99,43.84
45,250903_SEFL10N6D_B2_g2,1,traumatest,min,min01,60.44,35.6
45,250903_SEFL10N6D_B2_g2,1,traumatest,min,min02,48.83,25.66
45,250903_SEFL10N6D_B2_g2,1,traumatest,min,min03,34.22,75.66
45,250903_SEFL10N6D_B2_g2,1,traumatest,min,min04,59.72,23.04
45,250903_SEFL10N6D_B2_g2,1,traumatest,min,min05,32.83,79.15
45,250903_SEFL10N6D_B2_g2,1,traumatest,min,min06,22.22,84.6
45,250903_SEFL10N6D_B2_g2,1,traumatest,min,min07,19.28,108.21
45,250903_SEFL10N6D_B2_g2,1,traumatest,min,min08,43.67,56.89
45,250903_SEFL10N6D_B2_g2,1,traumatest,avg,avg,40.51,61.1
46,250903_SEFL10N6D_B2_g2,2,traumatest,min,min01,38.67,29.11
46,250903_SEFL10N6D_B2_g2,2,traumatest,min,min02,51.06,28.6
46,250903_SEFL10N6D_B2_g2,2,traumatest,min,min03,46.28,35.92
46,250903_SEFL10N6D_B2_g2,2,traumatest,min,min04,66.83,14.35
46,250903_SEFL10N6D_B2_g2,2,traumatest,min,min05,55.94,27.33
46,250903_SEFL10N6D_B2_g2,2,traumatest,min,min06,37.56,48.36
46,250903_SEFL10N6D_B2_g2,2,traumatest,min,min07,48.83,35.39
46,250903_SEFL10N6D_B2_g2,2,traumatest,min,min08,51.28,27.88
46,250903_SEFL10N6D_B2_g2,2,traumatest,avg,avg,49.56,30.87
47,250903_SEFL10N6D_B2_g2,3,traumatest,min,min01,56.39,35.09
47,250903_SEFL10N6D_B2_g2,3,traumatest,min,min02,57.33,9.52
47,250903_SEFL10N6D_B2_g2,3,traumatest,min,min03,25.17,66.48
47,250903_SEFL10N6D_B2_g2,3,traumatest,min,min04,22.94,93.18
47,250903_SEFL10N6D_B2_g2,3,traumatest,min,min05,32.56,50.49
47,250903_SEFL10N6D_B2_g2,3,traumatest,min,min06,66.61,28.01
47,250903_SEFL10N6D_B2_g2,3,traumatest,min,min07,79.33,11.19
47,250903_SEFL10N6D_B2_g2,3,traumatest,min,min08,55.78,30.73
47,250903_SEFL10N6D_B2_g2,3,traumatest,avg,avg,49.65,40.59
48,250903_SEFL10N6D_B2_g2,4,traumatest,min,min01,48.78,66.22
48,250903_SEFL10N6D_B2_g2,4,traumatest,min,min02,73,20.23
48,250903_SEFL10N6D_B2_g2,4,traumatest,min,min03,66.89,9.41
48,250903_SEFL10N6D_B2_g2,4,traumatest,min,min04,68.67,6.26
48,250903_SEFL10N6D_B2_g2,4,traumatest,min,min05,61.56,31.45
48,250903_SEFL10N6D_B2_g2,4,traumatest,min,min06,76.56,15.45
48,250903_SEFL10N6D_B2_g2,4,traumatest,min,min07,45.56,109.2
48,250903_SEFL10N6D_B2_g2,4,traumatest,min,min08,70.17,32.51
48,250903_SEFL10N6D_B2_g2,4,traumatest,avg,avg,64.03,36.34
49,250903_SEFL10N6D_B2_g3,1,traumatest,min,min01,32.39,24.66
49,250903_SEFL10N6D_B2_g3,1,traumatest,min,min02,44,28.38
49,250903_SEFL10N6D_B2_g3,1,traumatest,min,min03,25.83,67.44
49,250903_SEFL10N6D_B2_g3,1,traumatest,min,min04,32,74.22
49,250903_SEFL10N6D_B2_g3,1,traumatest,min,min05,67.33,24.19
49,250903_SEFL10N6D_B2_g3,1,traumatest,min,min06,42.89,56.72
49,250903_SEFL10N6D_B2_g3,1,traumatest,min,min07,41.33,52.19
49,250903_SEFL10N6D_B2_g3,1,traumatest,min,min08,64.33,24.7
49,250903_SEFL10N6D_B2_g3,1,traumatest,avg,avg,44.19,44.06
50,250903_SEFL10N6D_B2_g3,2,traumatest,min,min01,87.94,26.86
50,250903_SEFL10N6D_B2_g3,2,traumatest,min,min02,78.22,10.54
50,250903_SEFL10N6D_B2_g3,2,traumatest,min,min03,76.22,4.13
50,250903_SEFL10N6D_B2_g3,2,traumatest,min,min04,76.56,5.02
50,250903_SEFL10N6D_B2_g3,2,traumatest,min,min05,83.89,5.14
50,250903_SEFL10N6D_B2_g3,2,traumatest,min,min06,88.5,4.21
50,250903_SEFL10N6D_B2_g3,2,traumatest,min,min07,71.17,8
50,250903_SEFL10N6D_B2_g3,2,traumatest,min,min08,77,6.3
50,250903_SEFL10N6D_B2_g3,2,traumatest,avg,avg,80.22,8.77
51,250903_SEFL10N6D_B2_g3,3,traumatest,min,min01,63.61,18.21
51,250903_SEFL10N6D_B2_g3,3,traumatest,min,min02,94.11,1.15
51,250903_SEFL10N6D_B2_g3,3,traumatest,min,min03,61,29.08
51,250903_SEFL10N6D_B2_g3,3,traumatest,min,min04,57.56,28.12
51,250903_SEFL10N6D_B2_g3,3,traumatest,min,min05,72.67,8.9
51,250903_SEFL10N6D_B2_g3,3,traumatest,min,min06,69.78,11.8
51,250903_SEFL10N6D_B2_g3,3,traumatest,min,min07,54.83,25.38
51,250903_SEFL10N6D_B2_g3,3,traumatest,min,min08,68.11,10.49
51,250903_SEFL10N6D_B2_g3,3,traumatest,avg,avg,67.85,16.64
52,250903_SEFL10N6D_B2_g3,4,traumatest,min,min01,13.67,116.78
52,250903_SEFL10N6D_B2_g3,4,traumatest,min,min02,45.89,55.19
52,250903_SEFL10N6D_B2_g3,4,traumatest,min,min03,45.11,29.81
52,250903_SEFL10N6D_B2_g3,4,traumatest,min,min04,54.06,31.04
52,250903_SEFL10N6D_B2_g3,4,traumatest,min,min05,56.78,41.87
52,250903_SEFL10N6D_B2_g3,4,traumatest,min,min06,29.61,65.54
52,250903_SEFL10N6D_B2_g3,4,traumatest,min,min07,72.94,19.96
52,250903_SEFL10N6D_B2_g3,4,traumatest,min,min08,65.17,16.98
52,250903_SEFL10N6D_B2_g3,4,traumatest,avg,avg,48.03,47.15
53,250903_SEFL10N6D_B2_g4,1,traumatest,min,min01,48.61,19.44
53,250903_SEFL10N6D_B2_g4,1,traumatest,min,min02,50.5,35.09
53,250903_SEFL10N6D_B2_g4,1,traumatest,min,min03,43.5,18.45
53,250903_SEFL10N6D_B2_g4,1,traumatest,min,min04,8.89,84.34
53,250903_SEFL10N6D_B2_g4,1,traumatest,min,min05,15.28,74.67
53,250903_SEFL10N6D_B2_g4,1,traumatest,min,min06,30.33,71.37
53,250903_SEFL10N6D_B2_g4,1,traumatest,min,min07,34.22,67.92
53,250903_SEFL10N6D_B2_g4,1,traumatest,min,min08,9.5,68.38
53,250903_SEFL10N6D_B2_g4,1,traumatest,avg,avg,30.51,54.95
54,250903_SEFL10N6D_B2_g4,2,traumatest,min,min01,76.22,10.94
54,250903_SEFL10N6D_B2_g4,2,traumatest,min,min02,69.28,10.26
54,250903_SEFL10N6D_B2_g4,2,traumatest,min,min03,82,5.02
54,250903_SEFL10N6D_B2_g4,2,traumatest,min,min04,82.11,5.88
54,250903_SEFL10N6D_B2_g4,2,traumatest,min,min05,60.17,25.24
54,250903_SEFL10N6D_B2_g4,2,traumatest,min,min06,66.67,12.36
54,250903_SEFL10N6D_B2_g4,2,traumatest,min,min07,70.17,12.19
54,250903_SEFL10N6D_B2_g4,2,traumatest,min,min08,44.06,52.31
54,250903_SEFL10N6D_B2_g4,2,traumatest,avg,avg,68.94,16.77
55,250903_SEFL10N6D_B2_g4,3,traumatest,min,min01,63.44,24.8
55,250903_SEFL10N6D_B2_g4,3,traumatest,min,min02,51.67,24.01
55,250903_SEFL10N6D_B2_g4,3,traumatest,min,min03,85.89,2.41
55,250903_SEFL10N6D_B2_g4,3,traumatest,min,min04,85.78,3.69
55,250903_SEFL10N6D_B2_g4,3,traumatest,min,min05,72.11,7.71
55,250903_SEFL10N6D_B2_g4,3,traumatest,min,min06,83.39,5.85
55,250903_SEFL10N6D_B2_g4,3,traumatest,min,min07,52,18.2
55,250903_SEFL10N6D_B2_g4,3,traumatest,min,min08,39.67,56.08
55,250903_SEFL10N6D_B2_g4,3,traumatest,avg,avg,66.94,17.85
56,250903_SEFL10N6D_B2_g4,4,traumatest,min,min01,44.22,44.44
56,250903_SEFL10N6D_B2_g4,4,traumatest,min,min02,71.06,9.31
56,250903_SEFL10N6D_B2_g4,4,traumatest,min,min03,75.61,8.11
56,250903_SEFL10N6D_B2_g4,4,traumatest,min,min04,74.22,9.59
56,250903_SEFL10N6D_B2_g4,4,traumatest,min,min05,65.11,13.86
56,250903_SEFL10N6D_B2_g4,4,traumatest,min,min06,69.11,14.91
56,250903_SEFL10N6D_B2_g4,4,traumatest,min,min07,66.83,12.2
56,250903_SEFL10N6D_B2_g4,4,traumatest,min,min08,52.5,19.84
56,250903_SEFL10N6D_B2_g4,4,traumatest,avg,avg,65.44,16.53
57,250903_SEFL10N6D_B2_g5,1,traumatest,min,min01,64.5,18.48
57,250903_SEFL10N6D_B2_g5,1,traumatest,min,min02,78.83,16.96
57,250903_SEFL10N6D_B2_g5,1,traumatest,min,min03,80.89,7.68
57,250903_SEFL10N6D_B2_g5,1,traumatest,min,min04,78.33,8.41
57,250903_SEFL10N6D_B2_g5,1,traumatest,min,min05,99.33,0.37
57,250903_SEFL10N6D_B2_g5,1,traumatest,min,min06,88.44,4.81
57,250903_SEFL10N6D_B2_g5,1,traumatest,min,min07,62.94,37.49
57,250903_SEFL10N6D_B2_g5,1,traumatest,min,min08,57.94,35.44
57,250903_SEFL10N6D_B2_g5,1,traumatest,avg,avg,76.5,16.21
58,250903_SEFL10N6D_B2_g5,2,traumatest,min,min01,44.44,46.91
58,250903_SEFL10N6D_B2_g5,2,traumatest,min,min02,81.28,5.97
58,250903_SEFL10N6D_B2_g5,2,traumatest,min,min03,63.83,17.17
58,250903_SEFL10N6D_B2_g5,2,traumatest,min,min04,59.28,23.43
58,250903_SEFL10N6D_B2_g5,2,traumatest,min,min05,84.22,6.19
58,250903_SEFL10N6D_B2_g5,2,traumatest,min,min06,59.33,24.69
58,250903_SEFL10N6D_B2_g5,2,traumatest,min,min07,73.33,9.93
58,250903_SEFL10N6D_B2_g5,2,traumatest,min,min08,58.56,16.75
58,250903_SEFL10N6D_B2_g5,2,traumatest,avg,avg,66.02,18.88
59,250903_SEFL10N6D_B2_g5,3,traumatest,min,min01,58.11,22.62
59,250903_SEFL10N6D_B2_g5,3,traumatest,min,min02,49.89,30.56
59,250903_SEFL10N6D_B2_g5,3,traumatest,min,min03,73.89,5.67
59,250903_SEFL10N6D_B2_g5,3,traumatest,min,min04,47.17,68.63
59,250903_SEFL10N6D_B2_g5,3,traumatest,min,min05,70.61,50.62
59,250903_SEFL10N6D_B2_g5,3,traumatest,min,min06,76.33,26.4
59,250903_SEFL10N6D_B2_g5,3,traumatest,min,min07,56.06,29.35
59,250903_SEFL10N6D_B2_g5,3,traumatest,min,min08,75.89,9.38
59,250903_SEFL10N6D_B2_g5,3,traumatest,avg,avg,63.79,30.4
60,250903_SEFL10N6D_B2_g5,4,traumatest,min,min01,68,14.77
60,250903_SEFL10N6D_B2_g5,4,traumatest,min,min02,86.89,5.97
60,250903_SEFL10N6D_B2_g5,4,traumatest,min,min03,71,9.63
60,250903_SEFL10N6D_B2_g5,4,traumatest,min,min04,83.89,6.3
60,250903_SEFL10N6D_B2_g5,4,traumatest,min,min05,96.56,1.55
60,250903_SEFL10N6D_B2_g5,4,traumatest,min,min06,90.67,2.92
60,250903_SEFL10N6D_B2_g5,4,traumatest,min,min07,76.61,12
60,250903_SEFL10N6D_B2_g5,4,traumatest,min,min08,84.83,6.16
60,250903_SEFL10N6D_B2_g5,4,traumatest,avg,avg,82.49,7.41
61,250903_SEFL10N6D_B2_g6,1,traumatest,min,min01,65.61,11.4
61,250903_SEFL10N6D_B2_g6,1,traumatest,min,min02,85.33,3.62
61,250903_SEFL10N6D_B2_g6,1,traumatest,min,min03,52.44,20.12
61,250903_SEFL10N6D_B2_g6,1,traumatest,min,min04,76.78,9.6
61,250903_SEFL10N6D_B2_g6,1,traumatest,min,min05,51.56,29.21
61,250903_SEFL10N6D_B2_g6,1,traumatest,min,min06,54.33,49.05
61,250903_SEFL10N6D_B2_g6,1,traumatest,min,min07,76.94,16.65
61,250903_SEFL10N6D_B2_g6,1,traumatest,min,min08,49.67,34.36
61,250903_SEFL10N6D_B2_g6,1,traumatest,avg,avg,64.19,21.75
41,250905_SEFL10N6d_B2_stressor2_41_42 Box 1.wmv,1,novstressor,sec,1,0,985.4666667
41,250905_SEFL10N6d_B2_stressor2_41_42 Box 1.wmv,1,novstressor,sec,2,0,977.3333333
41,250905_SEFL10N6d_B2_stressor2_41_42 Box 1.wmv,1,novstressor,sec,3,0,747.5
41,250905_SEFL10N6d_B2_stressor2_41_42 Box 1.wmv,1,novstressor,sec,4,0,1812.4
41,250905_SEFL10N6d_B2_stressor2_41_42 Box 1.wmv,1,novstressor,sec,5,0,1512.533333
41,250905_SEFL10N6d_B2_stressor2_41_42 Box 1.wmv,1,novstressor,sec,6,0,701.6666667
41,250905_SEFL10N6d_B2_stressor2_41_42 Box 1.wmv,1,novstressor,sec,7,0,1458.1
41,250905_SEFL10N6d_B2_stressor2_41_42 Box 1.wmv,1,novstressor,sec,8,0,1066.5
41,250905_SEFL10N6d_B2_stressor2_41_42 Box 1.wmv,1,novstressor,sec,9,0,685.9333333
41,250905_SEFL10N6d_B2_stressor2_41_42 Box 1.wmv,1,novstressor,sec,10,0,402.9
41,250905_SEFL10N6d_B2_stressor2_41_42 Box 1.wmv,1,novstressor,sec,11,0,960.7666667
41,250905_SEFL10N6d_B2_stressor2_41_42 Box 1.wmv,1,novstressor,sec,12,50,286.7333333
41,250905_SEFL10N6d_B2_stressor2_41_42 Box 1.wmv,1,novstressor,sec,13,26.66666667,497.2333333
41,250905_SEFL10N6d_B2_stressor2_41_42 Box 1.wmv,1,novstressor,sec,14,0,548.3333333
41,250905_SEFL10N6d_B2_stressor2_41_42 Box 1.wmv,1,novstressor,sec,15,0,1418.866667
41,250905_SEFL10N6d_B2_stressor2_41_42 Box 1.wmv,1,novstressor,sec,16,0,493.7
41,250905_SEFL10N6d_B2_stressor2_41_42 Box 1.wmv,1,novstressor,sec,17,0,1179.8
41,250905_SEFL10N6d_B2_stressor2_41_42 Box 1.wmv,1,novstressor,sec,18,0,659.7666667
41,250905_SEFL10N6d_B2_stressor2_41_42 Box 1.wmv,1,novstressor,sec,19,0,540.2333333
41,250905_SEFL10N6d_B2_stressor2_41_42 Box 1.wmv,1,novstressor,sec,20,0,988.6333333
41,250905_SEFL10N6d_B2_stressor2_41_42 Box 1.wmv,1,novstressor,sec,21,0,678.5
41,250905_SEFL10N6d_B2_stressor2_41_42 Box 1.wmv,1,novstressor,sec,22,0,744.3333333
41,250905_SEFL10N6d_B2_stressor2_41_42 Box 1.wmv,1,novstressor,sec,23,0,1826.6
41,250905_SEFL10N6d_B2_stressor2_41_42 Box 1.wmv,1,novstressor,sec,24,0,823.3666667
41,250905_SEFL10N6d_B2_stressor2_41_42 Box 1.wmv,1,novstressor,sec,25,0,704.7
41,250905_SEFL10N6d_B2_stressor2_41_42 Box 1.wmv,1,novstressor,sec,26,50,435.2666667
41,250905_SEFL10N6d_B2_stressor2_41_42 Box 1.wmv,1,novstressor,sec,27,0,779.0333333
41,250905_SEFL10N6d_B2_stressor2_41_42 Box 1.wmv,1,novstressor,sec,28,0,970.8
41,250905_SEFL10N6d_B2_stressor2_41_42 Box 1.wmv,1,novstressor,sec,29,0,1838.7
41,250905_SEFL10N6d_B2_stressor2_41_42 Box 1.wmv,1,novstressor,sec,30,0,969.7
41,250905_SEFL10N6d_B2_stressor2_41_42 Box 1.wmv,1,novstressor,sec,31,0,799.5666667
41,250905_SEFL10N6d_B2_stressor2_41_42 Box 1.wmv,1,novstressor,sec,32,66.66666667,212.3
41,250905_SEFL10N6d_B2_stressor2_41_42 Box 1.wmv,1,novstressor,sec,33,0,808.1666667
41,250905_SEFL10N6d_B2_stressor2_41_42 Box 1.wmv,1,novstressor,sec,34,0,1002.466667
41,250905_SEFL10N6d_B2_stressor2_41_42 Box 1.wmv,1,novstressor,sec,35,0,1271.433333
41,250905_SEFL10N6d_B2_stressor2_41_42 Box 1.wmv,1,novstressor,sec,36,0,1314.7
41,250905_SEFL10N6d_B2_stressor2_41_42 Box 1.wmv,1,novstressor,sec,37,0,1036.933333
41,250905_SEFL10N6d_B2_stressor2_41_42 Box 1.wmv,1,novstressor,sec,38,0,950.9333333
41,250905_SEFL10N6d_B2_stressor2_41_42 Box 1.wmv,1,novstressor,sec,39,0,370.6666667
41,250905_SEFL10N6d_B2_stressor2_41_42 Box 1.wmv,1,novstressor,sec,40,0,670.6333333
41,250905_SEFL10N6d_B2_stressor2_41_42 Box 1.wmv,1,novstressor,sec,41,0,873.3
41,250905_SEFL10N6d_B2_stressor2_41_42 Box 1.wmv,1,novstressor,sec,42,0,891.6333333
41,250905_SEFL10N6d_B2_stressor2_41_42 Box 1.wmv,1,novstressor,sec,43,83.33333333,129.9666667
41,250905_SEFL10N6d_B2_stressor2_41_42 Box 1.wmv,1,novstressor,sec,44,0,1455.666667
41,250905_SEFL10N6d_B2_stressor2_41_42 Box 1.wmv,1,novstressor,sec,45,0,1356.666667
41,250905_SEFL10N6d_B2_stressor2_41_42 Box 1.wmv,1,novstressor,sec,46,0,735.0666667
41,250905_SEFL10N6d_B2_stressor2_41_42 Box 1.wmv,1,novstressor,sec,47,0,714.9
41,250905_SEFL10N6d_B2_stressor2_41_42 Box 1.wmv,1,novstressor,sec,48,0,1253.8
41,250905_SEFL10N6d_B2_stressor2_41_42 Box 1.wmv,1,novstressor,sec,49,0,610
41,250905_SEFL10N6d_B2_stressor2_41_42 Box 1.wmv,1,novstressor,sec,50,0,488.7
41,250905_SEFL10N6d_B2_stressor2_41_42 Box 1.wmv,1,novstressor,sec,51,0,496.3333333
41,250905_SEFL10N6d_B2_stressor2_41_42 Box 1.wmv,1,novstressor,sec,52,0,1636.666667
41,250905_SEFL10N6d_B2_stressor2_41_42 Box 1.wmv,1,novstressor,sec,53,0,1135.366667
41,250905_SEFL10N6d_B2_stressor2_41_42 Box 1.wmv,1,novstressor,sec,54,0,570.2
41,250905_SEFL10N6d_B2_stressor2_41_42 Box 1.wmv,1,novstressor,sec,55,0,383.7333333
41,250905_SEFL10N6d_B2_stressor2_41_42 Box 1.wmv,1,novstressor,sec,56,0,540.1666667
41,250905_SEFL10N6d_B2_stressor2_41_42 Box 1.wmv,1,novstressor,sec,57,0,1077.9
41,250905_SEFL10N6d_B2_stressor2_41_42 Box 1.wmv,1,novstressor,sec,58,0,991.2666667
41,250905_SEFL10N6d_B2_stressor2_41_42 Box 1.wmv,1,novstressor,sec,59,0,1699.266667
41,250905_SEFL10N6d_B2_stressor2_41_42 Box 1.wmv,1,novstressor,sec,60,0,1072.2
41,250905_SEFL10N6d_B2_stressor2_41_42 Box 1.wmv,1,novstressor,sec,61,0,906.3
41,250905_SEFL10N6d_B2_stressor2_41_42 Box 1.wmv,1,novstressor,sec,62,53.33333333,170.7
41,250905_SEFL10N6d_B2_stressor2_41_42 Box 1.wmv,1,novstressor,sec,63,46.66666667,408.7333333
41,250905_SEFL10N6d_B2_stressor2_41_42 Box 1.wmv,1,novstressor,sec,64,0,591.9666667
41,250905_SEFL10N6d_B2_stressor2_41_42 Box 1.wmv,1,novstressor,sec,65,0,1024.4
41,250905_SEFL10N6d_B2_stressor2_41_42 Box 1.wmv,1,novstressor,sec,66,0,1177
41,250905_SEFL10N6d_B2_stressor2_41_42 Box 1.wmv,1,novstressor,sec,67,0,611.6666667
41,250905_SEFL10N6d_B2_stressor2_41_42 Box 1.wmv,1,novstressor,sec,68,0,546.1666667
41,250905_SEFL10N6d_B2_stressor2_41_42 Box 1.wmv,1,novstressor,sec,69,90,44.3
41,250905_SEFL10N6d_B2_stressor2_41_42 Box 1.wmv,1,novstressor,sec,70,73.33333333,120.2333333
41,250905_SEFL10N6d_B2_stressor2_41_42 Box 1.wmv,1,novstressor,sec,71,66.66666667,127.0333333
41,250905_SEFL10N6d_B2_stressor2_41_42 Box 1.wmv,1,novstressor,sec,72,83.33333333,111.7333333
41,250905_SEFL10N6d_B2_stressor2_41_42 Box 1.wmv,1,novstressor,sec,73,26.66666667,248.0333333
41,250905_SEFL10N6d_B2_stressor2_41_42 Box 1.wmv,1,novstressor,sec,74,0,924.8333333
41,250905_SEFL10N6d_B2_stressor2_41_42 Box 1.wmv,1,novstressor,sec,75,0,1060.1
41,250905_SEFL10N6d_B2_stressor2_41_42 Box 1.wmv,1,novstressor,sec,76,0,1137.3
41,250905_SEFL10N6d_B2_stressor2_41_42 Box 1.wmv,1,novstressor,sec,77,0,745.4333333
41,250905_SEFL10N6d_B2_stressor2_41_42 Box 1.wmv,1,novstressor,sec,78,43.33333333,271.4666667
41,250905_SEFL10N6d_B2_stressor2_41_42 Box 1.wmv,1,novstressor,sec,79,66.66666667,230.3333333
41,250905_SEFL10N6d_B2_stressor2_41_42 Box 1.wmv,1,novstressor,sec,80,0,1002.166667
41,250905_SEFL10N6d_B2_stressor2_41_42 Box 1.wmv,1,novstressor,sec,81,0,606.5666667
41,250905_SEFL10N6d_B2_stressor2_41_42 Box 1.wmv,1,novstressor,sec,82,0,1190.733333
41,250905_SEFL10N6d_B2_stressor2_41_42 Box 1.wmv,1,novstressor,sec,83,20,501.9666667
41,250905_SEFL10N6d_B2_stressor2_41_42 Box 1.wmv,1,novstressor,sec,84,66.66666667,222.8666667
41,250905_SEFL10N6d_B2_stressor2_41_42 Box 1.wmv,1,novstressor,sec,85,63.33333333,132.2666667
41,250905_SEFL10N6d_B2_stressor2_41_42 Box 1.wmv,1,novstressor,sec,86,60,258.1333333
41,250905_SEFL10N6d_B2_stressor2_41_42 Box 1.wmv,1,novstressor,sec,87,76.66666667,142.8
41,250905_SEFL10N6d_B2_stressor2_41_42 Box 1.wmv,1,novstressor,sec,88,66.66666667,264.9333333
41,250905_SEFL10N6d_B2_stressor2_41_42 Box 1.wmv,1,novstressor,sec,89,43.33333333,289.5333333
41,250905_SEFL10N6d_B2_stressor2_41_42 Box 1.wmv,1,novstressor,sec,90,66.66666667,138.2666667
41,250905_SEFL10N6d_B2_stressor2_41_42 Box 1.wmv,1,novstressor,sec,91,40,342.1333333
41,250905_SEFL10N6d_B2_stressor2_41_42 Box 1.wmv,1,novstressor,sec,92,20,235.5333333
41,250905_SEFL10N6d_B2_stressor2_41_42 Box 1.wmv,1,novstressor,sec,93,100,6.433333333
41,250905_SEFL10N6d_B2_stressor2_41_42 Box 1.wmv,1,novstressor,sec,94,13.33333333,277.9333333
41,250905_SEFL10N6d_B2_stressor2_41_42 Box 1.wmv,1,novstressor,sec,95,0,431.8
41,250905_SEFL10N6d_B2_stressor2_41_42 Box 1.wmv,1,novstressor,sec,96,0,1332.866667
41,250905_SEFL10N6d_B2_stressor2_41_42 Box 1.wmv,1,novstressor,sec,97,0,1586.4
41,250905_SEFL10N6d_B2_stressor2_41_42 Box 1.wmv,1,novstressor,sec,98,0,916.9666667
41,250905_SEFL10N6d_B2_stressor2_41_42 Box 1.wmv,1,novstressor,sec,99,0,518.4333333
41,250905_SEFL10N6d_B2_stressor2_41_42 Box 1.wmv,1,novstressor,sec,100,0,1160
41,250905_SEFL10N6d_B2_stressor2_41_42 Box 1.wmv,1,novstressor,sec,101,0,737.6
41,250905_SEFL10N6d_B2_stressor2_41_42 Box 1.wmv,1,novstressor,sec,102,3.333333333,237.5
41,250905_SEFL10N6d_B2_stressor2_41_42 Box 1.wmv,1,novstressor,sec,103,70,119
41,250905_SEFL10N6d_B2_stressor2_41_42 Box 1.wmv,1,novstressor,sec,104,0,2005.3
41,250905_SEFL10N6d_B2_stressor2_41_42 Box 1.wmv,1,novstressor,sec,105,0,1308.3
41,250905_SEFL10N6d_B2_stressor2_41_42 Box 1.wmv,1,novstressor,sec,106,0,638.9666667
41,250905_SEFL10N6d_B2_stressor2_41_42 Box 1.wmv,1,novstressor,sec,107,0,721.4
41,250905_SEFL10N6d_B2_stressor2_41_42 Box 1.wmv,1,novstressor,sec,108,0,1751.033333
41,250905_SEFL10N6d_B2_stressor2_41_42 Box 1.wmv,1,novstressor,sec,109,0,877.7
41,250905_SEFL10N6d_B2_stressor2_41_42 Box 1.wmv,1,novstressor,sec,110,0,531.3333333
41,250905_SEFL10N6d_B2_stressor2_41_42 Box 1.wmv,1,novstressor,sec,111,53.33333333,264.8333333
41,250905_SEFL10N6d_B2_stressor2_41_42 Box 1.wmv,1,novstressor,sec,112,100,6.166666667
41,250905_SEFL10N6d_B2_stressor2_41_42 Box 1.wmv,1,novstressor,sec,113,40,366.3666667
41,250905_SEFL10N6d_B2_stressor2_41_42 Box 1.wmv,1,novstressor,sec,114,100,17.13333333
41,250905_SEFL10N6d_B2_stressor2_41_42 Box 1.wmv,1,novstressor,sec,115,6.666666667,666.6666667
41,250905_SEFL10N6d_B2_stressor2_41_42 Box 1.wmv,1,novstressor,sec,116,63.33333333,144.6
41,250905_SEFL10N6d_B2_stressor2_41_42 Box 1.wmv,1,novstressor,sec,117,100,41.26666667
41,250905_SEFL10N6d_B2_stressor2_41_42 Box 1.wmv,1,novstressor,sec,118,10,407.7
41,250905_SEFL10N6d_B2_stressor2_41_42 Box 1.wmv,1,novstressor,sec,119,76.66666667,85.86666667
41,250905_SEFL10N6d_B2_stressor2_41_42 Box 1.wmv,1,novstressor,sec,120,0,427.4666667
41,250905_SEFL10N6d_B2_stressor2_41_42 Box 1.wmv,1,novstressor,sec,121,83.33333333,70.93333333
41,250905_SEFL10N6d_B2_stressor2_41_42 Box 1.wmv,1,novstressor,sec,122,50,284.2666667
41,250905_SEFL10N6d_B2_stressor2_41_42 Box 1.wmv,1,novstressor,sec,123,63.33333333,233.2
41,250905_SEFL10N6d_B2_stressor2_41_42 Box 1.wmv,1,novstressor,sec,124,36.66666667,262.8333333
41,250905_SEFL10N6d_B2_stressor2_41_42 Box 1.wmv,1,novstressor,sec,125,70,89.13333333
41,250905_SEFL10N6d_B2_stressor2_41_42 Box 1.wmv,1,novstressor,sec,126,70,169.8666667
41,250905_SEFL10N6d_B2_stressor2_41_42 Box 1.wmv,1,novstressor,sec,127,66.66666667,204.3
41,250905_SEFL10N6d_B2_stressor2_41_42 Box 1.wmv,1,novstressor,sec,128,40,288.1
41,250905_SEFL10N6d_B2_stressor2_41_42 Box 1.wmv,1,novstressor,sec,129,56.66666667,196
41,250905_SEFL10N6d_B2_stressor2_41_42 Box 1.wmv,1,novstressor,sec,130,53.33333333,253.1
41,250905_SEFL10N6d_B2_stressor2_41_42 Box 1.wmv,1,novstressor,sec,131,100,14.36666667
41,250905_SEFL10N6d_B2_stressor2_41_42 Box 1.wmv,1,novstressor,sec,132,43.33333333,338.1333333
41,250905_SEFL10N6d_B2_stressor2_41_42 Box 1.wmv,1,novstressor,sec,133,73.33333333,291.0666667
41,250905_SEFL10N6d_B2_stressor2_41_42 Box 1.wmv,1,novstressor,sec,134,0,199.5333333
41,250905_SEFL10N6d_B2_stressor2_41_42 Box 1.wmv,1,novstressor,sec,135,0,315.4
41,250905_SEFL10N6d_B2_stressor2_41_42 Box 1.wmv,1,novstressor,sec,136,0,546.4
41,250905_SEFL10N6d_B2_stressor2_41_42 Box 1.wmv,1,novstressor,sec,137,0,806.7
41,250905_SEFL10N6d_B2_stressor2_41_42 Box 1.wmv,1,novstressor,sec,138,60,371.2333333
41,250905_SEFL10N6d_B2_stressor2_41_42 Box 1.wmv,1,novstressor,sec,139,3.333333333,1135.833333
41,250905_SEFL10N6d_B2_stressor2_41_42 Box 1.wmv,1,novstressor,sec,140,0,555.5666667
41,250905_SEFL10N6d_B2_stressor2_41_42 Box 1.wmv,1,novstressor,sec,141,50,284
41,250905_SEFL10N6d_B2_stressor2_41_42 Box 1.wmv,1,novstressor,sec,142,50,202.7666667
41,250905_SEFL10N6d_B2_stressor2_41_42 Box 1.wmv,1,novstressor,sec,143,83.33333333,174.3666667
41,250905_SEFL10N6d_B2_stressor2_41_42 Box 1.wmv,1,novstressor,sec,144,66.66666667,222.6333333
41,250905_SEFL10N6d_B2_stressor2_41_42 Box 1.wmv,1,novstressor,sec,145,83.33333333,147.5666667
41,250905_SEFL10N6d_B2_stressor2_41_42 Box 1.wmv,1,novstressor,sec,146,53.33333333,267.0333333
41,250905_SEFL10N6d_B2_stressor2_41_42 Box 1.wmv,1,novstressor,sec,147,100,4.466666667
41,250905_SEFL10N6d_B2_stressor2_41_42 Box 1.wmv,1,novstressor,sec,148,30,467.7333333
41,250905_SEFL10N6d_B2_stressor2_41_42 Box 1.wmv,1,novstressor,sec,149,83.33333333,97.43333333
41,250905_SEFL10N6d_B2_stressor2_41_42 Box 1.wmv,1,novstressor,sec,150,43.33333333,320.2
41,250905_SEFL10N6d_B2_stressor2_41_42 Box 1.wmv,1,novstressor,sec,151,100,11.66666667
41,250905_SEFL10N6d_B2_stressor2_41_42 Box 1.wmv,1,novstressor,sec,152,40,399.9
41,250905_SEFL10N6d_B2_stressor2_41_42 Box 1.wmv,1,novstressor,sec,153,100,15.5
41,250905_SEFL10N6d_B2_stressor2_41_42 Box 1.wmv,1,novstressor,sec,154,43.33333333,365.1333333
41,250905_SEFL10N6d_B2_stressor2_41_42 Box 1.wmv,1,novstressor,sec,155,70,266.9333333
41,250905_SEFL10N6d_B2_stressor2_41_42 Box 1.wmv,1,novstressor,sec,156,100,8.7
41,250905_SEFL10N6d_B2_stressor2_41_42 Box 1.wmv,1,novstressor,sec,157,63.33333333,277.1666667
41,250905_SEFL10N6d_B2_stressor2_41_42 Box 1.wmv,1,novstressor,sec,158,0,1106.866667
41,250905_SEFL10N6d_B2_stressor2_41_42 Box 1.wmv,1,novstressor,sec,159,0,744.6666667
41,250905_SEFL10N6d_B2_stressor2_41_42 Box 1.wmv,1,novstressor,sec,160,0,1658.8
41,250905_SEFL10N6d_B2_stressor2_41_42 Box 1.wmv,1,novstressor,sec,161,0,1344.366667
41,250905_SEFL10N6d_B2_stressor2_41_42 Box 1.wmv,1,novstressor,sec,162,0,2292.666667
41,250905_SEFL10N6d_B2_stressor2_41_42 Box 1.wmv,1,novstressor,sec,163,0,883.6333333
41,250905_SEFL10N6d_B2_stressor2_41_42 Box 1.wmv,1,novstressor,sec,164,0,1182.633333
41,250905_SEFL10N6d_B2_stressor2_41_42 Box 1.wmv,1,novstressor,sec,165,0,351.0333333
41,250905_SEFL10N6d_B2_stressor2_41_42 Box 1.wmv,1,novstressor,sec,166,0,481.1666667
41,250905_SEFL10N6d_B2_stressor2_41_42 Box 1.wmv,1,novstressor,sec,167,0,520.7333333
41,250905_SEFL10N6d_B2_stressor2_41_42 Box 1.wmv,1,novstressor,sec,168,0,592.4666667
41,250905_SEFL10N6d_B2_stressor2_41_42 Box 1.wmv,1,novstressor,sec,169,0,840.1333333
41,250905_SEFL10N6d_B2_stressor2_41_42 Box 1.wmv,1,novstressor,sec,170,0,513.9
41,250905_SEFL10N6d_B2_stressor2_41_42 Box 1.wmv,1,novstressor,sec,171,63.33333333,308.6333333
41,250905_SEFL10N6d_B2_stressor2_41_42 Box 1.wmv,1,novstressor,sec,172,0,821.0333333
41,250905_SEFL10N6d_B2_stressor2_41_42 Box 1.wmv,1,novstressor,sec,173,40,345.9333333
41,250905_SEFL10N6d_B2_stressor2_41_42 Box 1.wmv,1,novstressor,sec,174,70,278.2
41,250905_SEFL10N6d_B2_stressor2_41_42 Box 1.wmv,1,novstressor,sec,175,46.66666667,276.9
41,250905_SEFL10N6d_B2_stressor2_41_42 Box 1.wmv,1,novstressor,sec,176,26.66666667,598.6666667
41,250905_SEFL10N6d_B2_stressor2_41_42 Box 1.wmv,1,novstressor,sec,177,0,355.9333333
41,250905_SEFL10N6d_B2_stressor2_41_42 Box 1.wmv,1,novstressor,sec,178,0,818.3666667
41,250905_SEFL10N6d_B2_stressor2_41_42 Box 1.wmv,1,novstressor,sec,179,0,196
41,250905_SEFL10N6d_B2_stressor2_41_42 Box 1.wmv,1,novstressor,sec,180,0,92.33333333
41,250905_SEFL10N6d_B2_stressor2_41_42 Box 1.wmv,1,novstressor,sec,181,0,1659.133333
41,250905_SEFL10N6d_B2_stressor2_41_42 Box 1.wmv,1,novstressor,sec,182,0,1894.766667
41,250905_SEFL10N6d_B2_stressor2_41_42 Box 1.wmv,1,novstressor,sec,183,0,766.1333333
41,250905_SEFL10N6d_B2_stressor2_41_42 Box 1.wmv,1,novstressor,sec,184,56.66666667,417.9666667
41,250905_SEFL10N6d_B2_stressor2_41_42 Box 1.wmv,1,novstressor,sec,185,33.33333333,642.8
41,250905_SEFL10N6d_B2_stressor2_41_42 Box 1.wmv,1,novstressor,sec,186,33.33333333,537.8666667
41,250905_SEFL10N6d_B2_stressor2_41_42 Box 1.wmv,1,novstressor,sec,187,20,818.3
41,250905_SEFL10N6d_B2_stressor2_41_42 Box 1.wmv,1,novstressor,sec,188,0,357.0333333
41,250905_SEFL10N6d_B2_stressor2_41_42 Box 1.wmv,1,novstressor,sec,189,33.33333333,349.7
41,250905_SEFL10N6d_B2_stressor2_41_42 Box 1.wmv,1,novstressor,sec,190,26.66666667,577.1666667
41,250905_SEFL10N6d_B2_stressor2_41_42 Box 1.wmv,1,novstressor,sec,191,86.66666667,42.93333333
41,250905_SEFL10N6d_B2_stressor2_41_42 Box 1.wmv,1,novstressor,sec,192,100,0.633333333
41,250905_SEFL10N6d_B2_stressor2_41_42 Box 1.wmv,1,novstressor,sec,193,80,252.9666667
41,250905_SEFL10N6d_B2_stressor2_41_42 Box 1.wmv,1,novstressor,sec,194,70,152.8666667
41,250905_SEFL10N6d_B2_stressor2_41_42 Box 1.wmv,1,novstressor,sec,195,100,3.6
41,250905_SEFL10N6d_B2_stressor2_41_42 Box 1.wmv,1,novstressor,sec,196,56.66666667,296.7333333
41,250905_SEFL10N6d_B2_stressor2_41_42 Box 1.wmv,1,novstressor,sec,197,13.33333333,513.9333333
41,250905_SEFL10N6d_B2_stressor2_41_42 Box 1.wmv,1,novstressor,sec,198,100,43.8
41,250905_SEFL10N6d_B2_stressor2_41_42 Box 1.wmv,1,novstressor,sec,199,70,240.7666667
41,250905_SEFL10N6d_B2_stressor2_41_42 Box 1.wmv,1,novstressor,sec,200,0,837
41,250905_SEFL10N6d_B2_stressor2_41_42 Box 1.wmv,1,novstressor,sec,201,0,649.4666667
41,250905_SEFL10N6d_B2_stressor2_41_42 Box 1.wmv,1,novstressor,sec,202,83.33333333,121.6
41,250905_SEFL10N6d_B2_stressor2_41_42 Box 1.wmv,1,novstressor,sec,203,90,117.0333333
41,250905_SEFL10N6d_B2_stressor2_41_42 Box 1.wmv,1,novstressor,sec,204,0,1818.266667
41,250905_SEFL10N6d_B2_stressor2_41_42 Box 1.wmv,1,novstressor,sec,205,0,1680.7
41,250905_SEFL10N6d_B2_stressor2_41_42 Box 1.wmv,1,novstressor,sec,206,0,548.9
41,250905_SEFL10N6d_B2_stressor2_41_42 Box 1.wmv,1,novstressor,sec,207,0,1009.9
41,250905_SEFL10N6d_B2_stressor2_41_42 Box 1.wmv,1,novstressor,sec,208,0,599.4
41,250905_SEFL10N6d_B2_stressor2_41_42 Box 1.wmv,1,novstressor,sec,209,0,278.7666667
41,250905_SEFL10N6d_B2_stressor2_41_42 Box 1.wmv,1,novstressor,sec,210,0,338.2
41,250905_SEFL10N6d_B2_stressor2_41_42 Box 1.wmv,1,novstressor,sec,211,0,214.6333333
41,250905_SEFL10N6d_B2_stressor2_41_42 Box 1.wmv,1,novstressor,sec,212,0,449.1333333
41,250905_SEFL10N6d_B2_stressor2_41_42 Box 1.wmv,1,novstressor,sec,213,23.33333333,220.3666667
41,250905_SEFL10N6d_B2_stressor2_41_42 Box 1.wmv,1,novstressor,sec,214,100,16.8
41,250905_SEFL10N6d_B2_stressor2_41_42 Box 1.wmv,1,novstressor,sec,215,90,100.8666667
41,250905_SEFL10N6d_B2_stressor2_41_42 Box 1.wmv,1,novstressor,sec,216,26.66666667,374.3
41,250905_SEFL10N6d_B2_stressor2_41_42 Box 1.wmv,1,novstressor,sec,217,0,991.9333333
41,250905_SEFL10N6d_B2_stressor2_41_42 Box 1.wmv,1,novstressor,sec,218,0,884.3
41,250905_SEFL10N6d_B2_stressor2_41_42 Box 1.wmv,1,novstressor,sec,219,0,818.8666667
41,250905_SEFL10N6d_B2_stressor2_41_42 Box 1.wmv,1,novstressor,sec,220,0,513.1
41,250905_SEFL10N6d_B2_stressor2_41_42 Box 1.wmv,1,novstressor,sec,221,0,765.7666667
41,250905_SEFL10N6d_B2_stressor2_41_42 Box 1.wmv,1,novstressor,sec,222,0,740.6
41,250905_SEFL10N6d_B2_stressor2_41_42 Box 1.wmv,1,novstressor,sec,223,0,1022.333333
41,250905_SEFL10N6d_B2_stressor2_41_42 Box 1.wmv,1,novstressor,sec,224,0,602.3
41,250905_SEFL10N6d_B2_stressor2_41_42 Box 1.wmv,1,novstressor,sec,225,0,1122.3
41,250905_SEFL10N6d_B2_stressor2_41_42 Box 1.wmv,1,novstressor,sec,226,0,988.1666667
41,250905_SEFL10N6d_B2_stressor2_41_42 Box 1.wmv,1,novstressor,sec,227,0,1180.266667
41,250905_SEFL10N6d_B2_stressor2_41_42 Box 1.wmv,1,novstressor,sec,228,83.33333333,164.1
41,250905_SEFL10N6d_B2_stressor2_41_42 Box 1.wmv,1,novstressor,sec,229,13.33333333,1032.333333
41,250905_SEFL10N6d_B2_stressor2_41_42 Box 1.wmv,1,novstressor,sec,230,0,1004.6
41,250905_SEFL10N6d_B2_stressor2_41_42 Box 1.wmv,1,novstressor,sec,231,0,585.3333333
41,250905_SEFL10N6d_B2_stressor2_41_42 Box 1.wmv,1,novstressor,sec,232,66.66666667,176.2333333
41,250905_SEFL10N6d_B2_stressor2_41_42 Box 1.wmv,1,novstressor,sec,233,0,547.3333333
41,250905_SEFL10N6d_B2_stressor2_41_42 Box 1.wmv,1,novstressor,sec,234,0,859.9666667
41,250905_SEFL10N6d_B2_stressor2_41_42 Box 1.wmv,1,novstressor,sec,235,80,58.53333333
41,250905_SEFL10N6d_B2_stressor2_41_42 Box 1.wmv,1,novstressor,sec,236,26.66666667,574.4
41,250905_SEFL10N6d_B2_stressor2_41_42 Box 1.wmv,1,novstressor,sec,237,0,643.9
41,250905_SEFL10N6d_B2_stressor2_41_42 Box 1.wmv,1,novstressor,sec,238,43.33333333,255.1
41,250905_SEFL10N6d_B2_stressor2_41_42 Box 1.wmv,1,novstressor,sec,239,100,18
41,250905_SEFL10N6d_B2_stressor2_41_42 Box 1.wmv,1,novstressor,sec,240,33.33333333,439.1333333
41,250905_SEFL10N6d_B2_stressor2_41_42 Box 1.wmv,1,novstressor,sec,241,63.33333333,325.5
41,250905_SEFL10N6d_B2_stressor2_41_42 Box 1.wmv,1,novstressor,sec,242,0,800.1666667
41,250905_SEFL10N6d_B2_stressor2_41_42 Box 1.wmv,1,novstressor,sec,243,80,68.9
41,250905_SEFL10N6d_B2_stressor2_41_42 Box 1.wmv,1,novstressor,sec,244,60,263.1666667
41,250905_SEFL10N6d_B2_stressor2_41_42 Box 1.wmv,1,novstressor,sec,245,46.66666667,289.2666667
41,250905_SEFL10N6d_B2_stressor2_41_42 Box 1.wmv,1,novstressor,sec,246,100,8.633333333
41,250905_SEFL10N6d_B2_stressor2_41_42 Box 1.wmv,1,novstressor,sec,247,100,6.9
41,250905_SEFL10N6d_B2_stressor2_41_42 Box 1.wmv,1,novstressor,sec,248,6.666666667,479.2
41,250905_SEFL10N6d_B2_stressor2_41_42 Box 1.wmv,1,novstressor,sec,249,0,362.9333333
41,250905_SEFL10N6d_B2_stressor2_41_42 Box 1.wmv,1,novstressor,sec,250,0,355.6666667
41,250905_SEFL10N6d_B2_stressor2_41_42 Box 1.wmv,1,novstressor,sec,251,0,776.0666667
41,250905_SEFL10N6d_B2_stressor2_41_42 Box 1.wmv,1,novstressor,sec,252,56.66666667,299.5
41,250905_SEFL10N6d_B2_stressor2_41_42 Box 1.wmv,1,novstressor,sec,253,53.33333333,337.0333333
41,250905_SEFL10N6d_B2_stressor2_41_42 Box 1.wmv,1,novstressor,sec,254,63.33333333,151.8333333
41,250905_SEFL10N6d_B2_stressor2_41_42 Box 1.wmv,1,novstressor,sec,255,0,623.6666667
41,250905_SEFL10N6d_B2_stressor2_41_42 Box 1.wmv,1,novstressor,sec,256,0,869.2
41,250905_SEFL10N6d_B2_stressor2_41_42 Box 1.wmv,1,novstressor,sec,257,0,1253
41,250905_SEFL10N6d_B2_stressor2_41_42 Box 1.wmv,1,novstressor,sec,258,0,808.9
41,250905_SEFL10N6d_B2_stressor2_41_42 Box 1.wmv,1,novstressor,sec,259,0,503.1333333
41,250905_SEFL10N6d_B2_stressor2_41_42 Box 1.wmv,1,novstressor,sec,260,16.66666667,378.5
41,250905_SEFL10N6d_B2_stressor2_41_42 Box 1.wmv,1,novstressor,sec,261,40,429.5
41,250905_SEFL10N6d_B2_stressor2_41_42 Box 1.wmv,1,novstressor,sec,262,13.33333333,237.9
41,250905_SEFL10N6d_B2_stressor2_41_42 Box 1.wmv,1,novstressor,sec,263,36.66666667,575.3333333
41,250905_SEFL10N6d_B2_stressor2_41_42 Box 1.wmv,1,novstressor,sec,264,0,1912.666667
41,250905_SEFL10N6d_B2_stressor2_41_42 Box 1.wmv,1,novstressor,sec,265,0,1208.966667
41,250905_SEFL10N6d_B2_stressor2_41_42 Box 1.wmv,1,novstressor,sec,266,0,818.8
41,250905_SEFL10N6d_B2_stressor2_41_42 Box 1.wmv,1,novstressor,sec,267,0,1307.466667
41,250905_SEFL10N6d_B2_stressor2_41_42 Box 1.wmv,1,novstressor,sec,268,0,512.6666667
41,250905_SEFL10N6d_B2_stressor2_41_42 Box 1.wmv,1,novstressor,sec,269,0,634.6666667
41,250905_SEFL10N6d_B2_stressor2_41_42 Box 1.wmv,1,novstressor,sec,270,0,498.0666667
41,250905_SEFL10N6d_B2_stressor2_41_42 Box 1.wmv,1,novstressor,sec,271,0,536.1666667
41,250905_SEFL10N6d_B2_stressor2_41_42 Box 1.wmv,1,novstressor,sec,272,0,733.5
41,250905_SEFL10N6d_B2_stressor2_41_42 Box 1.wmv,1,novstressor,sec,273,0,670.8666667
41,250905_SEFL10N6d_B2_stressor2_41_42 Box 1.wmv,1,novstressor,sec,274,0,668.7
41,250905_SEFL10N6d_B2_stressor2_41_42 Box 1.wmv,1,novstressor,sec,275,0,735.2666667
41,250905_SEFL10N6d_B2_stressor2_41_42 Box 1.wmv,1,novstressor,sec,276,0,965.1333333
41,250905_SEFL10N6d_B2_stressor2_41_42 Box 1.wmv,1,novstressor,sec,277,53.33333333,484.5333333
41,250905_SEFL10N6d_B2_stressor2_41_42 Box 1.wmv,1,novstressor,sec,278,0,712.3666667
41,250905_SEFL10N6d_B2_stressor2_41_42 Box 1.wmv,1,novstressor,sec,279,30,499.6
41,250905_SEFL10N6d_B2_stressor2_41_42 Box 1.wmv,1,novstressor,sec,280,50,422.3
41,250905_SEFL10N6d_B2_stressor2_41_42 Box 1.wmv,1,novstressor,sec,281,0,756.9333333
41,250905_SEFL10N6d_B2_stressor2_41_42 Box 1.wmv,1,novstressor,sec,282,0,642.3
41,250905_SEFL10N6d_B2_stressor2_41_42 Box 1.wmv,1,novstressor,sec,283,53.33333333,297.0666667
41,250905_SEFL10N6d_B2_stressor2_41_42 Box 1.wmv,1,novstressor,sec,284,73.33333333,200.0666667
41,250905_SEFL10N6d_B2_stressor2_41_42 Box 1.wmv,1,novstressor,sec,285,0,1315.1
41,250905_SEFL10N6d_B2_stressor2_41_42 Box 1.wmv,1,novstressor,sec,286,86.66666667,78.86666667
41,250905_SEFL10N6d_B2_stressor2_41_42 Box 1.wmv,1,novstressor,sec,287,20,986.8
41,250905_SEFL10N6d_B2_stressor2_41_42 Box 1.wmv,1,novstressor,sec,288,26.66666667,533
41,250905_SEFL10N6d_B2_stressor2_41_42 Box 1.wmv,1,novstressor,sec,289,100,14.1
41,250905_SEFL10N6d_B2_stressor2_41_42 Box 1.wmv,1,novstressor,sec,290,36.66666667,413.7
41,250905_SEFL10N6d_B2_stressor2_41_42 Box 1.wmv,1,novstressor,sec,291,100,1.266666667
41,250905_SEFL10N6d_B2_stressor2_41_42 Box 1.wmv,1,novstressor,sec,292,53.33333333,327
41,250905_SEFL10N6d_B2_stressor2_41_42 Box 1.wmv,1,novstressor,sec,293,100,13.26666667
41,250905_SEFL10N6d_B2_stressor2_41_42 Box 1.wmv,1,novstressor,sec,294,33.33333333,368.7
41,250905_SEFL10N6d_B2_stressor2_41_42 Box 1.wmv,1,novstressor,sec,295,0,526.1333333
41,250905_SEFL10N6d_B2_stressor2_41_42 Box 1.wmv,1,novstressor,sec,296,83.33333333,93.46666667
41,250905_SEFL10N6d_B2_stressor2_41_42 Box 1.wmv,1,novstressor,sec,297,86.66666667,161.5666667
41,250905_SEFL10N6d_B2_stressor2_41_42 Box 1.wmv,1,novstressor,sec,298,66.66666667,170.7333333
41,250905_SEFL10N6d_B2_stressor2_41_42 Box 1.wmv,1,novstressor,sec,299,46.66666667,255.8333333
41,250905_SEFL10N6d_B2_stressor2_41_42 Box 1.wmv,1,novstressor,sec,300,56.66666667,322.6
41,250905_SEFL10N6d_B2_stressor2_41_42 Box 1.wmv,1,novstressor,sec,301,100,0
41,250905_SEFL10N6d_B2_stressor2_41_42 Box 1.wmv,1,novstressor,sec,302,3.333333333,705.5666667
41,250905_SEFL10N6d_B2_stressor2_41_42 Box 1.wmv,1,novstressor,sec,303,56.66666667,255.8
41,250905_SEFL10N6d_B2_stressor2_41_42 Box 1.wmv,1,novstressor,sec,304,36.66666667,313.5666667
41,250905_SEFL10N6d_B2_stressor2_41_42 Box 1.wmv,1,novstressor,sec,305,0,640.8333333
41,250905_SEFL10N6d_B2_stressor2_41_42 Box 1.wmv,1,novstressor,sec,306,0,1137.133333
41,250905_SEFL10N6d_B2_stressor2_41_42 Box 1.wmv,1,novstressor,sec,307,30,388.8333333
41,250905_SEFL10N6d_B2_stressor2_41_42 Box 1.wmv,1,novstressor,sec,308,66.66666667,225.6666667
41,250905_SEFL10N6d_B2_stressor2_41_42 Box 1.wmv,1,novstressor,sec,309,66.66666667,119.7
41,250905_SEFL10N6d_B2_stressor2_41_42 Box 1.wmv,1,novstressor,sec,310,56.66666667,422.2
41,250905_SEFL10N6d_B2_stressor2_41_42 Box 1.wmv,1,novstressor,sec,311,0,1219.166667
41,250905_SEFL10N6d_B2_stressor2_41_42 Box 1.wmv,1,novstressor,sec,312,0,479.9666667
41,250905_SEFL10N6d_B2_stressor2_41_42 Box 1.wmv,1,novstressor,sec,313,0,796.3333333
41,250905_SEFL10N6d_B2_stressor2_41_42 Box 1.wmv,1,novstressor,sec,314,10,487.5
41,250905_SEFL10N6d_B2_stressor2_41_42 Box 1.wmv,1,novstressor,sec,315,100,11.93333333
41,250905_SEFL10N6d_B2_stressor2_41_42 Box 1.wmv,1,novstressor,sec,316,20,788.1666667
41,250905_SEFL10N6d_B2_stressor2_41_42 Box 1.wmv,1,novstressor,sec,317,0,1142
41,250905_SEFL10N6d_B2_stressor2_41_42 Box 1.wmv,1,novstressor,sec,318,0,800.5
41,250905_SEFL10N6d_B2_stressor2_41_42 Box 1.wmv,1,novstressor,sec,319,0,446.7
41,250905_SEFL10N6d_B2_stressor2_41_42 Box 1.wmv,1,novstressor,sec,320,0,1060.133333
41,250905_SEFL10N6d_B2_stressor2_41_42 Box 1.wmv,1,novstressor,sec,321,0,509.5333333
41,250905_SEFL10N6d_B2_stressor2_41_42 Box 1.wmv,1,novstressor,sec,322,0,664.6
41,250905_SEFL10N6d_B2_stressor2_41_42 Box 1.wmv,1,novstressor,sec,323,0,646.5666667
41,250905_SEFL10N6d_B2_stressor2_41_42 Box 1.wmv,1,novstressor,sec,324,0,353.6666667
41,250905_SEFL10N6d_B2_stressor2_41_42 Box 1.wmv,1,novstressor,sec,325,0,140.2666667
41,250905_SEFL10N6d_B2_stressor2_41_42 Box 1.wmv,1,novstressor,sec,326,0,1008.3
41,250905_SEFL10N6d_B2_stressor2_41_42 Box 1.wmv,1,novstressor,sec,327,66.66666667,250.0666667
41,250905_SEFL10N6d_B2_stressor2_41_42 Box 1.wmv,1,novstressor,sec,328,3.333333333,648.3666667
41,250905_SEFL10N6d_B2_stressor2_41_42 Box 1.wmv,1,novstressor,sec,329,63.33333333,251.4666667
41,250905_SEFL10N6d_B2_stressor2_41_42 Box 1.wmv,1,novstressor,sec,330,0,647.3333333
41,250905_SEFL10N6d_B2_stressor2_41_42 Box 1.wmv,1,novstressor,sec,331,0,1476.266667
41,250905_SEFL10N6d_B2_stressor2_41_42 Box 1.wmv,1,novstressor,sec,332,0,1482.9
41,250905_SEFL10N6d_B2_stressor2_41_42 Box 1.wmv,1,novstressor,sec,333,0,394.1333333
41,250905_SEFL10N6d_B2_stressor2_41_42 Box 1.wmv,1,novstressor,sec,334,0,413.5666667
41,250905_SEFL10N6d_B2_stressor2_41_42 Box 1.wmv,1,novstressor,sec,335,0,491.2333333
41,250905_SEFL10N6d_B2_stressor2_41_42 Box 1.wmv,1,novstressor,sec,336,0,615.8333333
41,250905_SEFL10N6d_B2_stressor2_41_42 Box 1.wmv,1,novstressor,sec,337,0,651.8
41,250905_SEFL10N6d_B2_stressor2_41_42 Box 1.wmv,1,novstressor,sec,338,70,197.2
41,250905_SEFL10N6d_B2_stressor2_41_42 Box 1.wmv,1,novstressor,sec,339,76.66666667,133.4
41,250905_SEFL10N6d_B2_stressor2_41_42 Box 1.wmv,1,novstressor,sec,340,0,832.1333333
41,250905_SEFL10N6d_B2_stressor2_41_42 Box 1.wmv,1,novstressor,sec,341,0,837.3666667
41,250905_SEFL10N6d_B2_stressor2_41_42 Box 1.wmv,1,novstressor,sec,342,0,1464.433333
41,250905_SEFL10N6d_B2_stressor2_41_42 Box 1.wmv,1,novstressor,sec,343,0,1115.766667
41,250905_SEFL10N6d_B2_stressor2_41_42 Box 1.wmv,1,novstressor,sec,344,50,271.9666667
41,250905_SEFL10N6d_B2_stressor2_41_42 Box 1.wmv,1,novstressor,sec,345,66.66666667,276
41,250905_SEFL10N6d_B2_stressor2_41_42 Box 1.wmv,1,novstressor,sec,346,0,675.0666667
41,250905_SEFL10N6d_B2_stressor2_41_42 Box 1.wmv,1,novstressor,sec,347,20,434
41,250905_SEFL10N6d_B2_stressor2_41_42 Box 1.wmv,1,novstressor,sec,348,40,605.7
41,250905_SEFL10N6d_B2_stressor2_41_42 Box 1.wmv,1,novstressor,sec,349,93.33333333,38.86666667
41,250905_SEFL10N6d_B2_stressor2_41_42 Box 1.wmv,1,novstressor,sec,350,100,0
41,250905_SEFL10N6d_B2_stressor2_41_42 Box 1.wmv,1,novstressor,sec,351,56.66666667,376.4
41,250905_SEFL10N6d_B2_stressor2_41_42 Box 1.wmv,1,novstressor,sec,352,0,734.6333333
41,250905_SEFL10N6d_B2_stressor2_41_42 Box 1.wmv,1,novstressor,sec,353,0,710.3
41,250905_SEFL10N6d_B2_stressor2_41_42 Box 1.wmv,1,novstressor,sec,354,20,554.8
41,250905_SEFL10N6d_B2_stressor2_41_42 Box 1.wmv,1,novstressor,sec,355,53.33333333,271.4
41,250905_SEFL10N6d_B2_stressor2_41_42 Box 1.wmv,1,novstressor,sec,356,100,12.36666667
41,250905_SEFL10N6d_B2_stressor2_41_42 Box 1.wmv,1,novstressor,sec,357,70,182.3
41,250905_SEFL10N6d_B2_stressor2_41_42 Box 1.wmv,1,novstressor,sec,358,0,1081.8
41,250905_SEFL10N6d_B2_stressor2_41_42 Box 1.wmv,1,novstressor,sec,359,0,928.3333333
41,250905_SEFL10N6d_B2_stressor2_41_42 Box 1.wmv,1,novstressor,sec,360,76.66666667,314.6
41,250905_SEFL10N6d_B2_stressor2_41_42 Box 1.wmv,1,novstressor,sec,361,0,1000.9
41,250905_SEFL10N6d_B2_stressor2_41_42 Box 1.wmv,1,novstressor,sec,362,36.66666667,396.6333333
41,250905_SEFL10N6d_B2_stressor2_41_42 Box 1.wmv,1,novstressor,sec,363,48,218.56
41,250905_SEFL10N6d_B2_stressor2_41_42 Box 1.wmv,1,novstressor,prepost,bl,24.24074074,635.4605556
41,250905_SEFL10N6d_B2_stressor2_41_42 Box 1.wmv,1,novstressor,prepost,post,29.37905468,541.2430028
41,250905_SEFL10N6d_B2_stressor2_41_42 Box 1.wmv,1,novstressor,startle,startle_post,41.11111111,532.8777778
41,250905_SEFL10N6d_B2_stressor2_41_42 Box 1.wmv,1,novstressor,startle,startle_pre,0,368.9
41,250905_SEFL10N6d_B2_stressor2_41_42 Box 1.wmv,1,novstressor,startle,startle_startle,0,1440.011111
42,250905_SEFL10N6d_B2_stressor2_41_42 Box 2.wmv,2,novstressor,sec,1,0,742.0666667
42,250905_SEFL10N6d_B2_stressor2_41_42 Box 2.wmv,2,novstressor,sec,2,0,344.2
42,250905_SEFL10N6d_B2_stressor2_41_42 Box 2.wmv,2,novstressor,sec,3,0,682.6333333
42,250905_SEFL10N6d_B2_stressor2_41_42 Box 2.wmv,2,novstressor,sec,4,0,944.2333333
42,250905_SEFL10N6d_B2_stressor2_41_42 Box 2.wmv,2,novstressor,sec,5,0,726.4
42,250905_SEFL10N6d_B2_stressor2_41_42 Box 2.wmv,2,novstressor,sec,6,0,1195.866667
42,250905_SEFL10N6d_B2_stressor2_41_42 Box 2.wmv,2,novstressor,sec,7,0,3042.7
42,250905_SEFL10N6d_B2_stressor2_41_42 Box 2.wmv,2,novstressor,sec,8,0,1175.4
42,250905_SEFL10N6d_B2_stressor2_41_42 Box 2.wmv,2,novstressor,sec,9,0,489.3666667
42,250905_SEFL10N6d_B2_stressor2_41_42 Box 2.wmv,2,novstressor,sec,10,60,210.4
42,250905_SEFL10N6d_B2_stressor2_41_42 Box 2.wmv,2,novstressor,sec,11,0,475.8
42,250905_SEFL10N6d_B2_stressor2_41_42 Box 2.wmv,2,novstressor,sec,12,0,482.3666667
42,250905_SEFL10N6d_B2_stressor2_41_42 Box 2.wmv,2,novstressor,sec,13,0,560.1
42,250905_SEFL10N6d_B2_stressor2_41_42 Box 2.wmv,2,novstressor,sec,14,0,628.6333333
42,250905_SEFL10N6d_B2_stressor2_41_42 Box 2.wmv,2,novstressor,sec,15,0,1903.233333
42,250905_SEFL10N6d_B2_stressor2_41_42 Box 2.wmv,2,novstressor,sec,16,0,2267.066667
42,250905_SEFL10N6d_B2_stressor2_41_42 Box 2.wmv,2,novstressor,sec,17,0,673.5666667
42,250905_SEFL10N6d_B2_stressor2_41_42 Box 2.wmv,2,novstressor,sec,18,0,522.5333333
42,250905_SEFL10N6d_B2_stressor2_41_42 Box 2.wmv,2,novstressor,sec,19,16.66666667,484.3
42,250905_SEFL10N6d_B2_stressor2_41_42 Box 2.wmv,2,novstressor,sec,20,43.33333333,176.6666667
42,250905_SEFL10N6d_B2_stressor2_41_42 Box 2.wmv,2,novstressor,sec,21,0,245
42,250905_SEFL10N6d_B2_stressor2_41_42 Box 2.wmv,2,novstressor,sec,22,0,554.9666667
42,250905_SEFL10N6d_B2_stressor2_41_42 Box 2.wmv,2,novstressor,sec,23,53.33333333,322.1333333
42,250905_SEFL10N6d_B2_stressor2_41_42 Box 2.wmv,2,novstressor,sec,24,0,1422.8
42,250905_SEFL10N6d_B2_stressor2_41_42 Box 2.wmv,2,novstressor,sec,25,0,1199.1
42,250905_SEFL10N6d_B2_stressor2_41_42 Box 2.wmv,2,novstressor,sec,26,0,526.9666667
42,250905_SEFL10N6d_B2_stressor2_41_42 Box 2.wmv,2,novstressor,sec,27,0,592.6666667
42,250905_SEFL10N6d_B2_stressor2_41_42 Box 2.wmv,2,novstressor,sec,28,0,704.1333333
42,250905_SEFL10N6d_B2_stressor2_41_42 Box 2.wmv,2,novstressor,sec,29,0,743.4333333
42,250905_SEFL10N6d_B2_stressor2_41_42 Box 2.wmv,2,novstressor,sec,30,0,736.5333333
42,250905_SEFL10N6d_B2_stressor2_41_42 Box 2.wmv,2,novstressor,sec,31,63.33333333,292.8666667
42,250905_SEFL10N6d_B2_stressor2_41_42 Box 2.wmv,2,novstressor,sec,32,0,910.0666667
42,250905_SEFL10N6d_B2_stressor2_41_42 Box 2.wmv,2,novstressor,sec,33,0,1059.766667
42,250905_SEFL10N6d_B2_stressor2_41_42 Box 2.wmv,2,novstressor,sec,34,0,971.5
42,250905_SEFL10N6d_B2_stressor2_41_42 Box 2.wmv,2,novstressor,sec,35,0,892
42,250905_SEFL10N6d_B2_stressor2_41_42 Box 2.wmv,2,novstressor,sec,36,0,729.3333333
42,250905_SEFL10N6d_B2_stressor2_41_42 Box 2.wmv,2,novstressor,sec,37,0,1320.966667
42,250905_SEFL10N6d_B2_stressor2_41_42 Box 2.wmv,2,novstressor,sec,38,0,1322.933333
42,250905_SEFL10N6d_B2_stressor2_41_42 Box 2.wmv,2,novstressor,sec,39,0,382
42,250905_SEFL10N6d_B2_stressor2_41_42 Box 2.wmv,2,novstressor,sec,40,0,308.1
42,250905_SEFL10N6d_B2_stressor2_41_42 Box 2.wmv,2,novstressor,sec,41,0,402.8
42,250905_SEFL10N6d_B2_stressor2_41_42 Box 2.wmv,2,novstressor,sec,42,0,781.5666667
42,250905_SEFL10N6d_B2_stressor2_41_42 Box 2.wmv,2,novstressor,sec,43,0,1038.666667
42,250905_SEFL10N6d_B2_stressor2_41_42 Box 2.wmv,2,novstressor,sec,44,0,629.8333333
42,250905_SEFL10N6d_B2_stressor2_41_42 Box 2.wmv,2,novstressor,sec,45,0,931.9333333
42,250905_SEFL10N6d_B2_stressor2_41_42 Box 2.wmv,2,novstressor,sec,46,0,920.1333333
42,250905_SEFL10N6d_B2_stressor2_41_42 Box 2.wmv,2,novstressor,sec,47,0,1106.9
42,250905_SEFL10N6d_B2_stressor2_41_42 Box 2.wmv,2,novstressor,sec,48,0,360.3666667
42,250905_SEFL10N6d_B2_stressor2_41_42 Box 2.wmv,2,novstressor,sec,49,0,306.9333333
42,250905_SEFL10N6d_B2_stressor2_41_42 Box 2.wmv,2,novstressor,sec,50,0,497.7
42,250905_SEFL10N6d_B2_stressor2_41_42 Box 2.wmv,2,novstressor,sec,51,0,678
42,250905_SEFL10N6d_B2_stressor2_41_42 Box 2.wmv,2,novstressor,sec,52,0,974.6333333
42,250905_SEFL10N6d_B2_stressor2_41_42 Box 2.wmv,2,novstressor,sec,53,46.66666667,341.5333333
42,250905_SEFL10N6d_B2_stressor2_41_42 Box 2.wmv,2,novstressor,sec,54,50,483.2333333
42,250905_SEFL10N6d_B2_stressor2_41_42 Box 2.wmv,2,novstressor,sec,55,0,873.4666667
42,250905_SEFL10N6d_B2_stressor2_41_42 Box 2.wmv,2,novstressor,sec,56,0,838.6
42,250905_SEFL10N6d_B2_stressor2_41_42 Box 2.wmv,2,novstressor,sec,57,0,516
42,250905_SEFL10N6d_B2_stressor2_41_42 Box 2.wmv,2,novstressor,sec,58,0,485.2666667
42,250905_SEFL10N6d_B2_stressor2_41_42 Box 2.wmv,2,novstressor,sec,59,0,462.5
42,250905_SEFL10N6d_B2_stressor2_41_42 Box 2.wmv,2,novstressor,sec,60,0,524.9666667
42,250905_SEFL10N6d_B2_stressor2_41_42 Box 2.wmv,2,novstressor,sec,61,0,1169.266667
42,250905_SEFL10N6d_B2_stressor2_41_42 Box 2.wmv,2,novstressor,sec,62,0,1616.1
42,250905_SEFL10N6d_B2_stressor2_41_42 Box 2.wmv,2,novstressor,sec,63,0,1808.9
42,250905_SEFL10N6d_B2_stressor2_41_42 Box 2.wmv,2,novstressor,sec,64,0,535.1666667
42,250905_SEFL10N6d_B2_stressor2_41_42 Box 2.wmv,2,novstressor,sec,65,0,426.9666667
42,250905_SEFL10N6d_B2_stressor2_41_42 Box 2.wmv,2,novstressor,sec,66,0,450.0666667
42,250905_SEFL10N6d_B2_stressor2_41_42 Box 2.wmv,2,novstressor,sec,67,0,637.1666667
42,250905_SEFL10N6d_B2_stressor2_41_42 Box 2.wmv,2,novstressor,sec,68,0,646.4
42,250905_SEFL10N6d_B2_stressor2_41_42 Box 2.wmv,2,novstressor,sec,69,0,312.9333333
42,250905_SEFL10N6d_B2_stressor2_41_42 Box 2.wmv,2,novstressor,sec,70,0,546.9
42,250905_SEFL10N6d_B2_stressor2_41_42 Box 2.wmv,2,novstressor,sec,71,0,510.7666667
42,250905_SEFL10N6d_B2_stressor2_41_42 Box 2.wmv,2,novstressor,sec,72,63.33333333,194.6
42,250905_SEFL10N6d_B2_stressor2_41_42 Box 2.wmv,2,novstressor,sec,73,73.33333333,193.9333333
42,250905_SEFL10N6d_B2_stressor2_41_42 Box 2.wmv,2,novstressor,sec,74,0,537.4333333
42,250905_SEFL10N6d_B2_stressor2_41_42 Box 2.wmv,2,novstressor,sec,75,0,550.0666667
42,250905_SEFL10N6d_B2_stressor2_41_42 Box 2.wmv,2,novstressor,sec,76,0,860.9333333
42,250905_SEFL10N6d_B2_stressor2_41_42 Box 2.wmv,2,novstressor,sec,77,0,1087.666667
42,250905_SEFL10N6d_B2_stressor2_41_42 Box 2.wmv,2,novstressor,sec,78,0,1053.2
42,250905_SEFL10N6d_B2_stressor2_41_42 Box 2.wmv,2,novstressor,sec,79,0,903.3666667
42,250905_SEFL10N6d_B2_stressor2_41_42 Box 2.wmv,2,novstressor,sec,80,73.33333333,150.8
42,250905_SEFL10N6d_B2_stressor2_41_42 Box 2.wmv,2,novstressor,sec,81,0,956.2666667
42,250905_SEFL10N6d_B2_stressor2_41_42 Box 2.wmv,2,novstressor,sec,82,0,467
42,250905_SEFL10N6d_B2_stressor2_41_42 Box 2.wmv,2,novstressor,sec,83,50,254.8666667
42,250905_SEFL10N6d_B2_stressor2_41_42 Box 2.wmv,2,novstressor,sec,84,40,341.1333333
42,250905_SEFL10N6d_B2_stressor2_41_42 Box 2.wmv,2,novstressor,sec,85,86.66666667,45.56666667
42,250905_SEFL10N6d_B2_stressor2_41_42 Box 2.wmv,2,novstressor,sec,86,36.66666667,564.4
42,250905_SEFL10N6d_B2_stressor2_41_42 Box 2.wmv,2,novstressor,sec,87,0,332.0666667
42,250905_SEFL10N6d_B2_stressor2_41_42 Box 2.wmv,2,novstressor,sec,88,6.666666667,521.8666667
42,250905_SEFL10N6d_B2_stressor2_41_42 Box 2.wmv,2,novstressor,sec,89,100,1.633333333
42,250905_SEFL10N6d_B2_stressor2_41_42 Box 2.wmv,2,novstressor,sec,90,36.66666667,386.2
42,250905_SEFL10N6d_B2_stressor2_41_42 Box 2.wmv,2,novstressor,sec,91,0,359.2666667
42,250905_SEFL10N6d_B2_stressor2_41_42 Box 2.wmv,2,novstressor,sec,92,0,678.7666667
42,250905_SEFL10N6d_B2_stressor2_41_42 Box 2.wmv,2,novstressor,sec,93,0,786.4666667
42,250905_SEFL10N6d_B2_stressor2_41_42 Box 2.wmv,2,novstressor,sec,94,16.66666667,674.9666667
42,250905_SEFL10N6d_B2_stressor2_41_42 Box 2.wmv,2,novstressor,sec,95,100,0
42,250905_SEFL10N6d_B2_stressor2_41_42 Box 2.wmv,2,novstressor,sec,96,20,522.4333333
42,250905_SEFL10N6d_B2_stressor2_41_42 Box 2.wmv,2,novstressor,sec,97,0,444.9333333
42,250905_SEFL10N6d_B2_stressor2_41_42 Box 2.wmv,2,novstressor,sec,98,0,1045.5
42,250905_SEFL10N6d_B2_stressor2_41_42 Box 2.wmv,2,novstressor,sec,99,0,1778.633333
42,250905_SEFL10N6d_B2_stressor2_41_42 Box 2.wmv,2,novstressor,sec,100,0,649.3666667
42,250905_SEFL10N6d_B2_stressor2_41_42 Box 2.wmv,2,novstressor,sec,101,66.66666667,205.6666667
42,250905_SEFL10N6d_B2_stressor2_41_42 Box 2.wmv,2,novstressor,sec,102,0,314.2333333
42,250905_SEFL10N6d_B2_stressor2_41_42 Box 2.wmv,2,novstressor,sec,103,0,244.1
42,250905_SEFL10N6d_B2_stressor2_41_42 Box 2.wmv,2,novstressor,sec,104,76.66666667,116.4
42,250905_SEFL10N6d_B2_stressor2_41_42 Box 2.wmv,2,novstressor,sec,105,0,723.7666667
42,250905_SEFL10N6d_B2_stressor2_41_42 Box 2.wmv,2,novstressor,sec,106,0,1536.2
42,250905_SEFL10N6d_B2_stressor2_41_42 Box 2.wmv,2,novstressor,sec,107,0,2490.766667
42,250905_SEFL10N6d_B2_stressor2_41_42 Box 2.wmv,2,novstressor,sec,108,3.333333333,494.5666667
42,250905_SEFL10N6d_B2_stressor2_41_42 Box 2.wmv,2,novstressor,sec,109,63.33333333,295.6333333
42,250905_SEFL10N6d_B2_stressor2_41_42 Box 2.wmv,2,novstressor,sec,110,0,417.5666667
42,250905_SEFL10N6d_B2_stressor2_41_42 Box 2.wmv,2,novstressor,sec,111,76.66666667,103.5333333
42,250905_SEFL10N6d_B2_stressor2_41_42 Box 2.wmv,2,novstressor,sec,112,100,0
42,250905_SEFL10N6d_B2_stressor2_41_42 Box 2.wmv,2,novstressor,sec,113,60,398.2
42,250905_SEFL10N6d_B2_stressor2_41_42 Box 2.wmv,2,novstressor,sec,114,0,337.4666667
42,250905_SEFL10N6d_B2_stressor2_41_42 Box 2.wmv,2,novstressor,sec,115,0,1771.033333
42,250905_SEFL10N6d_B2_stressor2_41_42 Box 2.wmv,2,novstressor,sec,116,0,1480.533333
42,250905_SEFL10N6d_B2_stressor2_41_42 Box 2.wmv,2,novstressor,sec,117,0,1285.066667
42,250905_SEFL10N6d_B2_stressor2_41_42 Box 2.wmv,2,novstressor,sec,118,0,365.4
42,250905_SEFL10N6d_B2_stressor2_41_42 Box 2.wmv,2,novstressor,sec,119,26.66666667,329.1
42,250905_SEFL10N6d_B2_stressor2_41_42 Box 2.wmv,2,novstressor,sec,120,100,3.8
42,250905_SEFL10N6d_B2_stressor2_41_42 Box 2.wmv,2,novstressor,sec,121,3.333333333,413.9333333
42,250905_SEFL10N6d_B2_stressor2_41_42 Box 2.wmv,2,novstressor,sec,122,0,303.2
42,250905_SEFL10N6d_B2_stressor2_41_42 Box 2.wmv,2,novstressor,sec,123,0,1089.1
42,250905_SEFL10N6d_B2_stressor2_41_42 Box 2.wmv,2,novstressor,sec,124,0,2179.333333
42,250905_SEFL10N6d_B2_stressor2_41_42 Box 2.wmv,2,novstressor,sec,125,0,1931.133333
42,250905_SEFL10N6d_B2_stressor2_41_42 Box 2.wmv,2,novstressor,sec,126,0,480.5
42,250905_SEFL10N6d_B2_stressor2_41_42 Box 2.wmv,2,novstressor,sec,127,56.66666667,171.5
42,250905_SEFL10N6d_B2_stressor2_41_42 Box 2.wmv,2,novstressor,sec,128,40,403.6333333
42,250905_SEFL10N6d_B2_stressor2_41_42 Box 2.wmv,2,novstressor,sec,129,0,593.0333333
42,250905_SEFL10N6d_B2_stressor2_41_42 Box 2.wmv,2,novstressor,sec,130,0,554.9
42,250905_SEFL10N6d_B2_stressor2_41_42 Box 2.wmv,2,novstressor,sec,131,0,436.1666667
42,250905_SEFL10N6d_B2_stressor2_41_42 Box 2.wmv,2,novstressor,sec,132,0,236.3
42,250905_SEFL10N6d_B2_stressor2_41_42 Box 2.wmv,2,novstressor,sec,133,53.33333333,232.0333333
42,250905_SEFL10N6d_B2_stressor2_41_42 Box 2.wmv,2,novstressor,sec,134,16.66666667,381.1666667
42,250905_SEFL10N6d_B2_stressor2_41_42 Box 2.wmv,2,novstressor,sec,135,60,182.7
42,250905_SEFL10N6d_B2_stressor2_41_42 Box 2.wmv,2,novstressor,sec,136,6.666666667,563.3
42,250905_SEFL10N6d_B2_stressor2_41_42 Box 2.wmv,2,novstressor,sec,137,0,744.8666667
42,250905_SEFL10N6d_B2_stressor2_41_42 Box 2.wmv,2,novstressor,sec,138,0,431.5
42,250905_SEFL10N6d_B2_stressor2_41_42 Box 2.wmv,2,novstressor,sec,139,0,236.5666667
42,250905_SEFL10N6d_B2_stressor2_41_42 Box 2.wmv,2,novstressor,sec,140,0,809.4666667
42,250905_SEFL10N6d_B2_stressor2_41_42 Box 2.wmv,2,novstressor,sec,141,80,219.7
42,250905_SEFL10N6d_B2_stressor2_41_42 Box 2.wmv,2,novstressor,sec,142,10,637.7
42,250905_SEFL10N6d_B2_stressor2_41_42 Box 2.wmv,2,novstressor,sec,143,60,203.3333333
42,250905_SEFL10N6d_B2_stressor2_41_42 Box 2.wmv,2,novstressor,sec,144,0,300.7
42,250905_SEFL10N6d_B2_stressor2_41_42 Box 2.wmv,2,novstressor,sec,145,0,428.9666667
42,250905_SEFL10N6d_B2_stressor2_41_42 Box 2.wmv,2,novstressor,sec,146,0,363.1333333
42,250905_SEFL10N6d_B2_stressor2_41_42 Box 2.wmv,2,novstressor,sec,147,0,269.5333333
42,250905_SEFL10N6d_B2_stressor2_41_42 Box 2.wmv,2,novstressor,sec,148,0,303.7666667
42,250905_SEFL10N6d_B2_stressor2_41_42 Box 2.wmv,2,novstressor,sec,149,0,274.1666667
42,250905_SEFL10N6d_B2_stressor2_41_42 Box 2.wmv,2,novstressor,sec,150,0,482
42,250905_SEFL10N6d_B2_stressor2_41_42 Box 2.wmv,2,novstressor,sec,151,0,651.8
42,250905_SEFL10N6d_B2_stressor2_41_42 Box 2.wmv,2,novstressor,sec,152,0,755.3333333
42,250905_SEFL10N6d_B2_stressor2_41_42 Box 2.wmv,2,novstressor,sec,153,0,812.7666667
42,250905_SEFL10N6d_B2_stressor2_41_42 Box 2.wmv,2,novstressor,sec,154,53.33333333,207.7666667
42,250905_SEFL10N6d_B2_stressor2_41_42 Box 2.wmv,2,novstressor,sec,155,0,253.5333333
42,250905_SEFL10N6d_B2_stressor2_41_42 Box 2.wmv,2,novstressor,sec,156,50,276.7333333
42,250905_SEFL10N6d_B2_stressor2_41_42 Box 2.wmv,2,novstressor,sec,157,0,370.6
42,250905_SEFL10N6d_B2_stressor2_41_42 Box 2.wmv,2,novstressor,sec,158,0,980.7666667
42,250905_SEFL10N6d_B2_stressor2_41_42 Box 2.wmv,2,novstressor,sec,159,0,995.7
42,250905_SEFL10N6d_B2_stressor2_41_42 Box 2.wmv,2,novstressor,sec,160,0,895.8
42,250905_SEFL10N6d_B2_stressor2_41_42 Box 2.wmv,2,novstressor,sec,161,0,906.7666667
42,250905_SEFL10N6d_B2_stressor2_41_42 Box 2.wmv,2,novstressor,sec,162,0,562.7666667
42,250905_SEFL10N6d_B2_stressor2_41_42 Box 2.wmv,2,novstressor,sec,163,0,612.1666667
42,250905_SEFL10N6d_B2_stressor2_41_42 Box 2.wmv,2,novstressor,sec,164,0,1013.4
42,250905_SEFL10N6d_B2_stressor2_41_42 Box 2.wmv,2,novstressor,sec,165,0,1594.633333
42,250905_SEFL10N6d_B2_stressor2_41_42 Box 2.wmv,2,novstressor,sec,166,0,1140.5
42,250905_SEFL10N6d_B2_stressor2_41_42 Box 2.wmv,2,novstressor,sec,167,0,1196.533333
42,250905_SEFL10N6d_B2_stressor2_41_42 Box 2.wmv,2,novstressor,sec,168,0,864.0666667
42,250905_SEFL10N6d_B2_stressor2_41_42 Box 2.wmv,2,novstressor,sec,169,0,639.6333333
42,250905_SEFL10N6d_B2_stressor2_41_42 Box 2.wmv,2,novstressor,sec,170,0,943.3
42,250905_SEFL10N6d_B2_stressor2_41_42 Box 2.wmv,2,novstressor,sec,171,50,231.7
42,250905_SEFL10N6d_B2_stressor2_41_42 Box 2.wmv,2,novstressor,sec,172,60,309.8666667
42,250905_SEFL10N6d_B2_stressor2_41_42 Box 2.wmv,2,novstressor,sec,173,0,732
42,250905_SEFL10N6d_B2_stressor2_41_42 Box 2.wmv,2,novstressor,sec,174,0,620.3333333
42,250905_SEFL10N6d_B2_stressor2_41_42 Box 2.wmv,2,novstressor,sec,175,53.33333333,282.4666667
42,250905_SEFL10N6d_B2_stressor2_41_42 Box 2.wmv,2,novstressor,sec,176,66.66666667,167.1
42,250905_SEFL10N6d_B2_stressor2_41_42 Box 2.wmv,2,novstressor,sec,177,93.33333333,68.66666667
42,250905_SEFL10N6d_B2_stressor2_41_42 Box 2.wmv,2,novstressor,sec,178,53.33333333,349.3333333
42,250905_SEFL10N6d_B2_stressor2_41_42 Box 2.wmv,2,novstressor,sec,179,20,443.6666667
42,250905_SEFL10N6d_B2_stressor2_41_42 Box 2.wmv,2,novstressor,sec,180,0,435.1333333
42,250905_SEFL10N6d_B2_stressor2_41_42 Box 2.wmv,2,novstressor,sec,181,0,1956.733333
42,250905_SEFL10N6d_B2_stressor2_41_42 Box 2.wmv,2,novstressor,sec,182,0,983.3666667
42,250905_SEFL10N6d_B2_stressor2_41_42 Box 2.wmv,2,novstressor,sec,183,0,603.8333333
42,250905_SEFL10N6d_B2_stressor2_41_42 Box 2.wmv,2,novstressor,sec,184,0,1102.833333
42,250905_SEFL10N6d_B2_stressor2_41_42 Box 2.wmv,2,novstressor,sec,185,66.66666667,415.1666667
42,250905_SEFL10N6d_B2_stressor2_41_42 Box 2.wmv,2,novstressor,sec,186,70,149.2
42,250905_SEFL10N6d_B2_stressor2_41_42 Box 2.wmv,2,novstressor,sec,187,76.66666667,104.3
42,250905_SEFL10N6d_B2_stressor2_41_42 Box 2.wmv,2,novstressor,sec,188,0,366.2666667
42,250905_SEFL10N6d_B2_stressor2_41_42 Box 2.wmv,2,novstressor,sec,189,20,462.8333333
42,250905_SEFL10N6d_B2_stressor2_41_42 Box 2.wmv,2,novstressor,sec,190,100,27.26666667
42,250905_SEFL10N6d_B2_stressor2_41_42 Box 2.wmv,2,novstressor,sec,191,100,12.5
42,250905_SEFL10N6d_B2_stressor2_41_42 Box 2.wmv,2,novstressor,sec,192,40,710.7
42,250905_SEFL10N6d_B2_stressor2_41_42 Box 2.wmv,2,novstressor,sec,193,0,2085.966667
42,250905_SEFL10N6d_B2_stressor2_41_42 Box 2.wmv,2,novstressor,sec,194,0,676.7666667
42,250905_SEFL10N6d_B2_stressor2_41_42 Box 2.wmv,2,novstressor,sec,195,0,583.4
42,250905_SEFL10N6d_B2_stressor2_41_42 Box 2.wmv,2,novstressor,sec,196,0,571.1333333
42,250905_SEFL10N6d_B2_stressor2_41_42 Box 2.wmv,2,novstressor,sec,197,0,751.8666667
42,250905_SEFL10N6d_B2_stressor2_41_42 Box 2.wmv,2,novstressor,sec,198,0,984.8666667
42,250905_SEFL10N6d_B2_stressor2_41_42 Box 2.wmv,2,novstressor,sec,199,0,1146.2
42,250905_SEFL10N6d_B2_stressor2_41_42 Box 2.wmv,2,novstressor,sec,200,0,530.8666667
42,250905_SEFL10N6d_B2_stressor2_41_42 Box 2.wmv,2,novstressor,sec,201,0,1444.366667
42,250905_SEFL10N6d_B2_stressor2_41_42 Box 2.wmv,2,novstressor,sec,202,0,728.4
42,250905_SEFL10N6d_B2_stressor2_41_42 Box 2.wmv,2,novstressor,sec,203,36.66666667,186.5
42,250905_SEFL10N6d_B2_stressor2_41_42 Box 2.wmv,2,novstressor,sec,204,100,0
42,250905_SEFL10N6d_B2_stressor2_41_42 Box 2.wmv,2,novstressor,sec,205,100,0
42,250905_SEFL10N6d_B2_stressor2_41_42 Box 2.wmv,2,novstressor,sec,206,20,589.5666667
42,250905_SEFL10N6d_B2_stressor2_41_42 Box 2.wmv,2,novstressor,sec,207,83.33333333,84.5
42,250905_SEFL10N6d_B2_stressor2_41_42 Box 2.wmv,2,novstressor,sec,208,100,0.033333333
42,250905_SEFL10N6d_B2_stressor2_41_42 Box 2.wmv,2,novstressor,sec,209,100,0
42,250905_SEFL10N6d_B2_stressor2_41_42 Box 2.wmv,2,novstressor,sec,210,83.33333333,224.3
42,250905_SEFL10N6d_B2_stressor2_41_42 Box 2.wmv,2,novstressor,sec,211,0,354.5
42,250905_SEFL10N6d_B2_stressor2_41_42 Box 2.wmv,2,novstressor,sec,212,0,575
42,250905_SEFL10N6d_B2_stressor2_41_42 Box 2.wmv,2,novstressor,sec,213,0,392.8666667
42,250905_SEFL10N6d_B2_stressor2_41_42 Box 2.wmv,2,novstressor,sec,214,0,521.0333333
42,250905_SEFL10N6d_B2_stressor2_41_42 Box 2.wmv,2,novstressor,sec,215,0,141.1666667
42,250905_SEFL10N6d_B2_stressor2_41_42 Box 2.wmv,2,novstressor,sec,216,43.33333333,164.9666667
42,250905_SEFL10N6d_B2_stressor2_41_42 Box 2.wmv,2,novstressor,sec,217,100,1.666666667
42,250905_SEFL10N6d_B2_stressor2_41_42 Box 2.wmv,2,novstressor,sec,218,50,266.7666667
42,250905_SEFL10N6d_B2_stressor2_41_42 Box 2.wmv,2,novstressor,sec,219,0,471.4333333
42,250905_SEFL10N6d_B2_stressor2_41_42 Box 2.wmv,2,novstressor,sec,220,0,333.2
42,250905_SEFL10N6d_B2_stressor2_41_42 Box 2.wmv,2,novstressor,sec,221,0,239.5
42,250905_SEFL10N6d_B2_stressor2_41_42 Box 2.wmv,2,novstressor,sec,222,0,268.6
42,250905_SEFL10N6d_B2_stressor2_41_42 Box 2.wmv,2,novstressor,sec,223,30,221.4666667
42,250905_SEFL10N6d_B2_stressor2_41_42 Box 2.wmv,2,novstressor,sec,224,20,167.0666667
42,250905_SEFL10N6d_B2_stressor2_41_42 Box 2.wmv,2,novstressor,sec,225,0,147.1333333
42,250905_SEFL10N6d_B2_stressor2_41_42 Box 2.wmv,2,novstressor,sec,226,0,623.4
42,250905_SEFL10N6d_B2_stressor2_41_42 Box 2.wmv,2,novstressor,sec,227,0,667.7333333
42,250905_SEFL10N6d_B2_stressor2_41_42 Box 2.wmv,2,novstressor,sec,228,76.66666667,88
42,250905_SEFL10N6d_B2_stressor2_41_42 Box 2.wmv,2,novstressor,sec,229,83.33333333,159.9
42,250905_SEFL10N6d_B2_stressor2_41_42 Box 2.wmv,2,novstressor,sec,230,0,254.1
42,250905_SEFL10N6d_B2_stressor2_41_42 Box 2.wmv,2,novstressor,sec,231,0,150.3
42,250905_SEFL10N6d_B2_stressor2_41_42 Box 2.wmv,2,novstressor,sec,232,90,89.06666667
42,250905_SEFL10N6d_B2_stressor2_41_42 Box 2.wmv,2,novstressor,sec,233,100,0
42,250905_SEFL10N6d_B2_stressor2_41_42 Box 2.wmv,2,novstressor,sec,234,100,0.033333333
42,250905_SEFL10N6d_B2_stressor2_41_42 Box 2.wmv,2,novstressor,sec,235,10,517.6666667
42,250905_SEFL10N6d_B2_stressor2_41_42 Box 2.wmv,2,novstressor,sec,236,80,108.6666667
42,250905_SEFL10N6d_B2_stressor2_41_42 Box 2.wmv,2,novstressor,sec,237,3.333333333,443.2666667
42,250905_SEFL10N6d_B2_stressor2_41_42 Box 2.wmv,2,novstressor,sec,238,80,110.6333333
42,250905_SEFL10N6d_B2_stressor2_41_42 Box 2.wmv,2,novstressor,sec,239,100,1.3
42,250905_SEFL10N6d_B2_stressor2_41_42 Box 2.wmv,2,novstressor,sec,240,83.33333333,157.9666667
42,250905_SEFL10N6d_B2_stressor2_41_42 Box 2.wmv,2,novstressor,sec,241,0,470.4
42,250905_SEFL10N6d_B2_stressor2_41_42 Box 2.wmv,2,novstressor,sec,242,0,1001.7
42,250905_SEFL10N6d_B2_stressor2_41_42 Box 2.wmv,2,novstressor,sec,243,0,1242.466667
42,250905_SEFL10N6d_B2_stressor2_41_42 Box 2.wmv,2,novstressor,sec,244,0,994.4
42,250905_SEFL10N6d_B2_stressor2_41_42 Box 2.wmv,2,novstressor,sec,245,0,665.6333333
42,250905_SEFL10N6d_B2_stressor2_41_42 Box 2.wmv,2,novstressor,sec,246,0,603.3
42,250905_SEFL10N6d_B2_stressor2_41_42 Box 2.wmv,2,novstressor,sec,247,0,499.6
42,250905_SEFL10N6d_B2_stressor2_41_42 Box 2.wmv,2,novstressor,sec,248,0,556.8666667
42,250905_SEFL10N6d_B2_stressor2_41_42 Box 2.wmv,2,novstressor,sec,249,0,1282.066667
42,250905_SEFL10N6d_B2_stressor2_41_42 Box 2.wmv,2,novstressor,sec,250,13.33333333,569.8333333
42,250905_SEFL10N6d_B2_stressor2_41_42 Box 2.wmv,2,novstressor,sec,251,66.66666667,315.9666667
42,250905_SEFL10N6d_B2_stressor2_41_42 Box 2.wmv,2,novstressor,sec,252,0,732.3666667
42,250905_SEFL10N6d_B2_stressor2_41_42 Box 2.wmv,2,novstressor,sec,253,60,47.06666667
42,250905_SEFL10N6d_B2_stressor2_41_42 Box 2.wmv,2,novstressor,sec,254,10,1410.4
42,250905_SEFL10N6d_B2_stressor2_41_42 Box 2.wmv,2,novstressor,sec,255,0,2541.9
42,250905_SEFL10N6d_B2_stressor2_41_42 Box 2.wmv,2,novstressor,sec,256,0,1593.433333
42,250905_SEFL10N6d_B2_stressor2_41_42 Box 2.wmv,2,novstressor,sec,257,0,776.3
42,250905_SEFL10N6d_B2_stressor2_41_42 Box 2.wmv,2,novstressor,sec,258,0,838.3666667
42,250905_SEFL10N6d_B2_stressor2_41_42 Box 2.wmv,2,novstressor,sec,259,0,368.5333333
42,250905_SEFL10N6d_B2_stressor2_41_42 Box 2.wmv,2,novstressor,sec,260,56.66666667,274.1666667
42,250905_SEFL10N6d_B2_stressor2_41_42 Box 2.wmv,2,novstressor,sec,261,0,548
42,250905_SEFL10N6d_B2_stressor2_41_42 Box 2.wmv,2,novstressor,sec,262,13.33333333,458.9666667
42,250905_SEFL10N6d_B2_stressor2_41_42 Box 2.wmv,2,novstressor,sec,263,50,429.2333333
42,250905_SEFL10N6d_B2_stressor2_41_42 Box 2.wmv,2,novstressor,sec,264,53.33333333,253.4
42,250905_SEFL10N6d_B2_stressor2_41_42 Box 2.wmv,2,novstressor,sec,265,66.66666667,350.3333333
42,250905_SEFL10N6d_B2_stressor2_41_42 Box 2.wmv,2,novstressor,sec,266,0,674.6333333
42,250905_SEFL10N6d_B2_stressor2_41_42 Box 2.wmv,2,novstressor,sec,267,0,1125.2
42,250905_SEFL10N6d_B2_stressor2_41_42 Box 2.wmv,2,novstressor,sec,268,0,482.9
42,250905_SEFL10N6d_B2_stressor2_41_42 Box 2.wmv,2,novstressor,sec,269,0,537.9
42,250905_SEFL10N6d_B2_stressor2_41_42 Box 2.wmv,2,novstressor,sec,270,0,468.8666667
42,250905_SEFL10N6d_B2_stressor2_41_42 Box 2.wmv,2,novstressor,sec,271,0,1327.433333
42,250905_SEFL10N6d_B2_stressor2_41_42 Box 2.wmv,2,novstressor,sec,272,0,418.0333333
42,250905_SEFL10N6d_B2_stressor2_41_42 Box 2.wmv,2,novstressor,sec,273,0,648.4666667
42,250905_SEFL10N6d_B2_stressor2_41_42 Box 2.wmv,2,novstressor,sec,274,0,181.5333333
42,250905_SEFL10N6d_B2_stressor2_41_42 Box 2.wmv,2,novstressor,sec,275,0,990.8666667
42,250905_SEFL10N6d_B2_stressor2_41_42 Box 2.wmv,2,novstressor,sec,276,0,1326.6
42,250905_SEFL10N6d_B2_stressor2_41_42 Box 2.wmv,2,novstressor,sec,277,0,632.9
42,250905_SEFL10N6d_B2_stressor2_41_42 Box 2.wmv,2,novstressor,sec,278,3.333333333,504.6333333
42,250905_SEFL10N6d_B2_stressor2_41_42 Box 2.wmv,2,novstressor,sec,279,100,13.03333333
42,250905_SEFL10N6d_B2_stressor2_41_42 Box 2.wmv,2,novstressor,sec,280,40,490.9
42,250905_SEFL10N6d_B2_stressor2_41_42 Box 2.wmv,2,novstressor,sec,281,20,487.7
42,250905_SEFL10N6d_B2_stressor2_41_42 Box 2.wmv,2,novstressor,sec,282,83.33333333,159.5333333
42,250905_SEFL10N6d_B2_stressor2_41_42 Box 2.wmv,2,novstressor,sec,283,0,625.4333333
42,250905_SEFL10N6d_B2_stressor2_41_42 Box 2.wmv,2,novstressor,sec,284,80,91.86666667
42,250905_SEFL10N6d_B2_stressor2_41_42 Box 2.wmv,2,novstressor,sec,285,100,0
42,250905_SEFL10N6d_B2_stressor2_41_42 Box 2.wmv,2,novstressor,sec,286,0,733.5333333
42,250905_SEFL10N6d_B2_stressor2_41_42 Box 2.wmv,2,novstressor,sec,287,83.33333333,118.1
42,250905_SEFL10N6d_B2_stressor2_41_42 Box 2.wmv,2,novstressor,sec,288,100,8
42,250905_SEFL10N6d_B2_stressor2_41_42 Box 2.wmv,2,novstressor,sec,289,23.33333333,728.2666667
42,250905_SEFL10N6d_B2_stressor2_41_42 Box 2.wmv,2,novstressor,sec,290,0,534.4333333
42,250905_SEFL10N6d_B2_stressor2_41_42 Box 2.wmv,2,novstressor,sec,291,0,501.2666667
42,250905_SEFL10N6d_B2_stressor2_41_42 Box 2.wmv,2,novstressor,sec,292,36.66666667,508.3333333
42,250905_SEFL10N6d_B2_stressor2_41_42 Box 2.wmv,2,novstressor,sec,293,100,2
42,250905_SEFL10N6d_B2_stressor2_41_42 Box 2.wmv,2,novstressor,sec,294,0,645.6333333
42,250905_SEFL10N6d_B2_stressor2_41_42 Box 2.wmv,2,novstressor,sec,295,70,209.6
42,250905_SEFL10N6d_B2_stressor2_41_42 Box 2.wmv,2,novstressor,sec,296,100,25.4
42,250905_SEFL10N6d_B2_stressor2_41_42 Box 2.wmv,2,novstressor,sec,297,36.66666667,452.6
42,250905_SEFL10N6d_B2_stressor2_41_42 Box 2.wmv,2,novstressor,sec,298,0,513.5
42,250905_SEFL10N6d_B2_stressor2_41_42 Box 2.wmv,2,novstressor,sec,299,0,865.1333333
42,250905_SEFL10N6d_B2_stressor2_41_42 Box 2.wmv,2,novstressor,sec,300,0,551.2333333
42,250905_SEFL10N6d_B2_stressor2_41_42 Box 2.wmv,2,novstressor,sec,301,0,973.6666667
42,250905_SEFL10N6d_B2_stressor2_41_42 Box 2.wmv,2,novstressor,sec,302,0,746.6
42,250905_SEFL10N6d_B2_stressor2_41_42 Box 2.wmv,2,novstressor,sec,303,0,895.6
42,250905_SEFL10N6d_B2_stressor2_41_42 Box 2.wmv,2,novstressor,sec,304,0,918.2
42,250905_SEFL10N6d_B2_stressor2_41_42 Box 2.wmv,2,novstressor,sec,305,0,852.9666667
42,250905_SEFL10N6d_B2_stressor2_41_42 Box 2.wmv,2,novstressor,sec,306,0,1486.3
42,250905_SEFL10N6d_B2_stressor2_41_42 Box 2.wmv,2,novstressor,sec,307,0,1568.866667
42,250905_SEFL10N6d_B2_stressor2_41_42 Box 2.wmv,2,novstressor,sec,308,0,2725.266667
42,250905_SEFL10N6d_B2_stressor2_41_42 Box 2.wmv,2,novstressor,sec,309,0,519.9
42,250905_SEFL10N6d_B2_stressor2_41_42 Box 2.wmv,2,novstressor,sec,310,0,443.5666667
42,250905_SEFL10N6d_B2_stressor2_41_42 Box 2.wmv,2,novstressor,sec,311,30,503.9
42,250905_SEFL10N6d_B2_stressor2_41_42 Box 2.wmv,2,novstressor,sec,312,76.66666667,113.7333333
42,250905_SEFL10N6d_B2_stressor2_41_42 Box 2.wmv,2,novstressor,sec,313,0,833.3666667
42,250905_SEFL10N6d_B2_stressor2_41_42 Box 2.wmv,2,novstressor,sec,314,0,1578.266667
42,250905_SEFL10N6d_B2_stressor2_41_42 Box 2.wmv,2,novstressor,sec,315,0,2615.733333
42,250905_SEFL10N6d_B2_stressor2_41_42 Box 2.wmv,2,novstressor,sec,316,0,1354.666667
42,250905_SEFL10N6d_B2_stressor2_41_42 Box 2.wmv,2,novstressor,sec,317,0,675.4666667
42,250905_SEFL10N6d_B2_stressor2_41_42 Box 2.wmv,2,novstressor,sec,318,0,386.1666667
42,250905_SEFL10N6d_B2_stressor2_41_42 Box 2.wmv,2,novstressor,sec,319,6.666666667,658.5
42,250905_SEFL10N6d_B2_stressor2_41_42 Box 2.wmv,2,novstressor,sec,320,66.66666667,384.5666667
42,250905_SEFL10N6d_B2_stressor2_41_42 Box 2.wmv,2,novstressor,sec,321,0,527.1
42,250905_SEFL10N6d_B2_stressor2_41_42 Box 2.wmv,2,novstressor,sec,322,0,1267.966667
42,250905_SEFL10N6d_B2_stressor2_41_42 Box 2.wmv,2,novstressor,sec,323,0,988.9
42,250905_SEFL10N6d_B2_stressor2_41_42 Box 2.wmv,2,novstressor,sec,324,0,446.2
42,250905_SEFL10N6d_B2_stressor2_41_42 Box 2.wmv,2,novstressor,sec,325,0,956.5666667
42,250905_SEFL10N6d_B2_stressor2_41_42 Box 2.wmv,2,novstressor,sec,326,0,1145.2
42,250905_SEFL10N6d_B2_stressor2_41_42 Box 2.wmv,2,novstressor,sec,327,0,1167.333333
42,250905_SEFL10N6d_B2_stressor2_41_42 Box 2.wmv,2,novstressor,sec,328,13.33333333,792.4
42,250905_SEFL10N6d_B2_stressor2_41_42 Box 2.wmv,2,novstressor,sec,329,40,440.5333333
42,250905_SEFL10N6d_B2_stressor2_41_42 Box 2.wmv,2,novstressor,sec,330,0,300.5666667
42,250905_SEFL10N6d_B2_stressor2_41_42 Box 2.wmv,2,novstressor,sec,331,6.666666667,636.1
42,250905_SEFL10N6d_B2_stressor2_41_42 Box 2.wmv,2,novstressor,sec,332,100,0
42,250905_SEFL10N6d_B2_stressor2_41_42 Box 2.wmv,2,novstressor,sec,333,43.33333333,640.3666667
42,250905_SEFL10N6d_B2_stressor2_41_42 Box 2.wmv,2,novstressor,sec,334,60,367.4333333
42,250905_SEFL10N6d_B2_stressor2_41_42 Box 2.wmv,2,novstressor,sec,335,0,621.4
42,250905_SEFL10N6d_B2_stressor2_41_42 Box 2.wmv,2,novstressor,sec,336,20,596.5333333
42,250905_SEFL10N6d_B2_stressor2_41_42 Box 2.wmv,2,novstressor,sec,337,56.66666667,360.8666667
42,250905_SEFL10N6d_B2_stressor2_41_42 Box 2.wmv,2,novstressor,sec,338,23.33333333,517.5666667
42,250905_SEFL10N6d_B2_stressor2_41_42 Box 2.wmv,2,novstressor,sec,339,73.33333333,309.5666667
42,250905_SEFL10N6d_B2_stressor2_41_42 Box 2.wmv,2,novstressor,sec,340,0,1380.1
42,250905_SEFL10N6d_B2_stressor2_41_42 Box 2.wmv,2,novstressor,sec,341,0,2334.833333
42,250905_SEFL10N6d_B2_stressor2_41_42 Box 2.wmv,2,novstressor,sec,342,0,1175.433333
42,250905_SEFL10N6d_B2_stressor2_41_42 Box 2.wmv,2,novstressor,sec,343,0,1433.566667
42,250905_SEFL10N6d_B2_stressor2_41_42 Box 2.wmv,2,novstressor,sec,344,0,1205.766667
42,250905_SEFL10N6d_B2_stressor2_41_42 Box 2.wmv,2,novstressor,sec,345,0,1175.933333
42,250905_SEFL10N6d_B2_stressor2_41_42 Box 2.wmv,2,novstressor,sec,346,0,2332.566667
42,250905_SEFL10N6d_B2_stressor2_41_42 Box 2.wmv,2,novstressor,sec,347,0,820.0333333
42,250905_SEFL10N6d_B2_stressor2_41_42 Box 2.wmv,2,novstressor,sec,348,0,754.7333333
42,250905_SEFL10N6d_B2_stressor2_41_42 Box 2.wmv,2,novstressor,sec,349,0,631.7
42,250905_SEFL10N6d_B2_stressor2_41_42 Box 2.wmv,2,novstressor,sec,350,0,723.8
42,250905_SEFL10N6d_B2_stressor2_41_42 Box 2.wmv,2,novstressor,sec,351,0,1167.166667
42,250905_SEFL10N6d_B2_stressor2_41_42 Box 2.wmv,2,novstressor,sec,352,0,1582.033333
42,250905_SEFL10N6d_B2_stressor2_41_42 Box 2.wmv,2,novstressor,sec,353,0,941.6
42,250905_SEFL10N6d_B2_stressor2_41_42 Box 2.wmv,2,novstressor,sec,354,0,1233.266667
42,250905_SEFL10N6d_B2_stressor2_41_42 Box 2.wmv,2,novstressor,sec,355,60,409.5
42,250905_SEFL10N6d_B2_stressor2_41_42 Box 2.wmv,2,novstressor,sec,356,0,722.9666667
42,250905_SEFL10N6d_B2_stressor2_41_42 Box 2.wmv,2,novstressor,sec,357,0,495.5
42,250905_SEFL10N6d_B2_stressor2_41_42 Box 2.wmv,2,novstressor,sec,358,0,1109.166667
42,250905_SEFL10N6d_B2_stressor2_41_42 Box 2.wmv,2,novstressor,sec,359,0,684.9666667
42,250905_SEFL10N6d_B2_stressor2_41_42 Box 2.wmv,2,novstressor,sec,360,83.33333333,202.2
42,250905_SEFL10N6d_B2_stressor2_41_42 Box 2.wmv,2,novstressor,sec,361,100,0
42,250905_SEFL10N6d_B2_stressor2_41_42 Box 2.wmv,2,novstressor,sec,362,53.33333333,456.8666667
42,250905_SEFL10N6d_B2_stressor2_41_42 Box 2.wmv,2,novstressor,sec,363,100,0
42,250905_SEFL10N6d_B2_stressor2_41_42 Box 2.wmv,2,novstressor,prepost,bl,13.87037037,662.2722222
42,250905_SEFL10N6d_B2_stressor2_41_42 Box 2.wmv,2,novstressor,prepost,post,25.07877665,629.9164041
42,250905_SEFL10N6d_B2_stressor2_41_42 Box 2.wmv,2,novstressor,startle,startle_post,45.55555556,555.7333333
42,250905_SEFL10N6d_B2_stressor2_41_42 Box 2.wmv,2,novstressor,startle,startle_pre,24.44444444,409.3777778
42,250905_SEFL10N6d_B2_stressor2_41_42 Box 2.wmv,2,novstressor,startle,startle_startle,0,1181.311111
43,250905_SEFL10N6d_B2_stressor2_43_44 Box 1.wmv,1,novstressor,sec,1,0,1953.6
43,250905_SEFL10N6d_B2_stressor2_43_44 Box 1.wmv,1,novstressor,sec,2,0,1174.633333
43,250905_SEFL10N6d_B2_stressor2_43_44 Box 1.wmv,1,novstressor,sec,3,0,1074.833333
43,250905_SEFL10N6d_B2_stressor2_43_44 Box 1.wmv,1,novstressor,sec,4,0,879.2
43,250905_SEFL10N6d_B2_stressor2_43_44 Box 1.wmv,1,novstressor,sec,5,0,995.9
43,250905_SEFL10N6d_B2_stressor2_43_44 Box 1.wmv,1,novstressor,sec,6,0,1016.866667
43,250905_SEFL10N6d_B2_stressor2_43_44 Box 1.wmv,1,novstressor,sec,7,0,2355.933333
43,250905_SEFL10N6d_B2_stressor2_43_44 Box 1.wmv,1,novstressor,sec,8,0,2219.933333
43,250905_SEFL10N6d_B2_stressor2_43_44 Box 1.wmv,1,novstressor,sec,9,0,993.7
43,250905_SEFL10N6d_B2_stressor2_43_44 Box 1.wmv,1,novstressor,sec,10,0,978.1333333
43,250905_SEFL10N6d_B2_stressor2_43_44 Box 1.wmv,1,novstressor,sec,11,0,2073.766667
43,250905_SEFL10N6d_B2_stressor2_43_44 Box 1.wmv,1,novstressor,sec,12,0,1378.7
43,250905_SEFL10N6d_B2_stressor2_43_44 Box 1.wmv,1,novstressor,sec,13,0,1416.033333
43,250905_SEFL10N6d_B2_stressor2_43_44 Box 1.wmv,1,novstressor,sec,14,0,1966.366667
43,250905_SEFL10N6d_B2_stressor2_43_44 Box 1.wmv,1,novstressor,sec,15,0,2120.8
43,250905_SEFL10N6d_B2_stressor2_43_44 Box 1.wmv,1,novstressor,sec,16,0,2143.833333
43,250905_SEFL10N6d_B2_stressor2_43_44 Box 1.wmv,1,novstressor,sec,17,0,790.4666667
43,250905_SEFL10N6d_B2_stressor2_43_44 Box 1.wmv,1,novstressor,sec,18,0,954.1
43,250905_SEFL10N6d_B2_stressor2_43_44 Box 1.wmv,1,novstressor,sec,19,0,1282.733333
43,250905_SEFL10N6d_B2_stressor2_43_44 Box 1.wmv,1,novstressor,sec,20,0,1357.766667
43,250905_SEFL10N6d_B2_stressor2_43_44 Box 1.wmv,1,novstressor,sec,21,0,1499.9
43,250905_SEFL10N6d_B2_stressor2_43_44 Box 1.wmv,1,novstressor,sec,22,0,1325.833333
43,250905_SEFL10N6d_B2_stressor2_43_44 Box 1.wmv,1,novstressor,sec,23,0,1651.366667
43,250905_SEFL10N6d_B2_stressor2_43_44 Box 1.wmv,1,novstressor,sec,24,0,1009.533333
43,250905_SEFL10N6d_B2_stressor2_43_44 Box 1.wmv,1,novstressor,sec,25,0,452.9333333
43,250905_SEFL10N6d_B2_stressor2_43_44 Box 1.wmv,1,novstressor,sec,26,0,361.0666667
43,250905_SEFL10N6d_B2_stressor2_43_44 Box 1.wmv,1,novstressor,sec,27,0,971.1666667
43,250905_SEFL10N6d_B2_stressor2_43_44 Box 1.wmv,1,novstressor,sec,28,0,1047.066667
43,250905_SEFL10N6d_B2_stressor2_43_44 Box 1.wmv,1,novstressor,sec,29,0,1110.1
43,250905_SEFL10N6d_B2_stressor2_43_44 Box 1.wmv,1,novstressor,sec,30,0,783.3333333
43,250905_SEFL10N6d_B2_stressor2_43_44 Box 1.wmv,1,novstressor,sec,31,0,618.2
43,250905_SEFL10N6d_B2_stressor2_43_44 Box 1.wmv,1,novstressor,sec,32,0,509.0666667
43,250905_SEFL10N6d_B2_stressor2_43_44 Box 1.wmv,1,novstressor,sec,33,0,736
43,250905_SEFL10N6d_B2_stressor2_43_44 Box 1.wmv,1,novstressor,sec,34,0,1273.766667
43,250905_SEFL10N6d_B2_stressor2_43_44 Box 1.wmv,1,novstressor,sec,35,0,1239.033333
43,250905_SEFL10N6d_B2_stressor2_43_44 Box 1.wmv,1,novstressor,sec,36,0,955.2333333
43,250905_SEFL10N6d_B2_stressor2_43_44 Box 1.wmv,1,novstressor,sec,37,0,707.7333333
43,250905_SEFL10N6d_B2_stressor2_43_44 Box 1.wmv,1,novstressor,sec,38,0,1209.766667
43,250905_SEFL10N6d_B2_stressor2_43_44 Box 1.wmv,1,novstressor,sec,39,0,306.8666667
43,250905_SEFL10N6d_B2_stressor2_43_44 Box 1.wmv,1,novstressor,sec,40,0,895.9333333
43,250905_SEFL10N6d_B2_stressor2_43_44 Box 1.wmv,1,novstressor,sec,41,0,889.4
43,250905_SEFL10N6d_B2_stressor2_43_44 Box 1.wmv,1,novstressor,sec,42,0,850.5333333
43,250905_SEFL10N6d_B2_stressor2_43_44 Box 1.wmv,1,novstressor,sec,43,0,566.7
43,250905_SEFL10N6d_B2_stressor2_43_44 Box 1.wmv,1,novstressor,sec,44,0,1603.033333
43,250905_SEFL10N6d_B2_stressor2_43_44 Box 1.wmv,1,novstressor,sec,45,0,1619.266667
43,250905_SEFL10N6d_B2_stressor2_43_44 Box 1.wmv,1,novstressor,sec,46,0,1014.633333
43,250905_SEFL10N6d_B2_stressor2_43_44 Box 1.wmv,1,novstressor,sec,47,0,1040.6
43,250905_SEFL10N6d_B2_stressor2_43_44 Box 1.wmv,1,novstressor,sec,48,56.66666667,111.1
43,250905_SEFL10N6d_B2_stressor2_43_44 Box 1.wmv,1,novstressor,sec,49,33.33333333,950
43,250905_SEFL10N6d_B2_stressor2_43_44 Box 1.wmv,1,novstressor,sec,50,0,1369.133333
43,250905_SEFL10N6d_B2_stressor2_43_44 Box 1.wmv,1,novstressor,sec,51,0,1069.3
43,250905_SEFL10N6d_B2_stressor2_43_44 Box 1.wmv,1,novstressor,sec,52,0,568.1333333
43,250905_SEFL10N6d_B2_stressor2_43_44 Box 1.wmv,1,novstressor,sec,53,36.66666667,157.7666667
43,250905_SEFL10N6d_B2_stressor2_43_44 Box 1.wmv,1,novstressor,sec,54,20,950.7666667
43,250905_SEFL10N6d_B2_stressor2_43_44 Box 1.wmv,1,novstressor,sec,55,0,780
43,250905_SEFL10N6d_B2_stressor2_43_44 Box 1.wmv,1,novstressor,sec,56,0,1449.6
43,250905_SEFL10N6d_B2_stressor2_43_44 Box 1.wmv,1,novstressor,sec,57,0,993.9
43,250905_SEFL10N6d_B2_stressor2_43_44 Box 1.wmv,1,novstressor,sec,58,0,307.0666667
43,250905_SEFL10N6d_B2_stressor2_43_44 Box 1.wmv,1,novstressor,sec,59,0,277.5666667
43,250905_SEFL10N6d_B2_stressor2_43_44 Box 1.wmv,1,novstressor,sec,60,0,265.2333333
43,250905_SEFL10N6d_B2_stressor2_43_44 Box 1.wmv,1,novstressor,sec,61,0,638.8333333
43,250905_SEFL10N6d_B2_stressor2_43_44 Box 1.wmv,1,novstressor,sec,62,0,700.5
43,250905_SEFL10N6d_B2_stressor2_43_44 Box 1.wmv,1,novstressor,sec,63,13.33333333,492.4666667
43,250905_SEFL10N6d_B2_stressor2_43_44 Box 1.wmv,1,novstressor,sec,64,96.66666667,30.46666667
43,250905_SEFL10N6d_B2_stressor2_43_44 Box 1.wmv,1,novstressor,sec,65,0,950.1333333
43,250905_SEFL10N6d_B2_stressor2_43_44 Box 1.wmv,1,novstressor,sec,66,0,1330.5
43,250905_SEFL10N6d_B2_stressor2_43_44 Box 1.wmv,1,novstressor,sec,67,0,1221.8
43,250905_SEFL10N6d_B2_stressor2_43_44 Box 1.wmv,1,novstressor,sec,68,16.66666667,1164
43,250905_SEFL10N6d_B2_stressor2_43_44 Box 1.wmv,1,novstressor,sec,69,56.66666667,900.3333333
43,250905_SEFL10N6d_B2_stressor2_43_44 Box 1.wmv,1,novstressor,sec,70,0,2212.766667
43,250905_SEFL10N6d_B2_stressor2_43_44 Box 1.wmv,1,novstressor,sec,71,0,988.6333333
43,250905_SEFL10N6d_B2_stressor2_43_44 Box 1.wmv,1,novstressor,sec,72,0,647
43,250905_SEFL10N6d_B2_stressor2_43_44 Box 1.wmv,1,novstressor,sec,73,0,1096.033333
43,250905_SEFL10N6d_B2_stressor2_43_44 Box 1.wmv,1,novstressor,sec,74,0,947.1
43,250905_SEFL10N6d_B2_stressor2_43_44 Box 1.wmv,1,novstressor,sec,75,0,844.6333333
43,250905_SEFL10N6d_B2_stressor2_43_44 Box 1.wmv,1,novstressor,sec,76,0,1148.633333
43,250905_SEFL10N6d_B2_stressor2_43_44 Box 1.wmv,1,novstressor,sec,77,0,824.2333333
43,250905_SEFL10N6d_B2_stressor2_43_44 Box 1.wmv,1,novstressor,sec,78,53.33333333,206.1333333
43,250905_SEFL10N6d_B2_stressor2_43_44 Box 1.wmv,1,novstressor,sec,79,0,787.1
43,250905_SEFL10N6d_B2_stressor2_43_44 Box 1.wmv,1,novstressor,sec,80,0,661.9333333
43,250905_SEFL10N6d_B2_stressor2_43_44 Box 1.wmv,1,novstressor,sec,81,0,1191.133333
43,250905_SEFL10N6d_B2_stressor2_43_44 Box 1.wmv,1,novstressor,sec,82,60,329.2666667
43,250905_SEFL10N6d_B2_stressor2_43_44 Box 1.wmv,1,novstressor,sec,83,10,696.9
43,250905_SEFL10N6d_B2_stressor2_43_44 Box 1.wmv,1,novstressor,sec,84,56.66666667,180
43,250905_SEFL10N6d_B2_stressor2_43_44 Box 1.wmv,1,novstressor,sec,85,40,734.3666667
43,250905_SEFL10N6d_B2_stressor2_43_44 Box 1.wmv,1,novstressor,sec,86,66.66666667,217.4333333
43,250905_SEFL10N6d_B2_stressor2_43_44 Box 1.wmv,1,novstressor,sec,87,3.333333333,1261.866667
43,250905_SEFL10N6d_B2_stressor2_43_44 Box 1.wmv,1,novstressor,sec,88,0,1466.933333
43,250905_SEFL10N6d_B2_stressor2_43_44 Box 1.wmv,1,novstressor,sec,89,0,1324
43,250905_SEFL10N6d_B2_stressor2_43_44 Box 1.wmv,1,novstressor,sec,90,73.33333333,374.4666667
43,250905_SEFL10N6d_B2_stressor2_43_44 Box 1.wmv,1,novstressor,sec,91,3.333333333,428.7666667
43,250905_SEFL10N6d_B2_stressor2_43_44 Box 1.wmv,1,novstressor,sec,92,0,673.3333333
43,250905_SEFL10N6d_B2_stressor2_43_44 Box 1.wmv,1,novstressor,sec,93,0,910.6333333
43,250905_SEFL10N6d_B2_stressor2_43_44 Box 1.wmv,1,novstressor,sec,94,0,1255.6
43,250905_SEFL10N6d_B2_stressor2_43_44 Box 1.wmv,1,novstressor,sec,95,0,2640.6
43,250905_SEFL10N6d_B2_stressor2_43_44 Box 1.wmv,1,novstressor,sec,96,0,1755.8
43,250905_SEFL10N6d_B2_stressor2_43_44 Box 1.wmv,1,novstressor,sec,97,0,861.7333333
43,250905_SEFL10N6d_B2_stressor2_43_44 Box 1.wmv,1,novstressor,sec,98,0,491.0666667
43,250905_SEFL10N6d_B2_stressor2_43_44 Box 1.wmv,1,novstressor,sec,99,0,847.4
43,250905_SEFL10N6d_B2_stressor2_43_44 Box 1.wmv,1,novstressor,sec,100,0,374.7666667
43,250905_SEFL10N6d_B2_stressor2_43_44 Box 1.wmv,1,novstressor,sec,101,0,1382.3
43,250905_SEFL10N6d_B2_stressor2_43_44 Box 1.wmv,1,novstressor,sec,102,33.33333333,558.2
43,250905_SEFL10N6d_B2_stressor2_43_44 Box 1.wmv,1,novstressor,sec,103,60,388.3
43,250905_SEFL10N6d_B2_stressor2_43_44 Box 1.wmv,1,novstressor,sec,104,0,512.3
43,250905_SEFL10N6d_B2_stressor2_43_44 Box 1.wmv,1,novstressor,sec,105,0,543.6
43,250905_SEFL10N6d_B2_stressor2_43_44 Box 1.wmv,1,novstressor,sec,106,30,529.2
43,250905_SEFL10N6d_B2_stressor2_43_44 Box 1.wmv,1,novstressor,sec,107,43.33333333,461
43,250905_SEFL10N6d_B2_stressor2_43_44 Box 1.wmv,1,novstressor,sec,108,0,1155.833333
43,250905_SEFL10N6d_B2_stressor2_43_44 Box 1.wmv,1,novstressor,sec,109,0,1277
43,250905_SEFL10N6d_B2_stressor2_43_44 Box 1.wmv,1,novstressor,sec,110,0,492.3666667
43,250905_SEFL10N6d_B2_stressor2_43_44 Box 1.wmv,1,novstressor,sec,111,0,734.1666667
43,250905_SEFL10N6d_B2_stressor2_43_44 Box 1.wmv,1,novstressor,sec,112,0,739.0333333
43,250905_SEFL10N6d_B2_stressor2_43_44 Box 1.wmv,1,novstressor,sec,113,0,1074.466667
43,250905_SEFL10N6d_B2_stressor2_43_44 Box 1.wmv,1,novstressor,sec,114,0,473.1666667
43,250905_SEFL10N6d_B2_stressor2_43_44 Box 1.wmv,1,novstressor,sec,115,86.66666667,136.0666667
43,250905_SEFL10N6d_B2_stressor2_43_44 Box 1.wmv,1,novstressor,sec,116,20,685
43,250905_SEFL10N6d_B2_stressor2_43_44 Box 1.wmv,1,novstressor,sec,117,0,897.4666667
43,250905_SEFL10N6d_B2_stressor2_43_44 Box 1.wmv,1,novstressor,sec,118,0,1179.166667
43,250905_SEFL10N6d_B2_stressor2_43_44 Box 1.wmv,1,novstressor,sec,119,0,778.7333333
43,250905_SEFL10N6d_B2_stressor2_43_44 Box 1.wmv,1,novstressor,sec,120,0,1519.966667
43,250905_SEFL10N6d_B2_stressor2_43_44 Box 1.wmv,1,novstressor,sec,121,0,335.0666667
43,250905_SEFL10N6d_B2_stressor2_43_44 Box 1.wmv,1,novstressor,sec,122,0,409.1333333
43,250905_SEFL10N6d_B2_stressor2_43_44 Box 1.wmv,1,novstressor,sec,123,0,391.9333333
43,250905_SEFL10N6d_B2_stressor2_43_44 Box 1.wmv,1,novstressor,sec,124,0,323.5333333
43,250905_SEFL10N6d_B2_stressor2_43_44 Box 1.wmv,1,novstressor,sec,125,0,411.3333333
43,250905_SEFL10N6d_B2_stressor2_43_44 Box 1.wmv,1,novstressor,sec,126,0,449.1333333
43,250905_SEFL10N6d_B2_stressor2_43_44 Box 1.wmv,1,novstressor,sec,127,0,486.6666667
43,250905_SEFL10N6d_B2_stressor2_43_44 Box 1.wmv,1,novstressor,sec,128,0,808.8666667
43,250905_SEFL10N6d_B2_stressor2_43_44 Box 1.wmv,1,novstressor,sec,129,0,1349.966667
43,250905_SEFL10N6d_B2_stressor2_43_44 Box 1.wmv,1,novstressor,sec,130,0,1038.9
43,250905_SEFL10N6d_B2_stressor2_43_44 Box 1.wmv,1,novstressor,sec,131,70,242.6
43,250905_SEFL10N6d_B2_stressor2_43_44 Box 1.wmv,1,novstressor,sec,132,0,2018.6
43,250905_SEFL10N6d_B2_stressor2_43_44 Box 1.wmv,1,novstressor,sec,133,0,572.0333333
43,250905_SEFL10N6d_B2_stressor2_43_44 Box 1.wmv,1,novstressor,sec,134,0,471.6666667
43,250905_SEFL10N6d_B2_stressor2_43_44 Box 1.wmv,1,novstressor,sec,135,0,179.5666667
43,250905_SEFL10N6d_B2_stressor2_43_44 Box 1.wmv,1,novstressor,sec,136,0,322.5333333
43,250905_SEFL10N6d_B2_stressor2_43_44 Box 1.wmv,1,novstressor,sec,137,96.66666667,53.16666667
43,250905_SEFL10N6d_B2_stressor2_43_44 Box 1.wmv,1,novstressor,sec,138,10,799.2666667
43,250905_SEFL10N6d_B2_stressor2_43_44 Box 1.wmv,1,novstressor,sec,139,0,785.9
43,250905_SEFL10N6d_B2_stressor2_43_44 Box 1.wmv,1,novstressor,sec,140,26.66666667,528.8
43,250905_SEFL10N6d_B2_stressor2_43_44 Box 1.wmv,1,novstressor,sec,141,83.33333333,74.56666667
43,250905_SEFL10N6d_B2_stressor2_43_44 Box 1.wmv,1,novstressor,sec,142,0,289.2
43,250905_SEFL10N6d_B2_stressor2_43_44 Box 1.wmv,1,novstressor,sec,143,0,1040.266667
43,250905_SEFL10N6d_B2_stressor2_43_44 Box 1.wmv,1,novstressor,sec,144,26.66666667,374.0666667
43,250905_SEFL10N6d_B2_stressor2_43_44 Box 1.wmv,1,novstressor,sec,145,100,3.2
43,250905_SEFL10N6d_B2_stressor2_43_44 Box 1.wmv,1,novstressor,sec,146,16.66666667,1086.433333
43,250905_SEFL10N6d_B2_stressor2_43_44 Box 1.wmv,1,novstressor,sec,147,36.66666667,603.7
43,250905_SEFL10N6d_B2_stressor2_43_44 Box 1.wmv,1,novstressor,sec,148,70,359.1333333
43,250905_SEFL10N6d_B2_stressor2_43_44 Box 1.wmv,1,novstressor,sec,149,0,943.4666667
43,250905_SEFL10N6d_B2_stressor2_43_44 Box 1.wmv,1,novstressor,sec,150,0,1364.633333
43,250905_SEFL10N6d_B2_stressor2_43_44 Box 1.wmv,1,novstressor,sec,151,0,689.4333333
43,250905_SEFL10N6d_B2_stressor2_43_44 Box 1.wmv,1,novstressor,sec,152,0,518.0333333
43,250905_SEFL10N6d_B2_stressor2_43_44 Box 1.wmv,1,novstressor,sec,153,0,1756.233333
43,250905_SEFL10N6d_B2_stressor2_43_44 Box 1.wmv,1,novstressor,sec,154,40,425.7
43,250905_SEFL10N6d_B2_stressor2_43_44 Box 1.wmv,1,novstressor,sec,155,23.33333333,1386.133333
43,250905_SEFL10N6d_B2_stressor2_43_44 Box 1.wmv,1,novstressor,sec,156,0,587.7666667
43,250905_SEFL10N6d_B2_stressor2_43_44 Box 1.wmv,1,novstressor,sec,157,23.33333333,453.8666667
43,250905_SEFL10N6d_B2_stressor2_43_44 Box 1.wmv,1,novstressor,sec,158,33.33333333,940.2333333
43,250905_SEFL10N6d_B2_stressor2_43_44 Box 1.wmv,1,novstressor,sec,159,0,1343.633333
43,250905_SEFL10N6d_B2_stressor2_43_44 Box 1.wmv,1,novstressor,sec,160,0,315.8
43,250905_SEFL10N6d_B2_stressor2_43_44 Box 1.wmv,1,novstressor,sec,161,0,405.6333333
43,250905_SEFL10N6d_B2_stressor2_43_44 Box 1.wmv,1,novstressor,sec,162,0,1249.733333
43,250905_SEFL10N6d_B2_stressor2_43_44 Box 1.wmv,1,novstressor,sec,163,0,1021.7
43,250905_SEFL10N6d_B2_stressor2_43_44 Box 1.wmv,1,novstressor,sec,164,0,525.3666667
43,250905_SEFL10N6d_B2_stressor2_43_44 Box 1.wmv,1,novstressor,sec,165,26.66666667,439.8666667
43,250905_SEFL10N6d_B2_stressor2_43_44 Box 1.wmv,1,novstressor,sec,166,36.66666667,334.2333333
43,250905_SEFL10N6d_B2_stressor2_43_44 Box 1.wmv,1,novstressor,sec,167,0,620.1666667
43,250905_SEFL10N6d_B2_stressor2_43_44 Box 1.wmv,1,novstressor,sec,168,0,413.9666667
43,250905_SEFL10N6d_B2_stressor2_43_44 Box 1.wmv,1,novstressor,sec,169,0,442.4666667
43,250905_SEFL10N6d_B2_stressor2_43_44 Box 1.wmv,1,novstressor,sec,170,0,782.1666667
43,250905_SEFL10N6d_B2_stressor2_43_44 Box 1.wmv,1,novstressor,sec,171,40,812.7
43,250905_SEFL10N6d_B2_stressor2_43_44 Box 1.wmv,1,novstressor,sec,172,73.33333333,377.5333333
43,250905_SEFL10N6d_B2_stressor2_43_44 Box 1.wmv,1,novstressor,sec,173,0,995.5333333
43,250905_SEFL10N6d_B2_stressor2_43_44 Box 1.wmv,1,novstressor,sec,174,80,80.06666667
43,250905_SEFL10N6d_B2_stressor2_43_44 Box 1.wmv,1,novstressor,sec,175,13.33333333,1055.033333
43,250905_SEFL10N6d_B2_stressor2_43_44 Box 1.wmv,1,novstressor,sec,176,0,462.3333333
43,250905_SEFL10N6d_B2_stressor2_43_44 Box 1.wmv,1,novstressor,sec,177,0,666.0333333
43,250905_SEFL10N6d_B2_stressor2_43_44 Box 1.wmv,1,novstressor,sec,178,93.33333333,36.9
43,250905_SEFL10N6d_B2_stressor2_43_44 Box 1.wmv,1,novstressor,sec,179,30,580.6666667
43,250905_SEFL10N6d_B2_stressor2_43_44 Box 1.wmv,1,novstressor,sec,180,0,808.2666667
43,250905_SEFL10N6d_B2_stressor2_43_44 Box 1.wmv,1,novstressor,sec,181,0,1506.5
43,250905_SEFL10N6d_B2_stressor2_43_44 Box 1.wmv,1,novstressor,sec,182,0,1292.5
43,250905_SEFL10N6d_B2_stressor2_43_44 Box 1.wmv,1,novstressor,sec,183,0,1749.2
43,250905_SEFL10N6d_B2_stressor2_43_44 Box 1.wmv,1,novstressor,sec,184,0,2363.133333
43,250905_SEFL10N6d_B2_stressor2_43_44 Box 1.wmv,1,novstressor,sec,185,36.66666667,416.2333333
43,250905_SEFL10N6d_B2_stressor2_43_44 Box 1.wmv,1,novstressor,sec,186,76.66666667,168.8
43,250905_SEFL10N6d_B2_stressor2_43_44 Box 1.wmv,1,novstressor,sec,187,0,640.3666667
43,250905_SEFL10N6d_B2_stressor2_43_44 Box 1.wmv,1,novstressor,sec,188,0,1730.233333
43,250905_SEFL10N6d_B2_stressor2_43_44 Box 1.wmv,1,novstressor,sec,189,0,780.7666667
43,250905_SEFL10N6d_B2_stressor2_43_44 Box 1.wmv,1,novstressor,sec,190,83.33333333,160.4666667
43,250905_SEFL10N6d_B2_stressor2_43_44 Box 1.wmv,1,novstressor,sec,191,80,172.1333333
43,250905_SEFL10N6d_B2_stressor2_43_44 Box 1.wmv,1,novstressor,sec,192,100,59.4
43,250905_SEFL10N6d_B2_stressor2_43_44 Box 1.wmv,1,novstressor,sec,193,63.33333333,204.3666667
43,250905_SEFL10N6d_B2_stressor2_43_44 Box 1.wmv,1,novstressor,sec,194,0,760.1333333
43,250905_SEFL10N6d_B2_stressor2_43_44 Box 1.wmv,1,novstressor,sec,195,0,442.6666667
43,250905_SEFL10N6d_B2_stressor2_43_44 Box 1.wmv,1,novstressor,sec,196,20,370.3
43,250905_SEFL10N6d_B2_stressor2_43_44 Box 1.wmv,1,novstressor,sec,197,50,282.2
43,250905_SEFL10N6d_B2_stressor2_43_44 Box 1.wmv,1,novstressor,sec,198,3.333333333,476.7
43,250905_SEFL10N6d_B2_stressor2_43_44 Box 1.wmv,1,novstressor,sec,199,100,34.76666667
43,250905_SEFL10N6d_B2_stressor2_43_44 Box 1.wmv,1,novstressor,sec,200,16.66666667,1196.533333
43,250905_SEFL10N6d_B2_stressor2_43_44 Box 1.wmv,1,novstressor,sec,201,0,1003.066667
43,250905_SEFL10N6d_B2_stressor2_43_44 Box 1.wmv,1,novstressor,sec,202,0,661.7666667
43,250905_SEFL10N6d_B2_stressor2_43_44 Box 1.wmv,1,novstressor,sec,203,0,1561.8
43,250905_SEFL10N6d_B2_stressor2_43_44 Box 1.wmv,1,novstressor,sec,204,0,908.3
43,250905_SEFL10N6d_B2_stressor2_43_44 Box 1.wmv,1,novstressor,sec,205,83.33333333,119.7333333
43,250905_SEFL10N6d_B2_stressor2_43_44 Box 1.wmv,1,novstressor,sec,206,53.33333333,328.8333333
43,250905_SEFL10N6d_B2_stressor2_43_44 Box 1.wmv,1,novstressor,sec,207,0,760.3333333
43,250905_SEFL10N6d_B2_stressor2_43_44 Box 1.wmv,1,novstressor,sec,208,53.33333333,209.1333333
43,250905_SEFL10N6d_B2_stressor2_43_44 Box 1.wmv,1,novstressor,sec,209,100,0.433333333
43,250905_SEFL10N6d_B2_stressor2_43_44 Box 1.wmv,1,novstressor,sec,210,66.66666667,215.4666667
43,250905_SEFL10N6d_B2_stressor2_43_44 Box 1.wmv,1,novstressor,sec,211,0,1105.866667
43,250905_SEFL10N6d_B2_stressor2_43_44 Box 1.wmv,1,novstressor,sec,212,0,916.9333333
43,250905_SEFL10N6d_B2_stressor2_43_44 Box 1.wmv,1,novstressor,sec,213,0,599.6666667
43,250905_SEFL10N6d_B2_stressor2_43_44 Box 1.wmv,1,novstressor,sec,214,0,524.1333333
43,250905_SEFL10N6d_B2_stressor2_43_44 Box 1.wmv,1,novstressor,sec,215,0,508.5
43,250905_SEFL10N6d_B2_stressor2_43_44 Box 1.wmv,1,novstressor,sec,216,0,605.3
43,250905_SEFL10N6d_B2_stressor2_43_44 Box 1.wmv,1,novstressor,sec,217,0,394.8
43,250905_SEFL10N6d_B2_stressor2_43_44 Box 1.wmv,1,novstressor,sec,218,16.66666667,443.8666667
43,250905_SEFL10N6d_B2_stressor2_43_44 Box 1.wmv,1,novstressor,sec,219,96.66666667,50.93333333
43,250905_SEFL10N6d_B2_stressor2_43_44 Box 1.wmv,1,novstressor,sec,220,76.66666667,201.9
43,250905_SEFL10N6d_B2_stressor2_43_44 Box 1.wmv,1,novstressor,sec,221,0,666.2666667
43,250905_SEFL10N6d_B2_stressor2_43_44 Box 1.wmv,1,novstressor,sec,222,76.66666667,124.4666667
43,250905_SEFL10N6d_B2_stressor2_43_44 Box 1.wmv,1,novstressor,sec,223,3.333333333,878.7
43,250905_SEFL10N6d_B2_stressor2_43_44 Box 1.wmv,1,novstressor,sec,224,0,768.3
43,250905_SEFL10N6d_B2_stressor2_43_44 Box 1.wmv,1,novstressor,sec,225,30,384.8
43,250905_SEFL10N6d_B2_stressor2_43_44 Box 1.wmv,1,novstressor,sec,226,100,9.466666667
43,250905_SEFL10N6d_B2_stressor2_43_44 Box 1.wmv,1,novstressor,sec,227,100,4.333333333
43,250905_SEFL10N6d_B2_stressor2_43_44 Box 1.wmv,1,novstressor,sec,228,30,496.6
43,250905_SEFL10N6d_B2_stressor2_43_44 Box 1.wmv,1,novstressor,sec,229,100,11.1
43,250905_SEFL10N6d_B2_stressor2_43_44 Box 1.wmv,1,novstressor,sec,230,100,13.36666667
43,250905_SEFL10N6d_B2_stressor2_43_44 Box 1.wmv,1,novstressor,sec,231,33.33333333,440.2666667
43,250905_SEFL10N6d_B2_stressor2_43_44 Box 1.wmv,1,novstressor,sec,232,0,689.6333333
43,250905_SEFL10N6d_B2_stressor2_43_44 Box 1.wmv,1,novstressor,sec,233,0,644.6333333
43,250905_SEFL10N6d_B2_stressor2_43_44 Box 1.wmv,1,novstressor,sec,234,0,194.0666667
43,250905_SEFL10N6d_B2_stressor2_43_44 Box 1.wmv,1,novstressor,sec,235,0,462.0666667
43,250905_SEFL10N6d_B2_stressor2_43_44 Box 1.wmv,1,novstressor,sec,236,0,358.7333333
43,250905_SEFL10N6d_B2_stressor2_43_44 Box 1.wmv,1,novstressor,sec,237,0,606
43,250905_SEFL10N6d_B2_stressor2_43_44 Box 1.wmv,1,novstressor,sec,238,0,668.3333333
43,250905_SEFL10N6d_B2_stressor2_43_44 Box 1.wmv,1,novstressor,sec,239,0,568.9
43,250905_SEFL10N6d_B2_stressor2_43_44 Box 1.wmv,1,novstressor,sec,240,43.33333333,343.8333333
43,250905_SEFL10N6d_B2_stressor2_43_44 Box 1.wmv,1,novstressor,sec,241,23.33333333,478.3
43,250905_SEFL10N6d_B2_stressor2_43_44 Box 1.wmv,1,novstressor,sec,242,6.666666667,372.7666667
43,250905_SEFL10N6d_B2_stressor2_43_44 Box 1.wmv,1,novstressor,sec,243,100,3.2
43,250905_SEFL10N6d_B2_stressor2_43_44 Box 1.wmv,1,novstressor,sec,244,73.33333333,216.9
43,250905_SEFL10N6d_B2_stressor2_43_44 Box 1.wmv,1,novstressor,sec,245,86.66666667,129.7666667
43,250905_SEFL10N6d_B2_stressor2_43_44 Box 1.wmv,1,novstressor,sec,246,0,961.2666667
43,250905_SEFL10N6d_B2_stressor2_43_44 Box 1.wmv,1,novstressor,sec,247,36.66666667,436.6333333
43,250905_SEFL10N6d_B2_stressor2_43_44 Box 1.wmv,1,novstressor,sec,248,73.33333333,144.5333333
43,250905_SEFL10N6d_B2_stressor2_43_44 Box 1.wmv,1,novstressor,sec,249,0,572.0666667
43,250905_SEFL10N6d_B2_stressor2_43_44 Box 1.wmv,1,novstressor,sec,250,93.33333333,58.4
43,250905_SEFL10N6d_B2_stressor2_43_44 Box 1.wmv,1,novstressor,sec,251,60,319.0333333
43,250905_SEFL10N6d_B2_stressor2_43_44 Box 1.wmv,1,novstressor,sec,252,43.33333333,271.1333333
43,250905_SEFL10N6d_B2_stressor2_43_44 Box 1.wmv,1,novstressor,sec,253,86.66666667,70.8
43,250905_SEFL10N6d_B2_stressor2_43_44 Box 1.wmv,1,novstressor,sec,254,0,1402.033333
43,250905_SEFL10N6d_B2_stressor2_43_44 Box 1.wmv,1,novstressor,sec,255,0,1212.466667
43,250905_SEFL10N6d_B2_stressor2_43_44 Box 1.wmv,1,novstressor,sec,256,0,1307.1
43,250905_SEFL10N6d_B2_stressor2_43_44 Box 1.wmv,1,novstressor,sec,257,0,1351.066667
43,250905_SEFL10N6d_B2_stressor2_43_44 Box 1.wmv,1,novstressor,sec,258,0,862.3
43,250905_SEFL10N6d_B2_stressor2_43_44 Box 1.wmv,1,novstressor,sec,259,0,304.7333333
43,250905_SEFL10N6d_B2_stressor2_43_44 Box 1.wmv,1,novstressor,sec,260,0,1115.033333
43,250905_SEFL10N6d_B2_stressor2_43_44 Box 1.wmv,1,novstressor,sec,261,0,1081.766667
43,250905_SEFL10N6d_B2_stressor2_43_44 Box 1.wmv,1,novstressor,sec,262,66.66666667,261.9666667
43,250905_SEFL10N6d_B2_stressor2_43_44 Box 1.wmv,1,novstressor,sec,263,3.333333333,696.3
43,250905_SEFL10N6d_B2_stressor2_43_44 Box 1.wmv,1,novstressor,sec,264,76.66666667,336.3333333
43,250905_SEFL10N6d_B2_stressor2_43_44 Box 1.wmv,1,novstressor,sec,265,0,561.1666667
43,250905_SEFL10N6d_B2_stressor2_43_44 Box 1.wmv,1,novstressor,sec,266,0,739.2333333
43,250905_SEFL10N6d_B2_stressor2_43_44 Box 1.wmv,1,novstressor,sec,267,0,1121.133333
43,250905_SEFL10N6d_B2_stressor2_43_44 Box 1.wmv,1,novstressor,sec,268,80,231.6666667
43,250905_SEFL10N6d_B2_stressor2_43_44 Box 1.wmv,1,novstressor,sec,269,0,1653.3
43,250905_SEFL10N6d_B2_stressor2_43_44 Box 1.wmv,1,novstressor,sec,270,16.66666667,1158.333333
43,250905_SEFL10N6d_B2_stressor2_43_44 Box 1.wmv,1,novstressor,sec,271,96.66666667,27.83333333
43,250905_SEFL10N6d_B2_stressor2_43_44 Box 1.wmv,1,novstressor,sec,272,0,879.9666667
43,250905_SEFL10N6d_B2_stressor2_43_44 Box 1.wmv,1,novstressor,sec,273,80,331.4333333
43,250905_SEFL10N6d_B2_stressor2_43_44 Box 1.wmv,1,novstressor,sec,274,0,1183.733333
43,250905_SEFL10N6d_B2_stressor2_43_44 Box 1.wmv,1,novstressor,sec,275,16.66666667,867.6
43,250905_SEFL10N6d_B2_stressor2_43_44 Box 1.wmv,1,novstressor,sec,276,100,6.9
43,250905_SEFL10N6d_B2_stressor2_43_44 Box 1.wmv,1,novstressor,sec,277,23.33333333,461.4
43,250905_SEFL10N6d_B2_stressor2_43_44 Box 1.wmv,1,novstressor,sec,278,0,764.6
43,250905_SEFL10N6d_B2_stressor2_43_44 Box 1.wmv,1,novstressor,sec,279,0,590.0666667
43,250905_SEFL10N6d_B2_stressor2_43_44 Box 1.wmv,1,novstressor,sec,280,36.66666667,409.2
43,250905_SEFL10N6d_B2_stressor2_43_44 Box 1.wmv,1,novstressor,sec,281,40,193.5666667
43,250905_SEFL10N6d_B2_stressor2_43_44 Box 1.wmv,1,novstressor,sec,282,53.33333333,397.2333333
43,250905_SEFL10N6d_B2_stressor2_43_44 Box 1.wmv,1,novstressor,sec,283,0,506.4666667
43,250905_SEFL10N6d_B2_stressor2_43_44 Box 1.wmv,1,novstressor,sec,284,33.33333333,399.8333333
43,250905_SEFL10N6d_B2_stressor2_43_44 Box 1.wmv,1,novstressor,sec,285,23.33333333,226.8333333
43,250905_SEFL10N6d_B2_stressor2_43_44 Box 1.wmv,1,novstressor,sec,286,0,206.7333333
43,250905_SEFL10N6d_B2_stressor2_43_44 Box 1.wmv,1,novstressor,sec,287,0,870.7333333
43,250905_SEFL10N6d_B2_stressor2_43_44 Box 1.wmv,1,novstressor,sec,288,0,1609.5
43,250905_SEFL10N6d_B2_stressor2_43_44 Box 1.wmv,1,novstressor,sec,289,0,636.3
43,250905_SEFL10N6d_B2_stressor2_43_44 Box 1.wmv,1,novstressor,sec,290,0,1013.266667
43,250905_SEFL10N6d_B2_stressor2_43_44 Box 1.wmv,1,novstressor,sec,291,0,250.4666667
43,250905_SEFL10N6d_B2_stressor2_43_44 Box 1.wmv,1,novstressor,sec,292,0,1011.966667
43,250905_SEFL10N6d_B2_stressor2_43_44 Box 1.wmv,1,novstressor,sec,293,0,1191.433333
43,250905_SEFL10N6d_B2_stressor2_43_44 Box 1.wmv,1,novstressor,sec,294,0,1193.1
43,250905_SEFL10N6d_B2_stressor2_43_44 Box 1.wmv,1,novstressor,sec,295,13.33333333,935.2666667
43,250905_SEFL10N6d_B2_stressor2_43_44 Box 1.wmv,1,novstressor,sec,296,100,6.3
43,250905_SEFL10N6d_B2_stressor2_43_44 Box 1.wmv,1,novstressor,sec,297,23.33333333,1253.866667
43,250905_SEFL10N6d_B2_stressor2_43_44 Box 1.wmv,1,novstressor,sec,298,0,906.6333333
43,250905_SEFL10N6d_B2_stressor2_43_44 Box 1.wmv,1,novstressor,sec,299,43.33333333,322.2666667
43,250905_SEFL10N6d_B2_stressor2_43_44 Box 1.wmv,1,novstressor,sec,300,100,2.566666667
43,250905_SEFL10N6d_B2_stressor2_43_44 Box 1.wmv,1,novstressor,sec,301,93.33333333,22.36666667
43,250905_SEFL10N6d_B2_stressor2_43_44 Box 1.wmv,1,novstressor,sec,302,0,501.8333333
43,250905_SEFL10N6d_B2_stressor2_43_44 Box 1.wmv,1,novstressor,sec,303,0,670.1
43,250905_SEFL10N6d_B2_stressor2_43_44 Box 1.wmv,1,novstressor,sec,304,80,165.6
43,250905_SEFL10N6d_B2_stressor2_43_44 Box 1.wmv,1,novstressor,sec,305,100,4.3
43,250905_SEFL10N6d_B2_stressor2_43_44 Box 1.wmv,1,novstressor,sec,306,3.333333333,382.5666667
43,250905_SEFL10N6d_B2_stressor2_43_44 Box 1.wmv,1,novstressor,sec,307,0,322.2333333
43,250905_SEFL10N6d_B2_stressor2_43_44 Box 1.wmv,1,novstressor,sec,308,60,279.2666667
43,250905_SEFL10N6d_B2_stressor2_43_44 Box 1.wmv,1,novstressor,sec,309,73.33333333,140.7
43,250905_SEFL10N6d_B2_stressor2_43_44 Box 1.wmv,1,novstressor,sec,310,76.66666667,101.1333333
43,250905_SEFL10N6d_B2_stressor2_43_44 Box 1.wmv,1,novstressor,sec,311,93.33333333,45.4
43,250905_SEFL10N6d_B2_stressor2_43_44 Box 1.wmv,1,novstressor,sec,312,0,458.4333333
43,250905_SEFL10N6d_B2_stressor2_43_44 Box 1.wmv,1,novstressor,sec,313,0,774.4333333
43,250905_SEFL10N6d_B2_stressor2_43_44 Box 1.wmv,1,novstressor,sec,314,0,415.6
43,250905_SEFL10N6d_B2_stressor2_43_44 Box 1.wmv,1,novstressor,sec,315,0,1005.833333
43,250905_SEFL10N6d_B2_stressor2_43_44 Box 1.wmv,1,novstressor,sec,316,0,1184.766667
43,250905_SEFL10N6d_B2_stressor2_43_44 Box 1.wmv,1,novstressor,sec,317,50,184.5333333
43,250905_SEFL10N6d_B2_stressor2_43_44 Box 1.wmv,1,novstressor,sec,318,43.33333333,578.8333333
43,250905_SEFL10N6d_B2_stressor2_43_44 Box 1.wmv,1,novstressor,sec,319,0,637
43,250905_SEFL10N6d_B2_stressor2_43_44 Box 1.wmv,1,novstressor,sec,320,0,1087.433333
43,250905_SEFL10N6d_B2_stressor2_43_44 Box 1.wmv,1,novstressor,sec,321,0,1645.033333
43,250905_SEFL10N6d_B2_stressor2_43_44 Box 1.wmv,1,novstressor,sec,322,0,1240.7
43,250905_SEFL10N6d_B2_stressor2_43_44 Box 1.wmv,1,novstressor,sec,323,0,619.4333333
43,250905_SEFL10N6d_B2_stressor2_43_44 Box 1.wmv,1,novstressor,sec,324,0,1212.066667
43,250905_SEFL10N6d_B2_stressor2_43_44 Box 1.wmv,1,novstressor,sec,325,0,1186.466667
43,250905_SEFL10N6d_B2_stressor2_43_44 Box 1.wmv,1,novstressor,sec,326,0,1035.066667
43,250905_SEFL10N6d_B2_stressor2_43_44 Box 1.wmv,1,novstressor,sec,327,10,341.9
43,250905_SEFL10N6d_B2_stressor2_43_44 Box 1.wmv,1,novstressor,sec,328,40,472.9
43,250905_SEFL10N6d_B2_stressor2_43_44 Box 1.wmv,1,novstressor,sec,329,0,574.3333333
43,250905_SEFL10N6d_B2_stressor2_43_44 Box 1.wmv,1,novstressor,sec,330,0,436.3333333
43,250905_SEFL10N6d_B2_stressor2_43_44 Box 1.wmv,1,novstressor,sec,331,0,470.7333333
43,250905_SEFL10N6d_B2_stressor2_43_44 Box 1.wmv,1,novstressor,sec,332,0,658.2
43,250905_SEFL10N6d_B2_stressor2_43_44 Box 1.wmv,1,novstressor,sec,333,0,492.3333333
43,250905_SEFL10N6d_B2_stressor2_43_44 Box 1.wmv,1,novstressor,sec,334,0,398.4333333
43,250905_SEFL10N6d_B2_stressor2_43_44 Box 1.wmv,1,novstressor,sec,335,0,1204.266667
43,250905_SEFL10N6d_B2_stressor2_43_44 Box 1.wmv,1,novstressor,sec,336,70,251.1
43,250905_SEFL10N6d_B2_stressor2_43_44 Box 1.wmv,1,novstressor,sec,337,30,1468.666667
43,250905_SEFL10N6d_B2_stressor2_43_44 Box 1.wmv,1,novstressor,sec,338,0,1970.866667
43,250905_SEFL10N6d_B2_stressor2_43_44 Box 1.wmv,1,novstressor,sec,339,0,1075.166667
43,250905_SEFL10N6d_B2_stressor2_43_44 Box 1.wmv,1,novstressor,sec,340,0,1159.833333
43,250905_SEFL10N6d_B2_stressor2_43_44 Box 1.wmv,1,novstressor,sec,341,0,1762.766667
43,250905_SEFL10N6d_B2_stressor2_43_44 Box 1.wmv,1,novstressor,sec,342,0,1802.133333
43,250905_SEFL10N6d_B2_stressor2_43_44 Box 1.wmv,1,novstressor,sec,343,0,984.5
43,250905_SEFL10N6d_B2_stressor2_43_44 Box 1.wmv,1,novstressor,sec,344,33.33333333,367.6
43,250905_SEFL10N6d_B2_stressor2_43_44 Box 1.wmv,1,novstressor,sec,345,86.66666667,135.1333333
43,250905_SEFL10N6d_B2_stressor2_43_44 Box 1.wmv,1,novstressor,sec,346,0,594.2
43,250905_SEFL10N6d_B2_stressor2_43_44 Box 1.wmv,1,novstressor,sec,347,20,305.8
43,250905_SEFL10N6d_B2_stressor2_43_44 Box 1.wmv,1,novstressor,sec,348,100,5.066666667
43,250905_SEFL10N6d_B2_stressor2_43_44 Box 1.wmv,1,novstressor,sec,349,0,640.5333333
43,250905_SEFL10N6d_B2_stressor2_43_44 Box 1.wmv,1,novstressor,sec,350,0,378.8333333
43,250905_SEFL10N6d_B2_stressor2_43_44 Box 1.wmv,1,novstressor,sec,351,0,261.0333333
43,250905_SEFL10N6d_B2_stressor2_43_44 Box 1.wmv,1,novstressor,sec,352,0,605.5
43,250905_SEFL10N6d_B2_stressor2_43_44 Box 1.wmv,1,novstressor,sec,353,0,1304.166667
43,250905_SEFL10N6d_B2_stressor2_43_44 Box 1.wmv,1,novstressor,sec,354,0,905.6
43,250905_SEFL10N6d_B2_stressor2_43_44 Box 1.wmv,1,novstressor,sec,355,0,800.8666667
43,250905_SEFL10N6d_B2_stressor2_43_44 Box 1.wmv,1,novstressor,sec,356,0,1331.633333
43,250905_SEFL10N6d_B2_stressor2_43_44 Box 1.wmv,1,novstressor,sec,357,0,1580.066667
43,250905_SEFL10N6d_B2_stressor2_43_44 Box 1.wmv,1,novstressor,sec,358,0,529.4
43,250905_SEFL10N6d_B2_stressor2_43_44 Box 1.wmv,1,novstressor,sec,359,0,537.9
43,250905_SEFL10N6d_B2_stressor2_43_44 Box 1.wmv,1,novstressor,sec,360,0,263.2333333
43,250905_SEFL10N6d_B2_stressor2_43_44 Box 1.wmv,1,novstressor,sec,361,0,373.4333333
43,250905_SEFL10N6d_B2_stressor2_43_44 Box 1.wmv,1,novstressor,sec,362,0,678.9
43,250905_SEFL10N6d_B2_stressor2_43_44 Box 1.wmv,1,novstressor,sec,363,0,910.44
43,250905_SEFL10N6d_B2_stressor2_43_44 Box 1.wmv,1,novstressor,prepost,bl,11.22222222,858.8672222
43,250905_SEFL10N6d_B2_stressor2_43_44 Box 1.wmv,1,novstressor,prepost,post,25.39388323,620.4902688
43,250905_SEFL10N6d_B2_stressor2_43_44 Box 1.wmv,1,novstressor,startle,startle_post,37.77777778,982.7222222
43,250905_SEFL10N6d_B2_stressor2_43_44 Box 1.wmv,1,novstressor,startle,startle_pre,41.11111111,475.2777778
43,250905_SEFL10N6d_B2_stressor2_43_44 Box 1.wmv,1,novstressor,startle,startle_startle,0,1516.066667
44,250905_SEFL10N6d_B2_stressor2_43_44 Box 2.wmv,2,novstressor,sec,1,0,1170.466667
44,250905_SEFL10N6d_B2_stressor2_43_44 Box 2.wmv,2,novstressor,sec,2,0,1060.133333
44,250905_SEFL10N6d_B2_stressor2_43_44 Box 2.wmv,2,novstressor,sec,3,0,1408.866667
44,250905_SEFL10N6d_B2_stressor2_43_44 Box 2.wmv,2,novstressor,sec,4,0,3003.266667
44,250905_SEFL10N6d_B2_stressor2_43_44 Box 2.wmv,2,novstressor,sec,5,0,889.1333333
44,250905_SEFL10N6d_B2_stressor2_43_44 Box 2.wmv,2,novstressor,sec,6,0,1228.133333
44,250905_SEFL10N6d_B2_stressor2_43_44 Box 2.wmv,2,novstressor,sec,7,0,1396
44,250905_SEFL10N6d_B2_stressor2_43_44 Box 2.wmv,2,novstressor,sec,8,0,2550.633333
44,250905_SEFL10N6d_B2_stressor2_43_44 Box 2.wmv,2,novstressor,sec,9,0,932.1666667
44,250905_SEFL10N6d_B2_stressor2_43_44 Box 2.wmv,2,novstressor,sec,10,0,1155.4
44,250905_SEFL10N6d_B2_stressor2_43_44 Box 2.wmv,2,novstressor,sec,11,0,1053.166667
44,250905_SEFL10N6d_B2_stressor2_43_44 Box 2.wmv,2,novstressor,sec,12,0,1141.433333
44,250905_SEFL10N6d_B2_stressor2_43_44 Box 2.wmv,2,novstressor,sec,13,0,753.0666667
44,250905_SEFL10N6d_B2_stressor2_43_44 Box 2.wmv,2,novstressor,sec,14,0,1084.8
44,250905_SEFL10N6d_B2_stressor2_43_44 Box 2.wmv,2,novstressor,sec,15,0,2119.833333
44,250905_SEFL10N6d_B2_stressor2_43_44 Box 2.wmv,2,novstressor,sec,16,0,2542.166667
44,250905_SEFL10N6d_B2_stressor2_43_44 Box 2.wmv,2,novstressor,sec,17,0,706.5
44,250905_SEFL10N6d_B2_stressor2_43_44 Box 2.wmv,2,novstressor,sec,18,0,1108.733333
44,250905_SEFL10N6d_B2_stressor2_43_44 Box 2.wmv,2,novstressor,sec,19,0,934.3
44,250905_SEFL10N6d_B2_stressor2_43_44 Box 2.wmv,2,novstressor,sec,20,0,1365.433333
44,250905_SEFL10N6d_B2_stressor2_43_44 Box 2.wmv,2,novstressor,sec,21,0,1597
44,250905_SEFL10N6d_B2_stressor2_43_44 Box 2.wmv,2,novstressor,sec,22,0,1209.533333
44,250905_SEFL10N6d_B2_stressor2_43_44 Box 2.wmv,2,novstressor,sec,23,0,2599.733333
44,250905_SEFL10N6d_B2_stressor2_43_44 Box 2.wmv,2,novstressor,sec,24,0,838.5333333
44,250905_SEFL10N6d_B2_stressor2_43_44 Box 2.wmv,2,novstressor,sec,25,0,1084.033333
44,250905_SEFL10N6d_B2_stressor2_43_44 Box 2.wmv,2,novstressor,sec,26,0,1636.033333
44,250905_SEFL10N6d_B2_stressor2_43_44 Box 2.wmv,2,novstressor,sec,27,0,2982.033333
44,250905_SEFL10N6d_B2_stressor2_43_44 Box 2.wmv,2,novstressor,sec,28,0,809.5666667
44,250905_SEFL10N6d_B2_stressor2_43_44 Box 2.wmv,2,novstressor,sec,29,0,748.4333333
44,250905_SEFL10N6d_B2_stressor2_43_44 Box 2.wmv,2,novstressor,sec,30,0,1119.6
44,250905_SEFL10N6d_B2_stressor2_43_44 Box 2.wmv,2,novstressor,sec,31,0,618.7666667
44,250905_SEFL10N6d_B2_stressor2_43_44 Box 2.wmv,2,novstressor,sec,32,0,1542.166667
44,250905_SEFL10N6d_B2_stressor2_43_44 Box 2.wmv,2,novstressor,sec,33,0,1457.4
44,250905_SEFL10N6d_B2_stressor2_43_44 Box 2.wmv,2,novstressor,sec,34,0,2868.666667
44,250905_SEFL10N6d_B2_stressor2_43_44 Box 2.wmv,2,novstressor,sec,35,0,1602
44,250905_SEFL10N6d_B2_stressor2_43_44 Box 2.wmv,2,novstressor,sec,36,0,914.7333333
44,250905_SEFL10N6d_B2_stressor2_43_44 Box 2.wmv,2,novstressor,sec,37,56.66666667,271.3666667
44,250905_SEFL10N6d_B2_stressor2_43_44 Box 2.wmv,2,novstressor,sec,38,0,1222.166667
44,250905_SEFL10N6d_B2_stressor2_43_44 Box 2.wmv,2,novstressor,sec,39,0,1044.433333
44,250905_SEFL10N6d_B2_stressor2_43_44 Box 2.wmv,2,novstressor,sec,40,0,1393
44,250905_SEFL10N6d_B2_stressor2_43_44 Box 2.wmv,2,novstressor,sec,41,0,1655.266667
44,250905_SEFL10N6d_B2_stressor2_43_44 Box 2.wmv,2,novstressor,sec,42,0,2230.433333
44,250905_SEFL10N6d_B2_stressor2_43_44 Box 2.wmv,2,novstressor,sec,43,0,2404.066667
44,250905_SEFL10N6d_B2_stressor2_43_44 Box 2.wmv,2,novstressor,sec,44,0,1204.366667
44,250905_SEFL10N6d_B2_stressor2_43_44 Box 2.wmv,2,novstressor,sec,45,0,718.5
44,250905_SEFL10N6d_B2_stressor2_43_44 Box 2.wmv,2,novstressor,sec,46,0,1155.866667
44,250905_SEFL10N6d_B2_stressor2_43_44 Box 2.wmv,2,novstressor,sec,47,0,1862.866667
44,250905_SEFL10N6d_B2_stressor2_43_44 Box 2.wmv,2,novstressor,sec,48,13.33333333,1236.066667
44,250905_SEFL10N6d_B2_stressor2_43_44 Box 2.wmv,2,novstressor,sec,49,100,147.1
44,250905_SEFL10N6d_B2_stressor2_43_44 Box 2.wmv,2,novstressor,sec,50,10,238.9333333
44,250905_SEFL10N6d_B2_stressor2_43_44 Box 2.wmv,2,novstressor,sec,51,0,763.1333333
44,250905_SEFL10N6d_B2_stressor2_43_44 Box 2.wmv,2,novstressor,sec,52,0,438.8333333
44,250905_SEFL10N6d_B2_stressor2_43_44 Box 2.wmv,2,novstressor,sec,53,0,747.3666667
44,250905_SEFL10N6d_B2_stressor2_43_44 Box 2.wmv,2,novstressor,sec,54,0,832.3333333
44,250905_SEFL10N6d_B2_stressor2_43_44 Box 2.wmv,2,novstressor,sec,55,0,994.3666667
44,250905_SEFL10N6d_B2_stressor2_43_44 Box 2.wmv,2,novstressor,sec,56,0,1623.2
44,250905_SEFL10N6d_B2_stressor2_43_44 Box 2.wmv,2,novstressor,sec,57,0,1333.033333
44,250905_SEFL10N6d_B2_stressor2_43_44 Box 2.wmv,2,novstressor,sec,58,0,983.5333333
44,250905_SEFL10N6d_B2_stressor2_43_44 Box 2.wmv,2,novstressor,sec,59,0,633.4333333
44,250905_SEFL10N6d_B2_stressor2_43_44 Box 2.wmv,2,novstressor,sec,60,0,595.3666667
44,250905_SEFL10N6d_B2_stressor2_43_44 Box 2.wmv,2,novstressor,sec,61,0,504.9
44,250905_SEFL10N6d_B2_stressor2_43_44 Box 2.wmv,2,novstressor,sec,62,0,1442.8
44,250905_SEFL10N6d_B2_stressor2_43_44 Box 2.wmv,2,novstressor,sec,63,0,1711.566667
44,250905_SEFL10N6d_B2_stressor2_43_44 Box 2.wmv,2,novstressor,sec,64,0,2174.066667
44,250905_SEFL10N6d_B2_stressor2_43_44 Box 2.wmv,2,novstressor,sec,65,0,635.4
44,250905_SEFL10N6d_B2_stressor2_43_44 Box 2.wmv,2,novstressor,sec,66,0,623.9666667
44,250905_SEFL10N6d_B2_stressor2_43_44 Box 2.wmv,2,novstressor,sec,67,0,431.5
44,250905_SEFL10N6d_B2_stressor2_43_44 Box 2.wmv,2,novstressor,sec,68,0,1744.233333
44,250905_SEFL10N6d_B2_stressor2_43_44 Box 2.wmv,2,novstressor,sec,69,0,914.8333333
44,250905_SEFL10N6d_B2_stressor2_43_44 Box 2.wmv,2,novstressor,sec,70,16.66666667,373.1
44,250905_SEFL10N6d_B2_stressor2_43_44 Box 2.wmv,2,novstressor,sec,71,43.33333333,550.7666667
44,250905_SEFL10N6d_B2_stressor2_43_44 Box 2.wmv,2,novstressor,sec,72,0,1691.533333
44,250905_SEFL10N6d_B2_stressor2_43_44 Box 2.wmv,2,novstressor,sec,73,0,1444.266667
44,250905_SEFL10N6d_B2_stressor2_43_44 Box 2.wmv,2,novstressor,sec,74,0,1002.366667
44,250905_SEFL10N6d_B2_stressor2_43_44 Box 2.wmv,2,novstressor,sec,75,0,660.7333333
44,250905_SEFL10N6d_B2_stressor2_43_44 Box 2.wmv,2,novstressor,sec,76,0,1893.933333
44,250905_SEFL10N6d_B2_stressor2_43_44 Box 2.wmv,2,novstressor,sec,77,0,1407.033333
44,250905_SEFL10N6d_B2_stressor2_43_44 Box 2.wmv,2,novstressor,sec,78,26.66666667,1283.166667
44,250905_SEFL10N6d_B2_stressor2_43_44 Box 2.wmv,2,novstressor,sec,79,76.66666667,218.4
44,250905_SEFL10N6d_B2_stressor2_43_44 Box 2.wmv,2,novstressor,sec,80,0,890.3666667
44,250905_SEFL10N6d_B2_stressor2_43_44 Box 2.wmv,2,novstressor,sec,81,10,759.1
44,250905_SEFL10N6d_B2_stressor2_43_44 Box 2.wmv,2,novstressor,sec,82,50,461.4
44,250905_SEFL10N6d_B2_stressor2_43_44 Box 2.wmv,2,novstressor,sec,83,0,614.2666667
44,250905_SEFL10N6d_B2_stressor2_43_44 Box 2.wmv,2,novstressor,sec,84,63.33333333,209.4666667
44,250905_SEFL10N6d_B2_stressor2_43_44 Box 2.wmv,2,novstressor,sec,85,0,1084.9
44,250905_SEFL10N6d_B2_stressor2_43_44 Box 2.wmv,2,novstressor,sec,86,0,1543.966667
44,250905_SEFL10N6d_B2_stressor2_43_44 Box 2.wmv,2,novstressor,sec,87,0,291.0666667
44,250905_SEFL10N6d_B2_stressor2_43_44 Box 2.wmv,2,novstressor,sec,88,0,704
44,250905_SEFL10N6d_B2_stressor2_43_44 Box 2.wmv,2,novstressor,sec,89,0,876.2666667
44,250905_SEFL10N6d_B2_stressor2_43_44 Box 2.wmv,2,novstressor,sec,90,0,1094.766667
44,250905_SEFL10N6d_B2_stressor2_43_44 Box 2.wmv,2,novstressor,sec,91,0,1163.366667
44,250905_SEFL10N6d_B2_stressor2_43_44 Box 2.wmv,2,novstressor,sec,92,0,1585.333333
44,250905_SEFL10N6d_B2_stressor2_43_44 Box 2.wmv,2,novstressor,sec,93,0,1234.933333
44,250905_SEFL10N6d_B2_stressor2_43_44 Box 2.wmv,2,novstressor,sec,94,0,929.8
44,250905_SEFL10N6d_B2_stressor2_43_44 Box 2.wmv,2,novstressor,sec,95,0,506.8333333
44,250905_SEFL10N6d_B2_stressor2_43_44 Box 2.wmv,2,novstressor,sec,96,0,448.5
44,250905_SEFL10N6d_B2_stressor2_43_44 Box 2.wmv,2,novstressor,sec,97,0,539.3
44,250905_SEFL10N6d_B2_stressor2_43_44 Box 2.wmv,2,novstressor,sec,98,0,1614.7
44,250905_SEFL10N6d_B2_stressor2_43_44 Box 2.wmv,2,novstressor,sec,99,0,1302.366667
44,250905_SEFL10N6d_B2_stressor2_43_44 Box 2.wmv,2,novstressor,sec,100,0,386.4666667
44,250905_SEFL10N6d_B2_stressor2_43_44 Box 2.wmv,2,novstressor,sec,101,0,1110.133333
44,250905_SEFL10N6d_B2_stressor2_43_44 Box 2.wmv,2,novstressor,sec,102,0,513.0333333
44,250905_SEFL10N6d_B2_stressor2_43_44 Box 2.wmv,2,novstressor,sec,103,0,339.6333333
44,250905_SEFL10N6d_B2_stressor2_43_44 Box 2.wmv,2,novstressor,sec,104,0,602.6666667
44,250905_SEFL10N6d_B2_stressor2_43_44 Box 2.wmv,2,novstressor,sec,105,0,1119.733333
44,250905_SEFL10N6d_B2_stressor2_43_44 Box 2.wmv,2,novstressor,sec,106,0,730.3666667
44,250905_SEFL10N6d_B2_stressor2_43_44 Box 2.wmv,2,novstressor,sec,107,0,1087.266667
44,250905_SEFL10N6d_B2_stressor2_43_44 Box 2.wmv,2,novstressor,sec,108,0,1973.633333
44,250905_SEFL10N6d_B2_stressor2_43_44 Box 2.wmv,2,novstressor,sec,109,0,1926.966667
44,250905_SEFL10N6d_B2_stressor2_43_44 Box 2.wmv,2,novstressor,sec,110,0,1430.466667
44,250905_SEFL10N6d_B2_stressor2_43_44 Box 2.wmv,2,novstressor,sec,111,0,806.4666667
44,250905_SEFL10N6d_B2_stressor2_43_44 Box 2.wmv,2,novstressor,sec,112,70,289.8333333
44,250905_SEFL10N6d_B2_stressor2_43_44 Box 2.wmv,2,novstressor,sec,113,20,747
44,250905_SEFL10N6d_B2_stressor2_43_44 Box 2.wmv,2,novstressor,sec,114,0,803.7666667
44,250905_SEFL10N6d_B2_stressor2_43_44 Box 2.wmv,2,novstressor,sec,115,0,1295.8
44,250905_SEFL10N6d_B2_stressor2_43_44 Box 2.wmv,2,novstressor,sec,116,0,1494.7
44,250905_SEFL10N6d_B2_stressor2_43_44 Box 2.wmv,2,novstressor,sec,117,0,1103.466667
44,250905_SEFL10N6d_B2_stressor2_43_44 Box 2.wmv,2,novstressor,sec,118,0,572.5
44,250905_SEFL10N6d_B2_stressor2_43_44 Box 2.wmv,2,novstressor,sec,119,0,819.5333333
44,250905_SEFL10N6d_B2_stressor2_43_44 Box 2.wmv,2,novstressor,sec,120,0,780.1
44,250905_SEFL10N6d_B2_stressor2_43_44 Box 2.wmv,2,novstressor,sec,121,0,964.8333333
44,250905_SEFL10N6d_B2_stressor2_43_44 Box 2.wmv,2,novstressor,sec,122,0,1778.066667
44,250905_SEFL10N6d_B2_stressor2_43_44 Box 2.wmv,2,novstressor,sec,123,0,1366.066667
44,250905_SEFL10N6d_B2_stressor2_43_44 Box 2.wmv,2,novstressor,sec,124,0,1931.033333
44,250905_SEFL10N6d_B2_stressor2_43_44 Box 2.wmv,2,novstressor,sec,125,0,832.3666667
44,250905_SEFL10N6d_B2_stressor2_43_44 Box 2.wmv,2,novstressor,sec,126,0,860.2333333
44,250905_SEFL10N6d_B2_stressor2_43_44 Box 2.wmv,2,novstressor,sec,127,56.66666667,269.3666667
44,250905_SEFL10N6d_B2_stressor2_43_44 Box 2.wmv,2,novstressor,sec,128,0,338.2333333
44,250905_SEFL10N6d_B2_stressor2_43_44 Box 2.wmv,2,novstressor,sec,129,0,734.4666667
44,250905_SEFL10N6d_B2_stressor2_43_44 Box 2.wmv,2,novstressor,sec,130,0,1641.3
44,250905_SEFL10N6d_B2_stressor2_43_44 Box 2.wmv,2,novstressor,sec,131,0,1470.866667
44,250905_SEFL10N6d_B2_stressor2_43_44 Box 2.wmv,2,novstressor,sec,132,0,777.1333333
44,250905_SEFL10N6d_B2_stressor2_43_44 Box 2.wmv,2,novstressor,sec,133,96.66666667,37.76666667
44,250905_SEFL10N6d_B2_stressor2_43_44 Box 2.wmv,2,novstressor,sec,134,60,236.6333333
44,250905_SEFL10N6d_B2_stressor2_43_44 Box 2.wmv,2,novstressor,sec,135,0,760.8333333
44,250905_SEFL10N6d_B2_stressor2_43_44 Box 2.wmv,2,novstressor,sec,136,0,234.4
44,250905_SEFL10N6d_B2_stressor2_43_44 Box 2.wmv,2,novstressor,sec,137,56.66666667,326.7666667
44,250905_SEFL10N6d_B2_stressor2_43_44 Box 2.wmv,2,novstressor,sec,138,96.66666667,29.5
44,250905_SEFL10N6d_B2_stressor2_43_44 Box 2.wmv,2,novstressor,sec,139,0,649.1
44,250905_SEFL10N6d_B2_stressor2_43_44 Box 2.wmv,2,novstressor,sec,140,60,385.5
44,250905_SEFL10N6d_B2_stressor2_43_44 Box 2.wmv,2,novstressor,sec,141,0,913.9333333
44,250905_SEFL10N6d_B2_stressor2_43_44 Box 2.wmv,2,novstressor,sec,142,0,1259.966667
44,250905_SEFL10N6d_B2_stressor2_43_44 Box 2.wmv,2,novstressor,sec,143,0,738.9666667
44,250905_SEFL10N6d_B2_stressor2_43_44 Box 2.wmv,2,novstressor,sec,144,0,1096.7
44,250905_SEFL10N6d_B2_stressor2_43_44 Box 2.wmv,2,novstressor,sec,145,0,610.9333333
44,250905_SEFL10N6d_B2_stressor2_43_44 Box 2.wmv,2,novstressor,sec,146,0,430.1666667
44,250905_SEFL10N6d_B2_stressor2_43_44 Box 2.wmv,2,novstressor,sec,147,0,1489.366667
44,250905_SEFL10N6d_B2_stressor2_43_44 Box 2.wmv,2,novstressor,sec,148,0,868.7666667
44,250905_SEFL10N6d_B2_stressor2_43_44 Box 2.wmv,2,novstressor,sec,149,0,651.3333333
44,250905_SEFL10N6d_B2_stressor2_43_44 Box 2.wmv,2,novstressor,sec,150,0,826.9
44,250905_SEFL10N6d_B2_stressor2_43_44 Box 2.wmv,2,novstressor,sec,151,0,719
44,250905_SEFL10N6d_B2_stressor2_43_44 Box 2.wmv,2,novstressor,sec,152,0,991.9666667
44,250905_SEFL10N6d_B2_stressor2_43_44 Box 2.wmv,2,novstressor,sec,153,33.33333333,374.8333333
44,250905_SEFL10N6d_B2_stressor2_43_44 Box 2.wmv,2,novstressor,sec,154,20,943.2
44,250905_SEFL10N6d_B2_stressor2_43_44 Box 2.wmv,2,novstressor,sec,155,0,851.6666667
44,250905_SEFL10N6d_B2_stressor2_43_44 Box 2.wmv,2,novstressor,sec,156,80,155.5
44,250905_SEFL10N6d_B2_stressor2_43_44 Box 2.wmv,2,novstressor,sec,157,26.66666667,819.9666667
44,250905_SEFL10N6d_B2_stressor2_43_44 Box 2.wmv,2,novstressor,sec,158,0,809.5666667
44,250905_SEFL10N6d_B2_stressor2_43_44 Box 2.wmv,2,novstressor,sec,159,0,979.9
44,250905_SEFL10N6d_B2_stressor2_43_44 Box 2.wmv,2,novstressor,sec,160,0,501.0666667
44,250905_SEFL10N6d_B2_stressor2_43_44 Box 2.wmv,2,novstressor,sec,161,0,805.7
44,250905_SEFL10N6d_B2_stressor2_43_44 Box 2.wmv,2,novstressor,sec,162,0,686.7
44,250905_SEFL10N6d_B2_stressor2_43_44 Box 2.wmv,2,novstressor,sec,163,0,453.5333333
44,250905_SEFL10N6d_B2_stressor2_43_44 Box 2.wmv,2,novstressor,sec,164,0,312.2333333
44,250905_SEFL10N6d_B2_stressor2_43_44 Box 2.wmv,2,novstressor,sec,165,0,215.7
44,250905_SEFL10N6d_B2_stressor2_43_44 Box 2.wmv,2,novstressor,sec,166,0,1241.666667
44,250905_SEFL10N6d_B2_stressor2_43_44 Box 2.wmv,2,novstressor,sec,167,13.33333333,663.4666667
44,250905_SEFL10N6d_B2_stressor2_43_44 Box 2.wmv,2,novstressor,sec,168,60,297.5666667
44,250905_SEFL10N6d_B2_stressor2_43_44 Box 2.wmv,2,novstressor,sec,169,0,933.0333333
44,250905_SEFL10N6d_B2_stressor2_43_44 Box 2.wmv,2,novstressor,sec,170,0,957.6
44,250905_SEFL10N6d_B2_stressor2_43_44 Box 2.wmv,2,novstressor,sec,171,0,759.5666667
44,250905_SEFL10N6d_B2_stressor2_43_44 Box 2.wmv,2,novstressor,sec,172,0,1422.433333
44,250905_SEFL10N6d_B2_stressor2_43_44 Box 2.wmv,2,novstressor,sec,173,0,629.4333333
44,250905_SEFL10N6d_B2_stressor2_43_44 Box 2.wmv,2,novstressor,sec,174,0,683.4
44,250905_SEFL10N6d_B2_stressor2_43_44 Box 2.wmv,2,novstressor,sec,175,0,1014.4
44,250905_SEFL10N6d_B2_stressor2_43_44 Box 2.wmv,2,novstressor,sec,176,0,2900.666667
44,250905_SEFL10N6d_B2_stressor2_43_44 Box 2.wmv,2,novstressor,sec,177,0,1151.266667
44,250905_SEFL10N6d_B2_stressor2_43_44 Box 2.wmv,2,novstressor,sec,178,0,908.4
44,250905_SEFL10N6d_B2_stressor2_43_44 Box 2.wmv,2,novstressor,sec,179,63.33333333,312.5333333
44,250905_SEFL10N6d_B2_stressor2_43_44 Box 2.wmv,2,novstressor,sec,180,0,1144.066667
44,250905_SEFL10N6d_B2_stressor2_43_44 Box 2.wmv,2,novstressor,sec,181,0,2553.266667
44,250905_SEFL10N6d_B2_stressor2_43_44 Box 2.wmv,2,novstressor,sec,182,0,1799.1
44,250905_SEFL10N6d_B2_stressor2_43_44 Box 2.wmv,2,novstressor,sec,183,0,734.1
44,250905_SEFL10N6d_B2_stressor2_43_44 Box 2.wmv,2,novstressor,sec,184,46.66666667,130.8333333
44,250905_SEFL10N6d_B2_stressor2_43_44 Box 2.wmv,2,novstressor,sec,185,20,295.7
44,250905_SEFL10N6d_B2_stressor2_43_44 Box 2.wmv,2,novstressor,sec,186,0,515.4
44,250905_SEFL10N6d_B2_stressor2_43_44 Box 2.wmv,2,novstressor,sec,187,0,3014.333333
44,250905_SEFL10N6d_B2_stressor2_43_44 Box 2.wmv,2,novstressor,sec,188,0,1277.566667
44,250905_SEFL10N6d_B2_stressor2_43_44 Box 2.wmv,2,novstressor,sec,189,0,773.3
44,250905_SEFL10N6d_B2_stressor2_43_44 Box 2.wmv,2,novstressor,sec,190,0,417.2
44,250905_SEFL10N6d_B2_stressor2_43_44 Box 2.wmv,2,novstressor,sec,191,0,388.8333333
44,250905_SEFL10N6d_B2_stressor2_43_44 Box 2.wmv,2,novstressor,sec,192,0,694.9333333
44,250905_SEFL10N6d_B2_stressor2_43_44 Box 2.wmv,2,novstressor,sec,193,20,536.4333333
44,250905_SEFL10N6d_B2_stressor2_43_44 Box 2.wmv,2,novstressor,sec,194,100,18.9
44,250905_SEFL10N6d_B2_stressor2_43_44 Box 2.wmv,2,novstressor,sec,195,40,552.1666667
44,250905_SEFL10N6d_B2_stressor2_43_44 Box 2.wmv,2,novstressor,sec,196,0,391.4666667
44,250905_SEFL10N6d_B2_stressor2_43_44 Box 2.wmv,2,novstressor,sec,197,96.66666667,17.2
44,250905_SEFL10N6d_B2_stressor2_43_44 Box 2.wmv,2,novstressor,sec,198,100,0.233333333
44,250905_SEFL10N6d_B2_stressor2_43_44 Box 2.wmv,2,novstressor,sec,199,30,444.5333333
44,250905_SEFL10N6d_B2_stressor2_43_44 Box 2.wmv,2,novstressor,sec,200,63.33333333,172.4
44,250905_SEFL10N6d_B2_stressor2_43_44 Box 2.wmv,2,novstressor,sec,201,100,4.5
44,250905_SEFL10N6d_B2_stressor2_43_44 Box 2.wmv,2,novstressor,sec,202,50,276.6
44,250905_SEFL10N6d_B2_stressor2_43_44 Box 2.wmv,2,novstressor,sec,203,76.66666667,79.03333333
44,250905_SEFL10N6d_B2_stressor2_43_44 Box 2.wmv,2,novstressor,sec,204,100,0
44,250905_SEFL10N6d_B2_stressor2_43_44 Box 2.wmv,2,novstressor,sec,205,100,0.266666667
44,250905_SEFL10N6d_B2_stressor2_43_44 Box 2.wmv,2,novstressor,sec,206,3.333333333,701.1666667
44,250905_SEFL10N6d_B2_stressor2_43_44 Box 2.wmv,2,novstressor,sec,207,0,391.9
44,250905_SEFL10N6d_B2_stressor2_43_44 Box 2.wmv,2,novstressor,sec,208,0,626.0666667
44,250905_SEFL10N6d_B2_stressor2_43_44 Box 2.wmv,2,novstressor,sec,209,36.66666667,254.5333333
44,250905_SEFL10N6d_B2_stressor2_43_44 Box 2.wmv,2,novstressor,sec,210,40,237.5333333
44,250905_SEFL10N6d_B2_stressor2_43_44 Box 2.wmv,2,novstressor,sec,211,100,9.066666667
44,250905_SEFL10N6d_B2_stressor2_43_44 Box 2.wmv,2,novstressor,sec,212,100,0.5
44,250905_SEFL10N6d_B2_stressor2_43_44 Box 2.wmv,2,novstressor,sec,213,100,0
44,250905_SEFL10N6d_B2_stressor2_43_44 Box 2.wmv,2,novstressor,sec,214,100,0.1
44,250905_SEFL10N6d_B2_stressor2_43_44 Box 2.wmv,2,novstressor,sec,215,90,102.9333333
44,250905_SEFL10N6d_B2_stressor2_43_44 Box 2.wmv,2,novstressor,sec,216,0,663.7666667
44,250905_SEFL10N6d_B2_stressor2_43_44 Box 2.wmv,2,novstressor,sec,217,46.66666667,274.5
44,250905_SEFL10N6d_B2_stressor2_43_44 Box 2.wmv,2,novstressor,sec,218,33.33333333,699.4
44,250905_SEFL10N6d_B2_stressor2_43_44 Box 2.wmv,2,novstressor,sec,219,20,334.4666667
44,250905_SEFL10N6d_B2_stressor2_43_44 Box 2.wmv,2,novstressor,sec,220,100,7.433333333
44,250905_SEFL10N6d_B2_stressor2_43_44 Box 2.wmv,2,novstressor,sec,221,100,0.2
44,250905_SEFL10N6d_B2_stressor2_43_44 Box 2.wmv,2,novstressor,sec,222,100,3.4
44,250905_SEFL10N6d_B2_stressor2_43_44 Box 2.wmv,2,novstressor,sec,223,96.66666667,38.23333333
44,250905_SEFL10N6d_B2_stressor2_43_44 Box 2.wmv,2,novstressor,sec,224,0,1053.366667
44,250905_SEFL10N6d_B2_stressor2_43_44 Box 2.wmv,2,novstressor,sec,225,0,1192.566667
44,250905_SEFL10N6d_B2_stressor2_43_44 Box 2.wmv,2,novstressor,sec,226,0,2038.033333
44,250905_SEFL10N6d_B2_stressor2_43_44 Box 2.wmv,2,novstressor,sec,227,0,817.4666667
44,250905_SEFL10N6d_B2_stressor2_43_44 Box 2.wmv,2,novstressor,sec,228,0,682.5
44,250905_SEFL10N6d_B2_stressor2_43_44 Box 2.wmv,2,novstressor,sec,229,0,1011.966667
44,250905_SEFL10N6d_B2_stressor2_43_44 Box 2.wmv,2,novstressor,sec,230,0,329.8666667
44,250905_SEFL10N6d_B2_stressor2_43_44 Box 2.wmv,2,novstressor,sec,231,0,511.5333333
44,250905_SEFL10N6d_B2_stressor2_43_44 Box 2.wmv,2,novstressor,sec,232,0,910.9
44,250905_SEFL10N6d_B2_stressor2_43_44 Box 2.wmv,2,novstressor,sec,233,0,679.6333333
44,250905_SEFL10N6d_B2_stressor2_43_44 Box 2.wmv,2,novstressor,sec,234,0,440.4333333
44,250905_SEFL10N6d_B2_stressor2_43_44 Box 2.wmv,2,novstressor,sec,235,0,995.7333333
44,250905_SEFL10N6d_B2_stressor2_43_44 Box 2.wmv,2,novstressor,sec,236,0,1044.566667
44,250905_SEFL10N6d_B2_stressor2_43_44 Box 2.wmv,2,novstressor,sec,237,50,467.9666667
44,250905_SEFL10N6d_B2_stressor2_43_44 Box 2.wmv,2,novstressor,sec,238,70,28.4
44,250905_SEFL10N6d_B2_stressor2_43_44 Box 2.wmv,2,novstressor,sec,239,0,1296.4
44,250905_SEFL10N6d_B2_stressor2_43_44 Box 2.wmv,2,novstressor,sec,240,0,1511.666667
44,250905_SEFL10N6d_B2_stressor2_43_44 Box 2.wmv,2,novstressor,sec,241,0,767
44,250905_SEFL10N6d_B2_stressor2_43_44 Box 2.wmv,2,novstressor,sec,242,10,744.0333333
44,250905_SEFL10N6d_B2_stressor2_43_44 Box 2.wmv,2,novstressor,sec,243,100,4.266666667
44,250905_SEFL10N6d_B2_stressor2_43_44 Box 2.wmv,2,novstressor,sec,244,100,1.6
44,250905_SEFL10N6d_B2_stressor2_43_44 Box 2.wmv,2,novstressor,sec,245,30,349.9
44,250905_SEFL10N6d_B2_stressor2_43_44 Box 2.wmv,2,novstressor,sec,246,0,607.9333333
44,250905_SEFL10N6d_B2_stressor2_43_44 Box 2.wmv,2,novstressor,sec,247,76.66666667,157.1333333
44,250905_SEFL10N6d_B2_stressor2_43_44 Box 2.wmv,2,novstressor,sec,248,100,0.033333333
44,250905_SEFL10N6d_B2_stressor2_43_44 Box 2.wmv,2,novstressor,sec,249,26.66666667,567.9
44,250905_SEFL10N6d_B2_stressor2_43_44 Box 2.wmv,2,novstressor,sec,250,76.66666667,101.8
44,250905_SEFL10N6d_B2_stressor2_43_44 Box 2.wmv,2,novstressor,sec,251,100,23.86666667
44,250905_SEFL10N6d_B2_stressor2_43_44 Box 2.wmv,2,novstressor,sec,252,10,437.1333333
44,250905_SEFL10N6d_B2_stressor2_43_44 Box 2.wmv,2,novstressor,sec,253,33.33333333,258.5333333
44,250905_SEFL10N6d_B2_stressor2_43_44 Box 2.wmv,2,novstressor,sec,254,100,0.133333333
44,250905_SEFL10N6d_B2_stressor2_43_44 Box 2.wmv,2,novstressor,sec,255,3.333333333,416.1666667
44,250905_SEFL10N6d_B2_stressor2_43_44 Box 2.wmv,2,novstressor,sec,256,10,472.9666667
44,250905_SEFL10N6d_B2_stressor2_43_44 Box 2.wmv,2,novstressor,sec,257,100,0
44,250905_SEFL10N6d_B2_stressor2_43_44 Box 2.wmv,2,novstressor,sec,258,63.33333333,386.9333333
44,250905_SEFL10N6d_B2_stressor2_43_44 Box 2.wmv,2,novstressor,sec,259,0,222.5
44,250905_SEFL10N6d_B2_stressor2_43_44 Box 2.wmv,2,novstressor,sec,260,0,739.2
44,250905_SEFL10N6d_B2_stressor2_43_44 Box 2.wmv,2,novstressor,sec,261,70,155.9
44,250905_SEFL10N6d_B2_stressor2_43_44 Box 2.wmv,2,novstressor,sec,262,70,168.9333333
44,250905_SEFL10N6d_B2_stressor2_43_44 Box 2.wmv,2,novstressor,sec,263,93.33333333,41.03333333
44,250905_SEFL10N6d_B2_stressor2_43_44 Box 2.wmv,2,novstressor,sec,264,100,0
44,250905_SEFL10N6d_B2_stressor2_43_44 Box 2.wmv,2,novstressor,sec,265,33.33333333,408.4
44,250905_SEFL10N6d_B2_stressor2_43_44 Box 2.wmv,2,novstressor,sec,266,46.66666667,252.2333333
44,250905_SEFL10N6d_B2_stressor2_43_44 Box 2.wmv,2,novstressor,sec,267,100,1
44,250905_SEFL10N6d_B2_stressor2_43_44 Box 2.wmv,2,novstressor,sec,268,100,0.033333333
44,250905_SEFL10N6d_B2_stressor2_43_44 Box 2.wmv,2,novstressor,sec,269,36.66666667,274.7333333
44,250905_SEFL10N6d_B2_stressor2_43_44 Box 2.wmv,2,novstressor,sec,270,13.33333333,307.5666667
44,250905_SEFL10N6d_B2_stressor2_43_44 Box 2.wmv,2,novstressor,sec,271,100,0
44,250905_SEFL10N6d_B2_stressor2_43_44 Box 2.wmv,2,novstressor,sec,272,100,0.233333333
44,250905_SEFL10N6d_B2_stressor2_43_44 Box 2.wmv,2,novstressor,sec,273,0,383.1
44,250905_SEFL10N6d_B2_stressor2_43_44 Box 2.wmv,2,novstressor,sec,274,73.33333333,180.7
44,250905_SEFL10N6d_B2_stressor2_43_44 Box 2.wmv,2,novstressor,sec,275,40,359.5666667
44,250905_SEFL10N6d_B2_stressor2_43_44 Box 2.wmv,2,novstressor,sec,276,100,11
44,250905_SEFL10N6d_B2_stressor2_43_44 Box 2.wmv,2,novstressor,sec,277,46.66666667,440.4333333
44,250905_SEFL10N6d_B2_stressor2_43_44 Box 2.wmv,2,novstressor,sec,278,0,609.9
44,250905_SEFL10N6d_B2_stressor2_43_44 Box 2.wmv,2,novstressor,sec,279,0,776.3
44,250905_SEFL10N6d_B2_stressor2_43_44 Box 2.wmv,2,novstressor,sec,280,0,1293.333333
44,250905_SEFL10N6d_B2_stressor2_43_44 Box 2.wmv,2,novstressor,sec,281,0,669.4666667
44,250905_SEFL10N6d_B2_stressor2_43_44 Box 2.wmv,2,novstressor,sec,282,0,739.4666667
44,250905_SEFL10N6d_B2_stressor2_43_44 Box 2.wmv,2,novstressor,sec,283,0,519.7333333
44,250905_SEFL10N6d_B2_stressor2_43_44 Box 2.wmv,2,novstressor,sec,284,0,274.0333333
44,250905_SEFL10N6d_B2_stressor2_43_44 Box 2.wmv,2,novstressor,sec,285,0,323.5666667
44,250905_SEFL10N6d_B2_stressor2_43_44 Box 2.wmv,2,novstressor,sec,286,13.33333333,356.8666667
44,250905_SEFL10N6d_B2_stressor2_43_44 Box 2.wmv,2,novstressor,sec,287,100,5.333333333
44,250905_SEFL10N6d_B2_stressor2_43_44 Box 2.wmv,2,novstressor,sec,288,90,120.5
44,250905_SEFL10N6d_B2_stressor2_43_44 Box 2.wmv,2,novstressor,sec,289,0,457.1333333
44,250905_SEFL10N6d_B2_stressor2_43_44 Box 2.wmv,2,novstressor,sec,290,0,307.8666667
44,250905_SEFL10N6d_B2_stressor2_43_44 Box 2.wmv,2,novstressor,sec,291,0,376.8333333
44,250905_SEFL10N6d_B2_stressor2_43_44 Box 2.wmv,2,novstressor,sec,292,0,394.6666667
44,250905_SEFL10N6d_B2_stressor2_43_44 Box 2.wmv,2,novstressor,sec,293,0,341.8
44,250905_SEFL10N6d_B2_stressor2_43_44 Box 2.wmv,2,novstressor,sec,294,0,274.5333333
44,250905_SEFL10N6d_B2_stressor2_43_44 Box 2.wmv,2,novstressor,sec,295,0,601.3666667
44,250905_SEFL10N6d_B2_stressor2_43_44 Box 2.wmv,2,novstressor,sec,296,0,642.2666667
44,250905_SEFL10N6d_B2_stressor2_43_44 Box 2.wmv,2,novstressor,sec,297,36.66666667,297.9333333
44,250905_SEFL10N6d_B2_stressor2_43_44 Box 2.wmv,2,novstressor,sec,298,36.66666667,405.0333333
44,250905_SEFL10N6d_B2_stressor2_43_44 Box 2.wmv,2,novstressor,sec,299,0,369
44,250905_SEFL10N6d_B2_stressor2_43_44 Box 2.wmv,2,novstressor,sec,300,0,342.3333333
44,250905_SEFL10N6d_B2_stressor2_43_44 Box 2.wmv,2,novstressor,sec,301,0,441.7666667
44,250905_SEFL10N6d_B2_stressor2_43_44 Box 2.wmv,2,novstressor,sec,302,0,530.4666667
44,250905_SEFL10N6d_B2_stressor2_43_44 Box 2.wmv,2,novstressor,sec,303,0,603.1666667
44,250905_SEFL10N6d_B2_stressor2_43_44 Box 2.wmv,2,novstressor,sec,304,0,1630.033333
44,250905_SEFL10N6d_B2_stressor2_43_44 Box 2.wmv,2,novstressor,sec,305,53.33333333,515.1333333
44,250905_SEFL10N6d_B2_stressor2_43_44 Box 2.wmv,2,novstressor,sec,306,0,986.3666667
44,250905_SEFL10N6d_B2_stressor2_43_44 Box 2.wmv,2,novstressor,sec,307,0,2749.733333
44,250905_SEFL10N6d_B2_stressor2_43_44 Box 2.wmv,2,novstressor,sec,308,0,547.3666667
44,250905_SEFL10N6d_B2_stressor2_43_44 Box 2.wmv,2,novstressor,sec,309,0,661.8666667
44,250905_SEFL10N6d_B2_stressor2_43_44 Box 2.wmv,2,novstressor,sec,310,0,780.2
44,250905_SEFL10N6d_B2_stressor2_43_44 Box 2.wmv,2,novstressor,sec,311,60,244.0666667
44,250905_SEFL10N6d_B2_stressor2_43_44 Box 2.wmv,2,novstressor,sec,312,56.66666667,639.8666667
44,250905_SEFL10N6d_B2_stressor2_43_44 Box 2.wmv,2,novstressor,sec,313,0,1441.066667
44,250905_SEFL10N6d_B2_stressor2_43_44 Box 2.wmv,2,novstressor,sec,314,46.66666667,242.5333333
44,250905_SEFL10N6d_B2_stressor2_43_44 Box 2.wmv,2,novstressor,sec,315,100,12.7
44,250905_SEFL10N6d_B2_stressor2_43_44 Box 2.wmv,2,novstressor,sec,316,16.66666667,926.4333333
44,250905_SEFL10N6d_B2_stressor2_43_44 Box 2.wmv,2,novstressor,sec,317,0,718.6666667
44,250905_SEFL10N6d_B2_stressor2_43_44 Box 2.wmv,2,novstressor,sec,318,50,166.9333333
44,250905_SEFL10N6d_B2_stressor2_43_44 Box 2.wmv,2,novstressor,sec,319,43.33333333,336.1
44,250905_SEFL10N6d_B2_stressor2_43_44 Box 2.wmv,2,novstressor,sec,320,0,812.9
44,250905_SEFL10N6d_B2_stressor2_43_44 Box 2.wmv,2,novstressor,sec,321,0,1219.166667
44,250905_SEFL10N6d_B2_stressor2_43_44 Box 2.wmv,2,novstressor,sec,322,96.66666667,49
44,250905_SEFL10N6d_B2_stressor2_43_44 Box 2.wmv,2,novstressor,sec,323,40,582.5333333
44,250905_SEFL10N6d_B2_stressor2_43_44 Box 2.wmv,2,novstressor,sec,324,43.33333333,629.3
44,250905_SEFL10N6d_B2_stressor2_43_44 Box 2.wmv,2,novstressor,sec,325,0,274.7333333
44,250905_SEFL10N6d_B2_stressor2_43_44 Box 2.wmv,2,novstressor,sec,326,0,774.5666667
44,250905_SEFL10N6d_B2_stressor2_43_44 Box 2.wmv,2,novstressor,sec,327,76.66666667,114.2
44,250905_SEFL10N6d_B2_stressor2_43_44 Box 2.wmv,2,novstressor,sec,328,13.33333333,852.2
44,250905_SEFL10N6d_B2_stressor2_43_44 Box 2.wmv,2,novstressor,sec,329,0,780.1
44,250905_SEFL10N6d_B2_stressor2_43_44 Box 2.wmv,2,novstressor,sec,330,80,106.6333333
44,250905_SEFL10N6d_B2_stressor2_43_44 Box 2.wmv,2,novstressor,sec,331,86.66666667,162.8333333
44,250905_SEFL10N6d_B2_stressor2_43_44 Box 2.wmv,2,novstressor,sec,332,0,487.1666667
44,250905_SEFL10N6d_B2_stressor2_43_44 Box 2.wmv,2,novstressor,sec,333,0,701.6666667
44,250905_SEFL10N6d_B2_stressor2_43_44 Box 2.wmv,2,novstressor,sec,334,0,470.7333333
44,250905_SEFL10N6d_B2_stressor2_43_44 Box 2.wmv,2,novstressor,sec,335,0,657.1
44,250905_SEFL10N6d_B2_stressor2_43_44 Box 2.wmv,2,novstressor,sec,336,0,802.1
44,250905_SEFL10N6d_B2_stressor2_43_44 Box 2.wmv,2,novstressor,sec,337,0,847.3
44,250905_SEFL10N6d_B2_stressor2_43_44 Box 2.wmv,2,novstressor,sec,338,0,738.3666667
44,250905_SEFL10N6d_B2_stressor2_43_44 Box 2.wmv,2,novstressor,sec,339,0,968.4333333
44,250905_SEFL10N6d_B2_stressor2_43_44 Box 2.wmv,2,novstressor,sec,340,0,975.9333333
44,250905_SEFL10N6d_B2_stressor2_43_44 Box 2.wmv,2,novstressor,sec,341,53.33333333,281.7333333
44,250905_SEFL10N6d_B2_stressor2_43_44 Box 2.wmv,2,novstressor,sec,342,0,797.2333333
44,250905_SEFL10N6d_B2_stressor2_43_44 Box 2.wmv,2,novstressor,sec,343,0,562.0666667
44,250905_SEFL10N6d_B2_stressor2_43_44 Box 2.wmv,2,novstressor,sec,344,0,455.4
44,250905_SEFL10N6d_B2_stressor2_43_44 Box 2.wmv,2,novstressor,sec,345,0,489.8666667
44,250905_SEFL10N6d_B2_stressor2_43_44 Box 2.wmv,2,novstressor,sec,346,0,440.1
44,250905_SEFL10N6d_B2_stressor2_43_44 Box 2.wmv,2,novstressor,sec,347,0,714.1666667
44,250905_SEFL10N6d_B2_stressor2_43_44 Box 2.wmv,2,novstressor,sec,348,0,932.4666667
44,250905_SEFL10N6d_B2_stressor2_43_44 Box 2.wmv,2,novstressor,sec,349,0,2289.7
44,250905_SEFL10N6d_B2_stressor2_43_44 Box 2.wmv,2,novstressor,sec,350,0,1707.6
44,250905_SEFL10N6d_B2_stressor2_43_44 Box 2.wmv,2,novstressor,sec,351,0,1185.333333
44,250905_SEFL10N6d_B2_stressor2_43_44 Box 2.wmv,2,novstressor,sec,352,0,734.7
44,250905_SEFL10N6d_B2_stressor2_43_44 Box 2.wmv,2,novstressor,sec,353,0,568.6333333
44,250905_SEFL10N6d_B2_stressor2_43_44 Box 2.wmv,2,novstressor,sec,354,0,553.7666667
44,250905_SEFL10N6d_B2_stressor2_43_44 Box 2.wmv,2,novstressor,sec,355,0,750.4
44,250905_SEFL10N6d_B2_stressor2_43_44 Box 2.wmv,2,novstressor,sec,356,0,394.4333333
44,250905_SEFL10N6d_B2_stressor2_43_44 Box 2.wmv,2,novstressor,sec,357,0,625.2333333
44,250905_SEFL10N6d_B2_stressor2_43_44 Box 2.wmv,2,novstressor,sec,358,0,225.9666667
44,250905_SEFL10N6d_B2_stressor2_43_44 Box 2.wmv,2,novstressor,sec,359,0,338.1
44,250905_SEFL10N6d_B2_stressor2_43_44 Box 2.wmv,2,novstressor,sec,360,0,468.6333333
44,250905_SEFL10N6d_B2_stressor2_43_44 Box 2.wmv,2,novstressor,sec,361,0,580.1
44,250905_SEFL10N6d_B2_stressor2_43_44 Box 2.wmv,2,novstressor,sec,362,30,784.7666667
44,250905_SEFL10N6d_B2_stressor2_43_44 Box 2.wmv,2,novstressor,sec,363,56,287.28
44,250905_SEFL10N6d_B2_stressor2_43_44 Box 2.wmv,2,novstressor,prepost,bl,7.111111111,1025.606852
44,250905_SEFL10N6d_B2_stressor2_43_44 Box 2.wmv,2,novstressor,prepost,post,30.37998146,513.8337349
44,250905_SEFL10N6d_B2_stressor2_43_44 Box 2.wmv,2,novstressor,startle,startle_post,22.22222222,313.9777778
44,250905_SEFL10N6d_B2_stressor2_43_44 Box 2.wmv,2,novstressor,startle,startle_pre,21.11111111,788.3333333
44,250905_SEFL10N6d_B2_stressor2_43_44 Box 2.wmv,2,novstressor,startle,startle_startle,0,1695.488889
45,250905_SEFL10N6d_B2_stressor2_45_46 Box 1.wmv,1,novstressor,sec,1,0,971.4333333
45,250905_SEFL10N6d_B2_stressor2_45_46 Box 1.wmv,1,novstressor,sec,2,0,1872.433333
45,250905_SEFL10N6d_B2_stressor2_45_46 Box 1.wmv,1,novstressor,sec,3,0,2386.133333
45,250905_SEFL10N6d_B2_stressor2_45_46 Box 1.wmv,1,novstressor,sec,4,0,1034.133333
45,250905_SEFL10N6d_B2_stressor2_45_46 Box 1.wmv,1,novstressor,sec,5,0,880.7666667
45,250905_SEFL10N6d_B2_stressor2_45_46 Box 1.wmv,1,novstressor,sec,6,0,2645.133333
45,250905_SEFL10N6d_B2_stressor2_45_46 Box 1.wmv,1,novstressor,sec,7,0,1998.433333
45,250905_SEFL10N6d_B2_stressor2_45_46 Box 1.wmv,1,novstressor,sec,8,0,629.1
45,250905_SEFL10N6d_B2_stressor2_45_46 Box 1.wmv,1,novstressor,sec,9,0,827.0666667
45,250905_SEFL10N6d_B2_stressor2_45_46 Box 1.wmv,1,novstressor,sec,10,0,1413.866667
45,250905_SEFL10N6d_B2_stressor2_45_46 Box 1.wmv,1,novstressor,sec,11,0,863.3666667
45,250905_SEFL10N6d_B2_stressor2_45_46 Box 1.wmv,1,novstressor,sec,12,0,1319.533333
45,250905_SEFL10N6d_B2_stressor2_45_46 Box 1.wmv,1,novstressor,sec,13,0,1180.766667
45,250905_SEFL10N6d_B2_stressor2_45_46 Box 1.wmv,1,novstressor,sec,14,0,1495
45,250905_SEFL10N6d_B2_stressor2_45_46 Box 1.wmv,1,novstressor,sec,15,0,1172.666667
45,250905_SEFL10N6d_B2_stressor2_45_46 Box 1.wmv,1,novstressor,sec,16,0,1091.666667
45,250905_SEFL10N6d_B2_stressor2_45_46 Box 1.wmv,1,novstressor,sec,17,0,1189.966667
45,250905_SEFL10N6d_B2_stressor2_45_46 Box 1.wmv,1,novstressor,sec,18,0,1207.933333
45,250905_SEFL10N6d_B2_stressor2_45_46 Box 1.wmv,1,novstressor,sec,19,0,2056.2
45,250905_SEFL10N6d_B2_stressor2_45_46 Box 1.wmv,1,novstressor,sec,20,0,1803.266667
45,250905_SEFL10N6d_B2_stressor2_45_46 Box 1.wmv,1,novstressor,sec,21,0,390.9666667
45,250905_SEFL10N6d_B2_stressor2_45_46 Box 1.wmv,1,novstressor,sec,22,0,1044.833333
45,250905_SEFL10N6d_B2_stressor2_45_46 Box 1.wmv,1,novstressor,sec,23,0,453.4333333
45,250905_SEFL10N6d_B2_stressor2_45_46 Box 1.wmv,1,novstressor,sec,24,0,1256.133333
45,250905_SEFL10N6d_B2_stressor2_45_46 Box 1.wmv,1,novstressor,sec,25,0,920.8333333
45,250905_SEFL10N6d_B2_stressor2_45_46 Box 1.wmv,1,novstressor,sec,26,0,854.2333333
45,250905_SEFL10N6d_B2_stressor2_45_46 Box 1.wmv,1,novstressor,sec,27,0,1186.6
45,250905_SEFL10N6d_B2_stressor2_45_46 Box 1.wmv,1,novstressor,sec,28,0,1881.933333
45,250905_SEFL10N6d_B2_stressor2_45_46 Box 1.wmv,1,novstressor,sec,29,0,1304.966667
45,250905_SEFL10N6d_B2_stressor2_45_46 Box 1.wmv,1,novstressor,sec,30,0,351.1
45,250905_SEFL10N6d_B2_stressor2_45_46 Box 1.wmv,1,novstressor,sec,31,0,307.0666667
45,250905_SEFL10N6d_B2_stressor2_45_46 Box 1.wmv,1,novstressor,sec,32,0,427.3333333
45,250905_SEFL10N6d_B2_stressor2_45_46 Box 1.wmv,1,novstressor,sec,33,0,891.6
45,250905_SEFL10N6d_B2_stressor2_45_46 Box 1.wmv,1,novstressor,sec,34,0,1311.3
45,250905_SEFL10N6d_B2_stressor2_45_46 Box 1.wmv,1,novstressor,sec,35,0,1319.866667
45,250905_SEFL10N6d_B2_stressor2_45_46 Box 1.wmv,1,novstressor,sec,36,0,1609.666667
45,250905_SEFL10N6d_B2_stressor2_45_46 Box 1.wmv,1,novstressor,sec,37,0,673.5666667
45,250905_SEFL10N6d_B2_stressor2_45_46 Box 1.wmv,1,novstressor,sec,38,0,1215.733333
45,250905_SEFL10N6d_B2_stressor2_45_46 Box 1.wmv,1,novstressor,sec,39,0,1583.2
45,250905_SEFL10N6d_B2_stressor2_45_46 Box 1.wmv,1,novstressor,sec,40,0,1687.7
45,250905_SEFL10N6d_B2_stressor2_45_46 Box 1.wmv,1,novstressor,sec,41,0,1188.766667
45,250905_SEFL10N6d_B2_stressor2_45_46 Box 1.wmv,1,novstressor,sec,42,0,626.9333333
45,250905_SEFL10N6d_B2_stressor2_45_46 Box 1.wmv,1,novstressor,sec,43,0,1266.866667
45,250905_SEFL10N6d_B2_stressor2_45_46 Box 1.wmv,1,novstressor,sec,44,0,2082.8
45,250905_SEFL10N6d_B2_stressor2_45_46 Box 1.wmv,1,novstressor,sec,45,0,2302.366667
45,250905_SEFL10N6d_B2_stressor2_45_46 Box 1.wmv,1,novstressor,sec,46,0,931.9666667
45,250905_SEFL10N6d_B2_stressor2_45_46 Box 1.wmv,1,novstressor,sec,47,0,603.9333333
45,250905_SEFL10N6d_B2_stressor2_45_46 Box 1.wmv,1,novstressor,sec,48,46.66666667,297.8
45,250905_SEFL10N6d_B2_stressor2_45_46 Box 1.wmv,1,novstressor,sec,49,13.33333333,291.8
45,250905_SEFL10N6d_B2_stressor2_45_46 Box 1.wmv,1,novstressor,sec,50,0,890.3
45,250905_SEFL10N6d_B2_stressor2_45_46 Box 1.wmv,1,novstressor,sec,51,0,765.8333333
45,250905_SEFL10N6d_B2_stressor2_45_46 Box 1.wmv,1,novstressor,sec,52,0,1195.566667
45,250905_SEFL10N6d_B2_stressor2_45_46 Box 1.wmv,1,novstressor,sec,53,0,1316.6
45,250905_SEFL10N6d_B2_stressor2_45_46 Box 1.wmv,1,novstressor,sec,54,3.333333333,953.7
45,250905_SEFL10N6d_B2_stressor2_45_46 Box 1.wmv,1,novstressor,sec,55,100,19.86666667
45,250905_SEFL10N6d_B2_stressor2_45_46 Box 1.wmv,1,novstressor,sec,56,3.333333333,1188.666667
45,250905_SEFL10N6d_B2_stressor2_45_46 Box 1.wmv,1,novstressor,sec,57,0,993.4333333
45,250905_SEFL10N6d_B2_stressor2_45_46 Box 1.wmv,1,novstressor,sec,58,0,378.1666667
45,250905_SEFL10N6d_B2_stressor2_45_46 Box 1.wmv,1,novstressor,sec,59,0,1595.666667
45,250905_SEFL10N6d_B2_stressor2_45_46 Box 1.wmv,1,novstressor,sec,60,0,1543.733333
45,250905_SEFL10N6d_B2_stressor2_45_46 Box 1.wmv,1,novstressor,sec,61,30,447.7
45,250905_SEFL10N6d_B2_stressor2_45_46 Box 1.wmv,1,novstressor,sec,62,20,1292.5
45,250905_SEFL10N6d_B2_stressor2_45_46 Box 1.wmv,1,novstressor,sec,63,0,1343.733333
45,250905_SEFL10N6d_B2_stressor2_45_46 Box 1.wmv,1,novstressor,sec,64,0,721.8666667
45,250905_SEFL10N6d_B2_stressor2_45_46 Box 1.wmv,1,novstressor,sec,65,0,1337.333333
45,250905_SEFL10N6d_B2_stressor2_45_46 Box 1.wmv,1,novstressor,sec,66,0,564.5
45,250905_SEFL10N6d_B2_stressor2_45_46 Box 1.wmv,1,novstressor,sec,67,0,628.3333333
45,250905_SEFL10N6d_B2_stressor2_45_46 Box 1.wmv,1,novstressor,sec,68,0,913.1
45,250905_SEFL10N6d_B2_stressor2_45_46 Box 1.wmv,1,novstressor,sec,69,0,1217.733333
45,250905_SEFL10N6d_B2_stressor2_45_46 Box 1.wmv,1,novstressor,sec,70,20,1071.566667
45,250905_SEFL10N6d_B2_stressor2_45_46 Box 1.wmv,1,novstressor,sec,71,36.66666667,868.5333333
45,250905_SEFL10N6d_B2_stressor2_45_46 Box 1.wmv,1,novstressor,sec,72,0,937.9666667
45,250905_SEFL10N6d_B2_stressor2_45_46 Box 1.wmv,1,novstressor,sec,73,0,882.3666667
45,250905_SEFL10N6d_B2_stressor2_45_46 Box 1.wmv,1,novstressor,sec,74,0,637.9666667
45,250905_SEFL10N6d_B2_stressor2_45_46 Box 1.wmv,1,novstressor,sec,75,73.33333333,187.1
45,250905_SEFL10N6d_B2_stressor2_45_46 Box 1.wmv,1,novstressor,sec,76,10,1325.266667
45,250905_SEFL10N6d_B2_stressor2_45_46 Box 1.wmv,1,novstressor,sec,77,0,1374.766667
45,250905_SEFL10N6d_B2_stressor2_45_46 Box 1.wmv,1,novstressor,sec,78,0,604.5666667
45,250905_SEFL10N6d_B2_stressor2_45_46 Box 1.wmv,1,novstressor,sec,79,0,351.1
45,250905_SEFL10N6d_B2_stressor2_45_46 Box 1.wmv,1,novstressor,sec,80,100,13.4
45,250905_SEFL10N6d_B2_stressor2_45_46 Box 1.wmv,1,novstressor,sec,81,20,651.2
45,250905_SEFL10N6d_B2_stressor2_45_46 Box 1.wmv,1,novstressor,sec,82,0,1091.633333
45,250905_SEFL10N6d_B2_stressor2_45_46 Box 1.wmv,1,novstressor,sec,83,0,596.5666667
45,250905_SEFL10N6d_B2_stressor2_45_46 Box 1.wmv,1,novstressor,sec,84,0,1714.733333
45,250905_SEFL10N6d_B2_stressor2_45_46 Box 1.wmv,1,novstressor,sec,85,0,1616.566667
45,250905_SEFL10N6d_B2_stressor2_45_46 Box 1.wmv,1,novstressor,sec,86,0,380.5
45,250905_SEFL10N6d_B2_stressor2_45_46 Box 1.wmv,1,novstressor,sec,87,0,721.5666667
45,250905_SEFL10N6d_B2_stressor2_45_46 Box 1.wmv,1,novstressor,sec,88,0,905.5666667
45,250905_SEFL10N6d_B2_stressor2_45_46 Box 1.wmv,1,novstressor,sec,89,0,1427.166667
45,250905_SEFL10N6d_B2_stressor2_45_46 Box 1.wmv,1,novstressor,sec,90,0,1917.366667
45,250905_SEFL10N6d_B2_stressor2_45_46 Box 1.wmv,1,novstressor,sec,91,0,537.2666667
45,250905_SEFL10N6d_B2_stressor2_45_46 Box 1.wmv,1,novstressor,sec,92,0,1405.933333
45,250905_SEFL10N6d_B2_stressor2_45_46 Box 1.wmv,1,novstressor,sec,93,0,1072
45,250905_SEFL10N6d_B2_stressor2_45_46 Box 1.wmv,1,novstressor,sec,94,0,1005.133333
45,250905_SEFL10N6d_B2_stressor2_45_46 Box 1.wmv,1,novstressor,sec,95,0,659.0666667
45,250905_SEFL10N6d_B2_stressor2_45_46 Box 1.wmv,1,novstressor,sec,96,0,1555.6
45,250905_SEFL10N6d_B2_stressor2_45_46 Box 1.wmv,1,novstressor,sec,97,0,464.0333333
45,250905_SEFL10N6d_B2_stressor2_45_46 Box 1.wmv,1,novstressor,sec,98,0,575.1333333
45,250905_SEFL10N6d_B2_stressor2_45_46 Box 1.wmv,1,novstressor,sec,99,0,966.0666667
45,250905_SEFL10N6d_B2_stressor2_45_46 Box 1.wmv,1,novstressor,sec,100,40,956.9666667
45,250905_SEFL10N6d_B2_stressor2_45_46 Box 1.wmv,1,novstressor,sec,101,50,692.1
45,250905_SEFL10N6d_B2_stressor2_45_46 Box 1.wmv,1,novstressor,sec,102,0,1236
45,250905_SEFL10N6d_B2_stressor2_45_46 Box 1.wmv,1,novstressor,sec,103,0,491.7666667
45,250905_SEFL10N6d_B2_stressor2_45_46 Box 1.wmv,1,novstressor,sec,104,0,716.5666667
45,250905_SEFL10N6d_B2_stressor2_45_46 Box 1.wmv,1,novstressor,sec,105,16.66666667,553.7666667
45,250905_SEFL10N6d_B2_stressor2_45_46 Box 1.wmv,1,novstressor,sec,106,90,69.26666667
45,250905_SEFL10N6d_B2_stressor2_45_46 Box 1.wmv,1,novstressor,sec,107,0,441.2666667
45,250905_SEFL10N6d_B2_stressor2_45_46 Box 1.wmv,1,novstressor,sec,108,0,805.3
45,250905_SEFL10N6d_B2_stressor2_45_46 Box 1.wmv,1,novstressor,sec,109,0,1020.5
45,250905_SEFL10N6d_B2_stressor2_45_46 Box 1.wmv,1,novstressor,sec,110,60,300.2333333
45,250905_SEFL10N6d_B2_stressor2_45_46 Box 1.wmv,1,novstressor,sec,111,0,454.6333333
45,250905_SEFL10N6d_B2_stressor2_45_46 Box 1.wmv,1,novstressor,sec,112,0,824.0666667
45,250905_SEFL10N6d_B2_stressor2_45_46 Box 1.wmv,1,novstressor,sec,113,0,830.6666667
45,250905_SEFL10N6d_B2_stressor2_45_46 Box 1.wmv,1,novstressor,sec,114,10,476.0333333
45,250905_SEFL10N6d_B2_stressor2_45_46 Box 1.wmv,1,novstressor,sec,115,76.66666667,251.9666667
45,250905_SEFL10N6d_B2_stressor2_45_46 Box 1.wmv,1,novstressor,sec,116,0,680.2
45,250905_SEFL10N6d_B2_stressor2_45_46 Box 1.wmv,1,novstressor,sec,117,0,608.8666667
45,250905_SEFL10N6d_B2_stressor2_45_46 Box 1.wmv,1,novstressor,sec,118,0,618.0333333
45,250905_SEFL10N6d_B2_stressor2_45_46 Box 1.wmv,1,novstressor,sec,119,0,702.3333333
45,250905_SEFL10N6d_B2_stressor2_45_46 Box 1.wmv,1,novstressor,sec,120,0,761.1
45,250905_SEFL10N6d_B2_stressor2_45_46 Box 1.wmv,1,novstressor,sec,121,0,755.0666667
45,250905_SEFL10N6d_B2_stressor2_45_46 Box 1.wmv,1,novstressor,sec,122,0,748.8333333
45,250905_SEFL10N6d_B2_stressor2_45_46 Box 1.wmv,1,novstressor,sec,123,0,779.4333333
45,250905_SEFL10N6d_B2_stressor2_45_46 Box 1.wmv,1,novstressor,sec,124,0,1086.333333
45,250905_SEFL10N6d_B2_stressor2_45_46 Box 1.wmv,1,novstressor,sec,125,0,2015.3
45,250905_SEFL10N6d_B2_stressor2_45_46 Box 1.wmv,1,novstressor,sec,126,0,1087.633333
45,250905_SEFL10N6d_B2_stressor2_45_46 Box 1.wmv,1,novstressor,sec,127,0,589.1333333
45,250905_SEFL10N6d_B2_stressor2_45_46 Box 1.wmv,1,novstressor,sec,128,0,937.0333333
45,250905_SEFL10N6d_B2_stressor2_45_46 Box 1.wmv,1,novstressor,sec,129,50,267.1666667
45,250905_SEFL10N6d_B2_stressor2_45_46 Box 1.wmv,1,novstressor,sec,130,3.333333333,783.9
45,250905_SEFL10N6d_B2_stressor2_45_46 Box 1.wmv,1,novstressor,sec,131,0,816.6666667
45,250905_SEFL10N6d_B2_stressor2_45_46 Box 1.wmv,1,novstressor,sec,132,0,984.8333333
45,250905_SEFL10N6d_B2_stressor2_45_46 Box 1.wmv,1,novstressor,sec,133,0,2152.566667
45,250905_SEFL10N6d_B2_stressor2_45_46 Box 1.wmv,1,novstressor,sec,134,0,540.2333333
45,250905_SEFL10N6d_B2_stressor2_45_46 Box 1.wmv,1,novstressor,sec,135,0,848.5666667
45,250905_SEFL10N6d_B2_stressor2_45_46 Box 1.wmv,1,novstressor,sec,136,56.66666667,510.2
45,250905_SEFL10N6d_B2_stressor2_45_46 Box 1.wmv,1,novstressor,sec,137,30,221.1333333
45,250905_SEFL10N6d_B2_stressor2_45_46 Box 1.wmv,1,novstressor,sec,138,0,589.9666667
45,250905_SEFL10N6d_B2_stressor2_45_46 Box 1.wmv,1,novstressor,sec,139,0,249.6
45,250905_SEFL10N6d_B2_stressor2_45_46 Box 1.wmv,1,novstressor,sec,140,0,797.0666667
45,250905_SEFL10N6d_B2_stressor2_45_46 Box 1.wmv,1,novstressor,sec,141,0,1986.8
45,250905_SEFL10N6d_B2_stressor2_45_46 Box 1.wmv,1,novstressor,sec,142,0,623.4333333
45,250905_SEFL10N6d_B2_stressor2_45_46 Box 1.wmv,1,novstressor,sec,143,0,990.4333333
45,250905_SEFL10N6d_B2_stressor2_45_46 Box 1.wmv,1,novstressor,sec,144,0,649.8
45,250905_SEFL10N6d_B2_stressor2_45_46 Box 1.wmv,1,novstressor,sec,145,0,829.8
45,250905_SEFL10N6d_B2_stressor2_45_46 Box 1.wmv,1,novstressor,sec,146,0,1618.8
45,250905_SEFL10N6d_B2_stressor2_45_46 Box 1.wmv,1,novstressor,sec,147,0,1096.366667
45,250905_SEFL10N6d_B2_stressor2_45_46 Box 1.wmv,1,novstressor,sec,148,0,1447.066667
45,250905_SEFL10N6d_B2_stressor2_45_46 Box 1.wmv,1,novstressor,sec,149,0,2703.633333
45,250905_SEFL10N6d_B2_stressor2_45_46 Box 1.wmv,1,novstressor,sec,150,0,1310.566667
45,250905_SEFL10N6d_B2_stressor2_45_46 Box 1.wmv,1,novstressor,sec,151,0,939.5333333
45,250905_SEFL10N6d_B2_stressor2_45_46 Box 1.wmv,1,novstressor,sec,152,0,900.7666667
45,250905_SEFL10N6d_B2_stressor2_45_46 Box 1.wmv,1,novstressor,sec,153,0,238.4
45,250905_SEFL10N6d_B2_stressor2_45_46 Box 1.wmv,1,novstressor,sec,154,0,424.8333333
45,250905_SEFL10N6d_B2_stressor2_45_46 Box 1.wmv,1,novstressor,sec,155,0,754.7
45,250905_SEFL10N6d_B2_stressor2_45_46 Box 1.wmv,1,novstressor,sec,156,56.66666667,130.1333333
45,250905_SEFL10N6d_B2_stressor2_45_46 Box 1.wmv,1,novstressor,sec,157,0,691.5333333
45,250905_SEFL10N6d_B2_stressor2_45_46 Box 1.wmv,1,novstressor,sec,158,0,782.1666667
45,250905_SEFL10N6d_B2_stressor2_45_46 Box 1.wmv,1,novstressor,sec,159,0,605.0666667
45,250905_SEFL10N6d_B2_stressor2_45_46 Box 1.wmv,1,novstressor,sec,160,0,366.4666667
45,250905_SEFL10N6d_B2_stressor2_45_46 Box 1.wmv,1,novstressor,sec,161,0,221.0333333
45,250905_SEFL10N6d_B2_stressor2_45_46 Box 1.wmv,1,novstressor,sec,162,0,385.3
45,250905_SEFL10N6d_B2_stressor2_45_46 Box 1.wmv,1,novstressor,sec,163,66.66666667,200.5
45,250905_SEFL10N6d_B2_stressor2_45_46 Box 1.wmv,1,novstressor,sec,164,0,799.2
45,250905_SEFL10N6d_B2_stressor2_45_46 Box 1.wmv,1,novstressor,sec,165,63.33333333,98.4
45,250905_SEFL10N6d_B2_stressor2_45_46 Box 1.wmv,1,novstressor,sec,166,6.666666667,1531.966667
45,250905_SEFL10N6d_B2_stressor2_45_46 Box 1.wmv,1,novstressor,sec,167,0,1526.233333
45,250905_SEFL10N6d_B2_stressor2_45_46 Box 1.wmv,1,novstressor,sec,168,0,623.5
45,250905_SEFL10N6d_B2_stressor2_45_46 Box 1.wmv,1,novstressor,sec,169,0,729.4666667
45,250905_SEFL10N6d_B2_stressor2_45_46 Box 1.wmv,1,novstressor,sec,170,0,722.1
45,250905_SEFL10N6d_B2_stressor2_45_46 Box 1.wmv,1,novstressor,sec,171,0,809.4333333
45,250905_SEFL10N6d_B2_stressor2_45_46 Box 1.wmv,1,novstressor,sec,172,0,1357.433333
45,250905_SEFL10N6d_B2_stressor2_45_46 Box 1.wmv,1,novstressor,sec,173,0,2260.933333
45,250905_SEFL10N6d_B2_stressor2_45_46 Box 1.wmv,1,novstressor,sec,174,0,568.8333333
45,250905_SEFL10N6d_B2_stressor2_45_46 Box 1.wmv,1,novstressor,sec,175,0,555.2333333
45,250905_SEFL10N6d_B2_stressor2_45_46 Box 1.wmv,1,novstressor,sec,176,0,2295.866667
45,250905_SEFL10N6d_B2_stressor2_45_46 Box 1.wmv,1,novstressor,sec,177,0,1579.6
45,250905_SEFL10N6d_B2_stressor2_45_46 Box 1.wmv,1,novstressor,sec,178,0,1514.4
45,250905_SEFL10N6d_B2_stressor2_45_46 Box 1.wmv,1,novstressor,sec,179,0,945.2
45,250905_SEFL10N6d_B2_stressor2_45_46 Box 1.wmv,1,novstressor,sec,180,0,1043.2
45,250905_SEFL10N6d_B2_stressor2_45_46 Box 1.wmv,1,novstressor,sec,181,0,2170.933333
45,250905_SEFL10N6d_B2_stressor2_45_46 Box 1.wmv,1,novstressor,sec,182,0,1590.433333
45,250905_SEFL10N6d_B2_stressor2_45_46 Box 1.wmv,1,novstressor,sec,183,0,935.4666667
45,250905_SEFL10N6d_B2_stressor2_45_46 Box 1.wmv,1,novstressor,sec,184,0,362.9333333
45,250905_SEFL10N6d_B2_stressor2_45_46 Box 1.wmv,1,novstressor,sec,185,36.66666667,480.1
45,250905_SEFL10N6d_B2_stressor2_45_46 Box 1.wmv,1,novstressor,sec,186,40,505.2
45,250905_SEFL10N6d_B2_stressor2_45_46 Box 1.wmv,1,novstressor,sec,187,53.33333333,439.2333333
45,250905_SEFL10N6d_B2_stressor2_45_46 Box 1.wmv,1,novstressor,sec,188,73.33333333,201.8666667
45,250905_SEFL10N6d_B2_stressor2_45_46 Box 1.wmv,1,novstressor,sec,189,83.33333333,186.4
45,250905_SEFL10N6d_B2_stressor2_45_46 Box 1.wmv,1,novstressor,sec,190,0,309
45,250905_SEFL10N6d_B2_stressor2_45_46 Box 1.wmv,1,novstressor,sec,191,93.33333333,49.73333333
45,250905_SEFL10N6d_B2_stressor2_45_46 Box 1.wmv,1,novstressor,sec,192,60,328.4333333
45,250905_SEFL10N6d_B2_stressor2_45_46 Box 1.wmv,1,novstressor,sec,193,80,108.7666667
45,250905_SEFL10N6d_B2_stressor2_45_46 Box 1.wmv,1,novstressor,sec,194,83.33333333,159.5
45,250905_SEFL10N6d_B2_stressor2_45_46 Box 1.wmv,1,novstressor,sec,195,30,546.7666667
45,250905_SEFL10N6d_B2_stressor2_45_46 Box 1.wmv,1,novstressor,sec,196,100,23.1
45,250905_SEFL10N6d_B2_stressor2_45_46 Box 1.wmv,1,novstressor,sec,197,100,15.66666667
45,250905_SEFL10N6d_B2_stressor2_45_46 Box 1.wmv,1,novstressor,sec,198,26.66666667,564.0666667
45,250905_SEFL10N6d_B2_stressor2_45_46 Box 1.wmv,1,novstressor,sec,199,73.33333333,191.6333333
45,250905_SEFL10N6d_B2_stressor2_45_46 Box 1.wmv,1,novstressor,sec,200,100,3.2
45,250905_SEFL10N6d_B2_stressor2_45_46 Box 1.wmv,1,novstressor,sec,201,70,234.4666667
45,250905_SEFL10N6d_B2_stressor2_45_46 Box 1.wmv,1,novstressor,sec,202,3.333333333,509.3666667
45,250905_SEFL10N6d_B2_stressor2_45_46 Box 1.wmv,1,novstressor,sec,203,100,19.7
45,250905_SEFL10N6d_B2_stressor2_45_46 Box 1.wmv,1,novstressor,sec,204,66.66666667,66.56666667
45,250905_SEFL10N6d_B2_stressor2_45_46 Box 1.wmv,1,novstressor,sec,205,0,530.8
45,250905_SEFL10N6d_B2_stressor2_45_46 Box 1.wmv,1,novstressor,sec,206,36.66666667,230.4
45,250905_SEFL10N6d_B2_stressor2_45_46 Box 1.wmv,1,novstressor,sec,207,100,2.433333333
45,250905_SEFL10N6d_B2_stressor2_45_46 Box 1.wmv,1,novstressor,sec,208,100,10.83333333
45,250905_SEFL10N6d_B2_stressor2_45_46 Box 1.wmv,1,novstressor,sec,209,46.66666667,378.8333333
45,250905_SEFL10N6d_B2_stressor2_45_46 Box 1.wmv,1,novstressor,sec,210,53.33333333,171.5333333
45,250905_SEFL10N6d_B2_stressor2_45_46 Box 1.wmv,1,novstressor,sec,211,100,23.33333333
45,250905_SEFL10N6d_B2_stressor2_45_46 Box 1.wmv,1,novstressor,sec,212,100,26.2
45,250905_SEFL10N6d_B2_stressor2_45_46 Box 1.wmv,1,novstressor,sec,213,16.66666667,531.6666667
45,250905_SEFL10N6d_B2_stressor2_45_46 Box 1.wmv,1,novstressor,sec,214,60,141.9333333
45,250905_SEFL10N6d_B2_stressor2_45_46 Box 1.wmv,1,novstressor,sec,215,63.33333333,247.7666667
45,250905_SEFL10N6d_B2_stressor2_45_46 Box 1.wmv,1,novstressor,sec,216,60,232.3
45,250905_SEFL10N6d_B2_stressor2_45_46 Box 1.wmv,1,novstressor,sec,217,46.66666667,294.3666667
45,250905_SEFL10N6d_B2_stressor2_45_46 Box 1.wmv,1,novstressor,sec,218,100,125.3666667
45,250905_SEFL10N6d_B2_stressor2_45_46 Box 1.wmv,1,novstressor,sec,219,80,164.7333333
45,250905_SEFL10N6d_B2_stressor2_45_46 Box 1.wmv,1,novstressor,sec,220,0,544
45,250905_SEFL10N6d_B2_stressor2_45_46 Box 1.wmv,1,novstressor,sec,221,0,510.4333333
45,250905_SEFL10N6d_B2_stressor2_45_46 Box 1.wmv,1,novstressor,sec,222,3.333333333,665.7333333
45,250905_SEFL10N6d_B2_stressor2_45_46 Box 1.wmv,1,novstressor,sec,223,50,293.3
45,250905_SEFL10N6d_B2_stressor2_45_46 Box 1.wmv,1,novstressor,sec,224,0,189.6666667
45,250905_SEFL10N6d_B2_stressor2_45_46 Box 1.wmv,1,novstressor,sec,225,56.66666667,90.4
45,250905_SEFL10N6d_B2_stressor2_45_46 Box 1.wmv,1,novstressor,sec,226,33.33333333,378.9
45,250905_SEFL10N6d_B2_stressor2_45_46 Box 1.wmv,1,novstressor,sec,227,0,221.6
45,250905_SEFL10N6d_B2_stressor2_45_46 Box 1.wmv,1,novstressor,sec,228,23.33333333,521.6
45,250905_SEFL10N6d_B2_stressor2_45_46 Box 1.wmv,1,novstressor,sec,229,100,0
45,250905_SEFL10N6d_B2_stressor2_45_46 Box 1.wmv,1,novstressor,sec,230,0,730.9666667
45,250905_SEFL10N6d_B2_stressor2_45_46 Box 1.wmv,1,novstressor,sec,231,0,1072.6
45,250905_SEFL10N6d_B2_stressor2_45_46 Box 1.wmv,1,novstressor,sec,232,60,312.8
45,250905_SEFL10N6d_B2_stressor2_45_46 Box 1.wmv,1,novstressor,sec,233,100,0.033333333
45,250905_SEFL10N6d_B2_stressor2_45_46 Box 1.wmv,1,novstressor,sec,234,100,0
45,250905_SEFL10N6d_B2_stressor2_45_46 Box 1.wmv,1,novstressor,sec,235,43.33333333,372.4333333
45,250905_SEFL10N6d_B2_stressor2_45_46 Box 1.wmv,1,novstressor,sec,236,0,511.8666667
45,250905_SEFL10N6d_B2_stressor2_45_46 Box 1.wmv,1,novstressor,sec,237,53.33333333,336.9666667
45,250905_SEFL10N6d_B2_stressor2_45_46 Box 1.wmv,1,novstressor,sec,238,20,561.3666667
45,250905_SEFL10N6d_B2_stressor2_45_46 Box 1.wmv,1,novstressor,sec,239,100,9.733333333
45,250905_SEFL10N6d_B2_stressor2_45_46 Box 1.wmv,1,novstressor,sec,240,43.33333333,379.6333333
45,250905_SEFL10N6d_B2_stressor2_45_46 Box 1.wmv,1,novstressor,sec,241,53.33333333,188.2666667
45,250905_SEFL10N6d_B2_stressor2_45_46 Box 1.wmv,1,novstressor,sec,242,96.66666667,32.96666667
45,250905_SEFL10N6d_B2_stressor2_45_46 Box 1.wmv,1,novstressor,sec,243,46.66666667,350.1666667
45,250905_SEFL10N6d_B2_stressor2_45_46 Box 1.wmv,1,novstressor,sec,244,100,12.36666667
45,250905_SEFL10N6d_B2_stressor2_45_46 Box 1.wmv,1,novstressor,sec,245,26.66666667,542.0666667
45,250905_SEFL10N6d_B2_stressor2_45_46 Box 1.wmv,1,novstressor,sec,246,0,765
45,250905_SEFL10N6d_B2_stressor2_45_46 Box 1.wmv,1,novstressor,sec,247,0,436.8333333
45,250905_SEFL10N6d_B2_stressor2_45_46 Box 1.wmv,1,novstressor,sec,248,46.66666667,260.2666667
45,250905_SEFL10N6d_B2_stressor2_45_46 Box 1.wmv,1,novstressor,sec,249,83.33333333,91.86666667
45,250905_SEFL10N6d_B2_stressor2_45_46 Box 1.wmv,1,novstressor,sec,250,0,226.1333333
45,250905_SEFL10N6d_B2_stressor2_45_46 Box 1.wmv,1,novstressor,sec,251,0,562.5333333
45,250905_SEFL10N6d_B2_stressor2_45_46 Box 1.wmv,1,novstressor,sec,252,0,964.7333333
45,250905_SEFL10N6d_B2_stressor2_45_46 Box 1.wmv,1,novstressor,sec,253,0,695.4666667
45,250905_SEFL10N6d_B2_stressor2_45_46 Box 1.wmv,1,novstressor,sec,254,0,1443.5
45,250905_SEFL10N6d_B2_stressor2_45_46 Box 1.wmv,1,novstressor,sec,255,0,1024.4
45,250905_SEFL10N6d_B2_stressor2_45_46 Box 1.wmv,1,novstressor,sec,256,0,624.7
45,250905_SEFL10N6d_B2_stressor2_45_46 Box 1.wmv,1,novstressor,sec,257,36.66666667,371.6333333
45,250905_SEFL10N6d_B2_stressor2_45_46 Box 1.wmv,1,novstressor,sec,258,16.66666667,351.5666667
45,250905_SEFL10N6d_B2_stressor2_45_46 Box 1.wmv,1,novstressor,sec,259,0,803.7
45,250905_SEFL10N6d_B2_stressor2_45_46 Box 1.wmv,1,novstressor,sec,260,63.33333333,458.2666667
45,250905_SEFL10N6d_B2_stressor2_45_46 Box 1.wmv,1,novstressor,sec,261,3.333333333,258.5333333
45,250905_SEFL10N6d_B2_stressor2_45_46 Box 1.wmv,1,novstressor,sec,262,53.33333333,374.0333333
45,250905_SEFL10N6d_B2_stressor2_45_46 Box 1.wmv,1,novstressor,sec,263,60,270.2333333
45,250905_SEFL10N6d_B2_stressor2_45_46 Box 1.wmv,1,novstressor,sec,264,23.33333333,302.6333333
45,250905_SEFL10N6d_B2_stressor2_45_46 Box 1.wmv,1,novstressor,sec,265,0,933.1666667
45,250905_SEFL10N6d_B2_stressor2_45_46 Box 1.wmv,1,novstressor,sec,266,23.33333333,894.3
45,250905_SEFL10N6d_B2_stressor2_45_46 Box 1.wmv,1,novstressor,sec,267,100,0.7
45,250905_SEFL10N6d_B2_stressor2_45_46 Box 1.wmv,1,novstressor,sec,268,0,1532.033333
45,250905_SEFL10N6d_B2_stressor2_45_46 Box 1.wmv,1,novstressor,sec,269,0,1161.7
45,250905_SEFL10N6d_B2_stressor2_45_46 Box 1.wmv,1,novstressor,sec,270,0,1067.233333
45,250905_SEFL10N6d_B2_stressor2_45_46 Box 1.wmv,1,novstressor,sec,271,0,2185
45,250905_SEFL10N6d_B2_stressor2_45_46 Box 1.wmv,1,novstressor,sec,272,3.333333333,1033.766667
45,250905_SEFL10N6d_B2_stressor2_45_46 Box 1.wmv,1,novstressor,sec,273,86.66666667,103.8666667
45,250905_SEFL10N6d_B2_stressor2_45_46 Box 1.wmv,1,novstressor,sec,274,0,408.3333333
45,250905_SEFL10N6d_B2_stressor2_45_46 Box 1.wmv,1,novstressor,sec,275,13.33333333,537.9333333
45,250905_SEFL10N6d_B2_stressor2_45_46 Box 1.wmv,1,novstressor,sec,276,100,33.13333333
45,250905_SEFL10N6d_B2_stressor2_45_46 Box 1.wmv,1,novstressor,sec,277,80,172.1333333
45,250905_SEFL10N6d_B2_stressor2_45_46 Box 1.wmv,1,novstressor,sec,278,16.66666667,837.3
45,250905_SEFL10N6d_B2_stressor2_45_46 Box 1.wmv,1,novstressor,sec,279,0,806.3333333
45,250905_SEFL10N6d_B2_stressor2_45_46 Box 1.wmv,1,novstressor,sec,280,66.66666667,162.1333333
45,250905_SEFL10N6d_B2_stressor2_45_46 Box 1.wmv,1,novstressor,sec,281,76.66666667,84.56666667
45,250905_SEFL10N6d_B2_stressor2_45_46 Box 1.wmv,1,novstressor,sec,282,0,847.3666667
45,250905_SEFL10N6d_B2_stressor2_45_46 Box 1.wmv,1,novstressor,sec,283,0,595.8
45,250905_SEFL10N6d_B2_stressor2_45_46 Box 1.wmv,1,novstressor,sec,284,0,635.0333333
45,250905_SEFL10N6d_B2_stressor2_45_46 Box 1.wmv,1,novstressor,sec,285,0,871.1333333
45,250905_SEFL10N6d_B2_stressor2_45_46 Box 1.wmv,1,novstressor,sec,286,86.66666667,59.5
45,250905_SEFL10N6d_B2_stressor2_45_46 Box 1.wmv,1,novstressor,sec,287,13.33333333,390.1
45,250905_SEFL10N6d_B2_stressor2_45_46 Box 1.wmv,1,novstressor,sec,288,80,90.43333333
45,250905_SEFL10N6d_B2_stressor2_45_46 Box 1.wmv,1,novstressor,sec,289,56.66666667,401.1333333
45,250905_SEFL10N6d_B2_stressor2_45_46 Box 1.wmv,1,novstressor,sec,290,0,625.7
45,250905_SEFL10N6d_B2_stressor2_45_46 Box 1.wmv,1,novstressor,sec,291,0,775.2333333
45,250905_SEFL10N6d_B2_stressor2_45_46 Box 1.wmv,1,novstressor,sec,292,0,906.3333333
45,250905_SEFL10N6d_B2_stressor2_45_46 Box 1.wmv,1,novstressor,sec,293,10,654.2333333
45,250905_SEFL10N6d_B2_stressor2_45_46 Box 1.wmv,1,novstressor,sec,294,100,0.566666667
45,250905_SEFL10N6d_B2_stressor2_45_46 Box 1.wmv,1,novstressor,sec,295,100,0.6
45,250905_SEFL10N6d_B2_stressor2_45_46 Box 1.wmv,1,novstressor,sec,296,26.66666667,560.6333333
45,250905_SEFL10N6d_B2_stressor2_45_46 Box 1.wmv,1,novstressor,sec,297,60,268.7666667
45,250905_SEFL10N6d_B2_stressor2_45_46 Box 1.wmv,1,novstressor,sec,298,56.66666667,391.4666667
45,250905_SEFL10N6d_B2_stressor2_45_46 Box 1.wmv,1,novstressor,sec,299,43.33333333,219.4666667
45,250905_SEFL10N6d_B2_stressor2_45_46 Box 1.wmv,1,novstressor,sec,300,93.33333333,48.33333333
45,250905_SEFL10N6d_B2_stressor2_45_46 Box 1.wmv,1,novstressor,sec,301,43.33333333,219.8333333
45,250905_SEFL10N6d_B2_stressor2_45_46 Box 1.wmv,1,novstressor,sec,302,100,4.1
45,250905_SEFL10N6d_B2_stressor2_45_46 Box 1.wmv,1,novstressor,sec,303,50,617.7333333
45,250905_SEFL10N6d_B2_stressor2_45_46 Box 1.wmv,1,novstressor,sec,304,0,755.6333333
45,250905_SEFL10N6d_B2_stressor2_45_46 Box 1.wmv,1,novstressor,sec,305,0,304.4333333
45,250905_SEFL10N6d_B2_stressor2_45_46 Box 1.wmv,1,novstressor,sec,306,60,253.7666667
45,250905_SEFL10N6d_B2_stressor2_45_46 Box 1.wmv,1,novstressor,sec,307,93.33333333,80.5
45,250905_SEFL10N6d_B2_stressor2_45_46 Box 1.wmv,1,novstressor,sec,308,0,763.8333333
45,250905_SEFL10N6d_B2_stressor2_45_46 Box 1.wmv,1,novstressor,sec,309,0,1242.3
45,250905_SEFL10N6d_B2_stressor2_45_46 Box 1.wmv,1,novstressor,sec,310,0,900
45,250905_SEFL10N6d_B2_stressor2_45_46 Box 1.wmv,1,novstressor,sec,311,0,803.2666667
45,250905_SEFL10N6d_B2_stressor2_45_46 Box 1.wmv,1,novstressor,sec,312,0,666.6666667
45,250905_SEFL10N6d_B2_stressor2_45_46 Box 1.wmv,1,novstressor,sec,313,0,708.9
45,250905_SEFL10N6d_B2_stressor2_45_46 Box 1.wmv,1,novstressor,sec,314,0,740.6666667
45,250905_SEFL10N6d_B2_stressor2_45_46 Box 1.wmv,1,novstressor,sec,315,0,858
45,250905_SEFL10N6d_B2_stressor2_45_46 Box 1.wmv,1,novstressor,sec,316,0,1755.366667
45,250905_SEFL10N6d_B2_stressor2_45_46 Box 1.wmv,1,novstressor,sec,317,0,985.0333333
45,250905_SEFL10N6d_B2_stressor2_45_46 Box 1.wmv,1,novstressor,sec,318,0,712.3666667
45,250905_SEFL10N6d_B2_stressor2_45_46 Box 1.wmv,1,novstressor,sec,319,0,964.7666667
45,250905_SEFL10N6d_B2_stressor2_45_46 Box 1.wmv,1,novstressor,sec,320,0,672.8666667
45,250905_SEFL10N6d_B2_stressor2_45_46 Box 1.wmv,1,novstressor,sec,321,0,764.1
45,250905_SEFL10N6d_B2_stressor2_45_46 Box 1.wmv,1,novstressor,sec,322,3.333333333,806.6
45,250905_SEFL10N6d_B2_stressor2_45_46 Box 1.wmv,1,novstressor,sec,323,60,514.1
45,250905_SEFL10N6d_B2_stressor2_45_46 Box 1.wmv,1,novstressor,sec,324,0,1221.5
45,250905_SEFL10N6d_B2_stressor2_45_46 Box 1.wmv,1,novstressor,sec,325,36.66666667,546.9
45,250905_SEFL10N6d_B2_stressor2_45_46 Box 1.wmv,1,novstressor,sec,326,26.66666667,541.8
45,250905_SEFL10N6d_B2_stressor2_45_46 Box 1.wmv,1,novstressor,sec,327,0,1011.833333
45,250905_SEFL10N6d_B2_stressor2_45_46 Box 1.wmv,1,novstressor,sec,328,20,594.1333333
45,250905_SEFL10N6d_B2_stressor2_45_46 Box 1.wmv,1,novstressor,sec,329,100,0.033333333
45,250905_SEFL10N6d_B2_stressor2_45_46 Box 1.wmv,1,novstressor,sec,330,16.66666667,505.1666667
45,250905_SEFL10N6d_B2_stressor2_45_46 Box 1.wmv,1,novstressor,sec,331,0,778
45,250905_SEFL10N6d_B2_stressor2_45_46 Box 1.wmv,1,novstressor,sec,332,0,729.9
45,250905_SEFL10N6d_B2_stressor2_45_46 Box 1.wmv,1,novstressor,sec,333,0,482.8333333
45,250905_SEFL10N6d_B2_stressor2_45_46 Box 1.wmv,1,novstressor,sec,334,23.33333333,785.3666667
45,250905_SEFL10N6d_B2_stressor2_45_46 Box 1.wmv,1,novstressor,sec,335,100,0.066666667
45,250905_SEFL10N6d_B2_stressor2_45_46 Box 1.wmv,1,novstressor,sec,336,100,0.033333333
45,250905_SEFL10N6d_B2_stressor2_45_46 Box 1.wmv,1,novstressor,sec,337,30,613.2666667
45,250905_SEFL10N6d_B2_stressor2_45_46 Box 1.wmv,1,novstressor,sec,338,0,1050.233333
45,250905_SEFL10N6d_B2_stressor2_45_46 Box 1.wmv,1,novstressor,sec,339,83.33333333,57
45,250905_SEFL10N6d_B2_stressor2_45_46 Box 1.wmv,1,novstressor,sec,340,56.66666667,498.9333333
45,250905_SEFL10N6d_B2_stressor2_45_46 Box 1.wmv,1,novstressor,sec,341,0,1683.233333
45,250905_SEFL10N6d_B2_stressor2_45_46 Box 1.wmv,1,novstressor,sec,342,0,778.9
45,250905_SEFL10N6d_B2_stressor2_45_46 Box 1.wmv,1,novstressor,sec,343,0,1496.633333
45,250905_SEFL10N6d_B2_stressor2_45_46 Box 1.wmv,1,novstressor,sec,344,0,471.1666667
45,250905_SEFL10N6d_B2_stressor2_45_46 Box 1.wmv,1,novstressor,sec,345,0,472.5333333
45,250905_SEFL10N6d_B2_stressor2_45_46 Box 1.wmv,1,novstressor,sec,346,56.66666667,242.4666667
45,250905_SEFL10N6d_B2_stressor2_45_46 Box 1.wmv,1,novstressor,sec,347,20,266.3333333
45,250905_SEFL10N6d_B2_stressor2_45_46 Box 1.wmv,1,novstressor,sec,348,0,1032.666667
45,250905_SEFL10N6d_B2_stressor2_45_46 Box 1.wmv,1,novstressor,sec,349,50,536.4666667
45,250905_SEFL10N6d_B2_stressor2_45_46 Box 1.wmv,1,novstressor,sec,350,36.66666667,140.2
45,250905_SEFL10N6d_B2_stressor2_45_46 Box 1.wmv,1,novstressor,sec,351,0,693.4666667
45,250905_SEFL10N6d_B2_stressor2_45_46 Box 1.wmv,1,novstressor,sec,352,0,1165.1
45,250905_SEFL10N6d_B2_stressor2_45_46 Box 1.wmv,1,novstressor,sec,353,0,1186.8
45,250905_SEFL10N6d_B2_stressor2_45_46 Box 1.wmv,1,novstressor,sec,354,0,819.6666667
45,250905_SEFL10N6d_B2_stressor2_45_46 Box 1.wmv,1,novstressor,sec,355,0,413.4
45,250905_SEFL10N6d_B2_stressor2_45_46 Box 1.wmv,1,novstressor,sec,356,0,108.3
45,250905_SEFL10N6d_B2_stressor2_45_46 Box 1.wmv,1,novstressor,sec,357,0,430.2333333
45,250905_SEFL10N6d_B2_stressor2_45_46 Box 1.wmv,1,novstressor,sec,358,6.666666667,923.5666667
45,250905_SEFL10N6d_B2_stressor2_45_46 Box 1.wmv,1,novstressor,sec,359,96.66666667,41.4
45,250905_SEFL10N6d_B2_stressor2_45_46 Box 1.wmv,1,novstressor,sec,360,50,287.2666667
45,250905_SEFL10N6d_B2_stressor2_45_46 Box 1.wmv,1,novstressor,sec,361,76.66666667,179.1
45,250905_SEFL10N6d_B2_stressor2_45_46 Box 1.wmv,1,novstressor,sec,362,0,1012.433333
45,250905_SEFL10N6d_B2_stressor2_45_46 Box 1.wmv,1,novstressor,sec,363,0,1314.615385
45,250905_SEFL10N6d_B2_stressor2_45_46 Box 1.wmv,1,novstressor,prepost,bl,6.407407407,968.0035185
45,250905_SEFL10N6d_B2_stressor2_45_46 Box 1.wmv,1,novstressor,prepost,post,35.71163825,494.0441067
45,250905_SEFL10N6d_B2_stressor2_45_46 Box 1.wmv,1,novstressor,startle,startle_post,25.55555556,449.4111111
45,250905_SEFL10N6d_B2_stressor2_45_46 Box 1.wmv,1,novstressor,startle,startle_pre,0,1167.6
45,250905_SEFL10N6d_B2_stressor2_45_46 Box 1.wmv,1,novstressor,startle,startle_startle,0,1565.611111
46,250905_SEFL10N6d_B2_stressor2_45_46 Box 2.wmv,2,novstressor,sec,1,0,657.9666667
46,250905_SEFL10N6d_B2_stressor2_45_46 Box 2.wmv,2,novstressor,sec,2,0,750.8333333
46,250905_SEFL10N6d_B2_stressor2_45_46 Box 2.wmv,2,novstressor,sec,3,0,561.6666667
46,250905_SEFL10N6d_B2_stressor2_45_46 Box 2.wmv,2,novstressor,sec,4,0,587.5333333
46,250905_SEFL10N6d_B2_stressor2_45_46 Box 2.wmv,2,novstressor,sec,5,0,935.4666667
46,250905_SEFL10N6d_B2_stressor2_45_46 Box 2.wmv,2,novstressor,sec,6,0,1727.133333
46,250905_SEFL10N6d_B2_stressor2_45_46 Box 2.wmv,2,novstressor,sec,7,0,1027.633333
46,250905_SEFL10N6d_B2_stressor2_45_46 Box 2.wmv,2,novstressor,sec,8,0,1044.8
46,250905_SEFL10N6d_B2_stressor2_45_46 Box 2.wmv,2,novstressor,sec,9,0,1032.1
46,250905_SEFL10N6d_B2_stressor2_45_46 Box 2.wmv,2,novstressor,sec,10,0,2122.2
46,250905_SEFL10N6d_B2_stressor2_45_46 Box 2.wmv,2,novstressor,sec,11,0,842.1333333
46,250905_SEFL10N6d_B2_stressor2_45_46 Box 2.wmv,2,novstressor,sec,12,0,596.3333333
46,250905_SEFL10N6d_B2_stressor2_45_46 Box 2.wmv,2,novstressor,sec,13,0,433.0666667
46,250905_SEFL10N6d_B2_stressor2_45_46 Box 2.wmv,2,novstressor,sec,14,0,757.5666667
46,250905_SEFL10N6d_B2_stressor2_45_46 Box 2.wmv,2,novstressor,sec,15,0,2428.1
46,250905_SEFL10N6d_B2_stressor2_45_46 Box 2.wmv,2,novstressor,sec,16,0,2060.733333
46,250905_SEFL10N6d_B2_stressor2_45_46 Box 2.wmv,2,novstressor,sec,17,0,743.4666667
46,250905_SEFL10N6d_B2_stressor2_45_46 Box 2.wmv,2,novstressor,sec,18,0,430.3666667
46,250905_SEFL10N6d_B2_stressor2_45_46 Box 2.wmv,2,novstressor,sec,19,0,609.7
46,250905_SEFL10N6d_B2_stressor2_45_46 Box 2.wmv,2,novstressor,sec,20,0,1279.5
46,250905_SEFL10N6d_B2_stressor2_45_46 Box 2.wmv,2,novstressor,sec,21,0,633.7
46,250905_SEFL10N6d_B2_stressor2_45_46 Box 2.wmv,2,novstressor,sec,22,53.33333333,501.1666667
46,250905_SEFL10N6d_B2_stressor2_45_46 Box 2.wmv,2,novstressor,sec,23,0,1831.266667
46,250905_SEFL10N6d_B2_stressor2_45_46 Box 2.wmv,2,novstressor,sec,24,0,2170.166667
46,250905_SEFL10N6d_B2_stressor2_45_46 Box 2.wmv,2,novstressor,sec,25,0,752.1
46,250905_SEFL10N6d_B2_stressor2_45_46 Box 2.wmv,2,novstressor,sec,26,0,339.2666667
46,250905_SEFL10N6d_B2_stressor2_45_46 Box 2.wmv,2,novstressor,sec,27,0,932.6
46,250905_SEFL10N6d_B2_stressor2_45_46 Box 2.wmv,2,novstressor,sec,28,0,1069.066667
46,250905_SEFL10N6d_B2_stressor2_45_46 Box 2.wmv,2,novstressor,sec,29,0,2721.666667
46,250905_SEFL10N6d_B2_stressor2_45_46 Box 2.wmv,2,novstressor,sec,30,0,1848.8
46,250905_SEFL10N6d_B2_stressor2_45_46 Box 2.wmv,2,novstressor,sec,31,0,897.9333333
46,250905_SEFL10N6d_B2_stressor2_45_46 Box 2.wmv,2,novstressor,sec,32,0,568.4
46,250905_SEFL10N6d_B2_stressor2_45_46 Box 2.wmv,2,novstressor,sec,33,0,1155.266667
46,250905_SEFL10N6d_B2_stressor2_45_46 Box 2.wmv,2,novstressor,sec,34,0,962.8666667
46,250905_SEFL10N6d_B2_stressor2_45_46 Box 2.wmv,2,novstressor,sec,35,0,451.9
46,250905_SEFL10N6d_B2_stressor2_45_46 Box 2.wmv,2,novstressor,sec,36,0,1369.766667
46,250905_SEFL10N6d_B2_stressor2_45_46 Box 2.wmv,2,novstressor,sec,37,0,1084
46,250905_SEFL10N6d_B2_stressor2_45_46 Box 2.wmv,2,novstressor,sec,38,0,2569.2
46,250905_SEFL10N6d_B2_stressor2_45_46 Box 2.wmv,2,novstressor,sec,39,0,1901.466667
46,250905_SEFL10N6d_B2_stressor2_45_46 Box 2.wmv,2,novstressor,sec,40,0,762.3
46,250905_SEFL10N6d_B2_stressor2_45_46 Box 2.wmv,2,novstressor,sec,41,0,442.9666667
46,250905_SEFL10N6d_B2_stressor2_45_46 Box 2.wmv,2,novstressor,sec,42,0,689
46,250905_SEFL10N6d_B2_stressor2_45_46 Box 2.wmv,2,novstressor,sec,43,0,1703.233333
46,250905_SEFL10N6d_B2_stressor2_45_46 Box 2.wmv,2,novstressor,sec,44,0,1533
46,250905_SEFL10N6d_B2_stressor2_45_46 Box 2.wmv,2,novstressor,sec,45,0,754.9666667
46,250905_SEFL10N6d_B2_stressor2_45_46 Box 2.wmv,2,novstressor,sec,46,0,1239.033333
46,250905_SEFL10N6d_B2_stressor2_45_46 Box 2.wmv,2,novstressor,sec,47,0,2487.933333
46,250905_SEFL10N6d_B2_stressor2_45_46 Box 2.wmv,2,novstressor,sec,48,0,1556.833333
46,250905_SEFL10N6d_B2_stressor2_45_46 Box 2.wmv,2,novstressor,sec,49,0,1003.9
46,250905_SEFL10N6d_B2_stressor2_45_46 Box 2.wmv,2,novstressor,sec,50,0,733.7666667
46,250905_SEFL10N6d_B2_stressor2_45_46 Box 2.wmv,2,novstressor,sec,51,0,1299.1
46,250905_SEFL10N6d_B2_stressor2_45_46 Box 2.wmv,2,novstressor,sec,52,0,819.7333333
46,250905_SEFL10N6d_B2_stressor2_45_46 Box 2.wmv,2,novstressor,sec,53,0,1150.933333
46,250905_SEFL10N6d_B2_stressor2_45_46 Box 2.wmv,2,novstressor,sec,54,0,700.6666667
46,250905_SEFL10N6d_B2_stressor2_45_46 Box 2.wmv,2,novstressor,sec,55,53.33333333,445.4
46,250905_SEFL10N6d_B2_stressor2_45_46 Box 2.wmv,2,novstressor,sec,56,40,325.3
46,250905_SEFL10N6d_B2_stressor2_45_46 Box 2.wmv,2,novstressor,sec,57,0,1281.5
46,250905_SEFL10N6d_B2_stressor2_45_46 Box 2.wmv,2,novstressor,sec,58,0,2945.1
46,250905_SEFL10N6d_B2_stressor2_45_46 Box 2.wmv,2,novstressor,sec,59,0,950.6333333
46,250905_SEFL10N6d_B2_stressor2_45_46 Box 2.wmv,2,novstressor,sec,60,0,821.5333333
46,250905_SEFL10N6d_B2_stressor2_45_46 Box 2.wmv,2,novstressor,sec,61,0,1017.833333
46,250905_SEFL10N6d_B2_stressor2_45_46 Box 2.wmv,2,novstressor,sec,62,0,953.3333333
46,250905_SEFL10N6d_B2_stressor2_45_46 Box 2.wmv,2,novstressor,sec,63,0,1058.033333
46,250905_SEFL10N6d_B2_stressor2_45_46 Box 2.wmv,2,novstressor,sec,64,0,2772.966667
46,250905_SEFL10N6d_B2_stressor2_45_46 Box 2.wmv,2,novstressor,sec,65,0,1456.566667
46,250905_SEFL10N6d_B2_stressor2_45_46 Box 2.wmv,2,novstressor,sec,66,0,1494.533333
46,250905_SEFL10N6d_B2_stressor2_45_46 Box 2.wmv,2,novstressor,sec,67,0,1070.166667
46,250905_SEFL10N6d_B2_stressor2_45_46 Box 2.wmv,2,novstressor,sec,68,0,912.2333333
46,250905_SEFL10N6d_B2_stressor2_45_46 Box 2.wmv,2,novstressor,sec,69,0,1037.533333
46,250905_SEFL10N6d_B2_stressor2_45_46 Box 2.wmv,2,novstressor,sec,70,0,1209.366667
46,250905_SEFL10N6d_B2_stressor2_45_46 Box 2.wmv,2,novstressor,sec,71,0,865.8333333
46,250905_SEFL10N6d_B2_stressor2_45_46 Box 2.wmv,2,novstressor,sec,72,0,1721.366667
46,250905_SEFL10N6d_B2_stressor2_45_46 Box 2.wmv,2,novstressor,sec,73,0,2036.566667
46,250905_SEFL10N6d_B2_stressor2_45_46 Box 2.wmv,2,novstressor,sec,74,0,972.1333333
46,250905_SEFL10N6d_B2_stressor2_45_46 Box 2.wmv,2,novstressor,sec,75,0,866.3333333
46,250905_SEFL10N6d_B2_stressor2_45_46 Box 2.wmv,2,novstressor,sec,76,0,840.6
46,250905_SEFL10N6d_B2_stressor2_45_46 Box 2.wmv,2,novstressor,sec,77,93.33333333,77.9
46,250905_SEFL10N6d_B2_stressor2_45_46 Box 2.wmv,2,novstressor,sec,78,100,101.5333333
46,250905_SEFL10N6d_B2_stressor2_45_46 Box 2.wmv,2,novstressor,sec,79,80,278.9666667
46,250905_SEFL10N6d_B2_stressor2_45_46 Box 2.wmv,2,novstressor,sec,80,0,1156.033333
46,250905_SEFL10N6d_B2_stressor2_45_46 Box 2.wmv,2,novstressor,sec,81,0,965.0333333
46,250905_SEFL10N6d_B2_stressor2_45_46 Box 2.wmv,2,novstressor,sec,82,0,767.1
46,250905_SEFL10N6d_B2_stressor2_45_46 Box 2.wmv,2,novstressor,sec,83,0,1835.633333
46,250905_SEFL10N6d_B2_stressor2_45_46 Box 2.wmv,2,novstressor,sec,84,0,1466.1
46,250905_SEFL10N6d_B2_stressor2_45_46 Box 2.wmv,2,novstressor,sec,85,0,693.1
46,250905_SEFL10N6d_B2_stressor2_45_46 Box 2.wmv,2,novstressor,sec,86,0,1510.7
46,250905_SEFL10N6d_B2_stressor2_45_46 Box 2.wmv,2,novstressor,sec,87,0,1166.133333
46,250905_SEFL10N6d_B2_stressor2_45_46 Box 2.wmv,2,novstressor,sec,88,0,774.2
46,250905_SEFL10N6d_B2_stressor2_45_46 Box 2.wmv,2,novstressor,sec,89,0,1052.3
46,250905_SEFL10N6d_B2_stressor2_45_46 Box 2.wmv,2,novstressor,sec,90,0,2237.133333
46,250905_SEFL10N6d_B2_stressor2_45_46 Box 2.wmv,2,novstressor,sec,91,0,1031.866667
46,250905_SEFL10N6d_B2_stressor2_45_46 Box 2.wmv,2,novstressor,sec,92,0,1111.3
46,250905_SEFL10N6d_B2_stressor2_45_46 Box 2.wmv,2,novstressor,sec,93,0,979.9
46,250905_SEFL10N6d_B2_stressor2_45_46 Box 2.wmv,2,novstressor,sec,94,0,1159.9
46,250905_SEFL10N6d_B2_stressor2_45_46 Box 2.wmv,2,novstressor,sec,95,0,1318.966667
46,250905_SEFL10N6d_B2_stressor2_45_46 Box 2.wmv,2,novstressor,sec,96,0,655.8666667
46,250905_SEFL10N6d_B2_stressor2_45_46 Box 2.wmv,2,novstressor,sec,97,0,345.0666667
46,250905_SEFL10N6d_B2_stressor2_45_46 Box 2.wmv,2,novstressor,sec,98,0,436.7666667
46,250905_SEFL10N6d_B2_stressor2_45_46 Box 2.wmv,2,novstressor,sec,99,23.33333333,334.3
46,250905_SEFL10N6d_B2_stressor2_45_46 Box 2.wmv,2,novstressor,sec,100,50,519.6333333
46,250905_SEFL10N6d_B2_stressor2_45_46 Box 2.wmv,2,novstressor,sec,101,0,2020.6
46,250905_SEFL10N6d_B2_stressor2_45_46 Box 2.wmv,2,novstressor,sec,102,0,1099.5
46,250905_SEFL10N6d_B2_stressor2_45_46 Box 2.wmv,2,novstressor,sec,103,0,355.6
46,250905_SEFL10N6d_B2_stressor2_45_46 Box 2.wmv,2,novstressor,sec,104,0,523.1666667
46,250905_SEFL10N6d_B2_stressor2_45_46 Box 2.wmv,2,novstressor,sec,105,0,547.3333333
46,250905_SEFL10N6d_B2_stressor2_45_46 Box 2.wmv,2,novstressor,sec,106,0,1313.333333
46,250905_SEFL10N6d_B2_stressor2_45_46 Box 2.wmv,2,novstressor,sec,107,0,967.6666667
46,250905_SEFL10N6d_B2_stressor2_45_46 Box 2.wmv,2,novstressor,sec,108,0,1692.966667
46,250905_SEFL10N6d_B2_stressor2_45_46 Box 2.wmv,2,novstressor,sec,109,0,1977.966667
46,250905_SEFL10N6d_B2_stressor2_45_46 Box 2.wmv,2,novstressor,sec,110,0,1367.766667
46,250905_SEFL10N6d_B2_stressor2_45_46 Box 2.wmv,2,novstressor,sec,111,0,606.0666667
46,250905_SEFL10N6d_B2_stressor2_45_46 Box 2.wmv,2,novstressor,sec,112,0,384.4333333
46,250905_SEFL10N6d_B2_stressor2_45_46 Box 2.wmv,2,novstressor,sec,113,0,689.2666667
46,250905_SEFL10N6d_B2_stressor2_45_46 Box 2.wmv,2,novstressor,sec,114,0,788.7
46,250905_SEFL10N6d_B2_stressor2_45_46 Box 2.wmv,2,novstressor,sec,115,0,973.8666667
46,250905_SEFL10N6d_B2_stressor2_45_46 Box 2.wmv,2,novstressor,sec,116,0,1097.333333
46,250905_SEFL10N6d_B2_stressor2_45_46 Box 2.wmv,2,novstressor,sec,117,0,468.9
46,250905_SEFL10N6d_B2_stressor2_45_46 Box 2.wmv,2,novstressor,sec,118,0,395.3333333
46,250905_SEFL10N6d_B2_stressor2_45_46 Box 2.wmv,2,novstressor,sec,119,0,1187.7
46,250905_SEFL10N6d_B2_stressor2_45_46 Box 2.wmv,2,novstressor,sec,120,0,613.6666667
46,250905_SEFL10N6d_B2_stressor2_45_46 Box 2.wmv,2,novstressor,sec,121,0,454.5333333
46,250905_SEFL10N6d_B2_stressor2_45_46 Box 2.wmv,2,novstressor,sec,122,0,1774.3
46,250905_SEFL10N6d_B2_stressor2_45_46 Box 2.wmv,2,novstressor,sec,123,0,2705.4
46,250905_SEFL10N6d_B2_stressor2_45_46 Box 2.wmv,2,novstressor,sec,124,0,822.6
46,250905_SEFL10N6d_B2_stressor2_45_46 Box 2.wmv,2,novstressor,sec,125,56.66666667,251.1666667
46,250905_SEFL10N6d_B2_stressor2_45_46 Box 2.wmv,2,novstressor,sec,126,0,649.1333333
46,250905_SEFL10N6d_B2_stressor2_45_46 Box 2.wmv,2,novstressor,sec,127,56.66666667,315.8666667
46,250905_SEFL10N6d_B2_stressor2_45_46 Box 2.wmv,2,novstressor,sec,128,0,1642.833333
46,250905_SEFL10N6d_B2_stressor2_45_46 Box 2.wmv,2,novstressor,sec,129,0,2728.933333
46,250905_SEFL10N6d_B2_stressor2_45_46 Box 2.wmv,2,novstressor,sec,130,0,1006.7
46,250905_SEFL10N6d_B2_stressor2_45_46 Box 2.wmv,2,novstressor,sec,131,0,982.3666667
46,250905_SEFL10N6d_B2_stressor2_45_46 Box 2.wmv,2,novstressor,sec,132,0,326.2333333
46,250905_SEFL10N6d_B2_stressor2_45_46 Box 2.wmv,2,novstressor,sec,133,0,710.8333333
46,250905_SEFL10N6d_B2_stressor2_45_46 Box 2.wmv,2,novstressor,sec,134,0,311.8666667
46,250905_SEFL10N6d_B2_stressor2_45_46 Box 2.wmv,2,novstressor,sec,135,0,555.4666667
46,250905_SEFL10N6d_B2_stressor2_45_46 Box 2.wmv,2,novstressor,sec,136,3.333333333,614.8333333
46,250905_SEFL10N6d_B2_stressor2_45_46 Box 2.wmv,2,novstressor,sec,137,56.66666667,488.9666667
46,250905_SEFL10N6d_B2_stressor2_45_46 Box 2.wmv,2,novstressor,sec,138,0,682.8
46,250905_SEFL10N6d_B2_stressor2_45_46 Box 2.wmv,2,novstressor,sec,139,0,920.3666667
46,250905_SEFL10N6d_B2_stressor2_45_46 Box 2.wmv,2,novstressor,sec,140,0,962.7
46,250905_SEFL10N6d_B2_stressor2_45_46 Box 2.wmv,2,novstressor,sec,141,0,1313.466667
46,250905_SEFL10N6d_B2_stressor2_45_46 Box 2.wmv,2,novstressor,sec,142,0,1135.233333
46,250905_SEFL10N6d_B2_stressor2_45_46 Box 2.wmv,2,novstressor,sec,143,0,2139.633333
46,250905_SEFL10N6d_B2_stressor2_45_46 Box 2.wmv,2,novstressor,sec,144,0,613.6333333
46,250905_SEFL10N6d_B2_stressor2_45_46 Box 2.wmv,2,novstressor,sec,145,0,592.0666667
46,250905_SEFL10N6d_B2_stressor2_45_46 Box 2.wmv,2,novstressor,sec,146,0,684.4666667
46,250905_SEFL10N6d_B2_stressor2_45_46 Box 2.wmv,2,novstressor,sec,147,36.66666667,241.6666667
46,250905_SEFL10N6d_B2_stressor2_45_46 Box 2.wmv,2,novstressor,sec,148,46.66666667,435.0666667
46,250905_SEFL10N6d_B2_stressor2_45_46 Box 2.wmv,2,novstressor,sec,149,0,1670.3
46,250905_SEFL10N6d_B2_stressor2_45_46 Box 2.wmv,2,novstressor,sec,150,0,1249.966667
46,250905_SEFL10N6d_B2_stressor2_45_46 Box 2.wmv,2,novstressor,sec,151,0,548.1
46,250905_SEFL10N6d_B2_stressor2_45_46 Box 2.wmv,2,novstressor,sec,152,0,479.2
46,250905_SEFL10N6d_B2_stressor2_45_46 Box 2.wmv,2,novstressor,sec,153,0,1246.3
46,250905_SEFL10N6d_B2_stressor2_45_46 Box 2.wmv,2,novstressor,sec,154,0,2071.1
46,250905_SEFL10N6d_B2_stressor2_45_46 Box 2.wmv,2,novstressor,sec,155,0,1491.6
46,250905_SEFL10N6d_B2_stressor2_45_46 Box 2.wmv,2,novstressor,sec,156,0,914.1333333
46,250905_SEFL10N6d_B2_stressor2_45_46 Box 2.wmv,2,novstressor,sec,157,33.33333333,164.9333333
46,250905_SEFL10N6d_B2_stressor2_45_46 Box 2.wmv,2,novstressor,sec,158,53.33333333,292.4666667
46,250905_SEFL10N6d_B2_stressor2_45_46 Box 2.wmv,2,novstressor,sec,159,0,569.1
46,250905_SEFL10N6d_B2_stressor2_45_46 Box 2.wmv,2,novstressor,sec,160,0,587.8
46,250905_SEFL10N6d_B2_stressor2_45_46 Box 2.wmv,2,novstressor,sec,161,0,1091.666667
46,250905_SEFL10N6d_B2_stressor2_45_46 Box 2.wmv,2,novstressor,sec,162,0,1738.366667
46,250905_SEFL10N6d_B2_stressor2_45_46 Box 2.wmv,2,novstressor,sec,163,0,1268.266667
46,250905_SEFL10N6d_B2_stressor2_45_46 Box 2.wmv,2,novstressor,sec,164,0,850.9666667
46,250905_SEFL10N6d_B2_stressor2_45_46 Box 2.wmv,2,novstressor,sec,165,0,1102.1
46,250905_SEFL10N6d_B2_stressor2_45_46 Box 2.wmv,2,novstressor,sec,166,0,826.5666667
46,250905_SEFL10N6d_B2_stressor2_45_46 Box 2.wmv,2,novstressor,sec,167,0,1104.833333
46,250905_SEFL10N6d_B2_stressor2_45_46 Box 2.wmv,2,novstressor,sec,168,0,688.9333333
46,250905_SEFL10N6d_B2_stressor2_45_46 Box 2.wmv,2,novstressor,sec,169,0,996.4666667
46,250905_SEFL10N6d_B2_stressor2_45_46 Box 2.wmv,2,novstressor,sec,170,0,166.8
46,250905_SEFL10N6d_B2_stressor2_45_46 Box 2.wmv,2,novstressor,sec,171,0,518.6
46,250905_SEFL10N6d_B2_stressor2_45_46 Box 2.wmv,2,novstressor,sec,172,0,480.6
46,250905_SEFL10N6d_B2_stressor2_45_46 Box 2.wmv,2,novstressor,sec,173,0,469.4666667
46,250905_SEFL10N6d_B2_stressor2_45_46 Box 2.wmv,2,novstressor,sec,174,0,322.7333333
46,250905_SEFL10N6d_B2_stressor2_45_46 Box 2.wmv,2,novstressor,sec,175,0,388.8333333
46,250905_SEFL10N6d_B2_stressor2_45_46 Box 2.wmv,2,novstressor,sec,176,0,463.0666667
46,250905_SEFL10N6d_B2_stressor2_45_46 Box 2.wmv,2,novstressor,sec,177,0,523.7
46,250905_SEFL10N6d_B2_stressor2_45_46 Box 2.wmv,2,novstressor,sec,178,0,1492.833333
46,250905_SEFL10N6d_B2_stressor2_45_46 Box 2.wmv,2,novstressor,sec,179,0,983.0666667
46,250905_SEFL10N6d_B2_stressor2_45_46 Box 2.wmv,2,novstressor,sec,180,0,1332.166667
46,250905_SEFL10N6d_B2_stressor2_45_46 Box 2.wmv,2,novstressor,sec,181,0,2935.433333
46,250905_SEFL10N6d_B2_stressor2_45_46 Box 2.wmv,2,novstressor,sec,182,0,1657.1
46,250905_SEFL10N6d_B2_stressor2_45_46 Box 2.wmv,2,novstressor,sec,183,0,386
46,250905_SEFL10N6d_B2_stressor2_45_46 Box 2.wmv,2,novstressor,sec,184,60,439.9333333
46,250905_SEFL10N6d_B2_stressor2_45_46 Box 2.wmv,2,novstressor,sec,185,36.66666667,431
46,250905_SEFL10N6d_B2_stressor2_45_46 Box 2.wmv,2,novstressor,sec,186,0,446.5333333
46,250905_SEFL10N6d_B2_stressor2_45_46 Box 2.wmv,2,novstressor,sec,187,0,1308.733333
46,250905_SEFL10N6d_B2_stressor2_45_46 Box 2.wmv,2,novstressor,sec,188,0,1450.4
46,250905_SEFL10N6d_B2_stressor2_45_46 Box 2.wmv,2,novstressor,sec,189,0,548.7
46,250905_SEFL10N6d_B2_stressor2_45_46 Box 2.wmv,2,novstressor,sec,190,50,115.1
46,250905_SEFL10N6d_B2_stressor2_45_46 Box 2.wmv,2,novstressor,sec,191,10,568.7666667
46,250905_SEFL10N6d_B2_stressor2_45_46 Box 2.wmv,2,novstressor,sec,192,0,702.6666667
46,250905_SEFL10N6d_B2_stressor2_45_46 Box 2.wmv,2,novstressor,sec,193,0,1043.333333
46,250905_SEFL10N6d_B2_stressor2_45_46 Box 2.wmv,2,novstressor,sec,194,0,649.2666667
46,250905_SEFL10N6d_B2_stressor2_45_46 Box 2.wmv,2,novstressor,sec,195,0,436.3333333
46,250905_SEFL10N6d_B2_stressor2_45_46 Box 2.wmv,2,novstressor,sec,196,0,513.9333333
46,250905_SEFL10N6d_B2_stressor2_45_46 Box 2.wmv,2,novstressor,sec,197,0,418.4333333
46,250905_SEFL10N6d_B2_stressor2_45_46 Box 2.wmv,2,novstressor,sec,198,0,361.1666667
46,250905_SEFL10N6d_B2_stressor2_45_46 Box 2.wmv,2,novstressor,sec,199,0,610.3
46,250905_SEFL10N6d_B2_stressor2_45_46 Box 2.wmv,2,novstressor,sec,200,0,621.7666667
46,250905_SEFL10N6d_B2_stressor2_45_46 Box 2.wmv,2,novstressor,sec,201,0,669.4666667
46,250905_SEFL10N6d_B2_stressor2_45_46 Box 2.wmv,2,novstressor,sec,202,0,2211.833333
46,250905_SEFL10N6d_B2_stressor2_45_46 Box 2.wmv,2,novstressor,sec,203,0,999.6333333
46,250905_SEFL10N6d_B2_stressor2_45_46 Box 2.wmv,2,novstressor,sec,204,0,670.9
46,250905_SEFL10N6d_B2_stressor2_45_46 Box 2.wmv,2,novstressor,sec,205,60,105.3666667
46,250905_SEFL10N6d_B2_stressor2_45_46 Box 2.wmv,2,novstressor,sec,206,0,403.1666667
46,250905_SEFL10N6d_B2_stressor2_45_46 Box 2.wmv,2,novstressor,sec,207,90,83.03333333
46,250905_SEFL10N6d_B2_stressor2_45_46 Box 2.wmv,2,novstressor,sec,208,66.66666667,191.1
46,250905_SEFL10N6d_B2_stressor2_45_46 Box 2.wmv,2,novstressor,sec,209,0,248.6333333
46,250905_SEFL10N6d_B2_stressor2_45_46 Box 2.wmv,2,novstressor,sec,210,0,786.1666667
46,250905_SEFL10N6d_B2_stressor2_45_46 Box 2.wmv,2,novstressor,sec,211,0,605.8
46,250905_SEFL10N6d_B2_stressor2_45_46 Box 2.wmv,2,novstressor,sec,212,0,1697.666667
46,250905_SEFL10N6d_B2_stressor2_45_46 Box 2.wmv,2,novstressor,sec,213,0,879.7
46,250905_SEFL10N6d_B2_stressor2_45_46 Box 2.wmv,2,novstressor,sec,214,0,747.7333333
46,250905_SEFL10N6d_B2_stressor2_45_46 Box 2.wmv,2,novstressor,sec,215,0,509.2
46,250905_SEFL10N6d_B2_stressor2_45_46 Box 2.wmv,2,novstressor,sec,216,0,746.9333333
46,250905_SEFL10N6d_B2_stressor2_45_46 Box 2.wmv,2,novstressor,sec,217,0,895.5333333
46,250905_SEFL10N6d_B2_stressor2_45_46 Box 2.wmv,2,novstressor,sec,218,0,1300.766667
46,250905_SEFL10N6d_B2_stressor2_45_46 Box 2.wmv,2,novstressor,sec,219,0,1126.966667
46,250905_SEFL10N6d_B2_stressor2_45_46 Box 2.wmv,2,novstressor,sec,220,0,527.9
46,250905_SEFL10N6d_B2_stressor2_45_46 Box 2.wmv,2,novstressor,sec,221,0,580.5
46,250905_SEFL10N6d_B2_stressor2_45_46 Box 2.wmv,2,novstressor,sec,222,0,1411.1
46,250905_SEFL10N6d_B2_stressor2_45_46 Box 2.wmv,2,novstressor,sec,223,0,520.0666667
46,250905_SEFL10N6d_B2_stressor2_45_46 Box 2.wmv,2,novstressor,sec,224,0,693.9666667
46,250905_SEFL10N6d_B2_stressor2_45_46 Box 2.wmv,2,novstressor,sec,225,0,1417.6
46,250905_SEFL10N6d_B2_stressor2_45_46 Box 2.wmv,2,novstressor,sec,226,0,819.4666667
46,250905_SEFL10N6d_B2_stressor2_45_46 Box 2.wmv,2,novstressor,sec,227,0,1389.8
46,250905_SEFL10N6d_B2_stressor2_45_46 Box 2.wmv,2,novstressor,sec,228,0,789.4666667
46,250905_SEFL10N6d_B2_stressor2_45_46 Box 2.wmv,2,novstressor,sec,229,0,521.9666667
46,250905_SEFL10N6d_B2_stressor2_45_46 Box 2.wmv,2,novstressor,sec,230,23.33333333,203.8666667
46,250905_SEFL10N6d_B2_stressor2_45_46 Box 2.wmv,2,novstressor,sec,231,100,0
46,250905_SEFL10N6d_B2_stressor2_45_46 Box 2.wmv,2,novstressor,sec,232,100,0
46,250905_SEFL10N6d_B2_stressor2_45_46 Box 2.wmv,2,novstressor,sec,233,30,470.9333333
46,250905_SEFL10N6d_B2_stressor2_45_46 Box 2.wmv,2,novstressor,sec,234,53.33333333,239.8666667
46,250905_SEFL10N6d_B2_stressor2_45_46 Box 2.wmv,2,novstressor,sec,235,0,304.5333333
46,250905_SEFL10N6d_B2_stressor2_45_46 Box 2.wmv,2,novstressor,sec,236,0,611.6
46,250905_SEFL10N6d_B2_stressor2_45_46 Box 2.wmv,2,novstressor,sec,237,0,562.9333333
46,250905_SEFL10N6d_B2_stressor2_45_46 Box 2.wmv,2,novstressor,sec,238,0,977.4666667
46,250905_SEFL10N6d_B2_stressor2_45_46 Box 2.wmv,2,novstressor,sec,239,0,1100.833333
46,250905_SEFL10N6d_B2_stressor2_45_46 Box 2.wmv,2,novstressor,sec,240,0,925.6333333
46,250905_SEFL10N6d_B2_stressor2_45_46 Box 2.wmv,2,novstressor,sec,241,0,1228.2
46,250905_SEFL10N6d_B2_stressor2_45_46 Box 2.wmv,2,novstressor,sec,242,0,775.7333333
46,250905_SEFL10N6d_B2_stressor2_45_46 Box 2.wmv,2,novstressor,sec,243,0,575.5
46,250905_SEFL10N6d_B2_stressor2_45_46 Box 2.wmv,2,novstressor,sec,244,0,675.9
46,250905_SEFL10N6d_B2_stressor2_45_46 Box 2.wmv,2,novstressor,sec,245,0,521.7
46,250905_SEFL10N6d_B2_stressor2_45_46 Box 2.wmv,2,novstressor,sec,246,0,990.6
46,250905_SEFL10N6d_B2_stressor2_45_46 Box 2.wmv,2,novstressor,sec,247,0,1267.266667
46,250905_SEFL10N6d_B2_stressor2_45_46 Box 2.wmv,2,novstressor,sec,248,0,1170.4
46,250905_SEFL10N6d_B2_stressor2_45_46 Box 2.wmv,2,novstressor,sec,249,0,628.7333333
46,250905_SEFL10N6d_B2_stressor2_45_46 Box 2.wmv,2,novstressor,sec,250,0,594.0666667
46,250905_SEFL10N6d_B2_stressor2_45_46 Box 2.wmv,2,novstressor,sec,251,0,444.5666667
46,250905_SEFL10N6d_B2_stressor2_45_46 Box 2.wmv,2,novstressor,sec,252,40,274.7333333
46,250905_SEFL10N6d_B2_stressor2_45_46 Box 2.wmv,2,novstressor,sec,253,20,519.9
46,250905_SEFL10N6d_B2_stressor2_45_46 Box 2.wmv,2,novstressor,sec,254,0,705.6666667
46,250905_SEFL10N6d_B2_stressor2_45_46 Box 2.wmv,2,novstressor,sec,255,0,1269.433333
46,250905_SEFL10N6d_B2_stressor2_45_46 Box 2.wmv,2,novstressor,sec,256,0,1364.2
46,250905_SEFL10N6d_B2_stressor2_45_46 Box 2.wmv,2,novstressor,sec,257,0,1305.733333
46,250905_SEFL10N6d_B2_stressor2_45_46 Box 2.wmv,2,novstressor,sec,258,0,668.5666667
46,250905_SEFL10N6d_B2_stressor2_45_46 Box 2.wmv,2,novstressor,sec,259,0,1067.933333
46,250905_SEFL10N6d_B2_stressor2_45_46 Box 2.wmv,2,novstressor,sec,260,0,706.6666667
46,250905_SEFL10N6d_B2_stressor2_45_46 Box 2.wmv,2,novstressor,sec,261,36.66666667,345.3
46,250905_SEFL10N6d_B2_stressor2_45_46 Box 2.wmv,2,novstressor,sec,262,100,2.033333333
46,250905_SEFL10N6d_B2_stressor2_45_46 Box 2.wmv,2,novstressor,sec,263,10,1559.166667
46,250905_SEFL10N6d_B2_stressor2_45_46 Box 2.wmv,2,novstressor,sec,264,0,634.6666667
46,250905_SEFL10N6d_B2_stressor2_45_46 Box 2.wmv,2,novstressor,sec,265,0,573.9
46,250905_SEFL10N6d_B2_stressor2_45_46 Box 2.wmv,2,novstressor,sec,266,0,500.2666667
46,250905_SEFL10N6d_B2_stressor2_45_46 Box 2.wmv,2,novstressor,sec,267,0,771.9
46,250905_SEFL10N6d_B2_stressor2_45_46 Box 2.wmv,2,novstressor,sec,268,0,652.4
46,250905_SEFL10N6d_B2_stressor2_45_46 Box 2.wmv,2,novstressor,sec,269,0,564.4333333
46,250905_SEFL10N6d_B2_stressor2_45_46 Box 2.wmv,2,novstressor,sec,270,0,1353.766667
46,250905_SEFL10N6d_B2_stressor2_45_46 Box 2.wmv,2,novstressor,sec,271,0,1313
46,250905_SEFL10N6d_B2_stressor2_45_46 Box 2.wmv,2,novstressor,sec,272,0,1095.466667
46,250905_SEFL10N6d_B2_stressor2_45_46 Box 2.wmv,2,novstressor,sec,273,0,1767.133333
46,250905_SEFL10N6d_B2_stressor2_45_46 Box 2.wmv,2,novstressor,sec,274,0,802.6333333
46,250905_SEFL10N6d_B2_stressor2_45_46 Box 2.wmv,2,novstressor,sec,275,0,510.2666667
46,250905_SEFL10N6d_B2_stressor2_45_46 Box 2.wmv,2,novstressor,sec,276,0,518.7
46,250905_SEFL10N6d_B2_stressor2_45_46 Box 2.wmv,2,novstressor,sec,277,0,957.4333333
46,250905_SEFL10N6d_B2_stressor2_45_46 Box 2.wmv,2,novstressor,sec,278,0,715.7333333
46,250905_SEFL10N6d_B2_stressor2_45_46 Box 2.wmv,2,novstressor,sec,279,0,418.6333333
46,250905_SEFL10N6d_B2_stressor2_45_46 Box 2.wmv,2,novstressor,sec,280,100,6.5
46,250905_SEFL10N6d_B2_stressor2_45_46 Box 2.wmv,2,novstressor,sec,281,76.66666667,155.7
46,250905_SEFL10N6d_B2_stressor2_45_46 Box 2.wmv,2,novstressor,sec,282,73.33333333,300.2666667
46,250905_SEFL10N6d_B2_stressor2_45_46 Box 2.wmv,2,novstressor,sec,283,3.333333333,280.2666667
46,250905_SEFL10N6d_B2_stressor2_45_46 Box 2.wmv,2,novstressor,sec,284,0,436.5
46,250905_SEFL10N6d_B2_stressor2_45_46 Box 2.wmv,2,novstressor,sec,285,70,236
46,250905_SEFL10N6d_B2_stressor2_45_46 Box 2.wmv,2,novstressor,sec,286,46.66666667,183.1333333
46,250905_SEFL10N6d_B2_stressor2_45_46 Box 2.wmv,2,novstressor,sec,287,0,490.8666667
46,250905_SEFL10N6d_B2_stressor2_45_46 Box 2.wmv,2,novstressor,sec,288,63.33333333,225.9
46,250905_SEFL10N6d_B2_stressor2_45_46 Box 2.wmv,2,novstressor,sec,289,100,0
46,250905_SEFL10N6d_B2_stressor2_45_46 Box 2.wmv,2,novstressor,sec,290,13.33333333,488.4333333
46,250905_SEFL10N6d_B2_stressor2_45_46 Box 2.wmv,2,novstressor,sec,291,0,480.0333333
46,250905_SEFL10N6d_B2_stressor2_45_46 Box 2.wmv,2,novstressor,sec,292,0,141.9666667
46,250905_SEFL10N6d_B2_stressor2_45_46 Box 2.wmv,2,novstressor,sec,293,0,372.3666667
46,250905_SEFL10N6d_B2_stressor2_45_46 Box 2.wmv,2,novstressor,sec,294,0,1807.533333
46,250905_SEFL10N6d_B2_stressor2_45_46 Box 2.wmv,2,novstressor,sec,295,0,1323.8
46,250905_SEFL10N6d_B2_stressor2_45_46 Box 2.wmv,2,novstressor,sec,296,0,1056.9
46,250905_SEFL10N6d_B2_stressor2_45_46 Box 2.wmv,2,novstressor,sec,297,0,624.9333333
46,250905_SEFL10N6d_B2_stressor2_45_46 Box 2.wmv,2,novstressor,sec,298,0,1446.366667
46,250905_SEFL10N6d_B2_stressor2_45_46 Box 2.wmv,2,novstressor,sec,299,0,805.7666667
46,250905_SEFL10N6d_B2_stressor2_45_46 Box 2.wmv,2,novstressor,sec,300,0,615.8
46,250905_SEFL10N6d_B2_stressor2_45_46 Box 2.wmv,2,novstressor,sec,301,0,688.6
46,250905_SEFL10N6d_B2_stressor2_45_46 Box 2.wmv,2,novstressor,sec,302,0,1058.433333
46,250905_SEFL10N6d_B2_stressor2_45_46 Box 2.wmv,2,novstressor,sec,303,0,1427.566667
46,250905_SEFL10N6d_B2_stressor2_45_46 Box 2.wmv,2,novstressor,sec,304,0,898.8
46,250905_SEFL10N6d_B2_stressor2_45_46 Box 2.wmv,2,novstressor,sec,305,0,305.8333333
46,250905_SEFL10N6d_B2_stressor2_45_46 Box 2.wmv,2,novstressor,sec,306,60,164.8333333
46,250905_SEFL10N6d_B2_stressor2_45_46 Box 2.wmv,2,novstressor,sec,307,56.66666667,241.4333333
46,250905_SEFL10N6d_B2_stressor2_45_46 Box 2.wmv,2,novstressor,sec,308,33.33333333,96.53333333
46,250905_SEFL10N6d_B2_stressor2_45_46 Box 2.wmv,2,novstressor,sec,309,0,324.7333333
46,250905_SEFL10N6d_B2_stressor2_45_46 Box 2.wmv,2,novstressor,sec,310,93.33333333,15.13333333
46,250905_SEFL10N6d_B2_stressor2_45_46 Box 2.wmv,2,novstressor,sec,311,3.333333333,423.0666667
46,250905_SEFL10N6d_B2_stressor2_45_46 Box 2.wmv,2,novstressor,sec,312,0,484.7
46,250905_SEFL10N6d_B2_stressor2_45_46 Box 2.wmv,2,novstressor,sec,313,0,429.2
46,250905_SEFL10N6d_B2_stressor2_45_46 Box 2.wmv,2,novstressor,sec,314,0,719.6333333
46,250905_SEFL10N6d_B2_stressor2_45_46 Box 2.wmv,2,novstressor,sec,315,0,267.1666667
46,250905_SEFL10N6d_B2_stressor2_45_46 Box 2.wmv,2,novstressor,sec,316,0,211.9666667
46,250905_SEFL10N6d_B2_stressor2_45_46 Box 2.wmv,2,novstressor,sec,317,0,1111.066667
46,250905_SEFL10N6d_B2_stressor2_45_46 Box 2.wmv,2,novstressor,sec,318,0,549.3
46,250905_SEFL10N6d_B2_stressor2_45_46 Box 2.wmv,2,novstressor,sec,319,0,516.7333333
46,250905_SEFL10N6d_B2_stressor2_45_46 Box 2.wmv,2,novstressor,sec,320,0,610.6333333
46,250905_SEFL10N6d_B2_stressor2_45_46 Box 2.wmv,2,novstressor,sec,321,0,656.1333333
46,250905_SEFL10N6d_B2_stressor2_45_46 Box 2.wmv,2,novstressor,sec,322,0,1120.833333
46,250905_SEFL10N6d_B2_stressor2_45_46 Box 2.wmv,2,novstressor,sec,323,0,1150.366667
46,250905_SEFL10N6d_B2_stressor2_45_46 Box 2.wmv,2,novstressor,sec,324,0,721.2666667
46,250905_SEFL10N6d_B2_stressor2_45_46 Box 2.wmv,2,novstressor,sec,325,0,1354.366667
46,250905_SEFL10N6d_B2_stressor2_45_46 Box 2.wmv,2,novstressor,sec,326,0,1023.1
46,250905_SEFL10N6d_B2_stressor2_45_46 Box 2.wmv,2,novstressor,sec,327,0,450.6666667
46,250905_SEFL10N6d_B2_stressor2_45_46 Box 2.wmv,2,novstressor,sec,328,0,1059.2
46,250905_SEFL10N6d_B2_stressor2_45_46 Box 2.wmv,2,novstressor,sec,329,0,887.8666667
46,250905_SEFL10N6d_B2_stressor2_45_46 Box 2.wmv,2,novstressor,sec,330,0,810.5333333
46,250905_SEFL10N6d_B2_stressor2_45_46 Box 2.wmv,2,novstressor,sec,331,0,564.3333333
46,250905_SEFL10N6d_B2_stressor2_45_46 Box 2.wmv,2,novstressor,sec,332,0,445.9333333
46,250905_SEFL10N6d_B2_stressor2_45_46 Box 2.wmv,2,novstressor,sec,333,0,533
46,250905_SEFL10N6d_B2_stressor2_45_46 Box 2.wmv,2,novstressor,sec,334,0,722.8666667
46,250905_SEFL10N6d_B2_stressor2_45_46 Box 2.wmv,2,novstressor,sec,335,0,802.7
46,250905_SEFL10N6d_B2_stressor2_45_46 Box 2.wmv,2,novstressor,sec,336,0,826.6
46,250905_SEFL10N6d_B2_stressor2_45_46 Box 2.wmv,2,novstressor,sec,337,0,681.8
46,250905_SEFL10N6d_B2_stressor2_45_46 Box 2.wmv,2,novstressor,sec,338,0,722.3666667
46,250905_SEFL10N6d_B2_stressor2_45_46 Box 2.wmv,2,novstressor,sec,339,0,724.4333333
46,250905_SEFL10N6d_B2_stressor2_45_46 Box 2.wmv,2,novstressor,sec,340,0,771.3333333
46,250905_SEFL10N6d_B2_stressor2_45_46 Box 2.wmv,2,novstressor,sec,341,0,1211.2
46,250905_SEFL10N6d_B2_stressor2_45_46 Box 2.wmv,2,novstressor,sec,342,0,1486.166667
46,250905_SEFL10N6d_B2_stressor2_45_46 Box 2.wmv,2,novstressor,sec,343,0,1341.8
46,250905_SEFL10N6d_B2_stressor2_45_46 Box 2.wmv,2,novstressor,sec,344,0,1030.8
46,250905_SEFL10N6d_B2_stressor2_45_46 Box 2.wmv,2,novstressor,sec,345,0,617.8333333
46,250905_SEFL10N6d_B2_stressor2_45_46 Box 2.wmv,2,novstressor,sec,346,0,398.6666667
46,250905_SEFL10N6d_B2_stressor2_45_46 Box 2.wmv,2,novstressor,sec,347,0,489.4
46,250905_SEFL10N6d_B2_stressor2_45_46 Box 2.wmv,2,novstressor,sec,348,56.66666667,326.1666667
46,250905_SEFL10N6d_B2_stressor2_45_46 Box 2.wmv,2,novstressor,sec,349,0,931.5333333
46,250905_SEFL10N6d_B2_stressor2_45_46 Box 2.wmv,2,novstressor,sec,350,0,1475.366667
46,250905_SEFL10N6d_B2_stressor2_45_46 Box 2.wmv,2,novstressor,sec,351,53.33333333,412.0666667
46,250905_SEFL10N6d_B2_stressor2_45_46 Box 2.wmv,2,novstressor,sec,352,0,1567.033333
46,250905_SEFL10N6d_B2_stressor2_45_46 Box 2.wmv,2,novstressor,sec,353,0,2097.7
46,250905_SEFL10N6d_B2_stressor2_45_46 Box 2.wmv,2,novstressor,sec,354,40,254.9
46,250905_SEFL10N6d_B2_stressor2_45_46 Box 2.wmv,2,novstressor,sec,355,20,804.4666667
46,250905_SEFL10N6d_B2_stressor2_45_46 Box 2.wmv,2,novstressor,sec,356,0,701.0333333
46,250905_SEFL10N6d_B2_stressor2_45_46 Box 2.wmv,2,novstressor,sec,357,0,715.0333333
46,250905_SEFL10N6d_B2_stressor2_45_46 Box 2.wmv,2,novstressor,sec,358,0,732.5
46,250905_SEFL10N6d_B2_stressor2_45_46 Box 2.wmv,2,novstressor,sec,359,0,861.8
46,250905_SEFL10N6d_B2_stressor2_45_46 Box 2.wmv,2,novstressor,sec,360,0,691.2666667
46,250905_SEFL10N6d_B2_stressor2_45_46 Box 2.wmv,2,novstressor,sec,361,0,365.9333333
46,250905_SEFL10N6d_B2_stressor2_45_46 Box 2.wmv,2,novstressor,sec,362,90,59.13333333
46,250905_SEFL10N6d_B2_stressor2_45_46 Box 2.wmv,2,novstressor,sec,363,0,717.24
46,250905_SEFL10N6d_B2_stressor2_45_46 Box 2.wmv,2,novstressor,prepost,bl,4.648148148,1019.588333
46,250905_SEFL10N6d_B2_stressor2_45_46 Box 2.wmv,2,novstressor,prepost,post,10.78776645,715.3924004
46,250905_SEFL10N6d_B2_stressor2_45_46 Box 2.wmv,2,novstressor,startle,startle_post,32.22222222,439.1555556
46,250905_SEFL10N6d_B2_stressor2_45_46 Box 2.wmv,2,novstressor,startle,startle_pre,0,1269.355556
46,250905_SEFL10N6d_B2_stressor2_45_46 Box 2.wmv,2,novstressor,startle,startle_startle,0,1659.511111
47,250905_SEFL10N6d_B2_stressor2_47_48 Box 1.wmv,1,novstressor,sec,1,0,1094.9
47,250905_SEFL10N6d_B2_stressor2_47_48 Box 1.wmv,1,novstressor,sec,2,0,2412.2
47,250905_SEFL10N6d_B2_stressor2_47_48 Box 1.wmv,1,novstressor,sec,3,0,1785.233333
47,250905_SEFL10N6d_B2_stressor2_47_48 Box 1.wmv,1,novstressor,sec,4,0,887.6333333
47,250905_SEFL10N6d_B2_stressor2_47_48 Box 1.wmv,1,novstressor,sec,5,0,698.2666667
47,250905_SEFL10N6d_B2_stressor2_47_48 Box 1.wmv,1,novstressor,sec,6,0,381.2
47,250905_SEFL10N6d_B2_stressor2_47_48 Box 1.wmv,1,novstressor,sec,7,0,622.7333333
47,250905_SEFL10N6d_B2_stressor2_47_48 Box 1.wmv,1,novstressor,sec,8,0,1427.433333
47,250905_SEFL10N6d_B2_stressor2_47_48 Box 1.wmv,1,novstressor,sec,9,0,1547.1
47,250905_SEFL10N6d_B2_stressor2_47_48 Box 1.wmv,1,novstressor,sec,10,0,571.5333333
47,250905_SEFL10N6d_B2_stressor2_47_48 Box 1.wmv,1,novstressor,sec,11,0,844.2
47,250905_SEFL10N6d_B2_stressor2_47_48 Box 1.wmv,1,novstressor,sec,12,0,1039.166667
47,250905_SEFL10N6d_B2_stressor2_47_48 Box 1.wmv,1,novstressor,sec,13,0,864.1
47,250905_SEFL10N6d_B2_stressor2_47_48 Box 1.wmv,1,novstressor,sec,14,0,534.5
47,250905_SEFL10N6d_B2_stressor2_47_48 Box 1.wmv,1,novstressor,sec,15,0,410.6333333
47,250905_SEFL10N6d_B2_stressor2_47_48 Box 1.wmv,1,novstressor,sec,16,0,240.8
47,250905_SEFL10N6d_B2_stressor2_47_48 Box 1.wmv,1,novstressor,sec,17,0,1120.833333
47,250905_SEFL10N6d_B2_stressor2_47_48 Box 1.wmv,1,novstressor,sec,18,0,1079.766667
47,250905_SEFL10N6d_B2_stressor2_47_48 Box 1.wmv,1,novstressor,sec,19,0,646.7333333
47,250905_SEFL10N6d_B2_stressor2_47_48 Box 1.wmv,1,novstressor,sec,20,0,997.2333333
47,250905_SEFL10N6d_B2_stressor2_47_48 Box 1.wmv,1,novstressor,sec,21,0,1897.2
47,250905_SEFL10N6d_B2_stressor2_47_48 Box 1.wmv,1,novstressor,sec,22,0,1259.266667
47,250905_SEFL10N6d_B2_stressor2_47_48 Box 1.wmv,1,novstressor,sec,23,0,775.1666667
47,250905_SEFL10N6d_B2_stressor2_47_48 Box 1.wmv,1,novstressor,sec,24,0,786
47,250905_SEFL10N6d_B2_stressor2_47_48 Box 1.wmv,1,novstressor,sec,25,0,1066.9
47,250905_SEFL10N6d_B2_stressor2_47_48 Box 1.wmv,1,novstressor,sec,26,0,630.1
47,250905_SEFL10N6d_B2_stressor2_47_48 Box 1.wmv,1,novstressor,sec,27,0,330.0333333
47,250905_SEFL10N6d_B2_stressor2_47_48 Box 1.wmv,1,novstressor,sec,28,0,570.3333333
47,250905_SEFL10N6d_B2_stressor2_47_48 Box 1.wmv,1,novstressor,sec,29,0,822.6666667
47,250905_SEFL10N6d_B2_stressor2_47_48 Box 1.wmv,1,novstressor,sec,30,0,904.0666667
47,250905_SEFL10N6d_B2_stressor2_47_48 Box 1.wmv,1,novstressor,sec,31,0,752.5
47,250905_SEFL10N6d_B2_stressor2_47_48 Box 1.wmv,1,novstressor,sec,32,0,645.4333333
47,250905_SEFL10N6d_B2_stressor2_47_48 Box 1.wmv,1,novstressor,sec,33,0,347.8666667
47,250905_SEFL10N6d_B2_stressor2_47_48 Box 1.wmv,1,novstressor,sec,34,0,354
47,250905_SEFL10N6d_B2_stressor2_47_48 Box 1.wmv,1,novstressor,sec,35,0,359.8666667
47,250905_SEFL10N6d_B2_stressor2_47_48 Box 1.wmv,1,novstressor,sec,36,0,342.4666667
47,250905_SEFL10N6d_B2_stressor2_47_48 Box 1.wmv,1,novstressor,sec,37,0,400.1
47,250905_SEFL10N6d_B2_stressor2_47_48 Box 1.wmv,1,novstressor,sec,38,0,428.5666667
47,250905_SEFL10N6d_B2_stressor2_47_48 Box 1.wmv,1,novstressor,sec,39,0,466.9333333
47,250905_SEFL10N6d_B2_stressor2_47_48 Box 1.wmv,1,novstressor,sec,40,0,774.2666667
47,250905_SEFL10N6d_B2_stressor2_47_48 Box 1.wmv,1,novstressor,sec,41,0,450.9333333
47,250905_SEFL10N6d_B2_stressor2_47_48 Box 1.wmv,1,novstressor,sec,42,0,492.7666667
47,250905_SEFL10N6d_B2_stressor2_47_48 Box 1.wmv,1,novstressor,sec,43,0,1498.466667
47,250905_SEFL10N6d_B2_stressor2_47_48 Box 1.wmv,1,novstressor,sec,44,0,1876.233333
47,250905_SEFL10N6d_B2_stressor2_47_48 Box 1.wmv,1,novstressor,sec,45,0,403.1
47,250905_SEFL10N6d_B2_stressor2_47_48 Box 1.wmv,1,novstressor,sec,46,0,1223.1
47,250905_SEFL10N6d_B2_stressor2_47_48 Box 1.wmv,1,novstressor,sec,47,0,625.4666667
47,250905_SEFL10N6d_B2_stressor2_47_48 Box 1.wmv,1,novstressor,sec,48,0,1157.533333
47,250905_SEFL10N6d_B2_stressor2_47_48 Box 1.wmv,1,novstressor,sec,49,0,1306.066667
47,250905_SEFL10N6d_B2_stressor2_47_48 Box 1.wmv,1,novstressor,sec,50,0,871.8
47,250905_SEFL10N6d_B2_stressor2_47_48 Box 1.wmv,1,novstressor,sec,51,0,782.5666667
47,250905_SEFL10N6d_B2_stressor2_47_48 Box 1.wmv,1,novstressor,sec,52,0,391.5
47,250905_SEFL10N6d_B2_stressor2_47_48 Box 1.wmv,1,novstressor,sec,53,0,508.8333333
47,250905_SEFL10N6d_B2_stressor2_47_48 Box 1.wmv,1,novstressor,sec,54,0,498.9
47,250905_SEFL10N6d_B2_stressor2_47_48 Box 1.wmv,1,novstressor,sec,55,0,328.7666667
47,250905_SEFL10N6d_B2_stressor2_47_48 Box 1.wmv,1,novstressor,sec,56,0,591.4
47,250905_SEFL10N6d_B2_stressor2_47_48 Box 1.wmv,1,novstressor,sec,57,0,506.0666667
47,250905_SEFL10N6d_B2_stressor2_47_48 Box 1.wmv,1,novstressor,sec,58,30,249.4333333
47,250905_SEFL10N6d_B2_stressor2_47_48 Box 1.wmv,1,novstressor,sec,59,63.33333333,173.4333333
47,250905_SEFL10N6d_B2_stressor2_47_48 Box 1.wmv,1,novstressor,sec,60,0,313.5
47,250905_SEFL10N6d_B2_stressor2_47_48 Box 1.wmv,1,novstressor,sec,61,66.66666667,163.2333333
47,250905_SEFL10N6d_B2_stressor2_47_48 Box 1.wmv,1,novstressor,sec,62,0,403.1333333
47,250905_SEFL10N6d_B2_stressor2_47_48 Box 1.wmv,1,novstressor,sec,63,0,1325.533333
47,250905_SEFL10N6d_B2_stressor2_47_48 Box 1.wmv,1,novstressor,sec,64,0,1096.666667
47,250905_SEFL10N6d_B2_stressor2_47_48 Box 1.wmv,1,novstressor,sec,65,0,1566.866667
47,250905_SEFL10N6d_B2_stressor2_47_48 Box 1.wmv,1,novstressor,sec,66,0,996.3333333
47,250905_SEFL10N6d_B2_stressor2_47_48 Box 1.wmv,1,novstressor,sec,67,0,766.5666667
47,250905_SEFL10N6d_B2_stressor2_47_48 Box 1.wmv,1,novstressor,sec,68,0,792.8333333
47,250905_SEFL10N6d_B2_stressor2_47_48 Box 1.wmv,1,novstressor,sec,69,0,577.8333333
47,250905_SEFL10N6d_B2_stressor2_47_48 Box 1.wmv,1,novstressor,sec,70,0,785.0666667
47,250905_SEFL10N6d_B2_stressor2_47_48 Box 1.wmv,1,novstressor,sec,71,0,855.3333333
47,250905_SEFL10N6d_B2_stressor2_47_48 Box 1.wmv,1,novstressor,sec,72,0,353.0666667
47,250905_SEFL10N6d_B2_stressor2_47_48 Box 1.wmv,1,novstressor,sec,73,0,200.2
47,250905_SEFL10N6d_B2_stressor2_47_48 Box 1.wmv,1,novstressor,sec,74,0,204.0666667
47,250905_SEFL10N6d_B2_stressor2_47_48 Box 1.wmv,1,novstressor,sec,75,0,281.2333333
47,250905_SEFL10N6d_B2_stressor2_47_48 Box 1.wmv,1,novstressor,sec,76,0,236.3333333
47,250905_SEFL10N6d_B2_stressor2_47_48 Box 1.wmv,1,novstressor,sec,77,0,302.5
47,250905_SEFL10N6d_B2_stressor2_47_48 Box 1.wmv,1,novstressor,sec,78,0,226.4
47,250905_SEFL10N6d_B2_stressor2_47_48 Box 1.wmv,1,novstressor,sec,79,70,168.8333333
47,250905_SEFL10N6d_B2_stressor2_47_48 Box 1.wmv,1,novstressor,sec,80,0,299.8666667
47,250905_SEFL10N6d_B2_stressor2_47_48 Box 1.wmv,1,novstressor,sec,81,0,690.8333333
47,250905_SEFL10N6d_B2_stressor2_47_48 Box 1.wmv,1,novstressor,sec,82,0,827.7
47,250905_SEFL10N6d_B2_stressor2_47_48 Box 1.wmv,1,novstressor,sec,83,3.333333333,516.4
47,250905_SEFL10N6d_B2_stressor2_47_48 Box 1.wmv,1,novstressor,sec,84,100,28.83333333
47,250905_SEFL10N6d_B2_stressor2_47_48 Box 1.wmv,1,novstressor,sec,85,50,266.6666667
47,250905_SEFL10N6d_B2_stressor2_47_48 Box 1.wmv,1,novstressor,sec,86,0,639.0666667
47,250905_SEFL10N6d_B2_stressor2_47_48 Box 1.wmv,1,novstressor,sec,87,0,600.2
47,250905_SEFL10N6d_B2_stressor2_47_48 Box 1.wmv,1,novstressor,sec,88,0,430.7
47,250905_SEFL10N6d_B2_stressor2_47_48 Box 1.wmv,1,novstressor,sec,89,0,654.1
47,250905_SEFL10N6d_B2_stressor2_47_48 Box 1.wmv,1,novstressor,sec,90,0,727.8
47,250905_SEFL10N6d_B2_stressor2_47_48 Box 1.wmv,1,novstressor,sec,91,53.33333333,287.2333333
47,250905_SEFL10N6d_B2_stressor2_47_48 Box 1.wmv,1,novstressor,sec,92,53.33333333,153.9
47,250905_SEFL10N6d_B2_stressor2_47_48 Box 1.wmv,1,novstressor,sec,93,86.66666667,66.96666667
47,250905_SEFL10N6d_B2_stressor2_47_48 Box 1.wmv,1,novstressor,sec,94,13.33333333,431.3
47,250905_SEFL10N6d_B2_stressor2_47_48 Box 1.wmv,1,novstressor,sec,95,0,1198.6
47,250905_SEFL10N6d_B2_stressor2_47_48 Box 1.wmv,1,novstressor,sec,96,0,810.5
47,250905_SEFL10N6d_B2_stressor2_47_48 Box 1.wmv,1,novstressor,sec,97,0,1000.533333
47,250905_SEFL10N6d_B2_stressor2_47_48 Box 1.wmv,1,novstressor,sec,98,0,746.2
47,250905_SEFL10N6d_B2_stressor2_47_48 Box 1.wmv,1,novstressor,sec,99,0,1142.6
47,250905_SEFL10N6d_B2_stressor2_47_48 Box 1.wmv,1,novstressor,sec,100,0,682.8333333
47,250905_SEFL10N6d_B2_stressor2_47_48 Box 1.wmv,1,novstressor,sec,101,46.66666667,146.8666667
47,250905_SEFL10N6d_B2_stressor2_47_48 Box 1.wmv,1,novstressor,sec,102,23.33333333,432.6333333
47,250905_SEFL10N6d_B2_stressor2_47_48 Box 1.wmv,1,novstressor,sec,103,0,545.1666667
47,250905_SEFL10N6d_B2_stressor2_47_48 Box 1.wmv,1,novstressor,sec,104,0,1446.6
47,250905_SEFL10N6d_B2_stressor2_47_48 Box 1.wmv,1,novstressor,sec,105,0,929.8333333
47,250905_SEFL10N6d_B2_stressor2_47_48 Box 1.wmv,1,novstressor,sec,106,0,1184.266667
47,250905_SEFL10N6d_B2_stressor2_47_48 Box 1.wmv,1,novstressor,sec,107,0,742.9
47,250905_SEFL10N6d_B2_stressor2_47_48 Box 1.wmv,1,novstressor,sec,108,0,430.2
47,250905_SEFL10N6d_B2_stressor2_47_48 Box 1.wmv,1,novstressor,sec,109,0,449.4333333
47,250905_SEFL10N6d_B2_stressor2_47_48 Box 1.wmv,1,novstressor,sec,110,0,1011.166667
47,250905_SEFL10N6d_B2_stressor2_47_48 Box 1.wmv,1,novstressor,sec,111,0,1210.466667
47,250905_SEFL10N6d_B2_stressor2_47_48 Box 1.wmv,1,novstressor,sec,112,30,603.7
47,250905_SEFL10N6d_B2_stressor2_47_48 Box 1.wmv,1,novstressor,sec,113,100,65.8
47,250905_SEFL10N6d_B2_stressor2_47_48 Box 1.wmv,1,novstressor,sec,114,43.33333333,133.9666667
47,250905_SEFL10N6d_B2_stressor2_47_48 Box 1.wmv,1,novstressor,sec,115,96.66666667,52.26666667
47,250905_SEFL10N6d_B2_stressor2_47_48 Box 1.wmv,1,novstressor,sec,116,33.33333333,781.6666667
47,250905_SEFL10N6d_B2_stressor2_47_48 Box 1.wmv,1,novstressor,sec,117,0,788.8666667
47,250905_SEFL10N6d_B2_stressor2_47_48 Box 1.wmv,1,novstressor,sec,118,26.66666667,344.2666667
47,250905_SEFL10N6d_B2_stressor2_47_48 Box 1.wmv,1,novstressor,sec,119,63.33333333,237.0666667
47,250905_SEFL10N6d_B2_stressor2_47_48 Box 1.wmv,1,novstressor,sec,120,60,184.9
47,250905_SEFL10N6d_B2_stressor2_47_48 Box 1.wmv,1,novstressor,sec,121,33.33333333,372.8666667
47,250905_SEFL10N6d_B2_stressor2_47_48 Box 1.wmv,1,novstressor,sec,122,0,1397.3
47,250905_SEFL10N6d_B2_stressor2_47_48 Box 1.wmv,1,novstressor,sec,123,0,943.5333333
47,250905_SEFL10N6d_B2_stressor2_47_48 Box 1.wmv,1,novstressor,sec,124,0,415.1666667
47,250905_SEFL10N6d_B2_stressor2_47_48 Box 1.wmv,1,novstressor,sec,125,0,279.6666667
47,250905_SEFL10N6d_B2_stressor2_47_48 Box 1.wmv,1,novstressor,sec,126,0,259.7666667
47,250905_SEFL10N6d_B2_stressor2_47_48 Box 1.wmv,1,novstressor,sec,127,73.33333333,140.1333333
47,250905_SEFL10N6d_B2_stressor2_47_48 Box 1.wmv,1,novstressor,sec,128,0,219
47,250905_SEFL10N6d_B2_stressor2_47_48 Box 1.wmv,1,novstressor,sec,129,0,672.7666667
47,250905_SEFL10N6d_B2_stressor2_47_48 Box 1.wmv,1,novstressor,sec,130,0,559.2
47,250905_SEFL10N6d_B2_stressor2_47_48 Box 1.wmv,1,novstressor,sec,131,0,1358.133333
47,250905_SEFL10N6d_B2_stressor2_47_48 Box 1.wmv,1,novstressor,sec,132,0,1816.433333
47,250905_SEFL10N6d_B2_stressor2_47_48 Box 1.wmv,1,novstressor,sec,133,0,1020.933333
47,250905_SEFL10N6d_B2_stressor2_47_48 Box 1.wmv,1,novstressor,sec,134,0,703.3
47,250905_SEFL10N6d_B2_stressor2_47_48 Box 1.wmv,1,novstressor,sec,135,0,445.8666667
47,250905_SEFL10N6d_B2_stressor2_47_48 Box 1.wmv,1,novstressor,sec,136,60,258.0666667
47,250905_SEFL10N6d_B2_stressor2_47_48 Box 1.wmv,1,novstressor,sec,137,0,674.9
47,250905_SEFL10N6d_B2_stressor2_47_48 Box 1.wmv,1,novstressor,sec,138,0,794.3333333
47,250905_SEFL10N6d_B2_stressor2_47_48 Box 1.wmv,1,novstressor,sec,139,73.33333333,149.1
47,250905_SEFL10N6d_B2_stressor2_47_48 Box 1.wmv,1,novstressor,sec,140,10,720.2
47,250905_SEFL10N6d_B2_stressor2_47_48 Box 1.wmv,1,novstressor,sec,141,0,1012.433333
47,250905_SEFL10N6d_B2_stressor2_47_48 Box 1.wmv,1,novstressor,sec,142,0,581.4666667
47,250905_SEFL10N6d_B2_stressor2_47_48 Box 1.wmv,1,novstressor,sec,143,60,314.9666667
47,250905_SEFL10N6d_B2_stressor2_47_48 Box 1.wmv,1,novstressor,sec,144,0,1126.4
47,250905_SEFL10N6d_B2_stressor2_47_48 Box 1.wmv,1,novstressor,sec,145,0,544
47,250905_SEFL10N6d_B2_stressor2_47_48 Box 1.wmv,1,novstressor,sec,146,0,290.7666667
47,250905_SEFL10N6d_B2_stressor2_47_48 Box 1.wmv,1,novstressor,sec,147,0,345.7
47,250905_SEFL10N6d_B2_stressor2_47_48 Box 1.wmv,1,novstressor,sec,148,0,521.9666667
47,250905_SEFL10N6d_B2_stressor2_47_48 Box 1.wmv,1,novstressor,sec,149,0,803.6333333
47,250905_SEFL10N6d_B2_stressor2_47_48 Box 1.wmv,1,novstressor,sec,150,0,655.7333333
47,250905_SEFL10N6d_B2_stressor2_47_48 Box 1.wmv,1,novstressor,sec,151,0,384.1333333
47,250905_SEFL10N6d_B2_stressor2_47_48 Box 1.wmv,1,novstressor,sec,152,0,1038.866667
47,250905_SEFL10N6d_B2_stressor2_47_48 Box 1.wmv,1,novstressor,sec,153,0,1174.266667
47,250905_SEFL10N6d_B2_stressor2_47_48 Box 1.wmv,1,novstressor,sec,154,0,563
47,250905_SEFL10N6d_B2_stressor2_47_48 Box 1.wmv,1,novstressor,sec,155,0,749.6666667
47,250905_SEFL10N6d_B2_stressor2_47_48 Box 1.wmv,1,novstressor,sec,156,0,423.5666667
47,250905_SEFL10N6d_B2_stressor2_47_48 Box 1.wmv,1,novstressor,sec,157,0,674.5333333
47,250905_SEFL10N6d_B2_stressor2_47_48 Box 1.wmv,1,novstressor,sec,158,0,1190.033333
47,250905_SEFL10N6d_B2_stressor2_47_48 Box 1.wmv,1,novstressor,sec,159,0,1722.3
47,250905_SEFL10N6d_B2_stressor2_47_48 Box 1.wmv,1,novstressor,sec,160,0,1750
47,250905_SEFL10N6d_B2_stressor2_47_48 Box 1.wmv,1,novstressor,sec,161,0,628.2
47,250905_SEFL10N6d_B2_stressor2_47_48 Box 1.wmv,1,novstressor,sec,162,0,767.8666667
47,250905_SEFL10N6d_B2_stressor2_47_48 Box 1.wmv,1,novstressor,sec,163,0,963
47,250905_SEFL10N6d_B2_stressor2_47_48 Box 1.wmv,1,novstressor,sec,164,0,963.9
47,250905_SEFL10N6d_B2_stressor2_47_48 Box 1.wmv,1,novstressor,sec,165,0,863.3333333
47,250905_SEFL10N6d_B2_stressor2_47_48 Box 1.wmv,1,novstressor,sec,166,0,886.0333333
47,250905_SEFL10N6d_B2_stressor2_47_48 Box 1.wmv,1,novstressor,sec,167,10,518.6666667
47,250905_SEFL10N6d_B2_stressor2_47_48 Box 1.wmv,1,novstressor,sec,168,80,197.4333333
47,250905_SEFL10N6d_B2_stressor2_47_48 Box 1.wmv,1,novstressor,sec,169,0,331.9
47,250905_SEFL10N6d_B2_stressor2_47_48 Box 1.wmv,1,novstressor,sec,170,0,1101.9
47,250905_SEFL10N6d_B2_stressor2_47_48 Box 1.wmv,1,novstressor,sec,171,0,1949.433333
47,250905_SEFL10N6d_B2_stressor2_47_48 Box 1.wmv,1,novstressor,sec,172,0,457.7
47,250905_SEFL10N6d_B2_stressor2_47_48 Box 1.wmv,1,novstressor,sec,173,0,591.8
47,250905_SEFL10N6d_B2_stressor2_47_48 Box 1.wmv,1,novstressor,sec,174,0,1549.266667
47,250905_SEFL10N6d_B2_stressor2_47_48 Box 1.wmv,1,novstressor,sec,175,0,1133.666667
47,250905_SEFL10N6d_B2_stressor2_47_48 Box 1.wmv,1,novstressor,sec,176,0,1828.9
47,250905_SEFL10N6d_B2_stressor2_47_48 Box 1.wmv,1,novstressor,sec,177,0,1710.233333
47,250905_SEFL10N6d_B2_stressor2_47_48 Box 1.wmv,1,novstressor,sec,178,0,937.3666667
47,250905_SEFL10N6d_B2_stressor2_47_48 Box 1.wmv,1,novstressor,sec,179,0,789.8333333
47,250905_SEFL10N6d_B2_stressor2_47_48 Box 1.wmv,1,novstressor,sec,180,0,714.3333333
47,250905_SEFL10N6d_B2_stressor2_47_48 Box 1.wmv,1,novstressor,sec,181,0,2205.9
47,250905_SEFL10N6d_B2_stressor2_47_48 Box 1.wmv,1,novstressor,sec,182,0,1642.833333
47,250905_SEFL10N6d_B2_stressor2_47_48 Box 1.wmv,1,novstressor,sec,183,0,1096.5
47,250905_SEFL10N6d_B2_stressor2_47_48 Box 1.wmv,1,novstressor,sec,184,86.66666667,112.6666667
47,250905_SEFL10N6d_B2_stressor2_47_48 Box 1.wmv,1,novstressor,sec,185,26.66666667,221.5
47,250905_SEFL10N6d_B2_stressor2_47_48 Box 1.wmv,1,novstressor,sec,186,0,1611.166667
47,250905_SEFL10N6d_B2_stressor2_47_48 Box 1.wmv,1,novstressor,sec,187,100,46.76666667
47,250905_SEFL10N6d_B2_stressor2_47_48 Box 1.wmv,1,novstressor,sec,188,90,78.26666667
47,250905_SEFL10N6d_B2_stressor2_47_48 Box 1.wmv,1,novstressor,sec,189,100,0.433333333
47,250905_SEFL10N6d_B2_stressor2_47_48 Box 1.wmv,1,novstressor,sec,190,16.66666667,823.2
47,250905_SEFL10N6d_B2_stressor2_47_48 Box 1.wmv,1,novstressor,sec,191,20,422.4333333
47,250905_SEFL10N6d_B2_stressor2_47_48 Box 1.wmv,1,novstressor,sec,192,100,1.333333333
47,250905_SEFL10N6d_B2_stressor2_47_48 Box 1.wmv,1,novstressor,sec,193,100,0.466666667
47,250905_SEFL10N6d_B2_stressor2_47_48 Box 1.wmv,1,novstressor,sec,194,100,0.133333333
47,250905_SEFL10N6d_B2_stressor2_47_48 Box 1.wmv,1,novstressor,sec,195,100,0.766666667
47,250905_SEFL10N6d_B2_stressor2_47_48 Box 1.wmv,1,novstressor,sec,196,20,317.4666667
47,250905_SEFL10N6d_B2_stressor2_47_48 Box 1.wmv,1,novstressor,sec,197,70,216.6
47,250905_SEFL10N6d_B2_stressor2_47_48 Box 1.wmv,1,novstressor,sec,198,100,0.4
47,250905_SEFL10N6d_B2_stressor2_47_48 Box 1.wmv,1,novstressor,sec,199,100,0.733333333
47,250905_SEFL10N6d_B2_stressor2_47_48 Box 1.wmv,1,novstressor,sec,200,40,189.0666667
47,250905_SEFL10N6d_B2_stressor2_47_48 Box 1.wmv,1,novstressor,sec,201,3.333333333,386.7333333
47,250905_SEFL10N6d_B2_stressor2_47_48 Box 1.wmv,1,novstressor,sec,202,100,27.9
47,250905_SEFL10N6d_B2_stressor2_47_48 Box 1.wmv,1,novstressor,sec,203,100,0.266666667
47,250905_SEFL10N6d_B2_stressor2_47_48 Box 1.wmv,1,novstressor,sec,204,100,0.866666667
47,250905_SEFL10N6d_B2_stressor2_47_48 Box 1.wmv,1,novstressor,sec,205,76.66666667,95.56666667
47,250905_SEFL10N6d_B2_stressor2_47_48 Box 1.wmv,1,novstressor,sec,206,100,5.233333333
47,250905_SEFL10N6d_B2_stressor2_47_48 Box 1.wmv,1,novstressor,sec,207,80,101.1
47,250905_SEFL10N6d_B2_stressor2_47_48 Box 1.wmv,1,novstressor,sec,208,0,499.6666667
47,250905_SEFL10N6d_B2_stressor2_47_48 Box 1.wmv,1,novstressor,sec,209,0,757.3666667
47,250905_SEFL10N6d_B2_stressor2_47_48 Box 1.wmv,1,novstressor,sec,210,0,332.6333333
47,250905_SEFL10N6d_B2_stressor2_47_48 Box 1.wmv,1,novstressor,sec,211,46.66666667,162.3666667
47,250905_SEFL10N6d_B2_stressor2_47_48 Box 1.wmv,1,novstressor,sec,212,100,16.4
47,250905_SEFL10N6d_B2_stressor2_47_48 Box 1.wmv,1,novstressor,sec,213,100,0.666666667
47,250905_SEFL10N6d_B2_stressor2_47_48 Box 1.wmv,1,novstressor,sec,214,100,1.7
47,250905_SEFL10N6d_B2_stressor2_47_48 Box 1.wmv,1,novstressor,sec,215,30,225.5666667
47,250905_SEFL10N6d_B2_stressor2_47_48 Box 1.wmv,1,novstressor,sec,216,100,45.96666667
47,250905_SEFL10N6d_B2_stressor2_47_48 Box 1.wmv,1,novstressor,sec,217,100,0.333333333
47,250905_SEFL10N6d_B2_stressor2_47_48 Box 1.wmv,1,novstressor,sec,218,90,46.23333333
47,250905_SEFL10N6d_B2_stressor2_47_48 Box 1.wmv,1,novstressor,sec,219,66.66666667,205.6666667
47,250905_SEFL10N6d_B2_stressor2_47_48 Box 1.wmv,1,novstressor,sec,220,100,72.43333333
47,250905_SEFL10N6d_B2_stressor2_47_48 Box 1.wmv,1,novstressor,sec,221,100,2.8
47,250905_SEFL10N6d_B2_stressor2_47_48 Box 1.wmv,1,novstressor,sec,222,100,1.033333333
47,250905_SEFL10N6d_B2_stressor2_47_48 Box 1.wmv,1,novstressor,sec,223,80,116.1333333
47,250905_SEFL10N6d_B2_stressor2_47_48 Box 1.wmv,1,novstressor,sec,224,83.33333333,141.3333333
47,250905_SEFL10N6d_B2_stressor2_47_48 Box 1.wmv,1,novstressor,sec,225,0,423.4666667
47,250905_SEFL10N6d_B2_stressor2_47_48 Box 1.wmv,1,novstressor,sec,226,100,39.53333333
47,250905_SEFL10N6d_B2_stressor2_47_48 Box 1.wmv,1,novstressor,sec,227,100,0.366666667
47,250905_SEFL10N6d_B2_stressor2_47_48 Box 1.wmv,1,novstressor,sec,228,53.33333333,219.0333333
47,250905_SEFL10N6d_B2_stressor2_47_48 Box 1.wmv,1,novstressor,sec,229,100,83.5
47,250905_SEFL10N6d_B2_stressor2_47_48 Box 1.wmv,1,novstressor,sec,230,83.33333333,65.06666667
47,250905_SEFL10N6d_B2_stressor2_47_48 Box 1.wmv,1,novstressor,sec,231,36.66666667,154.7
47,250905_SEFL10N6d_B2_stressor2_47_48 Box 1.wmv,1,novstressor,sec,232,100,17.4
47,250905_SEFL10N6d_B2_stressor2_47_48 Box 1.wmv,1,novstressor,sec,233,83.33333333,126.6333333
47,250905_SEFL10N6d_B2_stressor2_47_48 Box 1.wmv,1,novstressor,sec,234,100,0.966666667
47,250905_SEFL10N6d_B2_stressor2_47_48 Box 1.wmv,1,novstressor,sec,235,76.66666667,84.53333333
47,250905_SEFL10N6d_B2_stressor2_47_48 Box 1.wmv,1,novstressor,sec,236,70,85.23333333
47,250905_SEFL10N6d_B2_stressor2_47_48 Box 1.wmv,1,novstressor,sec,237,100,1.366666667
47,250905_SEFL10N6d_B2_stressor2_47_48 Box 1.wmv,1,novstressor,sec,238,6.666666667,265.9
47,250905_SEFL10N6d_B2_stressor2_47_48 Box 1.wmv,1,novstressor,sec,239,96.66666667,54.66666667
47,250905_SEFL10N6d_B2_stressor2_47_48 Box 1.wmv,1,novstressor,sec,240,100,39.16666667
47,250905_SEFL10N6d_B2_stressor2_47_48 Box 1.wmv,1,novstressor,sec,241,16.66666667,328.5333333
47,250905_SEFL10N6d_B2_stressor2_47_48 Box 1.wmv,1,novstressor,sec,242,0,318.3
47,250905_SEFL10N6d_B2_stressor2_47_48 Box 1.wmv,1,novstressor,sec,243,0,240.6666667
47,250905_SEFL10N6d_B2_stressor2_47_48 Box 1.wmv,1,novstressor,sec,244,0,695.3666667
47,250905_SEFL10N6d_B2_stressor2_47_48 Box 1.wmv,1,novstressor,sec,245,0,1139.3
47,250905_SEFL10N6d_B2_stressor2_47_48 Box 1.wmv,1,novstressor,sec,246,0,495.6333333
47,250905_SEFL10N6d_B2_stressor2_47_48 Box 1.wmv,1,novstressor,sec,247,0,632.9666667
47,250905_SEFL10N6d_B2_stressor2_47_48 Box 1.wmv,1,novstressor,sec,248,0,519.0333333
47,250905_SEFL10N6d_B2_stressor2_47_48 Box 1.wmv,1,novstressor,sec,249,0,420.4666667
47,250905_SEFL10N6d_B2_stressor2_47_48 Box 1.wmv,1,novstressor,sec,250,0,929.6666667
47,250905_SEFL10N6d_B2_stressor2_47_48 Box 1.wmv,1,novstressor,sec,251,0,1143.766667
47,250905_SEFL10N6d_B2_stressor2_47_48 Box 1.wmv,1,novstressor,sec,252,0,359.4666667
47,250905_SEFL10N6d_B2_stressor2_47_48 Box 1.wmv,1,novstressor,sec,253,0,363.9
47,250905_SEFL10N6d_B2_stressor2_47_48 Box 1.wmv,1,novstressor,sec,254,0,694.1
47,250905_SEFL10N6d_B2_stressor2_47_48 Box 1.wmv,1,novstressor,sec,255,0,1264.833333
47,250905_SEFL10N6d_B2_stressor2_47_48 Box 1.wmv,1,novstressor,sec,256,0,950.4
47,250905_SEFL10N6d_B2_stressor2_47_48 Box 1.wmv,1,novstressor,sec,257,0,488.8666667
47,250905_SEFL10N6d_B2_stressor2_47_48 Box 1.wmv,1,novstressor,sec,258,0,630.4333333
47,250905_SEFL10N6d_B2_stressor2_47_48 Box 1.wmv,1,novstressor,sec,259,0,787.2666667
47,250905_SEFL10N6d_B2_stressor2_47_48 Box 1.wmv,1,novstressor,sec,260,60,414.2
47,250905_SEFL10N6d_B2_stressor2_47_48 Box 1.wmv,1,novstressor,sec,261,0,1112.133333
47,250905_SEFL10N6d_B2_stressor2_47_48 Box 1.wmv,1,novstressor,sec,262,0,1217.8
47,250905_SEFL10N6d_B2_stressor2_47_48 Box 1.wmv,1,novstressor,sec,263,0,941.3666667
47,250905_SEFL10N6d_B2_stressor2_47_48 Box 1.wmv,1,novstressor,sec,264,0,715.4666667
47,250905_SEFL10N6d_B2_stressor2_47_48 Box 1.wmv,1,novstressor,sec,265,13.33333333,594.1333333
47,250905_SEFL10N6d_B2_stressor2_47_48 Box 1.wmv,1,novstressor,sec,266,70,108.7666667
47,250905_SEFL10N6d_B2_stressor2_47_48 Box 1.wmv,1,novstressor,sec,267,0,547.8
47,250905_SEFL10N6d_B2_stressor2_47_48 Box 1.wmv,1,novstressor,sec,268,0,489.8
47,250905_SEFL10N6d_B2_stressor2_47_48 Box 1.wmv,1,novstressor,sec,269,0,315.3666667
47,250905_SEFL10N6d_B2_stressor2_47_48 Box 1.wmv,1,novstressor,sec,270,0,307.5
47,250905_SEFL10N6d_B2_stressor2_47_48 Box 1.wmv,1,novstressor,sec,271,0,382.9666667
47,250905_SEFL10N6d_B2_stressor2_47_48 Box 1.wmv,1,novstressor,sec,272,0,494.4666667
47,250905_SEFL10N6d_B2_stressor2_47_48 Box 1.wmv,1,novstressor,sec,273,0,412.4333333
47,250905_SEFL10N6d_B2_stressor2_47_48 Box 1.wmv,1,novstressor,sec,274,0,667.8
47,250905_SEFL10N6d_B2_stressor2_47_48 Box 1.wmv,1,novstressor,sec,275,0,671.7
47,250905_SEFL10N6d_B2_stressor2_47_48 Box 1.wmv,1,novstressor,sec,276,0,470.6666667
47,250905_SEFL10N6d_B2_stressor2_47_48 Box 1.wmv,1,novstressor,sec,277,0,529.4666667
47,250905_SEFL10N6d_B2_stressor2_47_48 Box 1.wmv,1,novstressor,sec,278,83.33333333,112.6
47,250905_SEFL10N6d_B2_stressor2_47_48 Box 1.wmv,1,novstressor,sec,279,0,510.0666667
47,250905_SEFL10N6d_B2_stressor2_47_48 Box 1.wmv,1,novstressor,sec,280,0,937.7666667
47,250905_SEFL10N6d_B2_stressor2_47_48 Box 1.wmv,1,novstressor,sec,281,0,608.8
47,250905_SEFL10N6d_B2_stressor2_47_48 Box 1.wmv,1,novstressor,sec,282,0,759.4
47,250905_SEFL10N6d_B2_stressor2_47_48 Box 1.wmv,1,novstressor,sec,283,0,1050
47,250905_SEFL10N6d_B2_stressor2_47_48 Box 1.wmv,1,novstressor,sec,284,0,370.6333333
47,250905_SEFL10N6d_B2_stressor2_47_48 Box 1.wmv,1,novstressor,sec,285,0,997.3
47,250905_SEFL10N6d_B2_stressor2_47_48 Box 1.wmv,1,novstressor,sec,286,0,759.4
47,250905_SEFL10N6d_B2_stressor2_47_48 Box 1.wmv,1,novstressor,sec,287,0,1169.8
47,250905_SEFL10N6d_B2_stressor2_47_48 Box 1.wmv,1,novstressor,sec,288,36.66666667,386.4333333
47,250905_SEFL10N6d_B2_stressor2_47_48 Box 1.wmv,1,novstressor,sec,289,16.66666667,278.0333333
47,250905_SEFL10N6d_B2_stressor2_47_48 Box 1.wmv,1,novstressor,sec,290,0,277.1666667
47,250905_SEFL10N6d_B2_stressor2_47_48 Box 1.wmv,1,novstressor,sec,291,36.66666667,174.8
47,250905_SEFL10N6d_B2_stressor2_47_48 Box 1.wmv,1,novstressor,sec,292,36.66666667,279.7333333
47,250905_SEFL10N6d_B2_stressor2_47_48 Box 1.wmv,1,novstressor,sec,293,0,345.6666667
47,250905_SEFL10N6d_B2_stressor2_47_48 Box 1.wmv,1,novstressor,sec,294,73.33333333,117.1333333
47,250905_SEFL10N6d_B2_stressor2_47_48 Box 1.wmv,1,novstressor,sec,295,53.33333333,169.4
47,250905_SEFL10N6d_B2_stressor2_47_48 Box 1.wmv,1,novstressor,sec,296,0,188.5333333
47,250905_SEFL10N6d_B2_stressor2_47_48 Box 1.wmv,1,novstressor,sec,297,0,1259.466667
47,250905_SEFL10N6d_B2_stressor2_47_48 Box 1.wmv,1,novstressor,sec,298,0,363.9666667
47,250905_SEFL10N6d_B2_stressor2_47_48 Box 1.wmv,1,novstressor,sec,299,0,552.7333333
47,250905_SEFL10N6d_B2_stressor2_47_48 Box 1.wmv,1,novstressor,sec,300,0,344.9333333
47,250905_SEFL10N6d_B2_stressor2_47_48 Box 1.wmv,1,novstressor,sec,301,0,975.1
47,250905_SEFL10N6d_B2_stressor2_47_48 Box 1.wmv,1,novstressor,sec,302,0,741.6333333
47,250905_SEFL10N6d_B2_stressor2_47_48 Box 1.wmv,1,novstressor,sec,303,0,543.6333333
47,250905_SEFL10N6d_B2_stressor2_47_48 Box 1.wmv,1,novstressor,sec,304,0,1179.533333
47,250905_SEFL10N6d_B2_stressor2_47_48 Box 1.wmv,1,novstressor,sec,305,0,1036.1
47,250905_SEFL10N6d_B2_stressor2_47_48 Box 1.wmv,1,novstressor,sec,306,0,685.5333333
47,250905_SEFL10N6d_B2_stressor2_47_48 Box 1.wmv,1,novstressor,sec,307,0,1801.033333
47,250905_SEFL10N6d_B2_stressor2_47_48 Box 1.wmv,1,novstressor,sec,308,0,647.3333333
47,250905_SEFL10N6d_B2_stressor2_47_48 Box 1.wmv,1,novstressor,sec,309,0,521.3333333
47,250905_SEFL10N6d_B2_stressor2_47_48 Box 1.wmv,1,novstressor,sec,310,0,647.9
47,250905_SEFL10N6d_B2_stressor2_47_48 Box 1.wmv,1,novstressor,sec,311,0,527.9333333
47,250905_SEFL10N6d_B2_stressor2_47_48 Box 1.wmv,1,novstressor,sec,312,0,925.4666667
47,250905_SEFL10N6d_B2_stressor2_47_48 Box 1.wmv,1,novstressor,sec,313,0,554.1666667
47,250905_SEFL10N6d_B2_stressor2_47_48 Box 1.wmv,1,novstressor,sec,314,0,299.3333333
47,250905_SEFL10N6d_B2_stressor2_47_48 Box 1.wmv,1,novstressor,sec,315,70,65.13333333
47,250905_SEFL10N6d_B2_stressor2_47_48 Box 1.wmv,1,novstressor,sec,316,30,333.1
47,250905_SEFL10N6d_B2_stressor2_47_48 Box 1.wmv,1,novstressor,sec,317,0,341.0333333
47,250905_SEFL10N6d_B2_stressor2_47_48 Box 1.wmv,1,novstressor,sec,318,0,616.0333333
47,250905_SEFL10N6d_B2_stressor2_47_48 Box 1.wmv,1,novstressor,sec,319,0,457.9666667
47,250905_SEFL10N6d_B2_stressor2_47_48 Box 1.wmv,1,novstressor,sec,320,100,40.96666667
47,250905_SEFL10N6d_B2_stressor2_47_48 Box 1.wmv,1,novstressor,sec,321,13.33333333,447.1666667
47,250905_SEFL10N6d_B2_stressor2_47_48 Box 1.wmv,1,novstressor,sec,322,26.66666667,326.9
47,250905_SEFL10N6d_B2_stressor2_47_48 Box 1.wmv,1,novstressor,sec,323,100,0.766666667
47,250905_SEFL10N6d_B2_stressor2_47_48 Box 1.wmv,1,novstressor,sec,324,16.66666667,406.6666667
47,250905_SEFL10N6d_B2_stressor2_47_48 Box 1.wmv,1,novstressor,sec,325,56.66666667,230.2666667
47,250905_SEFL10N6d_B2_stressor2_47_48 Box 1.wmv,1,novstressor,sec,326,100,0.866666667
47,250905_SEFL10N6d_B2_stressor2_47_48 Box 1.wmv,1,novstressor,sec,327,46.66666667,319.3666667
47,250905_SEFL10N6d_B2_stressor2_47_48 Box 1.wmv,1,novstressor,sec,328,93.33333333,52.03333333
47,250905_SEFL10N6d_B2_stressor2_47_48 Box 1.wmv,1,novstressor,sec,329,0,299
47,250905_SEFL10N6d_B2_stressor2_47_48 Box 1.wmv,1,novstressor,sec,330,43.33333333,290.4333333
47,250905_SEFL10N6d_B2_stressor2_47_48 Box 1.wmv,1,novstressor,sec,331,13.33333333,424.5666667
47,250905_SEFL10N6d_B2_stressor2_47_48 Box 1.wmv,1,novstressor,sec,332,0,757.3
47,250905_SEFL10N6d_B2_stressor2_47_48 Box 1.wmv,1,novstressor,sec,333,0,1053.966667
47,250905_SEFL10N6d_B2_stressor2_47_48 Box 1.wmv,1,novstressor,sec,334,0,1035.066667
47,250905_SEFL10N6d_B2_stressor2_47_48 Box 1.wmv,1,novstressor,sec,335,0,679.0333333
47,250905_SEFL10N6d_B2_stressor2_47_48 Box 1.wmv,1,novstressor,sec,336,0,422.9
47,250905_SEFL10N6d_B2_stressor2_47_48 Box 1.wmv,1,novstressor,sec,337,0,1044.6
47,250905_SEFL10N6d_B2_stressor2_47_48 Box 1.wmv,1,novstressor,sec,338,0,1592.866667
47,250905_SEFL10N6d_B2_stressor2_47_48 Box 1.wmv,1,novstressor,sec,339,0,591.5
47,250905_SEFL10N6d_B2_stressor2_47_48 Box 1.wmv,1,novstressor,sec,340,0,631.8
47,250905_SEFL10N6d_B2_stressor2_47_48 Box 1.wmv,1,novstressor,sec,341,0,315.2333333
47,250905_SEFL10N6d_B2_stressor2_47_48 Box 1.wmv,1,novstressor,sec,342,0,913.6333333
47,250905_SEFL10N6d_B2_stressor2_47_48 Box 1.wmv,1,novstressor,sec,343,0,451.3666667
47,250905_SEFL10N6d_B2_stressor2_47_48 Box 1.wmv,1,novstressor,sec,344,93.33333333,63.43333333
47,250905_SEFL10N6d_B2_stressor2_47_48 Box 1.wmv,1,novstressor,sec,345,40,290.0333333
47,250905_SEFL10N6d_B2_stressor2_47_48 Box 1.wmv,1,novstressor,sec,346,40,284.8
47,250905_SEFL10N6d_B2_stressor2_47_48 Box 1.wmv,1,novstressor,sec,347,33.33333333,673.0666667
47,250905_SEFL10N6d_B2_stressor2_47_48 Box 1.wmv,1,novstressor,sec,348,0,1277.433333
47,250905_SEFL10N6d_B2_stressor2_47_48 Box 1.wmv,1,novstressor,sec,349,0,604.8
47,250905_SEFL10N6d_B2_stressor2_47_48 Box 1.wmv,1,novstressor,sec,350,0,631.9666667
47,250905_SEFL10N6d_B2_stressor2_47_48 Box 1.wmv,1,novstressor,sec,351,0,720.3333333
47,250905_SEFL10N6d_B2_stressor2_47_48 Box 1.wmv,1,novstressor,sec,352,0,610.6666667
47,250905_SEFL10N6d_B2_stressor2_47_48 Box 1.wmv,1,novstressor,sec,353,0,460.3
47,250905_SEFL10N6d_B2_stressor2_47_48 Box 1.wmv,1,novstressor,sec,354,0,758.4666667
47,250905_SEFL10N6d_B2_stressor2_47_48 Box 1.wmv,1,novstressor,sec,355,0,519.5333333
47,250905_SEFL10N6d_B2_stressor2_47_48 Box 1.wmv,1,novstressor,sec,356,0,1432.7
47,250905_SEFL10N6d_B2_stressor2_47_48 Box 1.wmv,1,novstressor,sec,357,0,887.9666667
47,250905_SEFL10N6d_B2_stressor2_47_48 Box 1.wmv,1,novstressor,sec,358,53.33333333,243.5333333
47,250905_SEFL10N6d_B2_stressor2_47_48 Box 1.wmv,1,novstressor,sec,359,0,639.1
47,250905_SEFL10N6d_B2_stressor2_47_48 Box 1.wmv,1,novstressor,sec,360,90,99.93333333
47,250905_SEFL10N6d_B2_stressor2_47_48 Box 1.wmv,1,novstressor,sec,361,46.66666667,291.3
47,250905_SEFL10N6d_B2_stressor2_47_48 Box 1.wmv,1,novstressor,sec,362,0,249.4333333
47,250905_SEFL10N6d_B2_stressor2_47_48 Box 1.wmv,1,novstressor,sec,363,0,532.28
47,250905_SEFL10N6d_B2_stressor2_47_48 Box 1.wmv,1,novstressor,prepost,bl,8.407407407,725.2753704
47,250905_SEFL10N6d_B2_stressor2_47_48 Box 1.wmv,1,novstressor,prepost,post,31.89990732,445.8094532
47,250905_SEFL10N6d_B2_stressor2_47_48 Box 1.wmv,1,novstressor,startle,startle_post,37.77777778,648.4444444
47,250905_SEFL10N6d_B2_stressor2_47_48 Box 1.wmv,1,novstressor,startle,startle_pre,0,813.8444444
47,250905_SEFL10N6d_B2_stressor2_47_48 Box 1.wmv,1,novstressor,startle,startle_startle,0,1648.411111
48,250905_SEFL10N6d_B2_stressor2_47_48 Box 2.wmv,2,novstressor,sec,1,0,987.1333333
48,250905_SEFL10N6d_B2_stressor2_47_48 Box 2.wmv,2,novstressor,sec,2,0,1239.566667
48,250905_SEFL10N6d_B2_stressor2_47_48 Box 2.wmv,2,novstressor,sec,3,0,640.5666667
48,250905_SEFL10N6d_B2_stressor2_47_48 Box 2.wmv,2,novstressor,sec,4,0,557.3333333
48,250905_SEFL10N6d_B2_stressor2_47_48 Box 2.wmv,2,novstressor,sec,5,0,1211.266667
48,250905_SEFL10N6d_B2_stressor2_47_48 Box 2.wmv,2,novstressor,sec,6,0,1756.7
48,250905_SEFL10N6d_B2_stressor2_47_48 Box 2.wmv,2,novstressor,sec,7,0,2544.633333
48,250905_SEFL10N6d_B2_stressor2_47_48 Box 2.wmv,2,novstressor,sec,8,0,789.7333333
48,250905_SEFL10N6d_B2_stressor2_47_48 Box 2.wmv,2,novstressor,sec,9,0,1123.3
48,250905_SEFL10N6d_B2_stressor2_47_48 Box 2.wmv,2,novstressor,sec,10,0,1228.733333
48,250905_SEFL10N6d_B2_stressor2_47_48 Box 2.wmv,2,novstressor,sec,11,0,584.0666667
48,250905_SEFL10N6d_B2_stressor2_47_48 Box 2.wmv,2,novstressor,sec,12,0,1406.266667
48,250905_SEFL10N6d_B2_stressor2_47_48 Box 2.wmv,2,novstressor,sec,13,0,2742.033333
48,250905_SEFL10N6d_B2_stressor2_47_48 Box 2.wmv,2,novstressor,sec,14,0,1204.833333
48,250905_SEFL10N6d_B2_stressor2_47_48 Box 2.wmv,2,novstressor,sec,15,0,656.1333333
48,250905_SEFL10N6d_B2_stressor2_47_48 Box 2.wmv,2,novstressor,sec,16,0,804.4
48,250905_SEFL10N6d_B2_stressor2_47_48 Box 2.wmv,2,novstressor,sec,17,0,804.7
48,250905_SEFL10N6d_B2_stressor2_47_48 Box 2.wmv,2,novstressor,sec,18,0,1506.7
48,250905_SEFL10N6d_B2_stressor2_47_48 Box 2.wmv,2,novstressor,sec,19,0,1008.1
48,250905_SEFL10N6d_B2_stressor2_47_48 Box 2.wmv,2,novstressor,sec,20,0,758.5
48,250905_SEFL10N6d_B2_stressor2_47_48 Box 2.wmv,2,novstressor,sec,21,0,2184.133333
48,250905_SEFL10N6d_B2_stressor2_47_48 Box 2.wmv,2,novstressor,sec,22,0,2318.366667
48,250905_SEFL10N6d_B2_stressor2_47_48 Box 2.wmv,2,novstressor,sec,23,0,1045.466667
48,250905_SEFL10N6d_B2_stressor2_47_48 Box 2.wmv,2,novstressor,sec,24,0,547
48,250905_SEFL10N6d_B2_stressor2_47_48 Box 2.wmv,2,novstressor,sec,25,0,2456.4
48,250905_SEFL10N6d_B2_stressor2_47_48 Box 2.wmv,2,novstressor,sec,26,0,1419.133333
48,250905_SEFL10N6d_B2_stressor2_47_48 Box 2.wmv,2,novstressor,sec,27,0,889.5333333
48,250905_SEFL10N6d_B2_stressor2_47_48 Box 2.wmv,2,novstressor,sec,28,0,1068.3
48,250905_SEFL10N6d_B2_stressor2_47_48 Box 2.wmv,2,novstressor,sec,29,0,646.6666667
48,250905_SEFL10N6d_B2_stressor2_47_48 Box 2.wmv,2,novstressor,sec,30,0,1707.466667
48,250905_SEFL10N6d_B2_stressor2_47_48 Box 2.wmv,2,novstressor,sec,31,0,1970.433333
48,250905_SEFL10N6d_B2_stressor2_47_48 Box 2.wmv,2,novstressor,sec,32,0,902.6333333
48,250905_SEFL10N6d_B2_stressor2_47_48 Box 2.wmv,2,novstressor,sec,33,0,797.2333333
48,250905_SEFL10N6d_B2_stressor2_47_48 Box 2.wmv,2,novstressor,sec,34,0,894.1
48,250905_SEFL10N6d_B2_stressor2_47_48 Box 2.wmv,2,novstressor,sec,35,50,506.4
48,250905_SEFL10N6d_B2_stressor2_47_48 Box 2.wmv,2,novstressor,sec,36,0,1159.133333
48,250905_SEFL10N6d_B2_stressor2_47_48 Box 2.wmv,2,novstressor,sec,37,0,2116.066667
48,250905_SEFL10N6d_B2_stressor2_47_48 Box 2.wmv,2,novstressor,sec,38,0,320.5666667
48,250905_SEFL10N6d_B2_stressor2_47_48 Box 2.wmv,2,novstressor,sec,39,0,688.1333333
48,250905_SEFL10N6d_B2_stressor2_47_48 Box 2.wmv,2,novstressor,sec,40,0,1484.733333
48,250905_SEFL10N6d_B2_stressor2_47_48 Box 2.wmv,2,novstressor,sec,41,0,1832.533333
48,250905_SEFL10N6d_B2_stressor2_47_48 Box 2.wmv,2,novstressor,sec,42,0,2041.233333
48,250905_SEFL10N6d_B2_stressor2_47_48 Box 2.wmv,2,novstressor,sec,43,0,1429.966667
48,250905_SEFL10N6d_B2_stressor2_47_48 Box 2.wmv,2,novstressor,sec,44,0,835.0666667
48,250905_SEFL10N6d_B2_stressor2_47_48 Box 2.wmv,2,novstressor,sec,45,0,1019.333333
48,250905_SEFL10N6d_B2_stressor2_47_48 Box 2.wmv,2,novstressor,sec,46,0,708.6333333
48,250905_SEFL10N6d_B2_stressor2_47_48 Box 2.wmv,2,novstressor,sec,47,0,1519.9
48,250905_SEFL10N6d_B2_stressor2_47_48 Box 2.wmv,2,novstressor,sec,48,0,2594.166667
48,250905_SEFL10N6d_B2_stressor2_47_48 Box 2.wmv,2,novstressor,sec,49,0,1488.1
48,250905_SEFL10N6d_B2_stressor2_47_48 Box 2.wmv,2,novstressor,sec,50,0,444.3666667
48,250905_SEFL10N6d_B2_stressor2_47_48 Box 2.wmv,2,novstressor,sec,51,13.33333333,579.5666667
48,250905_SEFL10N6d_B2_stressor2_47_48 Box 2.wmv,2,novstressor,sec,52,50,380.4666667
48,250905_SEFL10N6d_B2_stressor2_47_48 Box 2.wmv,2,novstressor,sec,53,0,2136.366667
48,250905_SEFL10N6d_B2_stressor2_47_48 Box 2.wmv,2,novstressor,sec,54,0,2334.733333
48,250905_SEFL10N6d_B2_stressor2_47_48 Box 2.wmv,2,novstressor,sec,55,0,713.0666667
48,250905_SEFL10N6d_B2_stressor2_47_48 Box 2.wmv,2,novstressor,sec,56,0,1527.2
48,250905_SEFL10N6d_B2_stressor2_47_48 Box 2.wmv,2,novstressor,sec,57,0,1744.066667
48,250905_SEFL10N6d_B2_stressor2_47_48 Box 2.wmv,2,novstressor,sec,58,0,604.2333333
48,250905_SEFL10N6d_B2_stressor2_47_48 Box 2.wmv,2,novstressor,sec,59,0,1291.066667
48,250905_SEFL10N6d_B2_stressor2_47_48 Box 2.wmv,2,novstressor,sec,60,0,788.2333333
48,250905_SEFL10N6d_B2_stressor2_47_48 Box 2.wmv,2,novstressor,sec,61,0,1125.066667
48,250905_SEFL10N6d_B2_stressor2_47_48 Box 2.wmv,2,novstressor,sec,62,0,1336.266667
48,250905_SEFL10N6d_B2_stressor2_47_48 Box 2.wmv,2,novstressor,sec,63,0,1618.433333
48,250905_SEFL10N6d_B2_stressor2_47_48 Box 2.wmv,2,novstressor,sec,64,43.33333333,331.5
48,250905_SEFL10N6d_B2_stressor2_47_48 Box 2.wmv,2,novstressor,sec,65,6.666666667,777.0666667
48,250905_SEFL10N6d_B2_stressor2_47_48 Box 2.wmv,2,novstressor,sec,66,0,1133.433333
48,250905_SEFL10N6d_B2_stressor2_47_48 Box 2.wmv,2,novstressor,sec,67,0,1491.9
48,250905_SEFL10N6d_B2_stressor2_47_48 Box 2.wmv,2,novstressor,sec,68,0,961.1
48,250905_SEFL10N6d_B2_stressor2_47_48 Box 2.wmv,2,novstressor,sec,69,0,1177.733333
48,250905_SEFL10N6d_B2_stressor2_47_48 Box 2.wmv,2,novstressor,sec,70,0,977.6
48,250905_SEFL10N6d_B2_stressor2_47_48 Box 2.wmv,2,novstressor,sec,71,0,1484.266667
48,250905_SEFL10N6d_B2_stressor2_47_48 Box 2.wmv,2,novstressor,sec,72,0,1075.3
48,250905_SEFL10N6d_B2_stressor2_47_48 Box 2.wmv,2,novstressor,sec,73,63.33333333,410.9666667
48,250905_SEFL10N6d_B2_stressor2_47_48 Box 2.wmv,2,novstressor,sec,74,6.666666667,1631.833333
48,250905_SEFL10N6d_B2_stressor2_47_48 Box 2.wmv,2,novstressor,sec,75,0,841.1
48,250905_SEFL10N6d_B2_stressor2_47_48 Box 2.wmv,2,novstressor,sec,76,0,1834.033333
48,250905_SEFL10N6d_B2_stressor2_47_48 Box 2.wmv,2,novstressor,sec,77,0,729.1
48,250905_SEFL10N6d_B2_stressor2_47_48 Box 2.wmv,2,novstressor,sec,78,0,723.5333333
48,250905_SEFL10N6d_B2_stressor2_47_48 Box 2.wmv,2,novstressor,sec,79,0,1139.666667
48,250905_SEFL10N6d_B2_stressor2_47_48 Box 2.wmv,2,novstressor,sec,80,0,2136.066667
48,250905_SEFL10N6d_B2_stressor2_47_48 Box 2.wmv,2,novstressor,sec,81,60,385.9
48,250905_SEFL10N6d_B2_stressor2_47_48 Box 2.wmv,2,novstressor,sec,82,0,627.2
48,250905_SEFL10N6d_B2_stressor2_47_48 Box 2.wmv,2,novstressor,sec,83,0,1600.033333
48,250905_SEFL10N6d_B2_stressor2_47_48 Box 2.wmv,2,novstressor,sec,84,0,861.3666667
48,250905_SEFL10N6d_B2_stressor2_47_48 Box 2.wmv,2,novstressor,sec,85,0,884.4333333
48,250905_SEFL10N6d_B2_stressor2_47_48 Box 2.wmv,2,novstressor,sec,86,53.33333333,245.1
48,250905_SEFL10N6d_B2_stressor2_47_48 Box 2.wmv,2,novstressor,sec,87,0,492.6
48,250905_SEFL10N6d_B2_stressor2_47_48 Box 2.wmv,2,novstressor,sec,88,0,883.9333333
48,250905_SEFL10N6d_B2_stressor2_47_48 Box 2.wmv,2,novstressor,sec,89,0,1420.6
48,250905_SEFL10N6d_B2_stressor2_47_48 Box 2.wmv,2,novstressor,sec,90,0,1478.133333
48,250905_SEFL10N6d_B2_stressor2_47_48 Box 2.wmv,2,novstressor,sec,91,66.66666667,234.9
48,250905_SEFL10N6d_B2_stressor2_47_48 Box 2.wmv,2,novstressor,sec,92,13.33333333,521.2333333
48,250905_SEFL10N6d_B2_stressor2_47_48 Box 2.wmv,2,novstressor,sec,93,73.33333333,285.6
48,250905_SEFL10N6d_B2_stressor2_47_48 Box 2.wmv,2,novstressor,sec,94,0,672.9333333
48,250905_SEFL10N6d_B2_stressor2_47_48 Box 2.wmv,2,novstressor,sec,95,0,681.1333333
48,250905_SEFL10N6d_B2_stressor2_47_48 Box 2.wmv,2,novstressor,sec,96,0,985.1
48,250905_SEFL10N6d_B2_stressor2_47_48 Box 2.wmv,2,novstressor,sec,97,0,1586.966667
48,250905_SEFL10N6d_B2_stressor2_47_48 Box 2.wmv,2,novstressor,sec,98,0,1270.833333
48,250905_SEFL10N6d_B2_stressor2_47_48 Box 2.wmv,2,novstressor,sec,99,0,1786.633333
48,250905_SEFL10N6d_B2_stressor2_47_48 Box 2.wmv,2,novstressor,sec,100,0,726.5666667
48,250905_SEFL10N6d_B2_stressor2_47_48 Box 2.wmv,2,novstressor,sec,101,0,365.1
48,250905_SEFL10N6d_B2_stressor2_47_48 Box 2.wmv,2,novstressor,sec,102,50,198.5
48,250905_SEFL10N6d_B2_stressor2_47_48 Box 2.wmv,2,novstressor,sec,103,33.33333333,446.4
48,250905_SEFL10N6d_B2_stressor2_47_48 Box 2.wmv,2,novstressor,sec,104,23.33333333,521.6333333
48,250905_SEFL10N6d_B2_stressor2_47_48 Box 2.wmv,2,novstressor,sec,105,0,1003.3
48,250905_SEFL10N6d_B2_stressor2_47_48 Box 2.wmv,2,novstressor,sec,106,0,407.9333333
48,250905_SEFL10N6d_B2_stressor2_47_48 Box 2.wmv,2,novstressor,sec,107,0,378.3333333
48,250905_SEFL10N6d_B2_stressor2_47_48 Box 2.wmv,2,novstressor,sec,108,0,580.2333333
48,250905_SEFL10N6d_B2_stressor2_47_48 Box 2.wmv,2,novstressor,sec,109,0,1845.466667
48,250905_SEFL10N6d_B2_stressor2_47_48 Box 2.wmv,2,novstressor,sec,110,0,994.6333333
48,250905_SEFL10N6d_B2_stressor2_47_48 Box 2.wmv,2,novstressor,sec,111,0,844.7666667
48,250905_SEFL10N6d_B2_stressor2_47_48 Box 2.wmv,2,novstressor,sec,112,0,2122.666667
48,250905_SEFL10N6d_B2_stressor2_47_48 Box 2.wmv,2,novstressor,sec,113,0,1206.266667
48,250905_SEFL10N6d_B2_stressor2_47_48 Box 2.wmv,2,novstressor,sec,114,0,287.3333333
48,250905_SEFL10N6d_B2_stressor2_47_48 Box 2.wmv,2,novstressor,sec,115,0,373.6
48,250905_SEFL10N6d_B2_stressor2_47_48 Box 2.wmv,2,novstressor,sec,116,0,377.2
48,250905_SEFL10N6d_B2_stressor2_47_48 Box 2.wmv,2,novstressor,sec,117,0,1181.766667
48,250905_SEFL10N6d_B2_stressor2_47_48 Box 2.wmv,2,novstressor,sec,118,0,1790.1
48,250905_SEFL10N6d_B2_stressor2_47_48 Box 2.wmv,2,novstressor,sec,119,0,1843.8
48,250905_SEFL10N6d_B2_stressor2_47_48 Box 2.wmv,2,novstressor,sec,120,0,794.9666667
48,250905_SEFL10N6d_B2_stressor2_47_48 Box 2.wmv,2,novstressor,sec,121,0,535.2666667
48,250905_SEFL10N6d_B2_stressor2_47_48 Box 2.wmv,2,novstressor,sec,122,0,470.7333333
48,250905_SEFL10N6d_B2_stressor2_47_48 Box 2.wmv,2,novstressor,sec,123,0,562.0666667
48,250905_SEFL10N6d_B2_stressor2_47_48 Box 2.wmv,2,novstressor,sec,124,0,737.1
48,250905_SEFL10N6d_B2_stressor2_47_48 Box 2.wmv,2,novstressor,sec,125,0,2462.333333
48,250905_SEFL10N6d_B2_stressor2_47_48 Box 2.wmv,2,novstressor,sec,126,0,2496.966667
48,250905_SEFL10N6d_B2_stressor2_47_48 Box 2.wmv,2,novstressor,sec,127,0,451.4
48,250905_SEFL10N6d_B2_stressor2_47_48 Box 2.wmv,2,novstressor,sec,128,0,344.5
48,250905_SEFL10N6d_B2_stressor2_47_48 Box 2.wmv,2,novstressor,sec,129,0,628.9666667
48,250905_SEFL10N6d_B2_stressor2_47_48 Box 2.wmv,2,novstressor,sec,130,0,148.5
48,250905_SEFL10N6d_B2_stressor2_47_48 Box 2.wmv,2,novstressor,sec,131,0,518.8333333
48,250905_SEFL10N6d_B2_stressor2_47_48 Box 2.wmv,2,novstressor,sec,132,0,1357
48,250905_SEFL10N6d_B2_stressor2_47_48 Box 2.wmv,2,novstressor,sec,133,0,2928.733333
48,250905_SEFL10N6d_B2_stressor2_47_48 Box 2.wmv,2,novstressor,sec,134,0,568.5666667
48,250905_SEFL10N6d_B2_stressor2_47_48 Box 2.wmv,2,novstressor,sec,135,0,605.4333333
48,250905_SEFL10N6d_B2_stressor2_47_48 Box 2.wmv,2,novstressor,sec,136,0,773.0333333
48,250905_SEFL10N6d_B2_stressor2_47_48 Box 2.wmv,2,novstressor,sec,137,0,869.6666667
48,250905_SEFL10N6d_B2_stressor2_47_48 Box 2.wmv,2,novstressor,sec,138,0,1961.633333
48,250905_SEFL10N6d_B2_stressor2_47_48 Box 2.wmv,2,novstressor,sec,139,0,2534.966667
48,250905_SEFL10N6d_B2_stressor2_47_48 Box 2.wmv,2,novstressor,sec,140,0,633.0333333
48,250905_SEFL10N6d_B2_stressor2_47_48 Box 2.wmv,2,novstressor,sec,141,23.33333333,1007.8
48,250905_SEFL10N6d_B2_stressor2_47_48 Box 2.wmv,2,novstressor,sec,142,83.33333333,228.2666667
48,250905_SEFL10N6d_B2_stressor2_47_48 Box 2.wmv,2,novstressor,sec,143,0,775.1333333
48,250905_SEFL10N6d_B2_stressor2_47_48 Box 2.wmv,2,novstressor,sec,144,0,456.7
48,250905_SEFL10N6d_B2_stressor2_47_48 Box 2.wmv,2,novstressor,sec,145,0,789.4333333
48,250905_SEFL10N6d_B2_stressor2_47_48 Box 2.wmv,2,novstressor,sec,146,0,428.9333333
48,250905_SEFL10N6d_B2_stressor2_47_48 Box 2.wmv,2,novstressor,sec,147,0,752.1333333
48,250905_SEFL10N6d_B2_stressor2_47_48 Box 2.wmv,2,novstressor,sec,148,0,559.5333333
48,250905_SEFL10N6d_B2_stressor2_47_48 Box 2.wmv,2,novstressor,sec,149,50,292.5666667
48,250905_SEFL10N6d_B2_stressor2_47_48 Box 2.wmv,2,novstressor,sec,150,0,850.0666667
48,250905_SEFL10N6d_B2_stressor2_47_48 Box 2.wmv,2,novstressor,sec,151,0,1078.2
48,250905_SEFL10N6d_B2_stressor2_47_48 Box 2.wmv,2,novstressor,sec,152,63.33333333,314.9
48,250905_SEFL10N6d_B2_stressor2_47_48 Box 2.wmv,2,novstressor,sec,153,56.66666667,357.5
48,250905_SEFL10N6d_B2_stressor2_47_48 Box 2.wmv,2,novstressor,sec,154,0,480.3666667
48,250905_SEFL10N6d_B2_stressor2_47_48 Box 2.wmv,2,novstressor,sec,155,0,1064.266667
48,250905_SEFL10N6d_B2_stressor2_47_48 Box 2.wmv,2,novstressor,sec,156,0,2230.8
48,250905_SEFL10N6d_B2_stressor2_47_48 Box 2.wmv,2,novstressor,sec,157,0,1007.766667
48,250905_SEFL10N6d_B2_stressor2_47_48 Box 2.wmv,2,novstressor,sec,158,73.33333333,160.5333333
48,250905_SEFL10N6d_B2_stressor2_47_48 Box 2.wmv,2,novstressor,sec,159,0,753.7
48,250905_SEFL10N6d_B2_stressor2_47_48 Box 2.wmv,2,novstressor,sec,160,0,2045.566667
48,250905_SEFL10N6d_B2_stressor2_47_48 Box 2.wmv,2,novstressor,sec,161,0,1015.1
48,250905_SEFL10N6d_B2_stressor2_47_48 Box 2.wmv,2,novstressor,sec,162,0,675.4
48,250905_SEFL10N6d_B2_stressor2_47_48 Box 2.wmv,2,novstressor,sec,163,40,436.5
48,250905_SEFL10N6d_B2_stressor2_47_48 Box 2.wmv,2,novstressor,sec,164,33.33333333,673.0666667
48,250905_SEFL10N6d_B2_stressor2_47_48 Box 2.wmv,2,novstressor,sec,165,66.66666667,176.1333333
48,250905_SEFL10N6d_B2_stressor2_47_48 Box 2.wmv,2,novstressor,sec,166,16.66666667,1160.833333
48,250905_SEFL10N6d_B2_stressor2_47_48 Box 2.wmv,2,novstressor,sec,167,0,2243.066667
48,250905_SEFL10N6d_B2_stressor2_47_48 Box 2.wmv,2,novstressor,sec,168,0,706.5
48,250905_SEFL10N6d_B2_stressor2_47_48 Box 2.wmv,2,novstressor,sec,169,0,503.8666667
48,250905_SEFL10N6d_B2_stressor2_47_48 Box 2.wmv,2,novstressor,sec,170,0,690.2
48,250905_SEFL10N6d_B2_stressor2_47_48 Box 2.wmv,2,novstressor,sec,171,83.33333333,108.5333333
48,250905_SEFL10N6d_B2_stressor2_47_48 Box 2.wmv,2,novstressor,sec,172,0,408.3
48,250905_SEFL10N6d_B2_stressor2_47_48 Box 2.wmv,2,novstressor,sec,173,0,778.9
48,250905_SEFL10N6d_B2_stressor2_47_48 Box 2.wmv,2,novstressor,sec,174,30,312.4666667
48,250905_SEFL10N6d_B2_stressor2_47_48 Box 2.wmv,2,novstressor,sec,175,33.33333333,449.0333333
48,250905_SEFL10N6d_B2_stressor2_47_48 Box 2.wmv,2,novstressor,sec,176,0,484.1666667
48,250905_SEFL10N6d_B2_stressor2_47_48 Box 2.wmv,2,novstressor,sec,177,0,275.1666667
48,250905_SEFL10N6d_B2_stressor2_47_48 Box 2.wmv,2,novstressor,sec,178,0,764.0333333
48,250905_SEFL10N6d_B2_stressor2_47_48 Box 2.wmv,2,novstressor,sec,179,0,1083.466667
48,250905_SEFL10N6d_B2_stressor2_47_48 Box 2.wmv,2,novstressor,sec,180,0,1302.466667
48,250905_SEFL10N6d_B2_stressor2_47_48 Box 2.wmv,2,novstressor,sec,181,0,2702.4
48,250905_SEFL10N6d_B2_stressor2_47_48 Box 2.wmv,2,novstressor,sec,182,0,1716.166667
48,250905_SEFL10N6d_B2_stressor2_47_48 Box 2.wmv,2,novstressor,sec,183,0,1408.7
48,250905_SEFL10N6d_B2_stressor2_47_48 Box 2.wmv,2,novstressor,sec,184,0,1019
48,250905_SEFL10N6d_B2_stressor2_47_48 Box 2.wmv,2,novstressor,sec,185,36.66666667,333.9
48,250905_SEFL10N6d_B2_stressor2_47_48 Box 2.wmv,2,novstressor,sec,186,46.66666667,425.3333333
48,250905_SEFL10N6d_B2_stressor2_47_48 Box 2.wmv,2,novstressor,sec,187,100,18.36666667
48,250905_SEFL10N6d_B2_stressor2_47_48 Box 2.wmv,2,novstressor,sec,188,3.333333333,1387.466667
48,250905_SEFL10N6d_B2_stressor2_47_48 Box 2.wmv,2,novstressor,sec,189,0,1327.2
48,250905_SEFL10N6d_B2_stressor2_47_48 Box 2.wmv,2,novstressor,sec,190,90,39.9
48,250905_SEFL10N6d_B2_stressor2_47_48 Box 2.wmv,2,novstressor,sec,191,53.33333333,517.4
48,250905_SEFL10N6d_B2_stressor2_47_48 Box 2.wmv,2,novstressor,sec,192,100,4.266666667
48,250905_SEFL10N6d_B2_stressor2_47_48 Box 2.wmv,2,novstressor,sec,193,90,84.23333333
48,250905_SEFL10N6d_B2_stressor2_47_48 Box 2.wmv,2,novstressor,sec,194,76.66666667,166.7333333
48,250905_SEFL10N6d_B2_stressor2_47_48 Box 2.wmv,2,novstressor,sec,195,76.66666667,222.1333333
48,250905_SEFL10N6d_B2_stressor2_47_48 Box 2.wmv,2,novstressor,sec,196,60,237.4333333
48,250905_SEFL10N6d_B2_stressor2_47_48 Box 2.wmv,2,novstressor,sec,197,60,372.4333333
48,250905_SEFL10N6d_B2_stressor2_47_48 Box 2.wmv,2,novstressor,sec,198,60,216.9666667
48,250905_SEFL10N6d_B2_stressor2_47_48 Box 2.wmv,2,novstressor,sec,199,60,320.6
48,250905_SEFL10N6d_B2_stressor2_47_48 Box 2.wmv,2,novstressor,sec,200,0,708.5
48,250905_SEFL10N6d_B2_stressor2_47_48 Box 2.wmv,2,novstressor,sec,201,0,698.4
48,250905_SEFL10N6d_B2_stressor2_47_48 Box 2.wmv,2,novstressor,sec,202,0,1085.733333
48,250905_SEFL10N6d_B2_stressor2_47_48 Box 2.wmv,2,novstressor,sec,203,0,233.3333333
48,250905_SEFL10N6d_B2_stressor2_47_48 Box 2.wmv,2,novstressor,sec,204,0,1129.633333
48,250905_SEFL10N6d_B2_stressor2_47_48 Box 2.wmv,2,novstressor,sec,205,0,367.4666667
48,250905_SEFL10N6d_B2_stressor2_47_48 Box 2.wmv,2,novstressor,sec,206,0,269.6666667
48,250905_SEFL10N6d_B2_stressor2_47_48 Box 2.wmv,2,novstressor,sec,207,10,697.5333333
48,250905_SEFL10N6d_B2_stressor2_47_48 Box 2.wmv,2,novstressor,sec,208,100,8.833333333
48,250905_SEFL10N6d_B2_stressor2_47_48 Box 2.wmv,2,novstressor,sec,209,100,3.666666667
48,250905_SEFL10N6d_B2_stressor2_47_48 Box 2.wmv,2,novstressor,sec,210,13.33333333,281.1
48,250905_SEFL10N6d_B2_stressor2_47_48 Box 2.wmv,2,novstressor,sec,211,93.33333333,41.16666667
48,250905_SEFL10N6d_B2_stressor2_47_48 Box 2.wmv,2,novstressor,sec,212,90,95.5
48,250905_SEFL10N6d_B2_stressor2_47_48 Box 2.wmv,2,novstressor,sec,213,0,1490
48,250905_SEFL10N6d_B2_stressor2_47_48 Box 2.wmv,2,novstressor,sec,214,0,1099.133333
48,250905_SEFL10N6d_B2_stressor2_47_48 Box 2.wmv,2,novstressor,sec,215,0,1066.1
48,250905_SEFL10N6d_B2_stressor2_47_48 Box 2.wmv,2,novstressor,sec,216,3.333333333,568.5
48,250905_SEFL10N6d_B2_stressor2_47_48 Box 2.wmv,2,novstressor,sec,217,100,7.266666667
48,250905_SEFL10N6d_B2_stressor2_47_48 Box 2.wmv,2,novstressor,sec,218,63.33333333,551.3333333
48,250905_SEFL10N6d_B2_stressor2_47_48 Box 2.wmv,2,novstressor,sec,219,0,2243.2
48,250905_SEFL10N6d_B2_stressor2_47_48 Box 2.wmv,2,novstressor,sec,220,0,1265.7
48,250905_SEFL10N6d_B2_stressor2_47_48 Box 2.wmv,2,novstressor,sec,221,30,564.5333333
48,250905_SEFL10N6d_B2_stressor2_47_48 Box 2.wmv,2,novstressor,sec,222,36.66666667,270.9
48,250905_SEFL10N6d_B2_stressor2_47_48 Box 2.wmv,2,novstressor,sec,223,0,653.2666667
48,250905_SEFL10N6d_B2_stressor2_47_48 Box 2.wmv,2,novstressor,sec,224,56.66666667,320.1333333
48,250905_SEFL10N6d_B2_stressor2_47_48 Box 2.wmv,2,novstressor,sec,225,100,3.266666667
48,250905_SEFL10N6d_B2_stressor2_47_48 Box 2.wmv,2,novstressor,sec,226,16.66666667,818.7333333
48,250905_SEFL10N6d_B2_stressor2_47_48 Box 2.wmv,2,novstressor,sec,227,0,1002.933333
48,250905_SEFL10N6d_B2_stressor2_47_48 Box 2.wmv,2,novstressor,sec,228,0,760.3333333
48,250905_SEFL10N6d_B2_stressor2_47_48 Box 2.wmv,2,novstressor,sec,229,0,371.1666667
48,250905_SEFL10N6d_B2_stressor2_47_48 Box 2.wmv,2,novstressor,sec,230,0,495.4
48,250905_SEFL10N6d_B2_stressor2_47_48 Box 2.wmv,2,novstressor,sec,231,83.33333333,78.06666667
48,250905_SEFL10N6d_B2_stressor2_47_48 Box 2.wmv,2,novstressor,sec,232,26.66666667,496.2666667
48,250905_SEFL10N6d_B2_stressor2_47_48 Box 2.wmv,2,novstressor,sec,233,73.33333333,163.7
48,250905_SEFL10N6d_B2_stressor2_47_48 Box 2.wmv,2,novstressor,sec,234,40,388.9
48,250905_SEFL10N6d_B2_stressor2_47_48 Box 2.wmv,2,novstressor,sec,235,96.66666667,31.03333333
48,250905_SEFL10N6d_B2_stressor2_47_48 Box 2.wmv,2,novstressor,sec,236,73.33333333,193.1666667
48,250905_SEFL10N6d_B2_stressor2_47_48 Box 2.wmv,2,novstressor,sec,237,100,7.233333333
48,250905_SEFL10N6d_B2_stressor2_47_48 Box 2.wmv,2,novstressor,sec,238,0,489.9
48,250905_SEFL10N6d_B2_stressor2_47_48 Box 2.wmv,2,novstressor,sec,239,63.33333333,187.8
48,250905_SEFL10N6d_B2_stressor2_47_48 Box 2.wmv,2,novstressor,sec,240,100,3.966666667
48,250905_SEFL10N6d_B2_stressor2_47_48 Box 2.wmv,2,novstressor,sec,241,10,600.5333333
48,250905_SEFL10N6d_B2_stressor2_47_48 Box 2.wmv,2,novstressor,sec,242,100,0.1
48,250905_SEFL10N6d_B2_stressor2_47_48 Box 2.wmv,2,novstressor,sec,243,100,0
48,250905_SEFL10N6d_B2_stressor2_47_48 Box 2.wmv,2,novstressor,sec,244,100,0
48,250905_SEFL10N6d_B2_stressor2_47_48 Box 2.wmv,2,novstressor,sec,245,13.33333333,481.8333333
48,250905_SEFL10N6d_B2_stressor2_47_48 Box 2.wmv,2,novstressor,sec,246,0,1067.966667
48,250905_SEFL10N6d_B2_stressor2_47_48 Box 2.wmv,2,novstressor,sec,247,43.33333333,611.5
48,250905_SEFL10N6d_B2_stressor2_47_48 Box 2.wmv,2,novstressor,sec,248,100,0
48,250905_SEFL10N6d_B2_stressor2_47_48 Box 2.wmv,2,novstressor,sec,249,3.333333333,579
48,250905_SEFL10N6d_B2_stressor2_47_48 Box 2.wmv,2,novstressor,sec,250,0,562.3666667
48,250905_SEFL10N6d_B2_stressor2_47_48 Box 2.wmv,2,novstressor,sec,251,86.66666667,90.83333333
48,250905_SEFL10N6d_B2_stressor2_47_48 Box 2.wmv,2,novstressor,sec,252,3.333333333,817.6666667
48,250905_SEFL10N6d_B2_stressor2_47_48 Box 2.wmv,2,novstressor,sec,253,73.33333333,62.43333333
48,250905_SEFL10N6d_B2_stressor2_47_48 Box 2.wmv,2,novstressor,sec,254,100,0
48,250905_SEFL10N6d_B2_stressor2_47_48 Box 2.wmv,2,novstressor,sec,255,33.33333333,296.2666667
48,250905_SEFL10N6d_B2_stressor2_47_48 Box 2.wmv,2,novstressor,sec,256,40,419.5333333
48,250905_SEFL10N6d_B2_stressor2_47_48 Box 2.wmv,2,novstressor,sec,257,100,0
48,250905_SEFL10N6d_B2_stressor2_47_48 Box 2.wmv,2,novstressor,sec,258,16.66666667,554.8666667
48,250905_SEFL10N6d_B2_stressor2_47_48 Box 2.wmv,2,novstressor,sec,259,0,537.0333333
48,250905_SEFL10N6d_B2_stressor2_47_48 Box 2.wmv,2,novstressor,sec,260,53.33333333,310.4333333
48,250905_SEFL10N6d_B2_stressor2_47_48 Box 2.wmv,2,novstressor,sec,261,100,0
48,250905_SEFL10N6d_B2_stressor2_47_48 Box 2.wmv,2,novstressor,sec,262,50,210.3333333
48,250905_SEFL10N6d_B2_stressor2_47_48 Box 2.wmv,2,novstressor,sec,263,83.33333333,136.8
48,250905_SEFL10N6d_B2_stressor2_47_48 Box 2.wmv,2,novstressor,sec,264,0,974.6
48,250905_SEFL10N6d_B2_stressor2_47_48 Box 2.wmv,2,novstressor,sec,265,3.333333333,386.4666667
48,250905_SEFL10N6d_B2_stressor2_47_48 Box 2.wmv,2,novstressor,sec,266,76.66666667,181.3666667
48,250905_SEFL10N6d_B2_stressor2_47_48 Box 2.wmv,2,novstressor,sec,267,0,458.0333333
48,250905_SEFL10N6d_B2_stressor2_47_48 Box 2.wmv,2,novstressor,sec,268,0,716.3333333
48,250905_SEFL10N6d_B2_stressor2_47_48 Box 2.wmv,2,novstressor,sec,269,0,824.2333333
48,250905_SEFL10N6d_B2_stressor2_47_48 Box 2.wmv,2,novstressor,sec,270,0,350.2
48,250905_SEFL10N6d_B2_stressor2_47_48 Box 2.wmv,2,novstressor,sec,271,66.66666667,286.8333333
48,250905_SEFL10N6d_B2_stressor2_47_48 Box 2.wmv,2,novstressor,sec,272,0,1053.366667
48,250905_SEFL10N6d_B2_stressor2_47_48 Box 2.wmv,2,novstressor,sec,273,0,689.3333333
48,250905_SEFL10N6d_B2_stressor2_47_48 Box 2.wmv,2,novstressor,sec,274,0,372.3333333
48,250905_SEFL10N6d_B2_stressor2_47_48 Box 2.wmv,2,novstressor,sec,275,73.33333333,262.9333333
48,250905_SEFL10N6d_B2_stressor2_47_48 Box 2.wmv,2,novstressor,sec,276,70,143.3666667
48,250905_SEFL10N6d_B2_stressor2_47_48 Box 2.wmv,2,novstressor,sec,277,13.33333333,421.0333333
48,250905_SEFL10N6d_B2_stressor2_47_48 Box 2.wmv,2,novstressor,sec,278,36.66666667,375.2333333
48,250905_SEFL10N6d_B2_stressor2_47_48 Box 2.wmv,2,novstressor,sec,279,26.66666667,542.7
48,250905_SEFL10N6d_B2_stressor2_47_48 Box 2.wmv,2,novstressor,sec,280,100,19.1
48,250905_SEFL10N6d_B2_stressor2_47_48 Box 2.wmv,2,novstressor,sec,281,0,1250.7
48,250905_SEFL10N6d_B2_stressor2_47_48 Box 2.wmv,2,novstressor,sec,282,66.66666667,190.4
48,250905_SEFL10N6d_B2_stressor2_47_48 Box 2.wmv,2,novstressor,sec,283,80,67.73333333
48,250905_SEFL10N6d_B2_stressor2_47_48 Box 2.wmv,2,novstressor,sec,284,90,65.76666667
48,250905_SEFL10N6d_B2_stressor2_47_48 Box 2.wmv,2,novstressor,sec,285,0,1251.233333
48,250905_SEFL10N6d_B2_stressor2_47_48 Box 2.wmv,2,novstressor,sec,286,0,985.9
48,250905_SEFL10N6d_B2_stressor2_47_48 Box 2.wmv,2,novstressor,sec,287,0,1226.566667
48,250905_SEFL10N6d_B2_stressor2_47_48 Box 2.wmv,2,novstressor,sec,288,0,1673.566667
48,250905_SEFL10N6d_B2_stressor2_47_48 Box 2.wmv,2,novstressor,sec,289,0,1252.733333
48,250905_SEFL10N6d_B2_stressor2_47_48 Box 2.wmv,2,novstressor,sec,290,0,716.0666667
48,250905_SEFL10N6d_B2_stressor2_47_48 Box 2.wmv,2,novstressor,sec,291,0,858
48,250905_SEFL10N6d_B2_stressor2_47_48 Box 2.wmv,2,novstressor,sec,292,0,1623.233333
48,250905_SEFL10N6d_B2_stressor2_47_48 Box 2.wmv,2,novstressor,sec,293,0,1930.166667
48,250905_SEFL10N6d_B2_stressor2_47_48 Box 2.wmv,2,novstressor,sec,294,0,1012.4
48,250905_SEFL10N6d_B2_stressor2_47_48 Box 2.wmv,2,novstressor,sec,295,53.33333333,238.4666667
48,250905_SEFL10N6d_B2_stressor2_47_48 Box 2.wmv,2,novstressor,sec,296,0,289.5
48,250905_SEFL10N6d_B2_stressor2_47_48 Box 2.wmv,2,novstressor,sec,297,0,444.9666667
48,250905_SEFL10N6d_B2_stressor2_47_48 Box 2.wmv,2,novstressor,sec,298,0,577.9
48,250905_SEFL10N6d_B2_stressor2_47_48 Box 2.wmv,2,novstressor,sec,299,10,762.6666667
48,250905_SEFL10N6d_B2_stressor2_47_48 Box 2.wmv,2,novstressor,sec,300,80,162.3
48,250905_SEFL10N6d_B2_stressor2_47_48 Box 2.wmv,2,novstressor,sec,301,23.33333333,453.9333333
48,250905_SEFL10N6d_B2_stressor2_47_48 Box 2.wmv,2,novstressor,sec,302,96.66666667,12.76666667
48,250905_SEFL10N6d_B2_stressor2_47_48 Box 2.wmv,2,novstressor,sec,303,0,374.6666667
48,250905_SEFL10N6d_B2_stressor2_47_48 Box 2.wmv,2,novstressor,sec,304,0,1102.766667
48,250905_SEFL10N6d_B2_stressor2_47_48 Box 2.wmv,2,novstressor,sec,305,0,1257.9
48,250905_SEFL10N6d_B2_stressor2_47_48 Box 2.wmv,2,novstressor,sec,306,36.66666667,1191.366667
48,250905_SEFL10N6d_B2_stressor2_47_48 Box 2.wmv,2,novstressor,sec,307,36.66666667,1097.4
48,250905_SEFL10N6d_B2_stressor2_47_48 Box 2.wmv,2,novstressor,sec,308,0,671.5666667
48,250905_SEFL10N6d_B2_stressor2_47_48 Box 2.wmv,2,novstressor,sec,309,0,336.3666667
48,250905_SEFL10N6d_B2_stressor2_47_48 Box 2.wmv,2,novstressor,sec,310,0,286.7333333
48,250905_SEFL10N6d_B2_stressor2_47_48 Box 2.wmv,2,novstressor,sec,311,0,516.7333333
48,250905_SEFL10N6d_B2_stressor2_47_48 Box 2.wmv,2,novstressor,sec,312,0,563.7666667
48,250905_SEFL10N6d_B2_stressor2_47_48 Box 2.wmv,2,novstressor,sec,313,0,560.6666667
48,250905_SEFL10N6d_B2_stressor2_47_48 Box 2.wmv,2,novstressor,sec,314,0,887.9333333
48,250905_SEFL10N6d_B2_stressor2_47_48 Box 2.wmv,2,novstressor,sec,315,0,1053.966667
48,250905_SEFL10N6d_B2_stressor2_47_48 Box 2.wmv,2,novstressor,sec,316,0,645.9666667
48,250905_SEFL10N6d_B2_stressor2_47_48 Box 2.wmv,2,novstressor,sec,317,0,1910.733333
48,250905_SEFL10N6d_B2_stressor2_47_48 Box 2.wmv,2,novstressor,sec,318,0,1097.533333
48,250905_SEFL10N6d_B2_stressor2_47_48 Box 2.wmv,2,novstressor,sec,319,0,1432.833333
48,250905_SEFL10N6d_B2_stressor2_47_48 Box 2.wmv,2,novstressor,sec,320,0,1466.4
48,250905_SEFL10N6d_B2_stressor2_47_48 Box 2.wmv,2,novstressor,sec,321,0,1364.033333
48,250905_SEFL10N6d_B2_stressor2_47_48 Box 2.wmv,2,novstressor,sec,322,0,580.5333333
48,250905_SEFL10N6d_B2_stressor2_47_48 Box 2.wmv,2,novstressor,sec,323,0,834.4333333
48,250905_SEFL10N6d_B2_stressor2_47_48 Box 2.wmv,2,novstressor,sec,324,13.33333333,1574.966667
48,250905_SEFL10N6d_B2_stressor2_47_48 Box 2.wmv,2,novstressor,sec,325,53.33333333,432.9
48,250905_SEFL10N6d_B2_stressor2_47_48 Box 2.wmv,2,novstressor,sec,326,0,1230.133333
48,250905_SEFL10N6d_B2_stressor2_47_48 Box 2.wmv,2,novstressor,sec,327,0,747.8
48,250905_SEFL10N6d_B2_stressor2_47_48 Box 2.wmv,2,novstressor,sec,328,0,1554.3
48,250905_SEFL10N6d_B2_stressor2_47_48 Box 2.wmv,2,novstressor,sec,329,6.666666667,1502.9
48,250905_SEFL10N6d_B2_stressor2_47_48 Box 2.wmv,2,novstressor,sec,330,66.66666667,128.8333333
48,250905_SEFL10N6d_B2_stressor2_47_48 Box 2.wmv,2,novstressor,sec,331,13.33333333,681.2
48,250905_SEFL10N6d_B2_stressor2_47_48 Box 2.wmv,2,novstressor,sec,332,36.66666667,170.5666667
48,250905_SEFL10N6d_B2_stressor2_47_48 Box 2.wmv,2,novstressor,sec,333,0,621.6666667
48,250905_SEFL10N6d_B2_stressor2_47_48 Box 2.wmv,2,novstressor,sec,334,16.66666667,614.9333333
48,250905_SEFL10N6d_B2_stressor2_47_48 Box 2.wmv,2,novstressor,sec,335,60,251.7
48,250905_SEFL10N6d_B2_stressor2_47_48 Box 2.wmv,2,novstressor,sec,336,0,247.7
48,250905_SEFL10N6d_B2_stressor2_47_48 Box 2.wmv,2,novstressor,sec,337,0,459.6666667
48,250905_SEFL10N6d_B2_stressor2_47_48 Box 2.wmv,2,novstressor,sec,338,0,784.5
48,250905_SEFL10N6d_B2_stressor2_47_48 Box 2.wmv,2,novstressor,sec,339,0,931.9333333
48,250905_SEFL10N6d_B2_stressor2_47_48 Box 2.wmv,2,novstressor,sec,340,33.33333333,470.5666667
48,250905_SEFL10N6d_B2_stressor2_47_48 Box 2.wmv,2,novstressor,sec,341,66.66666667,302.0666667
48,250905_SEFL10N6d_B2_stressor2_47_48 Box 2.wmv,2,novstressor,sec,342,0,2372.266667
48,250905_SEFL10N6d_B2_stressor2_47_48 Box 2.wmv,2,novstressor,sec,343,0,1067.833333
48,250905_SEFL10N6d_B2_stressor2_47_48 Box 2.wmv,2,novstressor,sec,344,0,322.1333333
48,250905_SEFL10N6d_B2_stressor2_47_48 Box 2.wmv,2,novstressor,sec,345,36.66666667,270
48,250905_SEFL10N6d_B2_stressor2_47_48 Box 2.wmv,2,novstressor,sec,346,20,673.1666667
48,250905_SEFL10N6d_B2_stressor2_47_48 Box 2.wmv,2,novstressor,sec,347,0,373.2666667
48,250905_SEFL10N6d_B2_stressor2_47_48 Box 2.wmv,2,novstressor,sec,348,53.33333333,231.7
48,250905_SEFL10N6d_B2_stressor2_47_48 Box 2.wmv,2,novstressor,sec,349,0,636.2
48,250905_SEFL10N6d_B2_stressor2_47_48 Box 2.wmv,2,novstressor,sec,350,0,904.0333333
48,250905_SEFL10N6d_B2_stressor2_47_48 Box 2.wmv,2,novstressor,sec,351,0,446.0333333
48,250905_SEFL10N6d_B2_stressor2_47_48 Box 2.wmv,2,novstressor,sec,352,86.66666667,119.2
48,250905_SEFL10N6d_B2_stressor2_47_48 Box 2.wmv,2,novstressor,sec,353,0,849.0666667
48,250905_SEFL10N6d_B2_stressor2_47_48 Box 2.wmv,2,novstressor,sec,354,0,881.6333333
48,250905_SEFL10N6d_B2_stressor2_47_48 Box 2.wmv,2,novstressor,sec,355,0,2263.3
48,250905_SEFL10N6d_B2_stressor2_47_48 Box 2.wmv,2,novstressor,sec,356,60,187.0333333
48,250905_SEFL10N6d_B2_stressor2_47_48 Box 2.wmv,2,novstressor,sec,357,3.333333333,955.2333333
48,250905_SEFL10N6d_B2_stressor2_47_48 Box 2.wmv,2,novstressor,sec,358,26.66666667,837.1666667
48,250905_SEFL10N6d_B2_stressor2_47_48 Box 2.wmv,2,novstressor,sec,359,43.33333333,620.6
48,250905_SEFL10N6d_B2_stressor2_47_48 Box 2.wmv,2,novstressor,sec,360,6.666666667,1229.933333
48,250905_SEFL10N6d_B2_stressor2_47_48 Box 2.wmv,2,novstressor,sec,361,63.33333333,357.8333333
48,250905_SEFL10N6d_B2_stressor2_47_48 Box 2.wmv,2,novstressor,sec,362,56.66666667,327.3
48,250905_SEFL10N6d_B2_stressor2_47_48 Box 2.wmv,2,novstressor,sec,363,100,30.2
48,250905_SEFL10N6d_B2_stressor2_47_48 Box 2.wmv,2,novstressor,prepost,bl,7,1023.834259
48,250905_SEFL10N6d_B2_stressor2_47_48 Box 2.wmv,2,novstressor,prepost,post,30.80630213,601.9045412
48,250905_SEFL10N6d_B2_stressor2_47_48 Box 2.wmv,2,novstressor,startle,startle_post,27.77777778,592.7444444
48,250905_SEFL10N6d_B2_stressor2_47_48 Box 2.wmv,2,novstressor,startle,startle_pre,0,1049.988889
48,250905_SEFL10N6d_B2_stressor2_47_48 Box 2.wmv,2,novstressor,startle,startle_startle,0,1942.422222
49,250905_SEFL10N6d_B2_stressor2_49_50 Box 1.wmv,1,novstressor,sec,1,0,2059.566667
49,250905_SEFL10N6d_B2_stressor2_49_50 Box 1.wmv,1,novstressor,sec,2,0,1466.233333
49,250905_SEFL10N6d_B2_stressor2_49_50 Box 1.wmv,1,novstressor,sec,3,0,777.2333333
49,250905_SEFL10N6d_B2_stressor2_49_50 Box 1.wmv,1,novstressor,sec,4,0,1096.3
49,250905_SEFL10N6d_B2_stressor2_49_50 Box 1.wmv,1,novstressor,sec,5,0,884.2333333
49,250905_SEFL10N6d_B2_stressor2_49_50 Box 1.wmv,1,novstressor,sec,6,0,686.8333333
49,250905_SEFL10N6d_B2_stressor2_49_50 Box 1.wmv,1,novstressor,sec,7,0,320.9666667
49,250905_SEFL10N6d_B2_stressor2_49_50 Box 1.wmv,1,novstressor,sec,8,0,1455.066667
49,250905_SEFL10N6d_B2_stressor2_49_50 Box 1.wmv,1,novstressor,sec,9,0,2379.1
49,250905_SEFL10N6d_B2_stressor2_49_50 Box 1.wmv,1,novstressor,sec,10,0,653.6666667
49,250905_SEFL10N6d_B2_stressor2_49_50 Box 1.wmv,1,novstressor,sec,11,0,681.6666667
49,250905_SEFL10N6d_B2_stressor2_49_50 Box 1.wmv,1,novstressor,sec,12,0,1154.166667
49,250905_SEFL10N6d_B2_stressor2_49_50 Box 1.wmv,1,novstressor,sec,13,0,661.0333333
49,250905_SEFL10N6d_B2_stressor2_49_50 Box 1.wmv,1,novstressor,sec,14,0,833.6333333
49,250905_SEFL10N6d_B2_stressor2_49_50 Box 1.wmv,1,novstressor,sec,15,0,1881.333333
49,250905_SEFL10N6d_B2_stressor2_49_50 Box 1.wmv,1,novstressor,sec,16,0,1202.5
49,250905_SEFL10N6d_B2_stressor2_49_50 Box 1.wmv,1,novstressor,sec,17,0,1829.533333
49,250905_SEFL10N6d_B2_stressor2_49_50 Box 1.wmv,1,novstressor,sec,18,0,2443.566667
49,250905_SEFL10N6d_B2_stressor2_49_50 Box 1.wmv,1,novstressor,sec,19,0,952.2
49,250905_SEFL10N6d_B2_stressor2_49_50 Box 1.wmv,1,novstressor,sec,20,0,325.6
49,250905_SEFL10N6d_B2_stressor2_49_50 Box 1.wmv,1,novstressor,sec,21,0,1167.433333
49,250905_SEFL10N6d_B2_stressor2_49_50 Box 1.wmv,1,novstressor,sec,22,0,1207.766667
49,250905_SEFL10N6d_B2_stressor2_49_50 Box 1.wmv,1,novstressor,sec,23,0,2628.633333
49,250905_SEFL10N6d_B2_stressor2_49_50 Box 1.wmv,1,novstressor,sec,24,0,1356.3
49,250905_SEFL10N6d_B2_stressor2_49_50 Box 1.wmv,1,novstressor,sec,25,0,2072.666667
49,250905_SEFL10N6d_B2_stressor2_49_50 Box 1.wmv,1,novstressor,sec,26,0,1307.4
49,250905_SEFL10N6d_B2_stressor2_49_50 Box 1.wmv,1,novstressor,sec,27,0,828.5
49,250905_SEFL10N6d_B2_stressor2_49_50 Box 1.wmv,1,novstressor,sec,28,0,860.6
49,250905_SEFL10N6d_B2_stressor2_49_50 Box 1.wmv,1,novstressor,sec,29,0,964.5666667
49,250905_SEFL10N6d_B2_stressor2_49_50 Box 1.wmv,1,novstressor,sec,30,0,1034.433333
49,250905_SEFL10N6d_B2_stressor2_49_50 Box 1.wmv,1,novstressor,sec,31,0,1244.333333
49,250905_SEFL10N6d_B2_stressor2_49_50 Box 1.wmv,1,novstressor,sec,32,0,456.5333333
49,250905_SEFL10N6d_B2_stressor2_49_50 Box 1.wmv,1,novstressor,sec,33,0,1459.066667
49,250905_SEFL10N6d_B2_stressor2_49_50 Box 1.wmv,1,novstressor,sec,34,0,487.7
49,250905_SEFL10N6d_B2_stressor2_49_50 Box 1.wmv,1,novstressor,sec,35,0,297.5333333
49,250905_SEFL10N6d_B2_stressor2_49_50 Box 1.wmv,1,novstressor,sec,36,0,678.5333333
49,250905_SEFL10N6d_B2_stressor2_49_50 Box 1.wmv,1,novstressor,sec,37,0,500.0666667
49,250905_SEFL10N6d_B2_stressor2_49_50 Box 1.wmv,1,novstressor,sec,38,0,473.1333333
49,250905_SEFL10N6d_B2_stressor2_49_50 Box 1.wmv,1,novstressor,sec,39,0,1531.433333
49,250905_SEFL10N6d_B2_stressor2_49_50 Box 1.wmv,1,novstressor,sec,40,0,1192.5
49,250905_SEFL10N6d_B2_stressor2_49_50 Box 1.wmv,1,novstressor,sec,41,0,1651.433333
49,250905_SEFL10N6d_B2_stressor2_49_50 Box 1.wmv,1,novstressor,sec,42,0,1052.766667
49,250905_SEFL10N6d_B2_stressor2_49_50 Box 1.wmv,1,novstressor,sec,43,0,328.8
49,250905_SEFL10N6d_B2_stressor2_49_50 Box 1.wmv,1,novstressor,sec,44,0,447.9666667
49,250905_SEFL10N6d_B2_stressor2_49_50 Box 1.wmv,1,novstressor,sec,45,0,1435.566667
49,250905_SEFL10N6d_B2_stressor2_49_50 Box 1.wmv,1,novstressor,sec,46,0,742.0333333
49,250905_SEFL10N6d_B2_stressor2_49_50 Box 1.wmv,1,novstressor,sec,47,43.33333333,198.5666667
49,250905_SEFL10N6d_B2_stressor2_49_50 Box 1.wmv,1,novstressor,sec,48,30,549.0333333
49,250905_SEFL10N6d_B2_stressor2_49_50 Box 1.wmv,1,novstressor,sec,49,0,657.3
49,250905_SEFL10N6d_B2_stressor2_49_50 Box 1.wmv,1,novstressor,sec,50,0,2207.7
49,250905_SEFL10N6d_B2_stressor2_49_50 Box 1.wmv,1,novstressor,sec,51,0,2276.633333
49,250905_SEFL10N6d_B2_stressor2_49_50 Box 1.wmv,1,novstressor,sec,52,0,1271.7
49,250905_SEFL10N6d_B2_stressor2_49_50 Box 1.wmv,1,novstressor,sec,53,0,1040.833333
49,250905_SEFL10N6d_B2_stressor2_49_50 Box 1.wmv,1,novstressor,sec,54,0,634.2666667
49,250905_SEFL10N6d_B2_stressor2_49_50 Box 1.wmv,1,novstressor,sec,55,0,388.7333333
49,250905_SEFL10N6d_B2_stressor2_49_50 Box 1.wmv,1,novstressor,sec,56,0,485.9333333
49,250905_SEFL10N6d_B2_stressor2_49_50 Box 1.wmv,1,novstressor,sec,57,0,591.1666667
49,250905_SEFL10N6d_B2_stressor2_49_50 Box 1.wmv,1,novstressor,sec,58,0,1097.466667
49,250905_SEFL10N6d_B2_stressor2_49_50 Box 1.wmv,1,novstressor,sec,59,0,989.5666667
49,250905_SEFL10N6d_B2_stressor2_49_50 Box 1.wmv,1,novstressor,sec,60,0,709.5
49,250905_SEFL10N6d_B2_stressor2_49_50 Box 1.wmv,1,novstressor,sec,61,0,1590.433333
49,250905_SEFL10N6d_B2_stressor2_49_50 Box 1.wmv,1,novstressor,sec,62,0,833.3666667
49,250905_SEFL10N6d_B2_stressor2_49_50 Box 1.wmv,1,novstressor,sec,63,0,545.2666667
49,250905_SEFL10N6d_B2_stressor2_49_50 Box 1.wmv,1,novstressor,sec,64,0,570.0666667
49,250905_SEFL10N6d_B2_stressor2_49_50 Box 1.wmv,1,novstressor,sec,65,0,733.7
49,250905_SEFL10N6d_B2_stressor2_49_50 Box 1.wmv,1,novstressor,sec,66,0,944.4666667
49,250905_SEFL10N6d_B2_stressor2_49_50 Box 1.wmv,1,novstressor,sec,67,0,641.1333333
49,250905_SEFL10N6d_B2_stressor2_49_50 Box 1.wmv,1,novstressor,sec,68,0,1693.1
49,250905_SEFL10N6d_B2_stressor2_49_50 Box 1.wmv,1,novstressor,sec,69,6.666666667,1459.733333
49,250905_SEFL10N6d_B2_stressor2_49_50 Box 1.wmv,1,novstressor,sec,70,46.66666667,982.1666667
49,250905_SEFL10N6d_B2_stressor2_49_50 Box 1.wmv,1,novstressor,sec,71,0,1341.366667
49,250905_SEFL10N6d_B2_stressor2_49_50 Box 1.wmv,1,novstressor,sec,72,0,908.3
49,250905_SEFL10N6d_B2_stressor2_49_50 Box 1.wmv,1,novstressor,sec,73,83.33333333,48.96666667
49,250905_SEFL10N6d_B2_stressor2_49_50 Box 1.wmv,1,novstressor,sec,74,6.666666667,758.9666667
49,250905_SEFL10N6d_B2_stressor2_49_50 Box 1.wmv,1,novstressor,sec,75,0,607.1666667
49,250905_SEFL10N6d_B2_stressor2_49_50 Box 1.wmv,1,novstressor,sec,76,0,608.4333333
49,250905_SEFL10N6d_B2_stressor2_49_50 Box 1.wmv,1,novstressor,sec,77,0,671.3
49,250905_SEFL10N6d_B2_stressor2_49_50 Box 1.wmv,1,novstressor,sec,78,0,684.2333333
49,250905_SEFL10N6d_B2_stressor2_49_50 Box 1.wmv,1,novstressor,sec,79,0,2171.2
49,250905_SEFL10N6d_B2_stressor2_49_50 Box 1.wmv,1,novstressor,sec,80,0,692.3
49,250905_SEFL10N6d_B2_stressor2_49_50 Box 1.wmv,1,novstressor,sec,81,36.66666667,353.7333333
49,250905_SEFL10N6d_B2_stressor2_49_50 Box 1.wmv,1,novstressor,sec,82,23.33333333,433.8333333
49,250905_SEFL10N6d_B2_stressor2_49_50 Box 1.wmv,1,novstressor,sec,83,0,763.9666667
49,250905_SEFL10N6d_B2_stressor2_49_50 Box 1.wmv,1,novstressor,sec,84,0,1612.4
49,250905_SEFL10N6d_B2_stressor2_49_50 Box 1.wmv,1,novstressor,sec,85,0,494.3666667
49,250905_SEFL10N6d_B2_stressor2_49_50 Box 1.wmv,1,novstressor,sec,86,0,711.1
49,250905_SEFL10N6d_B2_stressor2_49_50 Box 1.wmv,1,novstressor,sec,87,0,781.5333333
49,250905_SEFL10N6d_B2_stressor2_49_50 Box 1.wmv,1,novstressor,sec,88,0,2323.966667
49,250905_SEFL10N6d_B2_stressor2_49_50 Box 1.wmv,1,novstressor,sec,89,0,1267.266667
49,250905_SEFL10N6d_B2_stressor2_49_50 Box 1.wmv,1,novstressor,sec,90,0,722.5
49,250905_SEFL10N6d_B2_stressor2_49_50 Box 1.wmv,1,novstressor,sec,91,0,522.4
49,250905_SEFL10N6d_B2_stressor2_49_50 Box 1.wmv,1,novstressor,sec,92,0,945.8
49,250905_SEFL10N6d_B2_stressor2_49_50 Box 1.wmv,1,novstressor,sec,93,0,576.3
49,250905_SEFL10N6d_B2_stressor2_49_50 Box 1.wmv,1,novstressor,sec,94,0,845.5333333
49,250905_SEFL10N6d_B2_stressor2_49_50 Box 1.wmv,1,novstressor,sec,95,0,723.8
49,250905_SEFL10N6d_B2_stressor2_49_50 Box 1.wmv,1,novstressor,sec,96,56.66666667,274.1666667
49,250905_SEFL10N6d_B2_stressor2_49_50 Box 1.wmv,1,novstressor,sec,97,23.33333333,1220.933333
49,250905_SEFL10N6d_B2_stressor2_49_50 Box 1.wmv,1,novstressor,sec,98,0,1451.166667
49,250905_SEFL10N6d_B2_stressor2_49_50 Box 1.wmv,1,novstressor,sec,99,10,497.5
49,250905_SEFL10N6d_B2_stressor2_49_50 Box 1.wmv,1,novstressor,sec,100,100,119.9
49,250905_SEFL10N6d_B2_stressor2_49_50 Box 1.wmv,1,novstressor,sec,101,6.666666667,637.7333333
49,250905_SEFL10N6d_B2_stressor2_49_50 Box 1.wmv,1,novstressor,sec,102,0,1210.466667
49,250905_SEFL10N6d_B2_stressor2_49_50 Box 1.wmv,1,novstressor,sec,103,0,3010.3
49,250905_SEFL10N6d_B2_stressor2_49_50 Box 1.wmv,1,novstressor,sec,104,0,601.9
49,250905_SEFL10N6d_B2_stressor2_49_50 Box 1.wmv,1,novstressor,sec,105,0,809.1333333
49,250905_SEFL10N6d_B2_stressor2_49_50 Box 1.wmv,1,novstressor,sec,106,0,594.4
49,250905_SEFL10N6d_B2_stressor2_49_50 Box 1.wmv,1,novstressor,sec,107,0,888.2
49,250905_SEFL10N6d_B2_stressor2_49_50 Box 1.wmv,1,novstressor,sec,108,90,98.16666667
49,250905_SEFL10N6d_B2_stressor2_49_50 Box 1.wmv,1,novstressor,sec,109,10,1844.7
49,250905_SEFL10N6d_B2_stressor2_49_50 Box 1.wmv,1,novstressor,sec,110,0,1395.966667
49,250905_SEFL10N6d_B2_stressor2_49_50 Box 1.wmv,1,novstressor,sec,111,0,818.3666667
49,250905_SEFL10N6d_B2_stressor2_49_50 Box 1.wmv,1,novstressor,sec,112,0,831.5666667
49,250905_SEFL10N6d_B2_stressor2_49_50 Box 1.wmv,1,novstressor,sec,113,0,969.6333333
49,250905_SEFL10N6d_B2_stressor2_49_50 Box 1.wmv,1,novstressor,sec,114,83.33333333,145.2333333
49,250905_SEFL10N6d_B2_stressor2_49_50 Box 1.wmv,1,novstressor,sec,115,40,781.2333333
49,250905_SEFL10N6d_B2_stressor2_49_50 Box 1.wmv,1,novstressor,sec,116,0,2133.066667
49,250905_SEFL10N6d_B2_stressor2_49_50 Box 1.wmv,1,novstressor,sec,117,0,1088.5
49,250905_SEFL10N6d_B2_stressor2_49_50 Box 1.wmv,1,novstressor,sec,118,23.33333333,675.1666667
49,250905_SEFL10N6d_B2_stressor2_49_50 Box 1.wmv,1,novstressor,sec,119,90,163.7333333
49,250905_SEFL10N6d_B2_stressor2_49_50 Box 1.wmv,1,novstressor,sec,120,0,1271.4
49,250905_SEFL10N6d_B2_stressor2_49_50 Box 1.wmv,1,novstressor,sec,121,0,709.0666667
49,250905_SEFL10N6d_B2_stressor2_49_50 Box 1.wmv,1,novstressor,sec,122,0,722.7333333
49,250905_SEFL10N6d_B2_stressor2_49_50 Box 1.wmv,1,novstressor,sec,123,0,790.0666667
49,250905_SEFL10N6d_B2_stressor2_49_50 Box 1.wmv,1,novstressor,sec,124,0,386.1666667
49,250905_SEFL10N6d_B2_stressor2_49_50 Box 1.wmv,1,novstressor,sec,125,0,329.0666667
49,250905_SEFL10N6d_B2_stressor2_49_50 Box 1.wmv,1,novstressor,sec,126,0,895.1333333
49,250905_SEFL10N6d_B2_stressor2_49_50 Box 1.wmv,1,novstressor,sec,127,0,838.0666667
49,250905_SEFL10N6d_B2_stressor2_49_50 Box 1.wmv,1,novstressor,sec,128,0,1756.6
49,250905_SEFL10N6d_B2_stressor2_49_50 Box 1.wmv,1,novstressor,sec,129,0,1130.733333
49,250905_SEFL10N6d_B2_stressor2_49_50 Box 1.wmv,1,novstressor,sec,130,0,869.2666667
49,250905_SEFL10N6d_B2_stressor2_49_50 Box 1.wmv,1,novstressor,sec,131,0,681.5333333
49,250905_SEFL10N6d_B2_stressor2_49_50 Box 1.wmv,1,novstressor,sec,132,0,958.3333333
49,250905_SEFL10N6d_B2_stressor2_49_50 Box 1.wmv,1,novstressor,sec,133,40,418.2333333
49,250905_SEFL10N6d_B2_stressor2_49_50 Box 1.wmv,1,novstressor,sec,134,63.33333333,299.8
49,250905_SEFL10N6d_B2_stressor2_49_50 Box 1.wmv,1,novstressor,sec,135,0,842.4333333
49,250905_SEFL10N6d_B2_stressor2_49_50 Box 1.wmv,1,novstressor,sec,136,0,941.9333333
49,250905_SEFL10N6d_B2_stressor2_49_50 Box 1.wmv,1,novstressor,sec,137,0,2276.033333
49,250905_SEFL10N6d_B2_stressor2_49_50 Box 1.wmv,1,novstressor,sec,138,0,1905.966667
49,250905_SEFL10N6d_B2_stressor2_49_50 Box 1.wmv,1,novstressor,sec,139,0,688.9333333
49,250905_SEFL10N6d_B2_stressor2_49_50 Box 1.wmv,1,novstressor,sec,140,0,293.9666667
49,250905_SEFL10N6d_B2_stressor2_49_50 Box 1.wmv,1,novstressor,sec,141,0,885.9666667
49,250905_SEFL10N6d_B2_stressor2_49_50 Box 1.wmv,1,novstressor,sec,142,0,723.5
49,250905_SEFL10N6d_B2_stressor2_49_50 Box 1.wmv,1,novstressor,sec,143,0,1031.4
49,250905_SEFL10N6d_B2_stressor2_49_50 Box 1.wmv,1,novstressor,sec,144,40,395.0666667
49,250905_SEFL10N6d_B2_stressor2_49_50 Box 1.wmv,1,novstressor,sec,145,46.66666667,400.5666667
49,250905_SEFL10N6d_B2_stressor2_49_50 Box 1.wmv,1,novstressor,sec,146,0,558.7
49,250905_SEFL10N6d_B2_stressor2_49_50 Box 1.wmv,1,novstressor,sec,147,93.33333333,95.5
49,250905_SEFL10N6d_B2_stressor2_49_50 Box 1.wmv,1,novstressor,sec,148,0,809.7333333
49,250905_SEFL10N6d_B2_stressor2_49_50 Box 1.wmv,1,novstressor,sec,149,0,1109.9
49,250905_SEFL10N6d_B2_stressor2_49_50 Box 1.wmv,1,novstressor,sec,150,26.66666667,536.6666667
49,250905_SEFL10N6d_B2_stressor2_49_50 Box 1.wmv,1,novstressor,sec,151,46.66666667,365.3
49,250905_SEFL10N6d_B2_stressor2_49_50 Box 1.wmv,1,novstressor,sec,152,50,530.5333333
49,250905_SEFL10N6d_B2_stressor2_49_50 Box 1.wmv,1,novstressor,sec,153,0,1093.9
49,250905_SEFL10N6d_B2_stressor2_49_50 Box 1.wmv,1,novstressor,sec,154,0,722.5333333
49,250905_SEFL10N6d_B2_stressor2_49_50 Box 1.wmv,1,novstressor,sec,155,0,582.0666667
49,250905_SEFL10N6d_B2_stressor2_49_50 Box 1.wmv,1,novstressor,sec,156,0,651.6
49,250905_SEFL10N6d_B2_stressor2_49_50 Box 1.wmv,1,novstressor,sec,157,33.33333333,398.9
49,250905_SEFL10N6d_B2_stressor2_49_50 Box 1.wmv,1,novstressor,sec,158,26.66666667,471.4
49,250905_SEFL10N6d_B2_stressor2_49_50 Box 1.wmv,1,novstressor,sec,159,0,743.5333333
49,250905_SEFL10N6d_B2_stressor2_49_50 Box 1.wmv,1,novstressor,sec,160,0,642.9666667
49,250905_SEFL10N6d_B2_stressor2_49_50 Box 1.wmv,1,novstressor,sec,161,0,518
49,250905_SEFL10N6d_B2_stressor2_49_50 Box 1.wmv,1,novstressor,sec,162,0,612.3666667
49,250905_SEFL10N6d_B2_stressor2_49_50 Box 1.wmv,1,novstressor,sec,163,0,660.1333333
49,250905_SEFL10N6d_B2_stressor2_49_50 Box 1.wmv,1,novstressor,sec,164,0,798.3
49,250905_SEFL10N6d_B2_stressor2_49_50 Box 1.wmv,1,novstressor,sec,165,0,765.3666667
49,250905_SEFL10N6d_B2_stressor2_49_50 Box 1.wmv,1,novstressor,sec,166,0,681.2
49,250905_SEFL10N6d_B2_stressor2_49_50 Box 1.wmv,1,novstressor,sec,167,0,460.0333333
49,250905_SEFL10N6d_B2_stressor2_49_50 Box 1.wmv,1,novstressor,sec,168,0,480.7333333
49,250905_SEFL10N6d_B2_stressor2_49_50 Box 1.wmv,1,novstressor,sec,169,60,434.5333333
49,250905_SEFL10N6d_B2_stressor2_49_50 Box 1.wmv,1,novstressor,sec,170,0,777.4
49,250905_SEFL10N6d_B2_stressor2_49_50 Box 1.wmv,1,novstressor,sec,171,0,447.7666667
49,250905_SEFL10N6d_B2_stressor2_49_50 Box 1.wmv,1,novstressor,sec,172,0,390.9
49,250905_SEFL10N6d_B2_stressor2_49_50 Box 1.wmv,1,novstressor,sec,173,0,608.8333333
49,250905_SEFL10N6d_B2_stressor2_49_50 Box 1.wmv,1,novstressor,sec,174,0,2430.966667
49,250905_SEFL10N6d_B2_stressor2_49_50 Box 1.wmv,1,novstressor,sec,175,0,998.5333333
49,250905_SEFL10N6d_B2_stressor2_49_50 Box 1.wmv,1,novstressor,sec,176,0,977.8
49,250905_SEFL10N6d_B2_stressor2_49_50 Box 1.wmv,1,novstressor,sec,177,0,835.9333333
49,250905_SEFL10N6d_B2_stressor2_49_50 Box 1.wmv,1,novstressor,sec,178,0,612
49,250905_SEFL10N6d_B2_stressor2_49_50 Box 1.wmv,1,novstressor,sec,179,66.66666667,83.7
49,250905_SEFL10N6d_B2_stressor2_49_50 Box 1.wmv,1,novstressor,sec,180,43.33333333,501.1666667
49,250905_SEFL10N6d_B2_stressor2_49_50 Box 1.wmv,1,novstressor,sec,181,0,3340.333333
49,250905_SEFL10N6d_B2_stressor2_49_50 Box 1.wmv,1,novstressor,sec,182,0,1181.033333
49,250905_SEFL10N6d_B2_stressor2_49_50 Box 1.wmv,1,novstressor,sec,183,0,969.3666667
49,250905_SEFL10N6d_B2_stressor2_49_50 Box 1.wmv,1,novstressor,sec,184,0,734.5333333
49,250905_SEFL10N6d_B2_stressor2_49_50 Box 1.wmv,1,novstressor,sec,185,0,1497.566667
49,250905_SEFL10N6d_B2_stressor2_49_50 Box 1.wmv,1,novstressor,sec,186,76.66666667,278.5666667
49,250905_SEFL10N6d_B2_stressor2_49_50 Box 1.wmv,1,novstressor,sec,187,46.66666667,266.6333333
49,250905_SEFL10N6d_B2_stressor2_49_50 Box 1.wmv,1,novstressor,sec,188,0,282.6666667
49,250905_SEFL10N6d_B2_stressor2_49_50 Box 1.wmv,1,novstressor,sec,189,0,672.6
49,250905_SEFL10N6d_B2_stressor2_49_50 Box 1.wmv,1,novstressor,sec,190,0,1907
49,250905_SEFL10N6d_B2_stressor2_49_50 Box 1.wmv,1,novstressor,sec,191,56.66666667,340.2666667
49,250905_SEFL10N6d_B2_stressor2_49_50 Box 1.wmv,1,novstressor,sec,192,43.33333333,563.5333333
49,250905_SEFL10N6d_B2_stressor2_49_50 Box 1.wmv,1,novstressor,sec,193,66.66666667,274.1666667
49,250905_SEFL10N6d_B2_stressor2_49_50 Box 1.wmv,1,novstressor,sec,194,100,13.86666667
49,250905_SEFL10N6d_B2_stressor2_49_50 Box 1.wmv,1,novstressor,sec,195,33.33333333,832.6
49,250905_SEFL10N6d_B2_stressor2_49_50 Box 1.wmv,1,novstressor,sec,196,0,506.8
49,250905_SEFL10N6d_B2_stressor2_49_50 Box 1.wmv,1,novstressor,sec,197,0,846.1333333
49,250905_SEFL10N6d_B2_stressor2_49_50 Box 1.wmv,1,novstressor,sec,198,0,346.3666667
49,250905_SEFL10N6d_B2_stressor2_49_50 Box 1.wmv,1,novstressor,sec,199,93.33333333,61.8
49,250905_SEFL10N6d_B2_stressor2_49_50 Box 1.wmv,1,novstressor,sec,200,100,12.33333333
49,250905_SEFL10N6d_B2_stressor2_49_50 Box 1.wmv,1,novstressor,sec,201,23.33333333,539.1
49,250905_SEFL10N6d_B2_stressor2_49_50 Box 1.wmv,1,novstressor,sec,202,63.33333333,201.4666667
49,250905_SEFL10N6d_B2_stressor2_49_50 Box 1.wmv,1,novstressor,sec,203,66.66666667,323.6
49,250905_SEFL10N6d_B2_stressor2_49_50 Box 1.wmv,1,novstressor,sec,204,0,809.5
49,250905_SEFL10N6d_B2_stressor2_49_50 Box 1.wmv,1,novstressor,sec,205,0,943.7
49,250905_SEFL10N6d_B2_stressor2_49_50 Box 1.wmv,1,novstressor,sec,206,0,746.6666667
49,250905_SEFL10N6d_B2_stressor2_49_50 Box 1.wmv,1,novstressor,sec,207,0,535.4
49,250905_SEFL10N6d_B2_stressor2_49_50 Box 1.wmv,1,novstressor,sec,208,63.33333333,313.2666667
49,250905_SEFL10N6d_B2_stressor2_49_50 Box 1.wmv,1,novstressor,sec,209,56.66666667,269.5
49,250905_SEFL10N6d_B2_stressor2_49_50 Box 1.wmv,1,novstressor,sec,210,100,0
49,250905_SEFL10N6d_B2_stressor2_49_50 Box 1.wmv,1,novstressor,sec,211,10,693.9666667
49,250905_SEFL10N6d_B2_stressor2_49_50 Box 1.wmv,1,novstressor,sec,212,80,114.7
49,250905_SEFL10N6d_B2_stressor2_49_50 Box 1.wmv,1,novstressor,sec,213,63.33333333,308.4666667
49,250905_SEFL10N6d_B2_stressor2_49_50 Box 1.wmv,1,novstressor,sec,214,43.33333333,192.1333333
49,250905_SEFL10N6d_B2_stressor2_49_50 Box 1.wmv,1,novstressor,sec,215,100,3.366666667
49,250905_SEFL10N6d_B2_stressor2_49_50 Box 1.wmv,1,novstressor,sec,216,16.66666667,533.0333333
49,250905_SEFL10N6d_B2_stressor2_49_50 Box 1.wmv,1,novstressor,sec,217,0,1224.6
49,250905_SEFL10N6d_B2_stressor2_49_50 Box 1.wmv,1,novstressor,sec,218,0,1224
49,250905_SEFL10N6d_B2_stressor2_49_50 Box 1.wmv,1,novstressor,sec,219,0,1103
49,250905_SEFL10N6d_B2_stressor2_49_50 Box 1.wmv,1,novstressor,sec,220,0,597.9
49,250905_SEFL10N6d_B2_stressor2_49_50 Box 1.wmv,1,novstressor,sec,221,0,911.4333333
49,250905_SEFL10N6d_B2_stressor2_49_50 Box 1.wmv,1,novstressor,sec,222,30,770.0333333
49,250905_SEFL10N6d_B2_stressor2_49_50 Box 1.wmv,1,novstressor,sec,223,20,445.3333333
49,250905_SEFL10N6d_B2_stressor2_49_50 Box 1.wmv,1,novstressor,sec,224,50,286.2333333
49,250905_SEFL10N6d_B2_stressor2_49_50 Box 1.wmv,1,novstressor,sec,225,0,1228.333333
49,250905_SEFL10N6d_B2_stressor2_49_50 Box 1.wmv,1,novstressor,sec,226,0,838.0666667
49,250905_SEFL10N6d_B2_stressor2_49_50 Box 1.wmv,1,novstressor,sec,227,0,680.2333333
49,250905_SEFL10N6d_B2_stressor2_49_50 Box 1.wmv,1,novstressor,sec,228,0,759.0666667
49,250905_SEFL10N6d_B2_stressor2_49_50 Box 1.wmv,1,novstressor,sec,229,0,1281.8
49,250905_SEFL10N6d_B2_stressor2_49_50 Box 1.wmv,1,novstressor,sec,230,0,882.0333333
49,250905_SEFL10N6d_B2_stressor2_49_50 Box 1.wmv,1,novstressor,sec,231,0,1318.966667
49,250905_SEFL10N6d_B2_stressor2_49_50 Box 1.wmv,1,novstressor,sec,232,6.666666667,876.9333333
49,250905_SEFL10N6d_B2_stressor2_49_50 Box 1.wmv,1,novstressor,sec,233,66.66666667,372
49,250905_SEFL10N6d_B2_stressor2_49_50 Box 1.wmv,1,novstressor,sec,234,0,1249.733333
49,250905_SEFL10N6d_B2_stressor2_49_50 Box 1.wmv,1,novstressor,sec,235,0,624
49,250905_SEFL10N6d_B2_stressor2_49_50 Box 1.wmv,1,novstressor,sec,236,0,653.3
49,250905_SEFL10N6d_B2_stressor2_49_50 Box 1.wmv,1,novstressor,sec,237,0,746.1
49,250905_SEFL10N6d_B2_stressor2_49_50 Box 1.wmv,1,novstressor,sec,238,0,768.8666667
49,250905_SEFL10N6d_B2_stressor2_49_50 Box 1.wmv,1,novstressor,sec,239,0,820.8333333
49,250905_SEFL10N6d_B2_stressor2_49_50 Box 1.wmv,1,novstressor,sec,240,56.66666667,403.5
49,250905_SEFL10N6d_B2_stressor2_49_50 Box 1.wmv,1,novstressor,sec,241,10,984.7333333
49,250905_SEFL10N6d_B2_stressor2_49_50 Box 1.wmv,1,novstressor,sec,242,16.66666667,446.4666667
49,250905_SEFL10N6d_B2_stressor2_49_50 Box 1.wmv,1,novstressor,sec,243,96.66666667,74.9
49,250905_SEFL10N6d_B2_stressor2_49_50 Box 1.wmv,1,novstressor,sec,244,53.33333333,61.7
49,250905_SEFL10N6d_B2_stressor2_49_50 Box 1.wmv,1,novstressor,sec,245,0,356.3666667
49,250905_SEFL10N6d_B2_stressor2_49_50 Box 1.wmv,1,novstressor,sec,246,0,390.1666667
49,250905_SEFL10N6d_B2_stressor2_49_50 Box 1.wmv,1,novstressor,sec,247,0,404.2333333
49,250905_SEFL10N6d_B2_stressor2_49_50 Box 1.wmv,1,novstressor,sec,248,33.33333333,249.6333333
49,250905_SEFL10N6d_B2_stressor2_49_50 Box 1.wmv,1,novstressor,sec,249,76.66666667,185.8333333
49,250905_SEFL10N6d_B2_stressor2_49_50 Box 1.wmv,1,novstressor,sec,250,0,692.4333333
49,250905_SEFL10N6d_B2_stressor2_49_50 Box 1.wmv,1,novstressor,sec,251,0,996.2666667
49,250905_SEFL10N6d_B2_stressor2_49_50 Box 1.wmv,1,novstressor,sec,252,0,1979.333333
49,250905_SEFL10N6d_B2_stressor2_49_50 Box 1.wmv,1,novstressor,sec,253,0,1003.166667
49,250905_SEFL10N6d_B2_stressor2_49_50 Box 1.wmv,1,novstressor,sec,254,0,1294.833333
49,250905_SEFL10N6d_B2_stressor2_49_50 Box 1.wmv,1,novstressor,sec,255,0,1529.4
49,250905_SEFL10N6d_B2_stressor2_49_50 Box 1.wmv,1,novstressor,sec,256,20,609.8
49,250905_SEFL10N6d_B2_stressor2_49_50 Box 1.wmv,1,novstressor,sec,257,33.33333333,381.5
49,250905_SEFL10N6d_B2_stressor2_49_50 Box 1.wmv,1,novstressor,sec,258,0,374.3333333
49,250905_SEFL10N6d_B2_stressor2_49_50 Box 1.wmv,1,novstressor,sec,259,0,329.6333333
49,250905_SEFL10N6d_B2_stressor2_49_50 Box 1.wmv,1,novstressor,sec,260,0,550.1666667
49,250905_SEFL10N6d_B2_stressor2_49_50 Box 1.wmv,1,novstressor,sec,261,86.66666667,218.5333333
49,250905_SEFL10N6d_B2_stressor2_49_50 Box 1.wmv,1,novstressor,sec,262,0,258.7
49,250905_SEFL10N6d_B2_stressor2_49_50 Box 1.wmv,1,novstressor,sec,263,0,339.1
49,250905_SEFL10N6d_B2_stressor2_49_50 Box 1.wmv,1,novstressor,sec,264,0,602.5
49,250905_SEFL10N6d_B2_stressor2_49_50 Box 1.wmv,1,novstressor,sec,265,0,321.8
49,250905_SEFL10N6d_B2_stressor2_49_50 Box 1.wmv,1,novstressor,sec,266,0,952.9333333
49,250905_SEFL10N6d_B2_stressor2_49_50 Box 1.wmv,1,novstressor,sec,267,0,1106.333333
49,250905_SEFL10N6d_B2_stressor2_49_50 Box 1.wmv,1,novstressor,sec,268,43.33333333,502.8666667
49,250905_SEFL10N6d_B2_stressor2_49_50 Box 1.wmv,1,novstressor,sec,269,30,953.0666667
49,250905_SEFL10N6d_B2_stressor2_49_50 Box 1.wmv,1,novstressor,sec,270,0,1872.266667
49,250905_SEFL10N6d_B2_stressor2_49_50 Box 1.wmv,1,novstressor,sec,271,0,618.8333333
49,250905_SEFL10N6d_B2_stressor2_49_50 Box 1.wmv,1,novstressor,sec,272,0,491.4666667
49,250905_SEFL10N6d_B2_stressor2_49_50 Box 1.wmv,1,novstressor,sec,273,0,360.7333333
49,250905_SEFL10N6d_B2_stressor2_49_50 Box 1.wmv,1,novstressor,sec,274,80,179.2666667
49,250905_SEFL10N6d_B2_stressor2_49_50 Box 1.wmv,1,novstressor,sec,275,10,521.3
49,250905_SEFL10N6d_B2_stressor2_49_50 Box 1.wmv,1,novstressor,sec,276,0,1185
49,250905_SEFL10N6d_B2_stressor2_49_50 Box 1.wmv,1,novstressor,sec,277,0,681.6666667
49,250905_SEFL10N6d_B2_stressor2_49_50 Box 1.wmv,1,novstressor,sec,278,0,1370.733333
49,250905_SEFL10N6d_B2_stressor2_49_50 Box 1.wmv,1,novstressor,sec,279,0,402.7
49,250905_SEFL10N6d_B2_stressor2_49_50 Box 1.wmv,1,novstressor,sec,280,0,1146.466667
49,250905_SEFL10N6d_B2_stressor2_49_50 Box 1.wmv,1,novstressor,sec,281,0,579.0666667
49,250905_SEFL10N6d_B2_stressor2_49_50 Box 1.wmv,1,novstressor,sec,282,0,311.2666667
49,250905_SEFL10N6d_B2_stressor2_49_50 Box 1.wmv,1,novstressor,sec,283,0,279.8333333
49,250905_SEFL10N6d_B2_stressor2_49_50 Box 1.wmv,1,novstressor,sec,284,0,376.1
49,250905_SEFL10N6d_B2_stressor2_49_50 Box 1.wmv,1,novstressor,sec,285,0,786.6666667
49,250905_SEFL10N6d_B2_stressor2_49_50 Box 1.wmv,1,novstressor,sec,286,0,721.2333333
49,250905_SEFL10N6d_B2_stressor2_49_50 Box 1.wmv,1,novstressor,sec,287,0,1068.633333
49,250905_SEFL10N6d_B2_stressor2_49_50 Box 1.wmv,1,novstressor,sec,288,0,782.2333333
49,250905_SEFL10N6d_B2_stressor2_49_50 Box 1.wmv,1,novstressor,sec,289,0,851.6
49,250905_SEFL10N6d_B2_stressor2_49_50 Box 1.wmv,1,novstressor,sec,290,0,1656.266667
49,250905_SEFL10N6d_B2_stressor2_49_50 Box 1.wmv,1,novstressor,sec,291,0,2011.7
49,250905_SEFL10N6d_B2_stressor2_49_50 Box 1.wmv,1,novstressor,sec,292,0,659.4666667
49,250905_SEFL10N6d_B2_stressor2_49_50 Box 1.wmv,1,novstressor,sec,293,0,1317
49,250905_SEFL10N6d_B2_stressor2_49_50 Box 1.wmv,1,novstressor,sec,294,0,638.3666667
49,250905_SEFL10N6d_B2_stressor2_49_50 Box 1.wmv,1,novstressor,sec,295,0,1385.3
49,250905_SEFL10N6d_B2_stressor2_49_50 Box 1.wmv,1,novstressor,sec,296,0,1175.033333
49,250905_SEFL10N6d_B2_stressor2_49_50 Box 1.wmv,1,novstressor,sec,297,0,1176.233333
49,250905_SEFL10N6d_B2_stressor2_49_50 Box 1.wmv,1,novstressor,sec,298,0,1977.8
49,250905_SEFL10N6d_B2_stressor2_49_50 Box 1.wmv,1,novstressor,sec,299,0,1455.766667
49,250905_SEFL10N6d_B2_stressor2_49_50 Box 1.wmv,1,novstressor,sec,300,0,1931.2
49,250905_SEFL10N6d_B2_stressor2_49_50 Box 1.wmv,1,novstressor,sec,301,0,2978.5
49,250905_SEFL10N6d_B2_stressor2_49_50 Box 1.wmv,1,novstressor,sec,302,0,1254.9
49,250905_SEFL10N6d_B2_stressor2_49_50 Box 1.wmv,1,novstressor,sec,303,0,260.4666667
49,250905_SEFL10N6d_B2_stressor2_49_50 Box 1.wmv,1,novstressor,sec,304,0,383.5
49,250905_SEFL10N6d_B2_stressor2_49_50 Box 1.wmv,1,novstressor,sec,305,0,178.2
49,250905_SEFL10N6d_B2_stressor2_49_50 Box 1.wmv,1,novstressor,sec,306,0,551.5666667
49,250905_SEFL10N6d_B2_stressor2_49_50 Box 1.wmv,1,novstressor,sec,307,0,304.1333333
49,250905_SEFL10N6d_B2_stressor2_49_50 Box 1.wmv,1,novstressor,sec,308,0,372.2
49,250905_SEFL10N6d_B2_stressor2_49_50 Box 1.wmv,1,novstressor,sec,309,0,544.6
49,250905_SEFL10N6d_B2_stressor2_49_50 Box 1.wmv,1,novstressor,sec,310,0,613.2666667
49,250905_SEFL10N6d_B2_stressor2_49_50 Box 1.wmv,1,novstressor,sec,311,83.33333333,234.8333333
49,250905_SEFL10N6d_B2_stressor2_49_50 Box 1.wmv,1,novstressor,sec,312,0,892.7333333
49,250905_SEFL10N6d_B2_stressor2_49_50 Box 1.wmv,1,novstressor,sec,313,0,1347.933333
49,250905_SEFL10N6d_B2_stressor2_49_50 Box 1.wmv,1,novstressor,sec,314,0,417.2666667
49,250905_SEFL10N6d_B2_stressor2_49_50 Box 1.wmv,1,novstressor,sec,315,0,621.7333333
49,250905_SEFL10N6d_B2_stressor2_49_50 Box 1.wmv,1,novstressor,sec,316,0,599.4666667
49,250905_SEFL10N6d_B2_stressor2_49_50 Box 1.wmv,1,novstressor,sec,317,0,737
49,250905_SEFL10N6d_B2_stressor2_49_50 Box 1.wmv,1,novstressor,sec,318,0,1733.1
49,250905_SEFL10N6d_B2_stressor2_49_50 Box 1.wmv,1,novstressor,sec,319,0,1333.366667
49,250905_SEFL10N6d_B2_stressor2_49_50 Box 1.wmv,1,novstressor,sec,320,0,1211.6
49,250905_SEFL10N6d_B2_stressor2_49_50 Box 1.wmv,1,novstressor,sec,321,0,1918.066667
49,250905_SEFL10N6d_B2_stressor2_49_50 Box 1.wmv,1,novstressor,sec,322,0,877.8333333
49,250905_SEFL10N6d_B2_stressor2_49_50 Box 1.wmv,1,novstressor,sec,323,0,1079.933333
49,250905_SEFL10N6d_B2_stressor2_49_50 Box 1.wmv,1,novstressor,sec,324,0,905.3
49,250905_SEFL10N6d_B2_stressor2_49_50 Box 1.wmv,1,novstressor,sec,325,0,523.5666667
49,250905_SEFL10N6d_B2_stressor2_49_50 Box 1.wmv,1,novstressor,sec,326,0,703.8333333
49,250905_SEFL10N6d_B2_stressor2_49_50 Box 1.wmv,1,novstressor,sec,327,23.33333333,431.9333333
49,250905_SEFL10N6d_B2_stressor2_49_50 Box 1.wmv,1,novstressor,sec,328,56.66666667,314.8
49,250905_SEFL10N6d_B2_stressor2_49_50 Box 1.wmv,1,novstressor,sec,329,0,410.1
49,250905_SEFL10N6d_B2_stressor2_49_50 Box 1.wmv,1,novstressor,sec,330,0,786.7666667
49,250905_SEFL10N6d_B2_stressor2_49_50 Box 1.wmv,1,novstressor,sec,331,0,804.4666667
49,250905_SEFL10N6d_B2_stressor2_49_50 Box 1.wmv,1,novstressor,sec,332,0,729.6
49,250905_SEFL10N6d_B2_stressor2_49_50 Box 1.wmv,1,novstressor,sec,333,0,432.1666667
49,250905_SEFL10N6d_B2_stressor2_49_50 Box 1.wmv,1,novstressor,sec,334,0,899.4666667
49,250905_SEFL10N6d_B2_stressor2_49_50 Box 1.wmv,1,novstressor,sec,335,0,986.6666667
49,250905_SEFL10N6d_B2_stressor2_49_50 Box 1.wmv,1,novstressor,sec,336,83.33333333,167.5333333
49,250905_SEFL10N6d_B2_stressor2_49_50 Box 1.wmv,1,novstressor,sec,337,0,2559.766667
49,250905_SEFL10N6d_B2_stressor2_49_50 Box 1.wmv,1,novstressor,sec,338,0,1237.266667
49,250905_SEFL10N6d_B2_stressor2_49_50 Box 1.wmv,1,novstressor,sec,339,60,192.4
49,250905_SEFL10N6d_B2_stressor2_49_50 Box 1.wmv,1,novstressor,sec,340,6.666666667,670.7666667
49,250905_SEFL10N6d_B2_stressor2_49_50 Box 1.wmv,1,novstressor,sec,341,0,660.4666667
49,250905_SEFL10N6d_B2_stressor2_49_50 Box 1.wmv,1,novstressor,sec,342,0,318
49,250905_SEFL10N6d_B2_stressor2_49_50 Box 1.wmv,1,novstressor,sec,343,0,419.7333333
49,250905_SEFL10N6d_B2_stressor2_49_50 Box 1.wmv,1,novstressor,sec,344,0,740.3
49,250905_SEFL10N6d_B2_stressor2_49_50 Box 1.wmv,1,novstressor,sec,345,0,922.6
49,250905_SEFL10N6d_B2_stressor2_49_50 Box 1.wmv,1,novstressor,sec,346,0,1341.266667
49,250905_SEFL10N6d_B2_stressor2_49_50 Box 1.wmv,1,novstressor,sec,347,0,1156.633333
49,250905_SEFL10N6d_B2_stressor2_49_50 Box 1.wmv,1,novstressor,sec,348,0,1036.866667
49,250905_SEFL10N6d_B2_stressor2_49_50 Box 1.wmv,1,novstressor,sec,349,0,797.9
49,250905_SEFL10N6d_B2_stressor2_49_50 Box 1.wmv,1,novstressor,sec,350,83.33333333,149.2
49,250905_SEFL10N6d_B2_stressor2_49_50 Box 1.wmv,1,novstressor,sec,351,43.33333333,495.7333333
49,250905_SEFL10N6d_B2_stressor2_49_50 Box 1.wmv,1,novstressor,sec,352,0,818.8
49,250905_SEFL10N6d_B2_stressor2_49_50 Box 1.wmv,1,novstressor,sec,353,56.66666667,257.8333333
49,250905_SEFL10N6d_B2_stressor2_49_50 Box 1.wmv,1,novstressor,sec,354,13.33333333,814.6666667
49,250905_SEFL10N6d_B2_stressor2_49_50 Box 1.wmv,1,novstressor,sec,355,0,654.5
49,250905_SEFL10N6d_B2_stressor2_49_50 Box 1.wmv,1,novstressor,sec,356,30,377.1
49,250905_SEFL10N6d_B2_stressor2_49_50 Box 1.wmv,1,novstressor,sec,357,76.66666667,294.7
49,250905_SEFL10N6d_B2_stressor2_49_50 Box 1.wmv,1,novstressor,sec,358,0,859.9333333
49,250905_SEFL10N6d_B2_stressor2_49_50 Box 1.wmv,1,novstressor,sec,359,0,1420.8
49,250905_SEFL10N6d_B2_stressor2_49_50 Box 1.wmv,1,novstressor,sec,360,0,1036.6
49,250905_SEFL10N6d_B2_stressor2_49_50 Box 1.wmv,1,novstressor,sec,361,0,908.3333333
49,250905_SEFL10N6d_B2_stressor2_49_50 Box 1.wmv,1,novstressor,sec,362,0,809.3333333
49,250905_SEFL10N6d_B2_stressor2_49_50 Box 1.wmv,1,novstressor,sec,363,0,693.88
49,250905_SEFL10N6d_B2_stressor2_49_50 Box 1.wmv,1,novstressor,prepost,bl,8.037037037,910.5927778
49,250905_SEFL10N6d_B2_stressor2_49_50 Box 1.wmv,1,novstressor,prepost,post,15.23632994,746.3892493
49,250905_SEFL10N6d_B2_stressor2_49_50 Box 1.wmv,1,novstressor,startle,startle_post,25.55555556,836.8888889
49,250905_SEFL10N6d_B2_stressor2_49_50 Box 1.wmv,1,novstressor,startle,startle_pre,36.66666667,398.9555556
49,250905_SEFL10N6d_B2_stressor2_49_50 Box 1.wmv,1,novstressor,startle,startle_startle,0,1830.244444
50,250905_SEFL10N6d_B2_stressor2_49_50 Box 2.wmv,2,novstressor,sec,1,0,430.6
50,250905_SEFL10N6d_B2_stressor2_49_50 Box 2.wmv,2,novstressor,sec,2,0,590.5333333
50,250905_SEFL10N6d_B2_stressor2_49_50 Box 2.wmv,2,novstressor,sec,3,0,1432.933333
50,250905_SEFL10N6d_B2_stressor2_49_50 Box 2.wmv,2,novstressor,sec,4,0,1148.366667
50,250905_SEFL10N6d_B2_stressor2_49_50 Box 2.wmv,2,novstressor,sec,5,0,1410.933333
50,250905_SEFL10N6d_B2_stressor2_49_50 Box 2.wmv,2,novstressor,sec,6,0,1735.333333
50,250905_SEFL10N6d_B2_stressor2_49_50 Box 2.wmv,2,novstressor,sec,7,0,940.6
50,250905_SEFL10N6d_B2_stressor2_49_50 Box 2.wmv,2,novstressor,sec,8,0,583.5666667
50,250905_SEFL10N6d_B2_stressor2_49_50 Box 2.wmv,2,novstressor,sec,9,0,651.4666667
50,250905_SEFL10N6d_B2_stressor2_49_50 Box 2.wmv,2,novstressor,sec,10,0,597.9666667
50,250905_SEFL10N6d_B2_stressor2_49_50 Box 2.wmv,2,novstressor,sec,11,0,862.1666667
50,250905_SEFL10N6d_B2_stressor2_49_50 Box 2.wmv,2,novstressor,sec,12,0,415.4666667
50,250905_SEFL10N6d_B2_stressor2_49_50 Box 2.wmv,2,novstressor,sec,13,0,636.2333333
50,250905_SEFL10N6d_B2_stressor2_49_50 Box 2.wmv,2,novstressor,sec,14,0,1239.866667
50,250905_SEFL10N6d_B2_stressor2_49_50 Box 2.wmv,2,novstressor,sec,15,0,1416.766667
50,250905_SEFL10N6d_B2_stressor2_49_50 Box 2.wmv,2,novstressor,sec,16,0,974.2
50,250905_SEFL10N6d_B2_stressor2_49_50 Box 2.wmv,2,novstressor,sec,17,0,485.8666667
50,250905_SEFL10N6d_B2_stressor2_49_50 Box 2.wmv,2,novstressor,sec,18,0,1294.2
50,250905_SEFL10N6d_B2_stressor2_49_50 Box 2.wmv,2,novstressor,sec,19,0,1850.466667
50,250905_SEFL10N6d_B2_stressor2_49_50 Box 2.wmv,2,novstressor,sec,20,0,521.0666667
50,250905_SEFL10N6d_B2_stressor2_49_50 Box 2.wmv,2,novstressor,sec,21,0,910.3
50,250905_SEFL10N6d_B2_stressor2_49_50 Box 2.wmv,2,novstressor,sec,22,0,624.4666667
50,250905_SEFL10N6d_B2_stressor2_49_50 Box 2.wmv,2,novstressor,sec,23,0,466.2
50,250905_SEFL10N6d_B2_stressor2_49_50 Box 2.wmv,2,novstressor,sec,24,0,564.9666667
50,250905_SEFL10N6d_B2_stressor2_49_50 Box 2.wmv,2,novstressor,sec,25,0,939.9333333
50,250905_SEFL10N6d_B2_stressor2_49_50 Box 2.wmv,2,novstressor,sec,26,50,286.1
50,250905_SEFL10N6d_B2_stressor2_49_50 Box 2.wmv,2,novstressor,sec,27,0,505.2
50,250905_SEFL10N6d_B2_stressor2_49_50 Box 2.wmv,2,novstressor,sec,28,0,651.3
50,250905_SEFL10N6d_B2_stressor2_49_50 Box 2.wmv,2,novstressor,sec,29,0,461.9
50,250905_SEFL10N6d_B2_stressor2_49_50 Box 2.wmv,2,novstressor,sec,30,0,764.8333333
50,250905_SEFL10N6d_B2_stressor2_49_50 Box 2.wmv,2,novstressor,sec,31,0,331.9666667
50,250905_SEFL10N6d_B2_stressor2_49_50 Box 2.wmv,2,novstressor,sec,32,0,638.7666667
50,250905_SEFL10N6d_B2_stressor2_49_50 Box 2.wmv,2,novstressor,sec,33,0,655.3666667
50,250905_SEFL10N6d_B2_stressor2_49_50 Box 2.wmv,2,novstressor,sec,34,0,342.5
50,250905_SEFL10N6d_B2_stressor2_49_50 Box 2.wmv,2,novstressor,sec,35,0,818.5333333
50,250905_SEFL10N6d_B2_stressor2_49_50 Box 2.wmv,2,novstressor,sec,36,0,1710.933333
50,250905_SEFL10N6d_B2_stressor2_49_50 Box 2.wmv,2,novstressor,sec,37,0,1919.933333
50,250905_SEFL10N6d_B2_stressor2_49_50 Box 2.wmv,2,novstressor,sec,38,0,1083.833333
50,250905_SEFL10N6d_B2_stressor2_49_50 Box 2.wmv,2,novstressor,sec,39,0,489.7666667
50,250905_SEFL10N6d_B2_stressor2_49_50 Box 2.wmv,2,novstressor,sec,40,0,317.2
50,250905_SEFL10N6d_B2_stressor2_49_50 Box 2.wmv,2,novstressor,sec,41,66.66666667,229.6333333
50,250905_SEFL10N6d_B2_stressor2_49_50 Box 2.wmv,2,novstressor,sec,42,93.33333333,149.3666667
50,250905_SEFL10N6d_B2_stressor2_49_50 Box 2.wmv,2,novstressor,sec,43,16.66666667,672.1
50,250905_SEFL10N6d_B2_stressor2_49_50 Box 2.wmv,2,novstressor,sec,44,36.66666667,385.9333333
50,250905_SEFL10N6d_B2_stressor2_49_50 Box 2.wmv,2,novstressor,sec,45,13.33333333,720.1333333
50,250905_SEFL10N6d_B2_stressor2_49_50 Box 2.wmv,2,novstressor,sec,46,0,750.2333333
50,250905_SEFL10N6d_B2_stressor2_49_50 Box 2.wmv,2,novstressor,sec,47,0,858.0666667
50,250905_SEFL10N6d_B2_stressor2_49_50 Box 2.wmv,2,novstressor,sec,48,0,745.6
50,250905_SEFL10N6d_B2_stressor2_49_50 Box 2.wmv,2,novstressor,sec,49,0,816.5
50,250905_SEFL10N6d_B2_stressor2_49_50 Box 2.wmv,2,novstressor,sec,50,0,869.5333333
50,250905_SEFL10N6d_B2_stressor2_49_50 Box 2.wmv,2,novstressor,sec,51,0,772.6
50,250905_SEFL10N6d_B2_stressor2_49_50 Box 2.wmv,2,novstressor,sec,52,20,349.1333333
50,250905_SEFL10N6d_B2_stressor2_49_50 Box 2.wmv,2,novstressor,sec,53,76.66666667,173.4333333
50,250905_SEFL10N6d_B2_stressor2_49_50 Box 2.wmv,2,novstressor,sec,54,0,1277.133333
50,250905_SEFL10N6d_B2_stressor2_49_50 Box 2.wmv,2,novstressor,sec,55,0,1174.833333
50,250905_SEFL10N6d_B2_stressor2_49_50 Box 2.wmv,2,novstressor,sec,56,0,576.2666667
50,250905_SEFL10N6d_B2_stressor2_49_50 Box 2.wmv,2,novstressor,sec,57,0,546.7666667
50,250905_SEFL10N6d_B2_stressor2_49_50 Box 2.wmv,2,novstressor,sec,58,0,390.9666667
50,250905_SEFL10N6d_B2_stressor2_49_50 Box 2.wmv,2,novstressor,sec,59,0,553.3666667
50,250905_SEFL10N6d_B2_stressor2_49_50 Box 2.wmv,2,novstressor,sec,60,0,961.6666667
50,250905_SEFL10N6d_B2_stressor2_49_50 Box 2.wmv,2,novstressor,sec,61,0,845.9666667
50,250905_SEFL10N6d_B2_stressor2_49_50 Box 2.wmv,2,novstressor,sec,62,0,445.3666667
50,250905_SEFL10N6d_B2_stressor2_49_50 Box 2.wmv,2,novstressor,sec,63,63.33333333,140.8333333
50,250905_SEFL10N6d_B2_stressor2_49_50 Box 2.wmv,2,novstressor,sec,64,56.66666667,134.6333333
50,250905_SEFL10N6d_B2_stressor2_49_50 Box 2.wmv,2,novstressor,sec,65,73.33333333,98.26666667
50,250905_SEFL10N6d_B2_stressor2_49_50 Box 2.wmv,2,novstressor,sec,66,33.33333333,137.8
50,250905_SEFL10N6d_B2_stressor2_49_50 Box 2.wmv,2,novstressor,sec,67,16.66666667,600.8
50,250905_SEFL10N6d_B2_stressor2_49_50 Box 2.wmv,2,novstressor,sec,68,0,635.8333333
50,250905_SEFL10N6d_B2_stressor2_49_50 Box 2.wmv,2,novstressor,sec,69,0,459.7333333
50,250905_SEFL10N6d_B2_stressor2_49_50 Box 2.wmv,2,novstressor,sec,70,0,707.9
50,250905_SEFL10N6d_B2_stressor2_49_50 Box 2.wmv,2,novstressor,sec,71,53.33333333,254.8333333
50,250905_SEFL10N6d_B2_stressor2_49_50 Box 2.wmv,2,novstressor,sec,72,0,491.8
50,250905_SEFL10N6d_B2_stressor2_49_50 Box 2.wmv,2,novstressor,sec,73,0,686.5666667
50,250905_SEFL10N6d_B2_stressor2_49_50 Box 2.wmv,2,novstressor,sec,74,86.66666667,46.53333333
50,250905_SEFL10N6d_B2_stressor2_49_50 Box 2.wmv,2,novstressor,sec,75,20,410.7666667
50,250905_SEFL10N6d_B2_stressor2_49_50 Box 2.wmv,2,novstressor,sec,76,93.33333333,72.93333333
50,250905_SEFL10N6d_B2_stressor2_49_50 Box 2.wmv,2,novstressor,sec,77,43.33333333,534.5666667
50,250905_SEFL10N6d_B2_stressor2_49_50 Box 2.wmv,2,novstressor,sec,78,0,945.1333333
50,250905_SEFL10N6d_B2_stressor2_49_50 Box 2.wmv,2,novstressor,sec,79,0,751.4333333
50,250905_SEFL10N6d_B2_stressor2_49_50 Box 2.wmv,2,novstressor,sec,80,63.33333333,387.4333333
50,250905_SEFL10N6d_B2_stressor2_49_50 Box 2.wmv,2,novstressor,sec,81,66.66666667,424.8666667
50,250905_SEFL10N6d_B2_stressor2_49_50 Box 2.wmv,2,novstressor,sec,82,0,1336.566667
50,250905_SEFL10N6d_B2_stressor2_49_50 Box 2.wmv,2,novstressor,sec,83,0,666.8666667
50,250905_SEFL10N6d_B2_stressor2_49_50 Box 2.wmv,2,novstressor,sec,84,0,483
50,250905_SEFL10N6d_B2_stressor2_49_50 Box 2.wmv,2,novstressor,sec,85,0,513.9333333
50,250905_SEFL10N6d_B2_stressor2_49_50 Box 2.wmv,2,novstressor,sec,86,0,393.6333333
50,250905_SEFL10N6d_B2_stressor2_49_50 Box 2.wmv,2,novstressor,sec,87,0,492.3333333
50,250905_SEFL10N6d_B2_stressor2_49_50 Box 2.wmv,2,novstressor,sec,88,0,485.0333333
50,250905_SEFL10N6d_B2_stressor2_49_50 Box 2.wmv,2,novstressor,sec,89,0,551.7333333
50,250905_SEFL10N6d_B2_stressor2_49_50 Box 2.wmv,2,novstressor,sec,90,0,633.0333333
50,250905_SEFL10N6d_B2_stressor2_49_50 Box 2.wmv,2,novstressor,sec,91,0,326.9
50,250905_SEFL10N6d_B2_stressor2_49_50 Box 2.wmv,2,novstressor,sec,92,70,190.0333333
50,250905_SEFL10N6d_B2_stressor2_49_50 Box 2.wmv,2,novstressor,sec,93,30,234.0666667
50,250905_SEFL10N6d_B2_stressor2_49_50 Box 2.wmv,2,novstressor,sec,94,40,308.7
50,250905_SEFL10N6d_B2_stressor2_49_50 Box 2.wmv,2,novstressor,sec,95,0,447.5666667
50,250905_SEFL10N6d_B2_stressor2_49_50 Box 2.wmv,2,novstressor,sec,96,0,488.8666667
50,250905_SEFL10N6d_B2_stressor2_49_50 Box 2.wmv,2,novstressor,sec,97,0,710
50,250905_SEFL10N6d_B2_stressor2_49_50 Box 2.wmv,2,novstressor,sec,98,0,265.5
50,250905_SEFL10N6d_B2_stressor2_49_50 Box 2.wmv,2,novstressor,sec,99,50,263.8666667
50,250905_SEFL10N6d_B2_stressor2_49_50 Box 2.wmv,2,novstressor,sec,100,100,35.76666667
50,250905_SEFL10N6d_B2_stressor2_49_50 Box 2.wmv,2,novstressor,sec,101,73.33333333,92.33333333
50,250905_SEFL10N6d_B2_stressor2_49_50 Box 2.wmv,2,novstressor,sec,102,50,217.9
50,250905_SEFL10N6d_B2_stressor2_49_50 Box 2.wmv,2,novstressor,sec,103,60,205.6
50,250905_SEFL10N6d_B2_stressor2_49_50 Box 2.wmv,2,novstressor,sec,104,100,28.5
50,250905_SEFL10N6d_B2_stressor2_49_50 Box 2.wmv,2,novstressor,sec,105,100,58.93333333
50,250905_SEFL10N6d_B2_stressor2_49_50 Box 2.wmv,2,novstressor,sec,106,80,50.66666667
50,250905_SEFL10N6d_B2_stressor2_49_50 Box 2.wmv,2,novstressor,sec,107,0,224.1333333
50,250905_SEFL10N6d_B2_stressor2_49_50 Box 2.wmv,2,novstressor,sec,108,0,304.7666667
50,250905_SEFL10N6d_B2_stressor2_49_50 Box 2.wmv,2,novstressor,sec,109,0,244.5
50,250905_SEFL10N6d_B2_stressor2_49_50 Box 2.wmv,2,novstressor,sec,110,0,310.7333333
50,250905_SEFL10N6d_B2_stressor2_49_50 Box 2.wmv,2,novstressor,sec,111,0,211.3666667
50,250905_SEFL10N6d_B2_stressor2_49_50 Box 2.wmv,2,novstressor,sec,112,0,265.0333333
50,250905_SEFL10N6d_B2_stressor2_49_50 Box 2.wmv,2,novstressor,sec,113,0,262.4
50,250905_SEFL10N6d_B2_stressor2_49_50 Box 2.wmv,2,novstressor,sec,114,0,260.7
50,250905_SEFL10N6d_B2_stressor2_49_50 Box 2.wmv,2,novstressor,sec,115,0,266.6666667
50,250905_SEFL10N6d_B2_stressor2_49_50 Box 2.wmv,2,novstressor,sec,116,0,355.5333333
50,250905_SEFL10N6d_B2_stressor2_49_50 Box 2.wmv,2,novstressor,sec,117,0,818.1
50,250905_SEFL10N6d_B2_stressor2_49_50 Box 2.wmv,2,novstressor,sec,118,0,920.5666667
50,250905_SEFL10N6d_B2_stressor2_49_50 Box 2.wmv,2,novstressor,sec,119,0,1158.6
50,250905_SEFL10N6d_B2_stressor2_49_50 Box 2.wmv,2,novstressor,sec,120,0,1261.833333
50,250905_SEFL10N6d_B2_stressor2_49_50 Box 2.wmv,2,novstressor,sec,121,0,392.7333333
50,250905_SEFL10N6d_B2_stressor2_49_50 Box 2.wmv,2,novstressor,sec,122,53.33333333,331.9666667
50,250905_SEFL10N6d_B2_stressor2_49_50 Box 2.wmv,2,novstressor,sec,123,0,354.1666667
50,250905_SEFL10N6d_B2_stressor2_49_50 Box 2.wmv,2,novstressor,sec,124,0,310.4333333
50,250905_SEFL10N6d_B2_stressor2_49_50 Box 2.wmv,2,novstressor,sec,125,0,506.7
50,250905_SEFL10N6d_B2_stressor2_49_50 Box 2.wmv,2,novstressor,sec,126,0,484.0666667
50,250905_SEFL10N6d_B2_stressor2_49_50 Box 2.wmv,2,novstressor,sec,127,0,313.4333333
50,250905_SEFL10N6d_B2_stressor2_49_50 Box 2.wmv,2,novstressor,sec,128,0,370.2666667
50,250905_SEFL10N6d_B2_stressor2_49_50 Box 2.wmv,2,novstressor,sec,129,0,338.0333333
50,250905_SEFL10N6d_B2_stressor2_49_50 Box 2.wmv,2,novstressor,sec,130,0,626.0333333
50,250905_SEFL10N6d_B2_stressor2_49_50 Box 2.wmv,2,novstressor,sec,131,56.66666667,280.7333333
50,250905_SEFL10N6d_B2_stressor2_49_50 Box 2.wmv,2,novstressor,sec,132,0,779.5333333
50,250905_SEFL10N6d_B2_stressor2_49_50 Box 2.wmv,2,novstressor,sec,133,0,972.2
50,250905_SEFL10N6d_B2_stressor2_49_50 Box 2.wmv,2,novstressor,sec,134,0,1109.866667
50,250905_SEFL10N6d_B2_stressor2_49_50 Box 2.wmv,2,novstressor,sec,135,0,272.4333333
50,250905_SEFL10N6d_B2_stressor2_49_50 Box 2.wmv,2,novstressor,sec,136,0,871.0333333
50,250905_SEFL10N6d_B2_stressor2_49_50 Box 2.wmv,2,novstressor,sec,137,0,977.5
50,250905_SEFL10N6d_B2_stressor2_49_50 Box 2.wmv,2,novstressor,sec,138,0,413.4
50,250905_SEFL10N6d_B2_stressor2_49_50 Box 2.wmv,2,novstressor,sec,139,0,387.4333333
50,250905_SEFL10N6d_B2_stressor2_49_50 Box 2.wmv,2,novstressor,sec,140,0,394.8333333
50,250905_SEFL10N6d_B2_stressor2_49_50 Box 2.wmv,2,novstressor,sec,141,0,275.5
50,250905_SEFL10N6d_B2_stressor2_49_50 Box 2.wmv,2,novstressor,sec,142,0,265.6333333
50,250905_SEFL10N6d_B2_stressor2_49_50 Box 2.wmv,2,novstressor,sec,143,0,442.0333333
50,250905_SEFL10N6d_B2_stressor2_49_50 Box 2.wmv,2,novstressor,sec,144,0,256.9
50,250905_SEFL10N6d_B2_stressor2_49_50 Box 2.wmv,2,novstressor,sec,145,0,446.2
50,250905_SEFL10N6d_B2_stressor2_49_50 Box 2.wmv,2,novstressor,sec,146,23.33333333,351.5666667
50,250905_SEFL10N6d_B2_stressor2_49_50 Box 2.wmv,2,novstressor,sec,147,100,1.866666667
50,250905_SEFL10N6d_B2_stressor2_49_50 Box 2.wmv,2,novstressor,sec,148,86.66666667,75.16666667
50,250905_SEFL10N6d_B2_stressor2_49_50 Box 2.wmv,2,novstressor,sec,149,0,1280.533333
50,250905_SEFL10N6d_B2_stressor2_49_50 Box 2.wmv,2,novstressor,sec,150,0,1146.233333
50,250905_SEFL10N6d_B2_stressor2_49_50 Box 2.wmv,2,novstressor,sec,151,0,1007
50,250905_SEFL10N6d_B2_stressor2_49_50 Box 2.wmv,2,novstressor,sec,152,0,405.8333333
50,250905_SEFL10N6d_B2_stressor2_49_50 Box 2.wmv,2,novstressor,sec,153,0,524.0666667
50,250905_SEFL10N6d_B2_stressor2_49_50 Box 2.wmv,2,novstressor,sec,154,0,517.1
50,250905_SEFL10N6d_B2_stressor2_49_50 Box 2.wmv,2,novstressor,sec,155,0,337.0333333
50,250905_SEFL10N6d_B2_stressor2_49_50 Box 2.wmv,2,novstressor,sec,156,30,175.5333333
50,250905_SEFL10N6d_B2_stressor2_49_50 Box 2.wmv,2,novstressor,sec,157,56.66666667,124.1666667
50,250905_SEFL10N6d_B2_stressor2_49_50 Box 2.wmv,2,novstressor,sec,158,0,270.7666667
50,250905_SEFL10N6d_B2_stressor2_49_50 Box 2.wmv,2,novstressor,sec,159,0,252.8
50,250905_SEFL10N6d_B2_stressor2_49_50 Box 2.wmv,2,novstressor,sec,160,73.33333333,55.8
50,250905_SEFL10N6d_B2_stressor2_49_50 Box 2.wmv,2,novstressor,sec,161,36.66666667,495.3333333
50,250905_SEFL10N6d_B2_stressor2_49_50 Box 2.wmv,2,novstressor,sec,162,0,1124.533333
50,250905_SEFL10N6d_B2_stressor2_49_50 Box 2.wmv,2,novstressor,sec,163,0,1106.666667
50,250905_SEFL10N6d_B2_stressor2_49_50 Box 2.wmv,2,novstressor,sec,164,0,1284.4
50,250905_SEFL10N6d_B2_stressor2_49_50 Box 2.wmv,2,novstressor,sec,165,0,758.8
50,250905_SEFL10N6d_B2_stressor2_49_50 Box 2.wmv,2,novstressor,sec,166,0,769.5333333
50,250905_SEFL10N6d_B2_stressor2_49_50 Box 2.wmv,2,novstressor,sec,167,0,1074.066667
50,250905_SEFL10N6d_B2_stressor2_49_50 Box 2.wmv,2,novstressor,sec,168,0,549.1666667
50,250905_SEFL10N6d_B2_stressor2_49_50 Box 2.wmv,2,novstressor,sec,169,0,348.6333333
50,250905_SEFL10N6d_B2_stressor2_49_50 Box 2.wmv,2,novstressor,sec,170,0,250.3666667
50,250905_SEFL10N6d_B2_stressor2_49_50 Box 2.wmv,2,novstressor,sec,171,0,270.2333333
50,250905_SEFL10N6d_B2_stressor2_49_50 Box 2.wmv,2,novstressor,sec,172,0,458.9666667
50,250905_SEFL10N6d_B2_stressor2_49_50 Box 2.wmv,2,novstressor,sec,173,0,365.7
50,250905_SEFL10N6d_B2_stressor2_49_50 Box 2.wmv,2,novstressor,sec,174,53.33333333,153.2
50,250905_SEFL10N6d_B2_stressor2_49_50 Box 2.wmv,2,novstressor,sec,175,66.66666667,133.6333333
50,250905_SEFL10N6d_B2_stressor2_49_50 Box 2.wmv,2,novstressor,sec,176,23.33333333,225.2
50,250905_SEFL10N6d_B2_stressor2_49_50 Box 2.wmv,2,novstressor,sec,177,0,187.7
50,250905_SEFL10N6d_B2_stressor2_49_50 Box 2.wmv,2,novstressor,sec,178,73.33333333,189
50,250905_SEFL10N6d_B2_stressor2_49_50 Box 2.wmv,2,novstressor,sec,179,53.33333333,242.6666667
50,250905_SEFL10N6d_B2_stressor2_49_50 Box 2.wmv,2,novstressor,sec,180,0,159.9666667
50,250905_SEFL10N6d_B2_stressor2_49_50 Box 2.wmv,2,novstressor,sec,181,0,1968.8
50,250905_SEFL10N6d_B2_stressor2_49_50 Box 2.wmv,2,novstressor,sec,182,0,832.9
50,250905_SEFL10N6d_B2_stressor2_49_50 Box 2.wmv,2,novstressor,sec,183,0,716.7
50,250905_SEFL10N6d_B2_stressor2_49_50 Box 2.wmv,2,novstressor,sec,184,76.66666667,111.0333333
50,250905_SEFL10N6d_B2_stressor2_49_50 Box 2.wmv,2,novstressor,sec,185,23.33333333,375
50,250905_SEFL10N6d_B2_stressor2_49_50 Box 2.wmv,2,novstressor,sec,186,53.33333333,135.2666667
50,250905_SEFL10N6d_B2_stressor2_49_50 Box 2.wmv,2,novstressor,sec,187,53.33333333,465.0666667
50,250905_SEFL10N6d_B2_stressor2_49_50 Box 2.wmv,2,novstressor,sec,188,0,1675.466667
50,250905_SEFL10N6d_B2_stressor2_49_50 Box 2.wmv,2,novstressor,sec,189,0,1340.133333
50,250905_SEFL10N6d_B2_stressor2_49_50 Box 2.wmv,2,novstressor,sec,190,0,1089.5
50,250905_SEFL10N6d_B2_stressor2_49_50 Box 2.wmv,2,novstressor,sec,191,96.66666667,21.4
50,250905_SEFL10N6d_B2_stressor2_49_50 Box 2.wmv,2,novstressor,sec,192,100,2.366666667
50,250905_SEFL10N6d_B2_stressor2_49_50 Box 2.wmv,2,novstressor,sec,193,100,0.566666667
50,250905_SEFL10N6d_B2_stressor2_49_50 Box 2.wmv,2,novstressor,sec,194,43.33333333,255.9
50,250905_SEFL10N6d_B2_stressor2_49_50 Box 2.wmv,2,novstressor,sec,195,0,232.5333333
50,250905_SEFL10N6d_B2_stressor2_49_50 Box 2.wmv,2,novstressor,sec,196,0,595.0666667
50,250905_SEFL10N6d_B2_stressor2_49_50 Box 2.wmv,2,novstressor,sec,197,16.66666667,342.3666667
50,250905_SEFL10N6d_B2_stressor2_49_50 Box 2.wmv,2,novstressor,sec,198,100,3.5
50,250905_SEFL10N6d_B2_stressor2_49_50 Box 2.wmv,2,novstressor,sec,199,100,0
50,250905_SEFL10N6d_B2_stressor2_49_50 Box 2.wmv,2,novstressor,sec,200,83.33333333,63.63333333
50,250905_SEFL10N6d_B2_stressor2_49_50 Box 2.wmv,2,novstressor,sec,201,83.33333333,68.86666667
50,250905_SEFL10N6d_B2_stressor2_49_50 Box 2.wmv,2,novstressor,sec,202,100,0
50,250905_SEFL10N6d_B2_stressor2_49_50 Box 2.wmv,2,novstressor,sec,203,56.66666667,182.9333333
50,250905_SEFL10N6d_B2_stressor2_49_50 Box 2.wmv,2,novstressor,sec,204,0,509.9
50,250905_SEFL10N6d_B2_stressor2_49_50 Box 2.wmv,2,novstressor,sec,205,30,105.9666667
50,250905_SEFL10N6d_B2_stressor2_49_50 Box 2.wmv,2,novstressor,sec,206,96.66666667,55.93333333
50,250905_SEFL10N6d_B2_stressor2_49_50 Box 2.wmv,2,novstressor,sec,207,56.66666667,320.3
50,250905_SEFL10N6d_B2_stressor2_49_50 Box 2.wmv,2,novstressor,sec,208,0,760.9333333
50,250905_SEFL10N6d_B2_stressor2_49_50 Box 2.wmv,2,novstressor,sec,209,0,1364.166667
50,250905_SEFL10N6d_B2_stressor2_49_50 Box 2.wmv,2,novstressor,sec,210,0,914.4333333
50,250905_SEFL10N6d_B2_stressor2_49_50 Box 2.wmv,2,novstressor,sec,211,0,563.7333333
50,250905_SEFL10N6d_B2_stressor2_49_50 Box 2.wmv,2,novstressor,sec,212,0,303
50,250905_SEFL10N6d_B2_stressor2_49_50 Box 2.wmv,2,novstressor,sec,213,100,14.26666667
50,250905_SEFL10N6d_B2_stressor2_49_50 Box 2.wmv,2,novstressor,sec,214,20,492.5
50,250905_SEFL10N6d_B2_stressor2_49_50 Box 2.wmv,2,novstressor,sec,215,100,8.166666667
50,250905_SEFL10N6d_B2_stressor2_49_50 Box 2.wmv,2,novstressor,sec,216,30,261
50,250905_SEFL10N6d_B2_stressor2_49_50 Box 2.wmv,2,novstressor,sec,217,96.66666667,50.16666667
50,250905_SEFL10N6d_B2_stressor2_49_50 Box 2.wmv,2,novstressor,sec,218,0,532.9333333
50,250905_SEFL10N6d_B2_stressor2_49_50 Box 2.wmv,2,novstressor,sec,219,0,428.5
50,250905_SEFL10N6d_B2_stressor2_49_50 Box 2.wmv,2,novstressor,sec,220,50,255.3333333
50,250905_SEFL10N6d_B2_stressor2_49_50 Box 2.wmv,2,novstressor,sec,221,100,15.66666667
50,250905_SEFL10N6d_B2_stressor2_49_50 Box 2.wmv,2,novstressor,sec,222,100,0
50,250905_SEFL10N6d_B2_stressor2_49_50 Box 2.wmv,2,novstressor,sec,223,16.66666667,587.1666667
50,250905_SEFL10N6d_B2_stressor2_49_50 Box 2.wmv,2,novstressor,sec,224,0,428.2333333
50,250905_SEFL10N6d_B2_stressor2_49_50 Box 2.wmv,2,novstressor,sec,225,0,368.5666667
50,250905_SEFL10N6d_B2_stressor2_49_50 Box 2.wmv,2,novstressor,sec,226,90,37.2
50,250905_SEFL10N6d_B2_stressor2_49_50 Box 2.wmv,2,novstressor,sec,227,33.33333333,454.0666667
50,250905_SEFL10N6d_B2_stressor2_49_50 Box 2.wmv,2,novstressor,sec,228,70,182.2
50,250905_SEFL10N6d_B2_stressor2_49_50 Box 2.wmv,2,novstressor,sec,229,66.66666667,213.2
50,250905_SEFL10N6d_B2_stressor2_49_50 Box 2.wmv,2,novstressor,sec,230,80,103
50,250905_SEFL10N6d_B2_stressor2_49_50 Box 2.wmv,2,novstressor,sec,231,100,0.033333333
50,250905_SEFL10N6d_B2_stressor2_49_50 Box 2.wmv,2,novstressor,sec,232,100,0.566666667
50,250905_SEFL10N6d_B2_stressor2_49_50 Box 2.wmv,2,novstressor,sec,233,66.66666667,237.9666667
50,250905_SEFL10N6d_B2_stressor2_49_50 Box 2.wmv,2,novstressor,sec,234,53.33333333,321.2666667
50,250905_SEFL10N6d_B2_stressor2_49_50 Box 2.wmv,2,novstressor,sec,235,43.33333333,371.3
50,250905_SEFL10N6d_B2_stressor2_49_50 Box 2.wmv,2,novstressor,sec,236,16.66666667,482.9333333
50,250905_SEFL10N6d_B2_stressor2_49_50 Box 2.wmv,2,novstressor,sec,237,93.33333333,30.5
50,250905_SEFL10N6d_B2_stressor2_49_50 Box 2.wmv,2,novstressor,sec,238,0,487.9333333
50,250905_SEFL10N6d_B2_stressor2_49_50 Box 2.wmv,2,novstressor,sec,239,76.66666667,177.7
50,250905_SEFL10N6d_B2_stressor2_49_50 Box 2.wmv,2,novstressor,sec,240,50,316.3333333
50,250905_SEFL10N6d_B2_stressor2_49_50 Box 2.wmv,2,novstressor,sec,241,86.66666667,62.36666667
50,250905_SEFL10N6d_B2_stressor2_49_50 Box 2.wmv,2,novstressor,sec,242,0,395.2
50,250905_SEFL10N6d_B2_stressor2_49_50 Box 2.wmv,2,novstressor,sec,243,0,416.4666667
50,250905_SEFL10N6d_B2_stressor2_49_50 Box 2.wmv,2,novstressor,sec,244,66.66666667,125.4666667
50,250905_SEFL10N6d_B2_stressor2_49_50 Box 2.wmv,2,novstressor,sec,245,100,0
50,250905_SEFL10N6d_B2_stressor2_49_50 Box 2.wmv,2,novstressor,sec,246,26.66666667,430.6666667
50,250905_SEFL10N6d_B2_stressor2_49_50 Box 2.wmv,2,novstressor,sec,247,0,465.5666667
50,250905_SEFL10N6d_B2_stressor2_49_50 Box 2.wmv,2,novstressor,sec,248,0,572.6
50,250905_SEFL10N6d_B2_stressor2_49_50 Box 2.wmv,2,novstressor,sec,249,0,846.8
50,250905_SEFL10N6d_B2_stressor2_49_50 Box 2.wmv,2,novstressor,sec,250,0,718.2333333
50,250905_SEFL10N6d_B2_stressor2_49_50 Box 2.wmv,2,novstressor,sec,251,0,946.6333333
50,250905_SEFL10N6d_B2_stressor2_49_50 Box 2.wmv,2,novstressor,sec,252,0,895.3666667
50,250905_SEFL10N6d_B2_stressor2_49_50 Box 2.wmv,2,novstressor,sec,253,0,432.9
50,250905_SEFL10N6d_B2_stressor2_49_50 Box 2.wmv,2,novstressor,sec,254,0,303.4
50,250905_SEFL10N6d_B2_stressor2_49_50 Box 2.wmv,2,novstressor,sec,255,0,302.4
50,250905_SEFL10N6d_B2_stressor2_49_50 Box 2.wmv,2,novstressor,sec,256,0,327.8
50,250905_SEFL10N6d_B2_stressor2_49_50 Box 2.wmv,2,novstressor,sec,257,0,347.2666667
50,250905_SEFL10N6d_B2_stressor2_49_50 Box 2.wmv,2,novstressor,sec,258,0,569.6666667
50,250905_SEFL10N6d_B2_stressor2_49_50 Box 2.wmv,2,novstressor,sec,259,0,612.6333333
50,250905_SEFL10N6d_B2_stressor2_49_50 Box 2.wmv,2,novstressor,sec,260,6.666666667,559.7333333
50,250905_SEFL10N6d_B2_stressor2_49_50 Box 2.wmv,2,novstressor,sec,261,96.66666667,135.4666667
50,250905_SEFL10N6d_B2_stressor2_49_50 Box 2.wmv,2,novstressor,sec,262,0,460.3333333
50,250905_SEFL10N6d_B2_stressor2_49_50 Box 2.wmv,2,novstressor,sec,263,0,547.4
50,250905_SEFL10N6d_B2_stressor2_49_50 Box 2.wmv,2,novstressor,sec,264,0,350.4
50,250905_SEFL10N6d_B2_stressor2_49_50 Box 2.wmv,2,novstressor,sec,265,0,402.1
50,250905_SEFL10N6d_B2_stressor2_49_50 Box 2.wmv,2,novstressor,sec,266,0,470.7666667
50,250905_SEFL10N6d_B2_stressor2_49_50 Box 2.wmv,2,novstressor,sec,267,83.33333333,104.2
50,250905_SEFL10N6d_B2_stressor2_49_50 Box 2.wmv,2,novstressor,sec,268,100,0.133333333
50,250905_SEFL10N6d_B2_stressor2_49_50 Box 2.wmv,2,novstressor,sec,269,0,633.4333333
50,250905_SEFL10N6d_B2_stressor2_49_50 Box 2.wmv,2,novstressor,sec,270,0,699.8
50,250905_SEFL10N6d_B2_stressor2_49_50 Box 2.wmv,2,novstressor,sec,271,0,1299.733333
50,250905_SEFL10N6d_B2_stressor2_49_50 Box 2.wmv,2,novstressor,sec,272,0,1248.3
50,250905_SEFL10N6d_B2_stressor2_49_50 Box 2.wmv,2,novstressor,sec,273,0,787.4666667
50,250905_SEFL10N6d_B2_stressor2_49_50 Box 2.wmv,2,novstressor,sec,274,0,292.1333333
50,250905_SEFL10N6d_B2_stressor2_49_50 Box 2.wmv,2,novstressor,sec,275,50,221.7333333
50,250905_SEFL10N6d_B2_stressor2_49_50 Box 2.wmv,2,novstressor,sec,276,100,0
50,250905_SEFL10N6d_B2_stressor2_49_50 Box 2.wmv,2,novstressor,sec,277,100,0
50,250905_SEFL10N6d_B2_stressor2_49_50 Box 2.wmv,2,novstressor,sec,278,100,0
50,250905_SEFL10N6d_B2_stressor2_49_50 Box 2.wmv,2,novstressor,sec,279,20,228.1666667
50,250905_SEFL10N6d_B2_stressor2_49_50 Box 2.wmv,2,novstressor,sec,280,100,6.633333333
50,250905_SEFL10N6d_B2_stressor2_49_50 Box 2.wmv,2,novstressor,sec,281,86.66666667,94.53333333
50,250905_SEFL10N6d_B2_stressor2_49_50 Box 2.wmv,2,novstressor,sec,282,0,598.7666667
50,250905_SEFL10N6d_B2_stressor2_49_50 Box 2.wmv,2,novstressor,sec,283,0,384.5333333
50,250905_SEFL10N6d_B2_stressor2_49_50 Box 2.wmv,2,novstressor,sec,284,6.666666667,226.7333333
50,250905_SEFL10N6d_B2_stressor2_49_50 Box 2.wmv,2,novstressor,sec,285,76.66666667,167.9666667
50,250905_SEFL10N6d_B2_stressor2_49_50 Box 2.wmv,2,novstressor,sec,286,56.66666667,116
50,250905_SEFL10N6d_B2_stressor2_49_50 Box 2.wmv,2,novstressor,sec,287,100,0
50,250905_SEFL10N6d_B2_stressor2_49_50 Box 2.wmv,2,novstressor,sec,288,100,0.066666667
50,250905_SEFL10N6d_B2_stressor2_49_50 Box 2.wmv,2,novstressor,sec,289,26.66666667,359.4666667
50,250905_SEFL10N6d_B2_stressor2_49_50 Box 2.wmv,2,novstressor,sec,290,0,336.0333333
50,250905_SEFL10N6d_B2_stressor2_49_50 Box 2.wmv,2,novstressor,sec,291,0,758.1666667
50,250905_SEFL10N6d_B2_stressor2_49_50 Box 2.wmv,2,novstressor,sec,292,0,579.0666667
50,250905_SEFL10N6d_B2_stressor2_49_50 Box 2.wmv,2,novstressor,sec,293,0,947.9
50,250905_SEFL10N6d_B2_stressor2_49_50 Box 2.wmv,2,novstressor,sec,294,0,1183.1
50,250905_SEFL10N6d_B2_stressor2_49_50 Box 2.wmv,2,novstressor,sec,295,0,1338.166667
50,250905_SEFL10N6d_B2_stressor2_49_50 Box 2.wmv,2,novstressor,sec,296,23.33333333,560.4
50,250905_SEFL10N6d_B2_stressor2_49_50 Box 2.wmv,2,novstressor,sec,297,26.66666667,399.8
50,250905_SEFL10N6d_B2_stressor2_49_50 Box 2.wmv,2,novstressor,sec,298,0,393.5666667
50,250905_SEFL10N6d_B2_stressor2_49_50 Box 2.wmv,2,novstressor,sec,299,0,432.6
50,250905_SEFL10N6d_B2_stressor2_49_50 Box 2.wmv,2,novstressor,sec,300,73.33333333,44.13333333
50,250905_SEFL10N6d_B2_stressor2_49_50 Box 2.wmv,2,novstressor,sec,301,26.66666667,281.0666667
50,250905_SEFL10N6d_B2_stressor2_49_50 Box 2.wmv,2,novstressor,sec,302,0,482.9666667
50,250905_SEFL10N6d_B2_stressor2_49_50 Box 2.wmv,2,novstressor,sec,303,0,1238.8
50,250905_SEFL10N6d_B2_stressor2_49_50 Box 2.wmv,2,novstressor,sec,304,0,1429.966667
50,250905_SEFL10N6d_B2_stressor2_49_50 Box 2.wmv,2,novstressor,sec,305,0,734.2666667
50,250905_SEFL10N6d_B2_stressor2_49_50 Box 2.wmv,2,novstressor,sec,306,0,508.4
50,250905_SEFL10N6d_B2_stressor2_49_50 Box 2.wmv,2,novstressor,sec,307,0,351.3666667
50,250905_SEFL10N6d_B2_stressor2_49_50 Box 2.wmv,2,novstressor,sec,308,0,562.1666667
50,250905_SEFL10N6d_B2_stressor2_49_50 Box 2.wmv,2,novstressor,sec,309,0,295.7666667
50,250905_SEFL10N6d_B2_stressor2_49_50 Box 2.wmv,2,novstressor,sec,310,23.33333333,192.8
50,250905_SEFL10N6d_B2_stressor2_49_50 Box 2.wmv,2,novstressor,sec,311,100,130.9333333
50,250905_SEFL10N6d_B2_stressor2_49_50 Box 2.wmv,2,novstressor,sec,312,100,52.23333333
50,250905_SEFL10N6d_B2_stressor2_49_50 Box 2.wmv,2,novstressor,sec,313,100,1.066666667
50,250905_SEFL10N6d_B2_stressor2_49_50 Box 2.wmv,2,novstressor,sec,314,100,0
50,250905_SEFL10N6d_B2_stressor2_49_50 Box 2.wmv,2,novstressor,sec,315,13.33333333,329.4
50,250905_SEFL10N6d_B2_stressor2_49_50 Box 2.wmv,2,novstressor,sec,316,93.33333333,87
50,250905_SEFL10N6d_B2_stressor2_49_50 Box 2.wmv,2,novstressor,sec,317,0,332.4666667
50,250905_SEFL10N6d_B2_stressor2_49_50 Box 2.wmv,2,novstressor,sec,318,0,231.8666667
50,250905_SEFL10N6d_B2_stressor2_49_50 Box 2.wmv,2,novstressor,sec,319,13.33333333,211.4333333
50,250905_SEFL10N6d_B2_stressor2_49_50 Box 2.wmv,2,novstressor,sec,320,100,42.23333333
50,250905_SEFL10N6d_B2_stressor2_49_50 Box 2.wmv,2,novstressor,sec,321,100,0
50,250905_SEFL10N6d_B2_stressor2_49_50 Box 2.wmv,2,novstressor,sec,322,40,205.8
50,250905_SEFL10N6d_B2_stressor2_49_50 Box 2.wmv,2,novstressor,sec,323,0,295.0666667
50,250905_SEFL10N6d_B2_stressor2_49_50 Box 2.wmv,2,novstressor,sec,324,0,352.3666667
50,250905_SEFL10N6d_B2_stressor2_49_50 Box 2.wmv,2,novstressor,sec,325,0,383.9
50,250905_SEFL10N6d_B2_stressor2_49_50 Box 2.wmv,2,novstressor,sec,326,0,316.9666667
50,250905_SEFL10N6d_B2_stressor2_49_50 Box 2.wmv,2,novstressor,sec,327,0,280.5333333
50,250905_SEFL10N6d_B2_stressor2_49_50 Box 2.wmv,2,novstressor,sec,328,50,134.2333333
50,250905_SEFL10N6d_B2_stressor2_49_50 Box 2.wmv,2,novstressor,sec,329,100,0.333333333
50,250905_SEFL10N6d_B2_stressor2_49_50 Box 2.wmv,2,novstressor,sec,330,10,315.2
50,250905_SEFL10N6d_B2_stressor2_49_50 Box 2.wmv,2,novstressor,sec,331,0,258.4333333
50,250905_SEFL10N6d_B2_stressor2_49_50 Box 2.wmv,2,novstressor,sec,332,0,362.0333333
50,250905_SEFL10N6d_B2_stressor2_49_50 Box 2.wmv,2,novstressor,sec,333,0,533.0333333
50,250905_SEFL10N6d_B2_stressor2_49_50 Box 2.wmv,2,novstressor,sec,334,0,397.5333333
50,250905_SEFL10N6d_B2_stressor2_49_50 Box 2.wmv,2,novstressor,sec,335,0,227.6333333
50,250905_SEFL10N6d_B2_stressor2_49_50 Box 2.wmv,2,novstressor,sec,336,0,570.7666667
50,250905_SEFL10N6d_B2_stressor2_49_50 Box 2.wmv,2,novstressor,sec,337,0,631.5333333
50,250905_SEFL10N6d_B2_stressor2_49_50 Box 2.wmv,2,novstressor,sec,338,0,217.0666667
50,250905_SEFL10N6d_B2_stressor2_49_50 Box 2.wmv,2,novstressor,sec,339,50,127.8333333
50,250905_SEFL10N6d_B2_stressor2_49_50 Box 2.wmv,2,novstressor,sec,340,0,159.6
50,250905_SEFL10N6d_B2_stressor2_49_50 Box 2.wmv,2,novstressor,sec,341,0,357.6333333
50,250905_SEFL10N6d_B2_stressor2_49_50 Box 2.wmv,2,novstressor,sec,342,0,827.1333333
50,250905_SEFL10N6d_B2_stressor2_49_50 Box 2.wmv,2,novstressor,sec,343,0,915.9666667
50,250905_SEFL10N6d_B2_stressor2_49_50 Box 2.wmv,2,novstressor,sec,344,0,747.8
50,250905_SEFL10N6d_B2_stressor2_49_50 Box 2.wmv,2,novstressor,sec,345,0,547.8
50,250905_SEFL10N6d_B2_stressor2_49_50 Box 2.wmv,2,novstressor,sec,346,0,580.7666667
50,250905_SEFL10N6d_B2_stressor2_49_50 Box 2.wmv,2,novstressor,sec,347,23.33333333,487.8333333
50,250905_SEFL10N6d_B2_stressor2_49_50 Box 2.wmv,2,novstressor,sec,348,100,3.9
50,250905_SEFL10N6d_B2_stressor2_49_50 Box 2.wmv,2,novstressor,sec,349,10,552.6333333
50,250905_SEFL10N6d_B2_stressor2_49_50 Box 2.wmv,2,novstressor,sec,350,0,739.8666667
50,250905_SEFL10N6d_B2_stressor2_49_50 Box 2.wmv,2,novstressor,sec,351,0,604.1333333
50,250905_SEFL10N6d_B2_stressor2_49_50 Box 2.wmv,2,novstressor,sec,352,0,644.6666667
50,250905_SEFL10N6d_B2_stressor2_49_50 Box 2.wmv,2,novstressor,sec,353,0,684.7
50,250905_SEFL10N6d_B2_stressor2_49_50 Box 2.wmv,2,novstressor,sec,354,0,750.1666667
50,250905_SEFL10N6d_B2_stressor2_49_50 Box 2.wmv,2,novstressor,sec,355,0,321.8333333
50,250905_SEFL10N6d_B2_stressor2_49_50 Box 2.wmv,2,novstressor,sec,356,0,490.8
50,250905_SEFL10N6d_B2_stressor2_49_50 Box 2.wmv,2,novstressor,sec,357,0,656
50,250905_SEFL10N6d_B2_stressor2_49_50 Box 2.wmv,2,novstressor,sec,358,0,503.8666667
50,250905_SEFL10N6d_B2_stressor2_49_50 Box 2.wmv,2,novstressor,sec,359,0,596.6333333
50,250905_SEFL10N6d_B2_stressor2_49_50 Box 2.wmv,2,novstressor,sec,360,0,497.1666667
50,250905_SEFL10N6d_B2_stressor2_49_50 Box 2.wmv,2,novstressor,sec,361,0,451.2
50,250905_SEFL10N6d_B2_stressor2_49_50 Box 2.wmv,2,novstressor,sec,362,0,746.0333333
50,250905_SEFL10N6d_B2_stressor2_49_50 Box 2.wmv,2,novstressor,sec,363,92,44.92
50,250905_SEFL10N6d_B2_stressor2_49_50 Box 2.wmv,2,novstressor,prepost,bl,14.35185185,561.5690741
50,250905_SEFL10N6d_B2_stressor2_49_50 Box 2.wmv,2,novstressor,prepost,post,31.51065802,394.0874884
50,250905_SEFL10N6d_B2_stressor2_49_50 Box 2.wmv,2,novstressor,startle,startle_post,51.11111111,207.1
50,250905_SEFL10N6d_B2_stressor2_49_50 Box 2.wmv,2,novstressor,startle,startle_pre,42.22222222,197.2111111
50,250905_SEFL10N6d_B2_stressor2_49_50 Box 2.wmv,2,novstressor,startle,startle_startle,0,1172.8
51,250905_SEFL10N6d_B2_stressor2_51_52 Box 1.wmv,1,novstressor,sec,1,0,1144.866667
51,250905_SEFL10N6d_B2_stressor2_51_52 Box 1.wmv,1,novstressor,sec,2,0,430.4333333
51,250905_SEFL10N6d_B2_stressor2_51_52 Box 1.wmv,1,novstressor,sec,3,0,1244.866667
51,250905_SEFL10N6d_B2_stressor2_51_52 Box 1.wmv,1,novstressor,sec,4,0,1045.533333
51,250905_SEFL10N6d_B2_stressor2_51_52 Box 1.wmv,1,novstressor,sec,5,0,1022.966667
51,250905_SEFL10N6d_B2_stressor2_51_52 Box 1.wmv,1,novstressor,sec,6,0,661.9
51,250905_SEFL10N6d_B2_stressor2_51_52 Box 1.wmv,1,novstressor,sec,7,0,1568.266667
51,250905_SEFL10N6d_B2_stressor2_51_52 Box 1.wmv,1,novstressor,sec,8,0,791.3333333
51,250905_SEFL10N6d_B2_stressor2_51_52 Box 1.wmv,1,novstressor,sec,9,0,1335.166667
51,250905_SEFL10N6d_B2_stressor2_51_52 Box 1.wmv,1,novstressor,sec,10,0,760.3
51,250905_SEFL10N6d_B2_stressor2_51_52 Box 1.wmv,1,novstressor,sec,11,0,1243.466667
51,250905_SEFL10N6d_B2_stressor2_51_52 Box 1.wmv,1,novstressor,sec,12,0,1769.833333
51,250905_SEFL10N6d_B2_stressor2_51_52 Box 1.wmv,1,novstressor,sec,13,0,1507.833333
51,250905_SEFL10N6d_B2_stressor2_51_52 Box 1.wmv,1,novstressor,sec,14,0,1055.633333
51,250905_SEFL10N6d_B2_stressor2_51_52 Box 1.wmv,1,novstressor,sec,15,0,737.5
51,250905_SEFL10N6d_B2_stressor2_51_52 Box 1.wmv,1,novstressor,sec,16,0,958.9333333
51,250905_SEFL10N6d_B2_stressor2_51_52 Box 1.wmv,1,novstressor,sec,17,0,666.0666667
51,250905_SEFL10N6d_B2_stressor2_51_52 Box 1.wmv,1,novstressor,sec,18,0,796.1
51,250905_SEFL10N6d_B2_stressor2_51_52 Box 1.wmv,1,novstressor,sec,19,0,565.3333333
51,250905_SEFL10N6d_B2_stressor2_51_52 Box 1.wmv,1,novstressor,sec,20,0,630.3
51,250905_SEFL10N6d_B2_stressor2_51_52 Box 1.wmv,1,novstressor,sec,21,0,737.7333333
51,250905_SEFL10N6d_B2_stressor2_51_52 Box 1.wmv,1,novstressor,sec,22,0,957.1
51,250905_SEFL10N6d_B2_stressor2_51_52 Box 1.wmv,1,novstressor,sec,23,0,734.6333333
51,250905_SEFL10N6d_B2_stressor2_51_52 Box 1.wmv,1,novstressor,sec,24,0,811.3666667
51,250905_SEFL10N6d_B2_stressor2_51_52 Box 1.wmv,1,novstressor,sec,25,0,472.0333333
51,250905_SEFL10N6d_B2_stressor2_51_52 Box 1.wmv,1,novstressor,sec,26,0,1138.433333
51,250905_SEFL10N6d_B2_stressor2_51_52 Box 1.wmv,1,novstressor,sec,27,0,1505.2
51,250905_SEFL10N6d_B2_stressor2_51_52 Box 1.wmv,1,novstressor,sec,28,0,877.3
51,250905_SEFL10N6d_B2_stressor2_51_52 Box 1.wmv,1,novstressor,sec,29,0,335.8666667
51,250905_SEFL10N6d_B2_stressor2_51_52 Box 1.wmv,1,novstressor,sec,30,0,254.1333333
51,250905_SEFL10N6d_B2_stressor2_51_52 Box 1.wmv,1,novstressor,sec,31,50,389.3
51,250905_SEFL10N6d_B2_stressor2_51_52 Box 1.wmv,1,novstressor,sec,32,0,1083.466667
51,250905_SEFL10N6d_B2_stressor2_51_52 Box 1.wmv,1,novstressor,sec,33,0,778.7666667
51,250905_SEFL10N6d_B2_stressor2_51_52 Box 1.wmv,1,novstressor,sec,34,0,1190.766667
51,250905_SEFL10N6d_B2_stressor2_51_52 Box 1.wmv,1,novstressor,sec,35,0,1488.4
51,250905_SEFL10N6d_B2_stressor2_51_52 Box 1.wmv,1,novstressor,sec,36,0,1519.066667
51,250905_SEFL10N6d_B2_stressor2_51_52 Box 1.wmv,1,novstressor,sec,37,0,831.3666667
51,250905_SEFL10N6d_B2_stressor2_51_52 Box 1.wmv,1,novstressor,sec,38,0,746.6333333
51,250905_SEFL10N6d_B2_stressor2_51_52 Box 1.wmv,1,novstressor,sec,39,0,968.4666667
51,250905_SEFL10N6d_B2_stressor2_51_52 Box 1.wmv,1,novstressor,sec,40,0,735.8666667
51,250905_SEFL10N6d_B2_stressor2_51_52 Box 1.wmv,1,novstressor,sec,41,0,808.2
51,250905_SEFL10N6d_B2_stressor2_51_52 Box 1.wmv,1,novstressor,sec,42,0,1613.633333
51,250905_SEFL10N6d_B2_stressor2_51_52 Box 1.wmv,1,novstressor,sec,43,0,999.2
51,250905_SEFL10N6d_B2_stressor2_51_52 Box 1.wmv,1,novstressor,sec,44,0,798.5
51,250905_SEFL10N6d_B2_stressor2_51_52 Box 1.wmv,1,novstressor,sec,45,0,310.9
51,250905_SEFL10N6d_B2_stressor2_51_52 Box 1.wmv,1,novstressor,sec,46,0,518.1333333
51,250905_SEFL10N6d_B2_stressor2_51_52 Box 1.wmv,1,novstressor,sec,47,0,880.0666667
51,250905_SEFL10N6d_B2_stressor2_51_52 Box 1.wmv,1,novstressor,sec,48,0,774.4
51,250905_SEFL10N6d_B2_stressor2_51_52 Box 1.wmv,1,novstressor,sec,49,0,1475.266667
51,250905_SEFL10N6d_B2_stressor2_51_52 Box 1.wmv,1,novstressor,sec,50,0,671.5
51,250905_SEFL10N6d_B2_stressor2_51_52 Box 1.wmv,1,novstressor,sec,51,0,204.4333333
51,250905_SEFL10N6d_B2_stressor2_51_52 Box 1.wmv,1,novstressor,sec,52,0,379.0666667
51,250905_SEFL10N6d_B2_stressor2_51_52 Box 1.wmv,1,novstressor,sec,53,0,397.9666667
51,250905_SEFL10N6d_B2_stressor2_51_52 Box 1.wmv,1,novstressor,sec,54,46.66666667,386.5666667
51,250905_SEFL10N6d_B2_stressor2_51_52 Box 1.wmv,1,novstressor,sec,55,13.33333333,790.8333333
51,250905_SEFL10N6d_B2_stressor2_51_52 Box 1.wmv,1,novstressor,sec,56,0,1267.366667
51,250905_SEFL10N6d_B2_stressor2_51_52 Box 1.wmv,1,novstressor,sec,57,0,1500.066667
51,250905_SEFL10N6d_B2_stressor2_51_52 Box 1.wmv,1,novstressor,sec,58,0,583.0333333
51,250905_SEFL10N6d_B2_stressor2_51_52 Box 1.wmv,1,novstressor,sec,59,0,1004.766667
51,250905_SEFL10N6d_B2_stressor2_51_52 Box 1.wmv,1,novstressor,sec,60,0,263.2
51,250905_SEFL10N6d_B2_stressor2_51_52 Box 1.wmv,1,novstressor,sec,61,0,240.2666667
51,250905_SEFL10N6d_B2_stressor2_51_52 Box 1.wmv,1,novstressor,sec,62,0,327.2
51,250905_SEFL10N6d_B2_stressor2_51_52 Box 1.wmv,1,novstressor,sec,63,0,387.9
51,250905_SEFL10N6d_B2_stressor2_51_52 Box 1.wmv,1,novstressor,sec,64,0,588.6
51,250905_SEFL10N6d_B2_stressor2_51_52 Box 1.wmv,1,novstressor,sec,65,0,718.5666667
51,250905_SEFL10N6d_B2_stressor2_51_52 Box 1.wmv,1,novstressor,sec,66,0,724.0666667
51,250905_SEFL10N6d_B2_stressor2_51_52 Box 1.wmv,1,novstressor,sec,67,0,679.2
51,250905_SEFL10N6d_B2_stressor2_51_52 Box 1.wmv,1,novstressor,sec,68,0,590.5333333
51,250905_SEFL10N6d_B2_stressor2_51_52 Box 1.wmv,1,novstressor,sec,69,0,528.9
51,250905_SEFL10N6d_B2_stressor2_51_52 Box 1.wmv,1,novstressor,sec,70,0,614.7
51,250905_SEFL10N6d_B2_stressor2_51_52 Box 1.wmv,1,novstressor,sec,71,0,758.6666667
51,250905_SEFL10N6d_B2_stressor2_51_52 Box 1.wmv,1,novstressor,sec,72,0,260.8333333
51,250905_SEFL10N6d_B2_stressor2_51_52 Box 1.wmv,1,novstressor,sec,73,0,343.6333333
51,250905_SEFL10N6d_B2_stressor2_51_52 Box 1.wmv,1,novstressor,sec,74,0,369.6666667
51,250905_SEFL10N6d_B2_stressor2_51_52 Box 1.wmv,1,novstressor,sec,75,0,591.6666667
51,250905_SEFL10N6d_B2_stressor2_51_52 Box 1.wmv,1,novstressor,sec,76,0,978.3333333
51,250905_SEFL10N6d_B2_stressor2_51_52 Box 1.wmv,1,novstressor,sec,77,0,637.4333333
51,250905_SEFL10N6d_B2_stressor2_51_52 Box 1.wmv,1,novstressor,sec,78,0,577.5
51,250905_SEFL10N6d_B2_stressor2_51_52 Box 1.wmv,1,novstressor,sec,79,0,997.1666667
51,250905_SEFL10N6d_B2_stressor2_51_52 Box 1.wmv,1,novstressor,sec,80,0,1047.733333
51,250905_SEFL10N6d_B2_stressor2_51_52 Box 1.wmv,1,novstressor,sec,81,0,2264.833333
51,250905_SEFL10N6d_B2_stressor2_51_52 Box 1.wmv,1,novstressor,sec,82,0,1317.933333
51,250905_SEFL10N6d_B2_stressor2_51_52 Box 1.wmv,1,novstressor,sec,83,0,745.7
51,250905_SEFL10N6d_B2_stressor2_51_52 Box 1.wmv,1,novstressor,sec,84,0,229.8333333
51,250905_SEFL10N6d_B2_stressor2_51_52 Box 1.wmv,1,novstressor,sec,85,0,442.1333333
51,250905_SEFL10N6d_B2_stressor2_51_52 Box 1.wmv,1,novstressor,sec,86,0,755.7
51,250905_SEFL10N6d_B2_stressor2_51_52 Box 1.wmv,1,novstressor,sec,87,0,1093.633333
51,250905_SEFL10N6d_B2_stressor2_51_52 Box 1.wmv,1,novstressor,sec,88,0,695.2333333
51,250905_SEFL10N6d_B2_stressor2_51_52 Box 1.wmv,1,novstressor,sec,89,0,1000.966667
51,250905_SEFL10N6d_B2_stressor2_51_52 Box 1.wmv,1,novstressor,sec,90,0,1853
51,250905_SEFL10N6d_B2_stressor2_51_52 Box 1.wmv,1,novstressor,sec,91,0,895.4666667
51,250905_SEFL10N6d_B2_stressor2_51_52 Box 1.wmv,1,novstressor,sec,92,0,1052.9
51,250905_SEFL10N6d_B2_stressor2_51_52 Box 1.wmv,1,novstressor,sec,93,0,696.2666667
51,250905_SEFL10N6d_B2_stressor2_51_52 Box 1.wmv,1,novstressor,sec,94,80,109.7
51,250905_SEFL10N6d_B2_stressor2_51_52 Box 1.wmv,1,novstressor,sec,95,10,993.0333333
51,250905_SEFL10N6d_B2_stressor2_51_52 Box 1.wmv,1,novstressor,sec,96,46.66666667,289.5
51,250905_SEFL10N6d_B2_stressor2_51_52 Box 1.wmv,1,novstressor,sec,97,13.33333333,409.9666667
51,250905_SEFL10N6d_B2_stressor2_51_52 Box 1.wmv,1,novstressor,sec,98,0,1781.5
51,250905_SEFL10N6d_B2_stressor2_51_52 Box 1.wmv,1,novstressor,sec,99,0,1369.2
51,250905_SEFL10N6d_B2_stressor2_51_52 Box 1.wmv,1,novstressor,sec,100,0,1723.133333
51,250905_SEFL10N6d_B2_stressor2_51_52 Box 1.wmv,1,novstressor,sec,101,0,580.5
51,250905_SEFL10N6d_B2_stressor2_51_52 Box 1.wmv,1,novstressor,sec,102,0,446.1
51,250905_SEFL10N6d_B2_stressor2_51_52 Box 1.wmv,1,novstressor,sec,103,0,1236.833333
51,250905_SEFL10N6d_B2_stressor2_51_52 Box 1.wmv,1,novstressor,sec,104,0,1159.533333
51,250905_SEFL10N6d_B2_stressor2_51_52 Box 1.wmv,1,novstressor,sec,105,0,1276.166667
51,250905_SEFL10N6d_B2_stressor2_51_52 Box 1.wmv,1,novstressor,sec,106,0,334.8333333
51,250905_SEFL10N6d_B2_stressor2_51_52 Box 1.wmv,1,novstressor,sec,107,0,384.8333333
51,250905_SEFL10N6d_B2_stressor2_51_52 Box 1.wmv,1,novstressor,sec,108,0,585.9666667
51,250905_SEFL10N6d_B2_stressor2_51_52 Box 1.wmv,1,novstressor,sec,109,3.333333333,351.6666667
51,250905_SEFL10N6d_B2_stressor2_51_52 Box 1.wmv,1,novstressor,sec,110,56.66666667,431.3333333
51,250905_SEFL10N6d_B2_stressor2_51_52 Box 1.wmv,1,novstressor,sec,111,0,733.4666667
51,250905_SEFL10N6d_B2_stressor2_51_52 Box 1.wmv,1,novstressor,sec,112,0,284.1666667
51,250905_SEFL10N6d_B2_stressor2_51_52 Box 1.wmv,1,novstressor,sec,113,0,875.1666667
51,250905_SEFL10N6d_B2_stressor2_51_52 Box 1.wmv,1,novstressor,sec,114,0,1422.3
51,250905_SEFL10N6d_B2_stressor2_51_52 Box 1.wmv,1,novstressor,sec,115,0,1996.733333
51,250905_SEFL10N6d_B2_stressor2_51_52 Box 1.wmv,1,novstressor,sec,116,0,1458.133333
51,250905_SEFL10N6d_B2_stressor2_51_52 Box 1.wmv,1,novstressor,sec,117,0,682.7
51,250905_SEFL10N6d_B2_stressor2_51_52 Box 1.wmv,1,novstressor,sec,118,0,753.2333333
51,250905_SEFL10N6d_B2_stressor2_51_52 Box 1.wmv,1,novstressor,sec,119,0,219.1333333
51,250905_SEFL10N6d_B2_stressor2_51_52 Box 1.wmv,1,novstressor,sec,120,0,511.9333333
51,250905_SEFL10N6d_B2_stressor2_51_52 Box 1.wmv,1,novstressor,sec,121,0,458.1333333
51,250905_SEFL10N6d_B2_stressor2_51_52 Box 1.wmv,1,novstressor,sec,122,0,1424.766667
51,250905_SEFL10N6d_B2_stressor2_51_52 Box 1.wmv,1,novstressor,sec,123,0,1443.333333
51,250905_SEFL10N6d_B2_stressor2_51_52 Box 1.wmv,1,novstressor,sec,124,0,922.5666667
51,250905_SEFL10N6d_B2_stressor2_51_52 Box 1.wmv,1,novstressor,sec,125,0,1274.8
51,250905_SEFL10N6d_B2_stressor2_51_52 Box 1.wmv,1,novstressor,sec,126,0,824.1666667
51,250905_SEFL10N6d_B2_stressor2_51_52 Box 1.wmv,1,novstressor,sec,127,0,544.9333333
51,250905_SEFL10N6d_B2_stressor2_51_52 Box 1.wmv,1,novstressor,sec,128,0,477.2
51,250905_SEFL10N6d_B2_stressor2_51_52 Box 1.wmv,1,novstressor,sec,129,0,610.0666667
51,250905_SEFL10N6d_B2_stressor2_51_52 Box 1.wmv,1,novstressor,sec,130,0,769.4
51,250905_SEFL10N6d_B2_stressor2_51_52 Box 1.wmv,1,novstressor,sec,131,0,1286.233333
51,250905_SEFL10N6d_B2_stressor2_51_52 Box 1.wmv,1,novstressor,sec,132,0,1340.866667
51,250905_SEFL10N6d_B2_stressor2_51_52 Box 1.wmv,1,novstressor,sec,133,0,790.7
51,250905_SEFL10N6d_B2_stressor2_51_52 Box 1.wmv,1,novstressor,sec,134,0,1072.533333
51,250905_SEFL10N6d_B2_stressor2_51_52 Box 1.wmv,1,novstressor,sec,135,0,1029.733333
51,250905_SEFL10N6d_B2_stressor2_51_52 Box 1.wmv,1,novstressor,sec,136,0,723.7666667
51,250905_SEFL10N6d_B2_stressor2_51_52 Box 1.wmv,1,novstressor,sec,137,0,712.8
51,250905_SEFL10N6d_B2_stressor2_51_52 Box 1.wmv,1,novstressor,sec,138,0,938.6
51,250905_SEFL10N6d_B2_stressor2_51_52 Box 1.wmv,1,novstressor,sec,139,0,1101.366667
51,250905_SEFL10N6d_B2_stressor2_51_52 Box 1.wmv,1,novstressor,sec,140,0,1634.9
51,250905_SEFL10N6d_B2_stressor2_51_52 Box 1.wmv,1,novstressor,sec,141,0,843.8333333
51,250905_SEFL10N6d_B2_stressor2_51_52 Box 1.wmv,1,novstressor,sec,142,70,137.7
51,250905_SEFL10N6d_B2_stressor2_51_52 Box 1.wmv,1,novstressor,sec,143,0,346
51,250905_SEFL10N6d_B2_stressor2_51_52 Box 1.wmv,1,novstressor,sec,144,0,873.7333333
51,250905_SEFL10N6d_B2_stressor2_51_52 Box 1.wmv,1,novstressor,sec,145,0,707.1333333
51,250905_SEFL10N6d_B2_stressor2_51_52 Box 1.wmv,1,novstressor,sec,146,0,806.4
51,250905_SEFL10N6d_B2_stressor2_51_52 Box 1.wmv,1,novstressor,sec,147,0,997.6666667
51,250905_SEFL10N6d_B2_stressor2_51_52 Box 1.wmv,1,novstressor,sec,148,0,893.7666667
51,250905_SEFL10N6d_B2_stressor2_51_52 Box 1.wmv,1,novstressor,sec,149,0,1138
51,250905_SEFL10N6d_B2_stressor2_51_52 Box 1.wmv,1,novstressor,sec,150,0,1086.9
51,250905_SEFL10N6d_B2_stressor2_51_52 Box 1.wmv,1,novstressor,sec,151,0,980.7333333
51,250905_SEFL10N6d_B2_stressor2_51_52 Box 1.wmv,1,novstressor,sec,152,0,397.9333333
51,250905_SEFL10N6d_B2_stressor2_51_52 Box 1.wmv,1,novstressor,sec,153,0,552.1666667
51,250905_SEFL10N6d_B2_stressor2_51_52 Box 1.wmv,1,novstressor,sec,154,0,654.6666667
51,250905_SEFL10N6d_B2_stressor2_51_52 Box 1.wmv,1,novstressor,sec,155,0,641.1333333
51,250905_SEFL10N6d_B2_stressor2_51_52 Box 1.wmv,1,novstressor,sec,156,0,792.4333333
51,250905_SEFL10N6d_B2_stressor2_51_52 Box 1.wmv,1,novstressor,sec,157,0,722.4666667
51,250905_SEFL10N6d_B2_stressor2_51_52 Box 1.wmv,1,novstressor,sec,158,0,805.0666667
51,250905_SEFL10N6d_B2_stressor2_51_52 Box 1.wmv,1,novstressor,sec,159,0,763
51,250905_SEFL10N6d_B2_stressor2_51_52 Box 1.wmv,1,novstressor,sec,160,0,751.8
51,250905_SEFL10N6d_B2_stressor2_51_52 Box 1.wmv,1,novstressor,sec,161,0,620.8
51,250905_SEFL10N6d_B2_stressor2_51_52 Box 1.wmv,1,novstressor,sec,162,0,609.7
51,250905_SEFL10N6d_B2_stressor2_51_52 Box 1.wmv,1,novstressor,sec,163,0,804.7333333
51,250905_SEFL10N6d_B2_stressor2_51_52 Box 1.wmv,1,novstressor,sec,164,0,827.5
51,250905_SEFL10N6d_B2_stressor2_51_52 Box 1.wmv,1,novstressor,sec,165,0,950.2333333
51,250905_SEFL10N6d_B2_stressor2_51_52 Box 1.wmv,1,novstressor,sec,166,0,845.3
51,250905_SEFL10N6d_B2_stressor2_51_52 Box 1.wmv,1,novstressor,sec,167,0,1264.7
51,250905_SEFL10N6d_B2_stressor2_51_52 Box 1.wmv,1,novstressor,sec,168,0,1717.6
51,250905_SEFL10N6d_B2_stressor2_51_52 Box 1.wmv,1,novstressor,sec,169,0,529.3333333
51,250905_SEFL10N6d_B2_stressor2_51_52 Box 1.wmv,1,novstressor,sec,170,43.33333333,231.2
51,250905_SEFL10N6d_B2_stressor2_51_52 Box 1.wmv,1,novstressor,sec,171,23.33333333,254.7666667
51,250905_SEFL10N6d_B2_stressor2_51_52 Box 1.wmv,1,novstressor,sec,172,0,887.5666667
51,250905_SEFL10N6d_B2_stressor2_51_52 Box 1.wmv,1,novstressor,sec,173,0,1580.7
51,250905_SEFL10N6d_B2_stressor2_51_52 Box 1.wmv,1,novstressor,sec,174,0,782.6
51,250905_SEFL10N6d_B2_stressor2_51_52 Box 1.wmv,1,novstressor,sec,175,0,843.7333333
51,250905_SEFL10N6d_B2_stressor2_51_52 Box 1.wmv,1,novstressor,sec,176,0,1074.433333
51,250905_SEFL10N6d_B2_stressor2_51_52 Box 1.wmv,1,novstressor,sec,177,0,975.1333333
51,250905_SEFL10N6d_B2_stressor2_51_52 Box 1.wmv,1,novstressor,sec,178,0,1087.333333
51,250905_SEFL10N6d_B2_stressor2_51_52 Box 1.wmv,1,novstressor,sec,179,0,490.6
51,250905_SEFL10N6d_B2_stressor2_51_52 Box 1.wmv,1,novstressor,sec,180,0,391.3666667
51,250905_SEFL10N6d_B2_stressor2_51_52 Box 1.wmv,1,novstressor,sec,181,0,2911.466667
51,250905_SEFL10N6d_B2_stressor2_51_52 Box 1.wmv,1,novstressor,sec,182,0,1347.533333
51,250905_SEFL10N6d_B2_stressor2_51_52 Box 1.wmv,1,novstressor,sec,183,0,578.3666667
51,250905_SEFL10N6d_B2_stressor2_51_52 Box 1.wmv,1,novstressor,sec,184,73.33333333,111.5
51,250905_SEFL10N6d_B2_stressor2_51_52 Box 1.wmv,1,novstressor,sec,185,46.66666667,189.2
51,250905_SEFL10N6d_B2_stressor2_51_52 Box 1.wmv,1,novstressor,sec,186,0,561.3333333
51,250905_SEFL10N6d_B2_stressor2_51_52 Box 1.wmv,1,novstressor,sec,187,86.66666667,98.43333333
51,250905_SEFL10N6d_B2_stressor2_51_52 Box 1.wmv,1,novstressor,sec,188,10,624.6
51,250905_SEFL10N6d_B2_stressor2_51_52 Box 1.wmv,1,novstressor,sec,189,76.66666667,184.1333333
51,250905_SEFL10N6d_B2_stressor2_51_52 Box 1.wmv,1,novstressor,sec,190,56.66666667,206.7666667
51,250905_SEFL10N6d_B2_stressor2_51_52 Box 1.wmv,1,novstressor,sec,191,0,179.5333333
51,250905_SEFL10N6d_B2_stressor2_51_52 Box 1.wmv,1,novstressor,sec,192,46.66666667,332.9333333
51,250905_SEFL10N6d_B2_stressor2_51_52 Box 1.wmv,1,novstressor,sec,193,100,27.3
51,250905_SEFL10N6d_B2_stressor2_51_52 Box 1.wmv,1,novstressor,sec,194,66.66666667,145.6
51,250905_SEFL10N6d_B2_stressor2_51_52 Box 1.wmv,1,novstressor,sec,195,0,457.9333333
51,250905_SEFL10N6d_B2_stressor2_51_52 Box 1.wmv,1,novstressor,sec,196,0,351.2
51,250905_SEFL10N6d_B2_stressor2_51_52 Box 1.wmv,1,novstressor,sec,197,0,359.6666667
51,250905_SEFL10N6d_B2_stressor2_51_52 Box 1.wmv,1,novstressor,sec,198,46.66666667,185.2
51,250905_SEFL10N6d_B2_stressor2_51_52 Box 1.wmv,1,novstressor,sec,199,100,1.266666667
51,250905_SEFL10N6d_B2_stressor2_51_52 Box 1.wmv,1,novstressor,sec,200,53.33333333,209.7
51,250905_SEFL10N6d_B2_stressor2_51_52 Box 1.wmv,1,novstressor,sec,201,0,495.5
51,250905_SEFL10N6d_B2_stressor2_51_52 Box 1.wmv,1,novstressor,sec,202,66.66666667,141.3
51,250905_SEFL10N6d_B2_stressor2_51_52 Box 1.wmv,1,novstressor,sec,203,100,15.36666667
51,250905_SEFL10N6d_B2_stressor2_51_52 Box 1.wmv,1,novstressor,sec,204,100,16.6
51,250905_SEFL10N6d_B2_stressor2_51_52 Box 1.wmv,1,novstressor,sec,205,33.33333333,311.3333333
51,250905_SEFL10N6d_B2_stressor2_51_52 Box 1.wmv,1,novstressor,sec,206,0,338.3333333
51,250905_SEFL10N6d_B2_stressor2_51_52 Box 1.wmv,1,novstressor,sec,207,0,233.4333333
51,250905_SEFL10N6d_B2_stressor2_51_52 Box 1.wmv,1,novstressor,sec,208,0,633.5
51,250905_SEFL10N6d_B2_stressor2_51_52 Box 1.wmv,1,novstressor,sec,209,0,842.2333333
51,250905_SEFL10N6d_B2_stressor2_51_52 Box 1.wmv,1,novstressor,sec,210,20,476.1
51,250905_SEFL10N6d_B2_stressor2_51_52 Box 1.wmv,1,novstressor,sec,211,83.33333333,140.8666667
51,250905_SEFL10N6d_B2_stressor2_51_52 Box 1.wmv,1,novstressor,sec,212,0,297.1666667
51,250905_SEFL10N6d_B2_stressor2_51_52 Box 1.wmv,1,novstressor,sec,213,0,935.3
51,250905_SEFL10N6d_B2_stressor2_51_52 Box 1.wmv,1,novstressor,sec,214,0,592.7333333
51,250905_SEFL10N6d_B2_stressor2_51_52 Box 1.wmv,1,novstressor,sec,215,0,491.0333333
51,250905_SEFL10N6d_B2_stressor2_51_52 Box 1.wmv,1,novstressor,sec,216,0,865.2
51,250905_SEFL10N6d_B2_stressor2_51_52 Box 1.wmv,1,novstressor,sec,217,50,386.2
51,250905_SEFL10N6d_B2_stressor2_51_52 Box 1.wmv,1,novstressor,sec,218,0,716.6666667
51,250905_SEFL10N6d_B2_stressor2_51_52 Box 1.wmv,1,novstressor,sec,219,0,857.6
51,250905_SEFL10N6d_B2_stressor2_51_52 Box 1.wmv,1,novstressor,sec,220,90,37.46666667
51,250905_SEFL10N6d_B2_stressor2_51_52 Box 1.wmv,1,novstressor,sec,221,100,6.633333333
51,250905_SEFL10N6d_B2_stressor2_51_52 Box 1.wmv,1,novstressor,sec,222,0,723.7
51,250905_SEFL10N6d_B2_stressor2_51_52 Box 1.wmv,1,novstressor,sec,223,23.33333333,434.5
51,250905_SEFL10N6d_B2_stressor2_51_52 Box 1.wmv,1,novstressor,sec,224,100,0
51,250905_SEFL10N6d_B2_stressor2_51_52 Box 1.wmv,1,novstressor,sec,225,0,671.2
51,250905_SEFL10N6d_B2_stressor2_51_52 Box 1.wmv,1,novstressor,sec,226,56.66666667,183.8666667
51,250905_SEFL10N6d_B2_stressor2_51_52 Box 1.wmv,1,novstressor,sec,227,100,7.866666667
51,250905_SEFL10N6d_B2_stressor2_51_52 Box 1.wmv,1,novstressor,sec,228,0,643.3666667
51,250905_SEFL10N6d_B2_stressor2_51_52 Box 1.wmv,1,novstressor,sec,229,46.66666667,202.8
51,250905_SEFL10N6d_B2_stressor2_51_52 Box 1.wmv,1,novstressor,sec,230,100,1.533333333
51,250905_SEFL10N6d_B2_stressor2_51_52 Box 1.wmv,1,novstressor,sec,231,20,545.1
51,250905_SEFL10N6d_B2_stressor2_51_52 Box 1.wmv,1,novstressor,sec,232,0,623.7
51,250905_SEFL10N6d_B2_stressor2_51_52 Box 1.wmv,1,novstressor,sec,233,0,513.5666667
51,250905_SEFL10N6d_B2_stressor2_51_52 Box 1.wmv,1,novstressor,sec,234,0,1093.2
51,250905_SEFL10N6d_B2_stressor2_51_52 Box 1.wmv,1,novstressor,sec,235,0,863.7666667
51,250905_SEFL10N6d_B2_stressor2_51_52 Box 1.wmv,1,novstressor,sec,236,0,2111.4
51,250905_SEFL10N6d_B2_stressor2_51_52 Box 1.wmv,1,novstressor,sec,237,0,1366.5
51,250905_SEFL10N6d_B2_stressor2_51_52 Box 1.wmv,1,novstressor,sec,238,0,898.9
51,250905_SEFL10N6d_B2_stressor2_51_52 Box 1.wmv,1,novstressor,sec,239,0,965.5
51,250905_SEFL10N6d_B2_stressor2_51_52 Box 1.wmv,1,novstressor,sec,240,0,956.2
51,250905_SEFL10N6d_B2_stressor2_51_52 Box 1.wmv,1,novstressor,sec,241,0,1055.3
51,250905_SEFL10N6d_B2_stressor2_51_52 Box 1.wmv,1,novstressor,sec,242,30,1021.633333
51,250905_SEFL10N6d_B2_stressor2_51_52 Box 1.wmv,1,novstressor,sec,243,83.33333333,137.5333333
51,250905_SEFL10N6d_B2_stressor2_51_52 Box 1.wmv,1,novstressor,sec,244,0,1456.2
51,250905_SEFL10N6d_B2_stressor2_51_52 Box 1.wmv,1,novstressor,sec,245,63.33333333,487.5666667
51,250905_SEFL10N6d_B2_stressor2_51_52 Box 1.wmv,1,novstressor,sec,246,20,1281.133333
51,250905_SEFL10N6d_B2_stressor2_51_52 Box 1.wmv,1,novstressor,sec,247,0,559.0333333
51,250905_SEFL10N6d_B2_stressor2_51_52 Box 1.wmv,1,novstressor,sec,248,0,546.0333333
51,250905_SEFL10N6d_B2_stressor2_51_52 Box 1.wmv,1,novstressor,sec,249,0,641.1
51,250905_SEFL10N6d_B2_stressor2_51_52 Box 1.wmv,1,novstressor,sec,250,23.33333333,388.5666667
51,250905_SEFL10N6d_B2_stressor2_51_52 Box 1.wmv,1,novstressor,sec,251,43.33333333,342.1
51,250905_SEFL10N6d_B2_stressor2_51_52 Box 1.wmv,1,novstressor,sec,252,0,718.7666667
51,250905_SEFL10N6d_B2_stressor2_51_52 Box 1.wmv,1,novstressor,sec,253,50,219.9666667
51,250905_SEFL10N6d_B2_stressor2_51_52 Box 1.wmv,1,novstressor,sec,254,80,186.8666667
51,250905_SEFL10N6d_B2_stressor2_51_52 Box 1.wmv,1,novstressor,sec,255,13.33333333,450.6
51,250905_SEFL10N6d_B2_stressor2_51_52 Box 1.wmv,1,novstressor,sec,256,70,132.3333333
51,250905_SEFL10N6d_B2_stressor2_51_52 Box 1.wmv,1,novstressor,sec,257,0,1243
51,250905_SEFL10N6d_B2_stressor2_51_52 Box 1.wmv,1,novstressor,sec,258,0,582.4333333
51,250905_SEFL10N6d_B2_stressor2_51_52 Box 1.wmv,1,novstressor,sec,259,0,572.7333333
51,250905_SEFL10N6d_B2_stressor2_51_52 Box 1.wmv,1,novstressor,sec,260,0,505.4333333
51,250905_SEFL10N6d_B2_stressor2_51_52 Box 1.wmv,1,novstressor,sec,261,13.33333333,485.3
51,250905_SEFL10N6d_B2_stressor2_51_52 Box 1.wmv,1,novstressor,sec,262,80,177.1666667
51,250905_SEFL10N6d_B2_stressor2_51_52 Box 1.wmv,1,novstressor,sec,263,40,453.6
51,250905_SEFL10N6d_B2_stressor2_51_52 Box 1.wmv,1,novstressor,sec,264,56.66666667,448.8
51,250905_SEFL10N6d_B2_stressor2_51_52 Box 1.wmv,1,novstressor,sec,265,0,2001.466667
51,250905_SEFL10N6d_B2_stressor2_51_52 Box 1.wmv,1,novstressor,sec,266,0,1410.8
51,250905_SEFL10N6d_B2_stressor2_51_52 Box 1.wmv,1,novstressor,sec,267,0,254.1
51,250905_SEFL10N6d_B2_stressor2_51_52 Box 1.wmv,1,novstressor,sec,268,43.33333333,191.2666667
51,250905_SEFL10N6d_B2_stressor2_51_52 Box 1.wmv,1,novstressor,sec,269,50,338.5
51,250905_SEFL10N6d_B2_stressor2_51_52 Box 1.wmv,1,novstressor,sec,270,3.333333333,264.0333333
51,250905_SEFL10N6d_B2_stressor2_51_52 Box 1.wmv,1,novstressor,sec,271,46.66666667,330.9666667
51,250905_SEFL10N6d_B2_stressor2_51_52 Box 1.wmv,1,novstressor,sec,272,0,568.3
51,250905_SEFL10N6d_B2_stressor2_51_52 Box 1.wmv,1,novstressor,sec,273,0,356.8666667
51,250905_SEFL10N6d_B2_stressor2_51_52 Box 1.wmv,1,novstressor,sec,274,0,1744.333333
51,250905_SEFL10N6d_B2_stressor2_51_52 Box 1.wmv,1,novstressor,sec,275,0,326.7333333
51,250905_SEFL10N6d_B2_stressor2_51_52 Box 1.wmv,1,novstressor,sec,276,0,466.0666667
51,250905_SEFL10N6d_B2_stressor2_51_52 Box 1.wmv,1,novstressor,sec,277,0,504.0333333
51,250905_SEFL10N6d_B2_stressor2_51_52 Box 1.wmv,1,novstressor,sec,278,90,126.8
51,250905_SEFL10N6d_B2_stressor2_51_52 Box 1.wmv,1,novstressor,sec,279,80,101.1333333
51,250905_SEFL10N6d_B2_stressor2_51_52 Box 1.wmv,1,novstressor,sec,280,0,427.4666667
51,250905_SEFL10N6d_B2_stressor2_51_52 Box 1.wmv,1,novstressor,sec,281,0,438.8
51,250905_SEFL10N6d_B2_stressor2_51_52 Box 1.wmv,1,novstressor,sec,282,0,936.7666667
51,250905_SEFL10N6d_B2_stressor2_51_52 Box 1.wmv,1,novstressor,sec,283,0,892.3
51,250905_SEFL10N6d_B2_stressor2_51_52 Box 1.wmv,1,novstressor,sec,284,0,445.8333333
51,250905_SEFL10N6d_B2_stressor2_51_52 Box 1.wmv,1,novstressor,sec,285,0,1033.166667
51,250905_SEFL10N6d_B2_stressor2_51_52 Box 1.wmv,1,novstressor,sec,286,0,1253.666667
51,250905_SEFL10N6d_B2_stressor2_51_52 Box 1.wmv,1,novstressor,sec,287,50,559.2333333
51,250905_SEFL10N6d_B2_stressor2_51_52 Box 1.wmv,1,novstressor,sec,288,0,741.3333333
51,250905_SEFL10N6d_B2_stressor2_51_52 Box 1.wmv,1,novstressor,sec,289,0,1356.2
51,250905_SEFL10N6d_B2_stressor2_51_52 Box 1.wmv,1,novstressor,sec,290,33.33333333,719.9333333
51,250905_SEFL10N6d_B2_stressor2_51_52 Box 1.wmv,1,novstressor,sec,291,73.33333333,349.5
51,250905_SEFL10N6d_B2_stressor2_51_52 Box 1.wmv,1,novstressor,sec,292,0,1071.866667
51,250905_SEFL10N6d_B2_stressor2_51_52 Box 1.wmv,1,novstressor,sec,293,0,575.6333333
51,250905_SEFL10N6d_B2_stressor2_51_52 Box 1.wmv,1,novstressor,sec,294,0,688.0333333
51,250905_SEFL10N6d_B2_stressor2_51_52 Box 1.wmv,1,novstressor,sec,295,0,465.6
51,250905_SEFL10N6d_B2_stressor2_51_52 Box 1.wmv,1,novstressor,sec,296,0,399.3333333
51,250905_SEFL10N6d_B2_stressor2_51_52 Box 1.wmv,1,novstressor,sec,297,0,267.8666667
51,250905_SEFL10N6d_B2_stressor2_51_52 Box 1.wmv,1,novstressor,sec,298,0,1211.966667
51,250905_SEFL10N6d_B2_stressor2_51_52 Box 1.wmv,1,novstressor,sec,299,0,1325.133333
51,250905_SEFL10N6d_B2_stressor2_51_52 Box 1.wmv,1,novstressor,sec,300,0,2019.366667
51,250905_SEFL10N6d_B2_stressor2_51_52 Box 1.wmv,1,novstressor,sec,301,0,819.8333333
51,250905_SEFL10N6d_B2_stressor2_51_52 Box 1.wmv,1,novstressor,sec,302,0,614.7666667
51,250905_SEFL10N6d_B2_stressor2_51_52 Box 1.wmv,1,novstressor,sec,303,40,101.0666667
51,250905_SEFL10N6d_B2_stressor2_51_52 Box 1.wmv,1,novstressor,sec,304,53.33333333,309.2666667
51,250905_SEFL10N6d_B2_stressor2_51_52 Box 1.wmv,1,novstressor,sec,305,0,974.7666667
51,250905_SEFL10N6d_B2_stressor2_51_52 Box 1.wmv,1,novstressor,sec,306,53.33333333,327.8333333
51,250905_SEFL10N6d_B2_stressor2_51_52 Box 1.wmv,1,novstressor,sec,307,43.33333333,361.3
51,250905_SEFL10N6d_B2_stressor2_51_52 Box 1.wmv,1,novstressor,sec,308,73.33333333,298.8
51,250905_SEFL10N6d_B2_stressor2_51_52 Box 1.wmv,1,novstressor,sec,309,0,786.5666667
51,250905_SEFL10N6d_B2_stressor2_51_52 Box 1.wmv,1,novstressor,sec,310,73.33333333,60
51,250905_SEFL10N6d_B2_stressor2_51_52 Box 1.wmv,1,novstressor,sec,311,66.66666667,416.6
51,250905_SEFL10N6d_B2_stressor2_51_52 Box 1.wmv,1,novstressor,sec,312,0,748.6666667
51,250905_SEFL10N6d_B2_stressor2_51_52 Box 1.wmv,1,novstressor,sec,313,0,701.2666667
51,250905_SEFL10N6d_B2_stressor2_51_52 Box 1.wmv,1,novstressor,sec,314,36.66666667,419.3666667
51,250905_SEFL10N6d_B2_stressor2_51_52 Box 1.wmv,1,novstressor,sec,315,100,0.166666667
51,250905_SEFL10N6d_B2_stressor2_51_52 Box 1.wmv,1,novstressor,sec,316,20,1097.966667
51,250905_SEFL10N6d_B2_stressor2_51_52 Box 1.wmv,1,novstressor,sec,317,0,388.5666667
51,250905_SEFL10N6d_B2_stressor2_51_52 Box 1.wmv,1,novstressor,sec,318,0,933.6333333
51,250905_SEFL10N6d_B2_stressor2_51_52 Box 1.wmv,1,novstressor,sec,319,3.333333333,939.4
51,250905_SEFL10N6d_B2_stressor2_51_52 Box 1.wmv,1,novstressor,sec,320,93.33333333,57.26666667
51,250905_SEFL10N6d_B2_stressor2_51_52 Box 1.wmv,1,novstressor,sec,321,0,999.8333333
51,250905_SEFL10N6d_B2_stressor2_51_52 Box 1.wmv,1,novstressor,sec,322,0,620.0666667
51,250905_SEFL10N6d_B2_stressor2_51_52 Box 1.wmv,1,novstressor,sec,323,0,1690.133333
51,250905_SEFL10N6d_B2_stressor2_51_52 Box 1.wmv,1,novstressor,sec,324,0,1104.666667
51,250905_SEFL10N6d_B2_stressor2_51_52 Box 1.wmv,1,novstressor,sec,325,53.33333333,273.4333333
51,250905_SEFL10N6d_B2_stressor2_51_52 Box 1.wmv,1,novstressor,sec,326,23.33333333,598.4
51,250905_SEFL10N6d_B2_stressor2_51_52 Box 1.wmv,1,novstressor,sec,327,0,1050.7
51,250905_SEFL10N6d_B2_stressor2_51_52 Box 1.wmv,1,novstressor,sec,328,40,376.4333333
51,250905_SEFL10N6d_B2_stressor2_51_52 Box 1.wmv,1,novstressor,sec,329,100,10.23333333
51,250905_SEFL10N6d_B2_stressor2_51_52 Box 1.wmv,1,novstressor,sec,330,33.33333333,556.7666667
51,250905_SEFL10N6d_B2_stressor2_51_52 Box 1.wmv,1,novstressor,sec,331,0,770.6
51,250905_SEFL10N6d_B2_stressor2_51_52 Box 1.wmv,1,novstressor,sec,332,13.33333333,643.2
51,250905_SEFL10N6d_B2_stressor2_51_52 Box 1.wmv,1,novstressor,sec,333,100,1.9
51,250905_SEFL10N6d_B2_stressor2_51_52 Box 1.wmv,1,novstressor,sec,334,46.66666667,263.3666667
51,250905_SEFL10N6d_B2_stressor2_51_52 Box 1.wmv,1,novstressor,sec,335,100,1.066666667
51,250905_SEFL10N6d_B2_stressor2_51_52 Box 1.wmv,1,novstressor,sec,336,0,918.9333333
51,250905_SEFL10N6d_B2_stressor2_51_52 Box 1.wmv,1,novstressor,sec,337,0,804.8
51,250905_SEFL10N6d_B2_stressor2_51_52 Box 1.wmv,1,novstressor,sec,338,0,656.2666667
51,250905_SEFL10N6d_B2_stressor2_51_52 Box 1.wmv,1,novstressor,sec,339,0,536.8666667
51,250905_SEFL10N6d_B2_stressor2_51_52 Box 1.wmv,1,novstressor,sec,340,56.66666667,264.1666667
51,250905_SEFL10N6d_B2_stressor2_51_52 Box 1.wmv,1,novstressor,sec,341,0,1266.133333
51,250905_SEFL10N6d_B2_stressor2_51_52 Box 1.wmv,1,novstressor,sec,342,0,260.0666667
51,250905_SEFL10N6d_B2_stressor2_51_52 Box 1.wmv,1,novstressor,sec,343,70,208.5
51,250905_SEFL10N6d_B2_stressor2_51_52 Box 1.wmv,1,novstressor,sec,344,0,1051.433333
51,250905_SEFL10N6d_B2_stressor2_51_52 Box 1.wmv,1,novstressor,sec,345,0,1413.933333
51,250905_SEFL10N6d_B2_stressor2_51_52 Box 1.wmv,1,novstressor,sec,346,0,730.9
51,250905_SEFL10N6d_B2_stressor2_51_52 Box 1.wmv,1,novstressor,sec,347,0,1823.366667
51,250905_SEFL10N6d_B2_stressor2_51_52 Box 1.wmv,1,novstressor,sec,348,16.66666667,724.0333333
51,250905_SEFL10N6d_B2_stressor2_51_52 Box 1.wmv,1,novstressor,sec,349,33.33333333,580.5666667
51,250905_SEFL10N6d_B2_stressor2_51_52 Box 1.wmv,1,novstressor,sec,350,0,722.5666667
51,250905_SEFL10N6d_B2_stressor2_51_52 Box 1.wmv,1,novstressor,sec,351,0,524.2666667
51,250905_SEFL10N6d_B2_stressor2_51_52 Box 1.wmv,1,novstressor,sec,352,0,1830.9
51,250905_SEFL10N6d_B2_stressor2_51_52 Box 1.wmv,1,novstressor,sec,353,0,2147.666667
51,250905_SEFL10N6d_B2_stressor2_51_52 Box 1.wmv,1,novstressor,sec,354,0,583.4333333
51,250905_SEFL10N6d_B2_stressor2_51_52 Box 1.wmv,1,novstressor,sec,355,0,670.3666667
51,250905_SEFL10N6d_B2_stressor2_51_52 Box 1.wmv,1,novstressor,sec,356,76.66666667,141.9
51,250905_SEFL10N6d_B2_stressor2_51_52 Box 1.wmv,1,novstressor,sec,357,80,242.5333333
51,250905_SEFL10N6d_B2_stressor2_51_52 Box 1.wmv,1,novstressor,sec,358,66.66666667,276.7333333
51,250905_SEFL10N6d_B2_stressor2_51_52 Box 1.wmv,1,novstressor,sec,359,0,685.8333333
51,250905_SEFL10N6d_B2_stressor2_51_52 Box 1.wmv,1,novstressor,sec,360,0,1450.5
51,250905_SEFL10N6d_B2_stressor2_51_52 Box 1.wmv,1,novstressor,sec,361,0,1008.6
51,250905_SEFL10N6d_B2_stressor2_51_52 Box 1.wmv,1,novstressor,sec,362,0,692.4
51,250905_SEFL10N6d_B2_stressor2_51_52 Box 1.wmv,1,novstressor,sec,363,0,1723.12
51,250905_SEFL10N6d_B2_stressor2_51_52 Box 1.wmv,1,novstressor,prepost,bl,2.537037037,842.0516667
51,250905_SEFL10N6d_B2_stressor2_51_52 Box 1.wmv,1,novstressor,prepost,post,25.33827618,606.6318814
51,250905_SEFL10N6d_B2_stressor2_51_52 Box 1.wmv,1,novstressor,startle,startle_post,40,287.3444444
51,250905_SEFL10N6d_B2_stressor2_51_52 Box 1.wmv,1,novstressor,startle,startle_pre,0,656.4333333
51,250905_SEFL10N6d_B2_stressor2_51_52 Box 1.wmv,1,novstressor,startle,startle_startle,0,1612.455556
52,250905_SEFL10N6d_B2_stressor2_51_52 Box 2.wmv,2,novstressor,sec,1,0,823.7333333
52,250905_SEFL10N6d_B2_stressor2_51_52 Box 2.wmv,2,novstressor,sec,2,0,1005.666667
52,250905_SEFL10N6d_B2_stressor2_51_52 Box 2.wmv,2,novstressor,sec,3,0,1214.6
52,250905_SEFL10N6d_B2_stressor2_51_52 Box 2.wmv,2,novstressor,sec,4,0,1544.933333
52,250905_SEFL10N6d_B2_stressor2_51_52 Box 2.wmv,2,novstressor,sec,5,0,2088.8
52,250905_SEFL10N6d_B2_stressor2_51_52 Box 2.wmv,2,novstressor,sec,6,0,1024.733333
52,250905_SEFL10N6d_B2_stressor2_51_52 Box 2.wmv,2,novstressor,sec,7,0,736.5666667
52,250905_SEFL10N6d_B2_stressor2_51_52 Box 2.wmv,2,novstressor,sec,8,0,831.5333333
52,250905_SEFL10N6d_B2_stressor2_51_52 Box 2.wmv,2,novstressor,sec,9,0,794
52,250905_SEFL10N6d_B2_stressor2_51_52 Box 2.wmv,2,novstressor,sec,10,0,1316.966667
52,250905_SEFL10N6d_B2_stressor2_51_52 Box 2.wmv,2,novstressor,sec,11,0,962.8
52,250905_SEFL10N6d_B2_stressor2_51_52 Box 2.wmv,2,novstressor,sec,12,0,782.7333333
52,250905_SEFL10N6d_B2_stressor2_51_52 Box 2.wmv,2,novstressor,sec,13,0,1401.8
52,250905_SEFL10N6d_B2_stressor2_51_52 Box 2.wmv,2,novstressor,sec,14,0,1907.466667
52,250905_SEFL10N6d_B2_stressor2_51_52 Box 2.wmv,2,novstressor,sec,15,0,920.9666667
52,250905_SEFL10N6d_B2_stressor2_51_52 Box 2.wmv,2,novstressor,sec,16,0,761.3666667
52,250905_SEFL10N6d_B2_stressor2_51_52 Box 2.wmv,2,novstressor,sec,17,0,1155.7
52,250905_SEFL10N6d_B2_stressor2_51_52 Box 2.wmv,2,novstressor,sec,18,0,865.9333333
52,250905_SEFL10N6d_B2_stressor2_51_52 Box 2.wmv,2,novstressor,sec,19,0,1870.866667
52,250905_SEFL10N6d_B2_stressor2_51_52 Box 2.wmv,2,novstressor,sec,20,0,1242.633333
52,250905_SEFL10N6d_B2_stressor2_51_52 Box 2.wmv,2,novstressor,sec,21,0,543.2
52,250905_SEFL10N6d_B2_stressor2_51_52 Box 2.wmv,2,novstressor,sec,22,53.33333333,440.7
52,250905_SEFL10N6d_B2_stressor2_51_52 Box 2.wmv,2,novstressor,sec,23,0,1165.833333
52,250905_SEFL10N6d_B2_stressor2_51_52 Box 2.wmv,2,novstressor,sec,24,0,1220.066667
52,250905_SEFL10N6d_B2_stressor2_51_52 Box 2.wmv,2,novstressor,sec,25,0,1392.266667
52,250905_SEFL10N6d_B2_stressor2_51_52 Box 2.wmv,2,novstressor,sec,26,0,992.5
52,250905_SEFL10N6d_B2_stressor2_51_52 Box 2.wmv,2,novstressor,sec,27,0,676.4666667
52,250905_SEFL10N6d_B2_stressor2_51_52 Box 2.wmv,2,novstressor,sec,28,0,1249.2
52,250905_SEFL10N6d_B2_stressor2_51_52 Box 2.wmv,2,novstressor,sec,29,0,868.4333333
52,250905_SEFL10N6d_B2_stressor2_51_52 Box 2.wmv,2,novstressor,sec,30,0,1134
52,250905_SEFL10N6d_B2_stressor2_51_52 Box 2.wmv,2,novstressor,sec,31,0,1511.166667
52,250905_SEFL10N6d_B2_stressor2_51_52 Box 2.wmv,2,novstressor,sec,32,0,1162.333333
52,250905_SEFL10N6d_B2_stressor2_51_52 Box 2.wmv,2,novstressor,sec,33,0,1166.333333
52,250905_SEFL10N6d_B2_stressor2_51_52 Box 2.wmv,2,novstressor,sec,34,0,957.3333333
52,250905_SEFL10N6d_B2_stressor2_51_52 Box 2.wmv,2,novstressor,sec,35,0,1360
52,250905_SEFL10N6d_B2_stressor2_51_52 Box 2.wmv,2,novstressor,sec,36,0,669.2333333
52,250905_SEFL10N6d_B2_stressor2_51_52 Box 2.wmv,2,novstressor,sec,37,0,1035.133333
52,250905_SEFL10N6d_B2_stressor2_51_52 Box 2.wmv,2,novstressor,sec,38,0,1203.833333
52,250905_SEFL10N6d_B2_stressor2_51_52 Box 2.wmv,2,novstressor,sec,39,0,1335.5
52,250905_SEFL10N6d_B2_stressor2_51_52 Box 2.wmv,2,novstressor,sec,40,0,706.9333333
52,250905_SEFL10N6d_B2_stressor2_51_52 Box 2.wmv,2,novstressor,sec,41,0,1436.2
52,250905_SEFL10N6d_B2_stressor2_51_52 Box 2.wmv,2,novstressor,sec,42,0,1060.966667
52,250905_SEFL10N6d_B2_stressor2_51_52 Box 2.wmv,2,novstressor,sec,43,0,711.6
52,250905_SEFL10N6d_B2_stressor2_51_52 Box 2.wmv,2,novstressor,sec,44,0,1187.1
52,250905_SEFL10N6d_B2_stressor2_51_52 Box 2.wmv,2,novstressor,sec,45,0,771.1333333
52,250905_SEFL10N6d_B2_stressor2_51_52 Box 2.wmv,2,novstressor,sec,46,0,1676.3
52,250905_SEFL10N6d_B2_stressor2_51_52 Box 2.wmv,2,novstressor,sec,47,0,720.7
52,250905_SEFL10N6d_B2_stressor2_51_52 Box 2.wmv,2,novstressor,sec,48,0,370.5666667
52,250905_SEFL10N6d_B2_stressor2_51_52 Box 2.wmv,2,novstressor,sec,49,0,945.2333333
52,250905_SEFL10N6d_B2_stressor2_51_52 Box 2.wmv,2,novstressor,sec,50,0,850.5333333
52,250905_SEFL10N6d_B2_stressor2_51_52 Box 2.wmv,2,novstressor,sec,51,0,1315.566667
52,250905_SEFL10N6d_B2_stressor2_51_52 Box 2.wmv,2,novstressor,sec,52,0,1363.6
52,250905_SEFL10N6d_B2_stressor2_51_52 Box 2.wmv,2,novstressor,sec,53,0,731.1
52,250905_SEFL10N6d_B2_stressor2_51_52 Box 2.wmv,2,novstressor,sec,54,0,467.0666667
52,250905_SEFL10N6d_B2_stressor2_51_52 Box 2.wmv,2,novstressor,sec,55,0,977.7666667
52,250905_SEFL10N6d_B2_stressor2_51_52 Box 2.wmv,2,novstressor,sec,56,0,295.9333333
52,250905_SEFL10N6d_B2_stressor2_51_52 Box 2.wmv,2,novstressor,sec,57,0,873.9
52,250905_SEFL10N6d_B2_stressor2_51_52 Box 2.wmv,2,novstressor,sec,58,0,1934.9
52,250905_SEFL10N6d_B2_stressor2_51_52 Box 2.wmv,2,novstressor,sec,59,0,1310.633333
52,250905_SEFL10N6d_B2_stressor2_51_52 Box 2.wmv,2,novstressor,sec,60,0,927.0333333
52,250905_SEFL10N6d_B2_stressor2_51_52 Box 2.wmv,2,novstressor,sec,61,0,921
52,250905_SEFL10N6d_B2_stressor2_51_52 Box 2.wmv,2,novstressor,sec,62,0,883
52,250905_SEFL10N6d_B2_stressor2_51_52 Box 2.wmv,2,novstressor,sec,63,0,1574.2
52,250905_SEFL10N6d_B2_stressor2_51_52 Box 2.wmv,2,novstressor,sec,64,0,1694.7
52,250905_SEFL10N6d_B2_stressor2_51_52 Box 2.wmv,2,novstressor,sec,65,0,1208
52,250905_SEFL10N6d_B2_stressor2_51_52 Box 2.wmv,2,novstressor,sec,66,0,803.8333333
52,250905_SEFL10N6d_B2_stressor2_51_52 Box 2.wmv,2,novstressor,sec,67,0,755.0333333
52,250905_SEFL10N6d_B2_stressor2_51_52 Box 2.wmv,2,novstressor,sec,68,0,1037.966667
52,250905_SEFL10N6d_B2_stressor2_51_52 Box 2.wmv,2,novstressor,sec,69,0,1021.1
52,250905_SEFL10N6d_B2_stressor2_51_52 Box 2.wmv,2,novstressor,sec,70,0,949.3666667
52,250905_SEFL10N6d_B2_stressor2_51_52 Box 2.wmv,2,novstressor,sec,71,0,1359
52,250905_SEFL10N6d_B2_stressor2_51_52 Box 2.wmv,2,novstressor,sec,72,0,906.1
52,250905_SEFL10N6d_B2_stressor2_51_52 Box 2.wmv,2,novstressor,sec,73,0,528.7
52,250905_SEFL10N6d_B2_stressor2_51_52 Box 2.wmv,2,novstressor,sec,74,46.66666667,269.7
52,250905_SEFL10N6d_B2_stressor2_51_52 Box 2.wmv,2,novstressor,sec,75,53.33333333,226.9
52,250905_SEFL10N6d_B2_stressor2_51_52 Box 2.wmv,2,novstressor,sec,76,0,382.6
52,250905_SEFL10N6d_B2_stressor2_51_52 Box 2.wmv,2,novstressor,sec,77,0,1083
52,250905_SEFL10N6d_B2_stressor2_51_52 Box 2.wmv,2,novstressor,sec,78,0,1516.133333
52,250905_SEFL10N6d_B2_stressor2_51_52 Box 2.wmv,2,novstressor,sec,79,0,851.5666667
52,250905_SEFL10N6d_B2_stressor2_51_52 Box 2.wmv,2,novstressor,sec,80,0,388.6333333
52,250905_SEFL10N6d_B2_stressor2_51_52 Box 2.wmv,2,novstressor,sec,81,0,432.7
52,250905_SEFL10N6d_B2_stressor2_51_52 Box 2.wmv,2,novstressor,sec,82,0,1224.066667
52,250905_SEFL10N6d_B2_stressor2_51_52 Box 2.wmv,2,novstressor,sec,83,0,631
52,250905_SEFL10N6d_B2_stressor2_51_52 Box 2.wmv,2,novstressor,sec,84,0,826.9
52,250905_SEFL10N6d_B2_stressor2_51_52 Box 2.wmv,2,novstressor,sec,85,0,1786.733333
52,250905_SEFL10N6d_B2_stressor2_51_52 Box 2.wmv,2,novstressor,sec,86,0,587.5
52,250905_SEFL10N6d_B2_stressor2_51_52 Box 2.wmv,2,novstressor,sec,87,0,533.7
52,250905_SEFL10N6d_B2_stressor2_51_52 Box 2.wmv,2,novstressor,sec,88,0,1386.666667
52,250905_SEFL10N6d_B2_stressor2_51_52 Box 2.wmv,2,novstressor,sec,89,0,710.9
52,250905_SEFL10N6d_B2_stressor2_51_52 Box 2.wmv,2,novstressor,sec,90,0,787.9666667
52,250905_SEFL10N6d_B2_stressor2_51_52 Box 2.wmv,2,novstressor,sec,91,0,1178.266667
52,250905_SEFL10N6d_B2_stressor2_51_52 Box 2.wmv,2,novstressor,sec,92,0,1202.6
52,250905_SEFL10N6d_B2_stressor2_51_52 Box 2.wmv,2,novstressor,sec,93,0,887.5333333
52,250905_SEFL10N6d_B2_stressor2_51_52 Box 2.wmv,2,novstressor,sec,94,0,764.7333333
52,250905_SEFL10N6d_B2_stressor2_51_52 Box 2.wmv,2,novstressor,sec,95,0,525.6333333
52,250905_SEFL10N6d_B2_stressor2_51_52 Box 2.wmv,2,novstressor,sec,96,0,316.0666667
52,250905_SEFL10N6d_B2_stressor2_51_52 Box 2.wmv,2,novstressor,sec,97,0,554.4666667
52,250905_SEFL10N6d_B2_stressor2_51_52 Box 2.wmv,2,novstressor,sec,98,0,995.0333333
52,250905_SEFL10N6d_B2_stressor2_51_52 Box 2.wmv,2,novstressor,sec,99,0,1237.933333
52,250905_SEFL10N6d_B2_stressor2_51_52 Box 2.wmv,2,novstressor,sec,100,0,1282.3
52,250905_SEFL10N6d_B2_stressor2_51_52 Box 2.wmv,2,novstressor,sec,101,43.33333333,248.8333333
52,250905_SEFL10N6d_B2_stressor2_51_52 Box 2.wmv,2,novstressor,sec,102,23.33333333,711.0666667
52,250905_SEFL10N6d_B2_stressor2_51_52 Box 2.wmv,2,novstressor,sec,103,0,1086.133333
52,250905_SEFL10N6d_B2_stressor2_51_52 Box 2.wmv,2,novstressor,sec,104,0,843.6666667
52,250905_SEFL10N6d_B2_stressor2_51_52 Box 2.wmv,2,novstressor,sec,105,0,1216.433333
52,250905_SEFL10N6d_B2_stressor2_51_52 Box 2.wmv,2,novstressor,sec,106,0,1504.566667
52,250905_SEFL10N6d_B2_stressor2_51_52 Box 2.wmv,2,novstressor,sec,107,0,1627.466667
52,250905_SEFL10N6d_B2_stressor2_51_52 Box 2.wmv,2,novstressor,sec,108,0,654.7333333
52,250905_SEFL10N6d_B2_stressor2_51_52 Box 2.wmv,2,novstressor,sec,109,0,744.8666667
52,250905_SEFL10N6d_B2_stressor2_51_52 Box 2.wmv,2,novstressor,sec,110,0,1511.533333
52,250905_SEFL10N6d_B2_stressor2_51_52 Box 2.wmv,2,novstressor,sec,111,0,1464.533333
52,250905_SEFL10N6d_B2_stressor2_51_52 Box 2.wmv,2,novstressor,sec,112,0,832.3666667
52,250905_SEFL10N6d_B2_stressor2_51_52 Box 2.wmv,2,novstressor,sec,113,0,493.4666667
52,250905_SEFL10N6d_B2_stressor2_51_52 Box 2.wmv,2,novstressor,sec,114,63.33333333,259.4333333
52,250905_SEFL10N6d_B2_stressor2_51_52 Box 2.wmv,2,novstressor,sec,115,56.66666667,247.4
52,250905_SEFL10N6d_B2_stressor2_51_52 Box 2.wmv,2,novstressor,sec,116,0,907.9666667
52,250905_SEFL10N6d_B2_stressor2_51_52 Box 2.wmv,2,novstressor,sec,117,0,1174.3
52,250905_SEFL10N6d_B2_stressor2_51_52 Box 2.wmv,2,novstressor,sec,118,0,1354.833333
52,250905_SEFL10N6d_B2_stressor2_51_52 Box 2.wmv,2,novstressor,sec,119,0,208.9333333
52,250905_SEFL10N6d_B2_stressor2_51_52 Box 2.wmv,2,novstressor,sec,120,0,736.7333333
52,250905_SEFL10N6d_B2_stressor2_51_52 Box 2.wmv,2,novstressor,sec,121,50,384.9666667
52,250905_SEFL10N6d_B2_stressor2_51_52 Box 2.wmv,2,novstressor,sec,122,0,521.9333333
52,250905_SEFL10N6d_B2_stressor2_51_52 Box 2.wmv,2,novstressor,sec,123,0,2125.666667
52,250905_SEFL10N6d_B2_stressor2_51_52 Box 2.wmv,2,novstressor,sec,124,0,1831.466667
52,250905_SEFL10N6d_B2_stressor2_51_52 Box 2.wmv,2,novstressor,sec,125,0,894.3
52,250905_SEFL10N6d_B2_stressor2_51_52 Box 2.wmv,2,novstressor,sec,126,0,1057.633333
52,250905_SEFL10N6d_B2_stressor2_51_52 Box 2.wmv,2,novstressor,sec,127,0,1565.6
52,250905_SEFL10N6d_B2_stressor2_51_52 Box 2.wmv,2,novstressor,sec,128,0,1277.466667
52,250905_SEFL10N6d_B2_stressor2_51_52 Box 2.wmv,2,novstressor,sec,129,43.33333333,476.9
52,250905_SEFL10N6d_B2_stressor2_51_52 Box 2.wmv,2,novstressor,sec,130,100,30.53333333
52,250905_SEFL10N6d_B2_stressor2_51_52 Box 2.wmv,2,novstressor,sec,131,6.666666667,702.4666667
52,250905_SEFL10N6d_B2_stressor2_51_52 Box 2.wmv,2,novstressor,sec,132,0,190.4666667
52,250905_SEFL10N6d_B2_stressor2_51_52 Box 2.wmv,2,novstressor,sec,133,0,966.7666667
52,250905_SEFL10N6d_B2_stressor2_51_52 Box 2.wmv,2,novstressor,sec,134,0,519.3333333
52,250905_SEFL10N6d_B2_stressor2_51_52 Box 2.wmv,2,novstressor,sec,135,0,1294.733333
52,250905_SEFL10N6d_B2_stressor2_51_52 Box 2.wmv,2,novstressor,sec,136,0,1462.633333
52,250905_SEFL10N6d_B2_stressor2_51_52 Box 2.wmv,2,novstressor,sec,137,0,741.1666667
52,250905_SEFL10N6d_B2_stressor2_51_52 Box 2.wmv,2,novstressor,sec,138,0,513.2666667
52,250905_SEFL10N6d_B2_stressor2_51_52 Box 2.wmv,2,novstressor,sec,139,0,1745.833333
52,250905_SEFL10N6d_B2_stressor2_51_52 Box 2.wmv,2,novstressor,sec,140,0,1353.033333
52,250905_SEFL10N6d_B2_stressor2_51_52 Box 2.wmv,2,novstressor,sec,141,0,432.0333333
52,250905_SEFL10N6d_B2_stressor2_51_52 Box 2.wmv,2,novstressor,sec,142,0,2266.066667
52,250905_SEFL10N6d_B2_stressor2_51_52 Box 2.wmv,2,novstressor,sec,143,0,1961
52,250905_SEFL10N6d_B2_stressor2_51_52 Box 2.wmv,2,novstressor,sec,144,0,602.8333333
52,250905_SEFL10N6d_B2_stressor2_51_52 Box 2.wmv,2,novstressor,sec,145,0,569.3333333
52,250905_SEFL10N6d_B2_stressor2_51_52 Box 2.wmv,2,novstressor,sec,146,0,334.2666667
52,250905_SEFL10N6d_B2_stressor2_51_52 Box 2.wmv,2,novstressor,sec,147,0,958.4333333
52,250905_SEFL10N6d_B2_stressor2_51_52 Box 2.wmv,2,novstressor,sec,148,0,426.2666667
52,250905_SEFL10N6d_B2_stressor2_51_52 Box 2.wmv,2,novstressor,sec,149,56.66666667,193.4666667
52,250905_SEFL10N6d_B2_stressor2_51_52 Box 2.wmv,2,novstressor,sec,150,33.33333333,570.6333333
52,250905_SEFL10N6d_B2_stressor2_51_52 Box 2.wmv,2,novstressor,sec,151,0,922.8
52,250905_SEFL10N6d_B2_stressor2_51_52 Box 2.wmv,2,novstressor,sec,152,0,1696.133333
52,250905_SEFL10N6d_B2_stressor2_51_52 Box 2.wmv,2,novstressor,sec,153,0,1514.166667
52,250905_SEFL10N6d_B2_stressor2_51_52 Box 2.wmv,2,novstressor,sec,154,0,1311.2
52,250905_SEFL10N6d_B2_stressor2_51_52 Box 2.wmv,2,novstressor,sec,155,0,802.5333333
52,250905_SEFL10N6d_B2_stressor2_51_52 Box 2.wmv,2,novstressor,sec,156,0,1394.533333
52,250905_SEFL10N6d_B2_stressor2_51_52 Box 2.wmv,2,novstressor,sec,157,0,1073.2
52,250905_SEFL10N6d_B2_stressor2_51_52 Box 2.wmv,2,novstressor,sec,158,0,657.3333333
52,250905_SEFL10N6d_B2_stressor2_51_52 Box 2.wmv,2,novstressor,sec,159,10,540.4
52,250905_SEFL10N6d_B2_stressor2_51_52 Box 2.wmv,2,novstressor,sec,160,93.33333333,44.93333333
52,250905_SEFL10N6d_B2_stressor2_51_52 Box 2.wmv,2,novstressor,sec,161,0,1103.333333
52,250905_SEFL10N6d_B2_stressor2_51_52 Box 2.wmv,2,novstressor,sec,162,0,1925.4
52,250905_SEFL10N6d_B2_stressor2_51_52 Box 2.wmv,2,novstressor,sec,163,26.66666667,716.5666667
52,250905_SEFL10N6d_B2_stressor2_51_52 Box 2.wmv,2,novstressor,sec,164,40,339.4333333
52,250905_SEFL10N6d_B2_stressor2_51_52 Box 2.wmv,2,novstressor,sec,165,43.33333333,306
52,250905_SEFL10N6d_B2_stressor2_51_52 Box 2.wmv,2,novstressor,sec,166,0,412.7
52,250905_SEFL10N6d_B2_stressor2_51_52 Box 2.wmv,2,novstressor,sec,167,0,615.7333333
52,250905_SEFL10N6d_B2_stressor2_51_52 Box 2.wmv,2,novstressor,sec,168,40,234.9
52,250905_SEFL10N6d_B2_stressor2_51_52 Box 2.wmv,2,novstressor,sec,169,50,394.4
52,250905_SEFL10N6d_B2_stressor2_51_52 Box 2.wmv,2,novstressor,sec,170,0,405.5333333
52,250905_SEFL10N6d_B2_stressor2_51_52 Box 2.wmv,2,novstressor,sec,171,0,1416.566667
52,250905_SEFL10N6d_B2_stressor2_51_52 Box 2.wmv,2,novstressor,sec,172,0,806.8
52,250905_SEFL10N6d_B2_stressor2_51_52 Box 2.wmv,2,novstressor,sec,173,0,563.5
52,250905_SEFL10N6d_B2_stressor2_51_52 Box 2.wmv,2,novstressor,sec,174,0,457.8666667
52,250905_SEFL10N6d_B2_stressor2_51_52 Box 2.wmv,2,novstressor,sec,175,0,505.7
52,250905_SEFL10N6d_B2_stressor2_51_52 Box 2.wmv,2,novstressor,sec,176,0,641.6666667
52,250905_SEFL10N6d_B2_stressor2_51_52 Box 2.wmv,2,novstressor,sec,177,0,1338.366667
52,250905_SEFL10N6d_B2_stressor2_51_52 Box 2.wmv,2,novstressor,sec,178,0,909.9333333
52,250905_SEFL10N6d_B2_stressor2_51_52 Box 2.wmv,2,novstressor,sec,179,43.33333333,255.7
52,250905_SEFL10N6d_B2_stressor2_51_52 Box 2.wmv,2,novstressor,sec,180,50,124.3666667
52,250905_SEFL10N6d_B2_stressor2_51_52 Box 2.wmv,2,novstressor,sec,181,0,1932.266667
52,250905_SEFL10N6d_B2_stressor2_51_52 Box 2.wmv,2,novstressor,sec,182,0,736.3
52,250905_SEFL10N6d_B2_stressor2_51_52 Box 2.wmv,2,novstressor,sec,183,30,907.7333333
52,250905_SEFL10N6d_B2_stressor2_51_52 Box 2.wmv,2,novstressor,sec,184,100,1.4
52,250905_SEFL10N6d_B2_stressor2_51_52 Box 2.wmv,2,novstressor,sec,185,100,0.3
52,250905_SEFL10N6d_B2_stressor2_51_52 Box 2.wmv,2,novstressor,sec,186,96.66666667,38.8
52,250905_SEFL10N6d_B2_stressor2_51_52 Box 2.wmv,2,novstressor,sec,187,100,0.333333333
52,250905_SEFL10N6d_B2_stressor2_51_52 Box 2.wmv,2,novstressor,sec,188,83.33333333,84.43333333
52,250905_SEFL10N6d_B2_stressor2_51_52 Box 2.wmv,2,novstressor,sec,189,100,0.166666667
52,250905_SEFL10N6d_B2_stressor2_51_52 Box 2.wmv,2,novstressor,sec,190,73.33333333,94.5
52,250905_SEFL10N6d_B2_stressor2_51_52 Box 2.wmv,2,novstressor,sec,191,0,401.4333333
52,250905_SEFL10N6d_B2_stressor2_51_52 Box 2.wmv,2,novstressor,sec,192,40,264.8666667
52,250905_SEFL10N6d_B2_stressor2_51_52 Box 2.wmv,2,novstressor,sec,193,100,2
52,250905_SEFL10N6d_B2_stressor2_51_52 Box 2.wmv,2,novstressor,sec,194,100,1.8
52,250905_SEFL10N6d_B2_stressor2_51_52 Box 2.wmv,2,novstressor,sec,195,20,414.4666667
52,250905_SEFL10N6d_B2_stressor2_51_52 Box 2.wmv,2,novstressor,sec,196,70,216.1333333
52,250905_SEFL10N6d_B2_stressor2_51_52 Box 2.wmv,2,novstressor,sec,197,100,25.4
52,250905_SEFL10N6d_B2_stressor2_51_52 Box 2.wmv,2,novstressor,sec,198,100,92.43333333
52,250905_SEFL10N6d_B2_stressor2_51_52 Box 2.wmv,2,novstressor,sec,199,100,0
52,250905_SEFL10N6d_B2_stressor2_51_52 Box 2.wmv,2,novstressor,sec,200,66.66666667,156.2666667
52,250905_SEFL10N6d_B2_stressor2_51_52 Box 2.wmv,2,novstressor,sec,201,0,319.8
52,250905_SEFL10N6d_B2_stressor2_51_52 Box 2.wmv,2,novstressor,sec,202,36.66666667,508.7
52,250905_SEFL10N6d_B2_stressor2_51_52 Box 2.wmv,2,novstressor,sec,203,100,7.166666667
52,250905_SEFL10N6d_B2_stressor2_51_52 Box 2.wmv,2,novstressor,sec,204,100,2.8
52,250905_SEFL10N6d_B2_stressor2_51_52 Box 2.wmv,2,novstressor,sec,205,100,0.966666667
52,250905_SEFL10N6d_B2_stressor2_51_52 Box 2.wmv,2,novstressor,sec,206,20,242.9333333
52,250905_SEFL10N6d_B2_stressor2_51_52 Box 2.wmv,2,novstressor,sec,207,43.33333333,164.5666667
52,250905_SEFL10N6d_B2_stressor2_51_52 Box 2.wmv,2,novstressor,sec,208,100,7.833333333
52,250905_SEFL10N6d_B2_stressor2_51_52 Box 2.wmv,2,novstressor,sec,209,100,5.233333333
52,250905_SEFL10N6d_B2_stressor2_51_52 Box 2.wmv,2,novstressor,sec,210,43.33333333,237.6333333
52,250905_SEFL10N6d_B2_stressor2_51_52 Box 2.wmv,2,novstressor,sec,211,40,216.1666667
52,250905_SEFL10N6d_B2_stressor2_51_52 Box 2.wmv,2,novstressor,sec,212,100,22.23333333
52,250905_SEFL10N6d_B2_stressor2_51_52 Box 2.wmv,2,novstressor,sec,213,76.66666667,85.76666667
52,250905_SEFL10N6d_B2_stressor2_51_52 Box 2.wmv,2,novstressor,sec,214,73.33333333,56.5
52,250905_SEFL10N6d_B2_stressor2_51_52 Box 2.wmv,2,novstressor,sec,215,100,0.466666667
52,250905_SEFL10N6d_B2_stressor2_51_52 Box 2.wmv,2,novstressor,sec,216,23.33333333,338.1333333
52,250905_SEFL10N6d_B2_stressor2_51_52 Box 2.wmv,2,novstressor,sec,217,0,709.7
52,250905_SEFL10N6d_B2_stressor2_51_52 Box 2.wmv,2,novstressor,sec,218,53.33333333,249.2333333
52,250905_SEFL10N6d_B2_stressor2_51_52 Box 2.wmv,2,novstressor,sec,219,0,491.2333333
52,250905_SEFL10N6d_B2_stressor2_51_52 Box 2.wmv,2,novstressor,sec,220,0,1396.566667
52,250905_SEFL10N6d_B2_stressor2_51_52 Box 2.wmv,2,novstressor,sec,221,0,1287.966667
52,250905_SEFL10N6d_B2_stressor2_51_52 Box 2.wmv,2,novstressor,sec,222,80,272.9
52,250905_SEFL10N6d_B2_stressor2_51_52 Box 2.wmv,2,novstressor,sec,223,36.66666667,615.4
52,250905_SEFL10N6d_B2_stressor2_51_52 Box 2.wmv,2,novstressor,sec,224,0,578.5333333
52,250905_SEFL10N6d_B2_stressor2_51_52 Box 2.wmv,2,novstressor,sec,225,0,739.4666667
52,250905_SEFL10N6d_B2_stressor2_51_52 Box 2.wmv,2,novstressor,sec,226,0,795.7
52,250905_SEFL10N6d_B2_stressor2_51_52 Box 2.wmv,2,novstressor,sec,227,0,890.5666667
52,250905_SEFL10N6d_B2_stressor2_51_52 Box 2.wmv,2,novstressor,sec,228,50,435.8
52,250905_SEFL10N6d_B2_stressor2_51_52 Box 2.wmv,2,novstressor,sec,229,100,0.2
52,250905_SEFL10N6d_B2_stressor2_51_52 Box 2.wmv,2,novstressor,sec,230,100,0.166666667
52,250905_SEFL10N6d_B2_stressor2_51_52 Box 2.wmv,2,novstressor,sec,231,3.333333333,756.5
52,250905_SEFL10N6d_B2_stressor2_51_52 Box 2.wmv,2,novstressor,sec,232,0,970.4333333
52,250905_SEFL10N6d_B2_stressor2_51_52 Box 2.wmv,2,novstressor,sec,233,66.66666667,64.96666667
52,250905_SEFL10N6d_B2_stressor2_51_52 Box 2.wmv,2,novstressor,sec,234,53.33333333,442.9
52,250905_SEFL10N6d_B2_stressor2_51_52 Box 2.wmv,2,novstressor,sec,235,86.66666667,194.6333333
52,250905_SEFL10N6d_B2_stressor2_51_52 Box 2.wmv,2,novstressor,sec,236,20,515.0333333
52,250905_SEFL10N6d_B2_stressor2_51_52 Box 2.wmv,2,novstressor,sec,237,100,0.233333333
52,250905_SEFL10N6d_B2_stressor2_51_52 Box 2.wmv,2,novstressor,sec,238,23.33333333,521.4
52,250905_SEFL10N6d_B2_stressor2_51_52 Box 2.wmv,2,novstressor,sec,239,23.33333333,201.9
52,250905_SEFL10N6d_B2_stressor2_51_52 Box 2.wmv,2,novstressor,sec,240,100,3.333333333
52,250905_SEFL10N6d_B2_stressor2_51_52 Box 2.wmv,2,novstressor,sec,241,20,528.5
52,250905_SEFL10N6d_B2_stressor2_51_52 Box 2.wmv,2,novstressor,sec,242,66.66666667,162.4
52,250905_SEFL10N6d_B2_stressor2_51_52 Box 2.wmv,2,novstressor,sec,243,70,282.1666667
52,250905_SEFL10N6d_B2_stressor2_51_52 Box 2.wmv,2,novstressor,sec,244,0,577.1
52,250905_SEFL10N6d_B2_stressor2_51_52 Box 2.wmv,2,novstressor,sec,245,0,1121.7
52,250905_SEFL10N6d_B2_stressor2_51_52 Box 2.wmv,2,novstressor,sec,246,0,345.3333333
52,250905_SEFL10N6d_B2_stressor2_51_52 Box 2.wmv,2,novstressor,sec,247,60,169.7666667
52,250905_SEFL10N6d_B2_stressor2_51_52 Box 2.wmv,2,novstressor,sec,248,46.66666667,503.3333333
52,250905_SEFL10N6d_B2_stressor2_51_52 Box 2.wmv,2,novstressor,sec,249,13.33333333,542.1666667
52,250905_SEFL10N6d_B2_stressor2_51_52 Box 2.wmv,2,novstressor,sec,250,93.33333333,90.3
52,250905_SEFL10N6d_B2_stressor2_51_52 Box 2.wmv,2,novstressor,sec,251,0,656.7333333
52,250905_SEFL10N6d_B2_stressor2_51_52 Box 2.wmv,2,novstressor,sec,252,0,453.7666667
52,250905_SEFL10N6d_B2_stressor2_51_52 Box 2.wmv,2,novstressor,sec,253,0,563.1
52,250905_SEFL10N6d_B2_stressor2_51_52 Box 2.wmv,2,novstressor,sec,254,0,1726.233333
52,250905_SEFL10N6d_B2_stressor2_51_52 Box 2.wmv,2,novstressor,sec,255,0,945
52,250905_SEFL10N6d_B2_stressor2_51_52 Box 2.wmv,2,novstressor,sec,256,0,859.6
52,250905_SEFL10N6d_B2_stressor2_51_52 Box 2.wmv,2,novstressor,sec,257,0,364.7
52,250905_SEFL10N6d_B2_stressor2_51_52 Box 2.wmv,2,novstressor,sec,258,0,654.2
52,250905_SEFL10N6d_B2_stressor2_51_52 Box 2.wmv,2,novstressor,sec,259,0,1529.233333
52,250905_SEFL10N6d_B2_stressor2_51_52 Box 2.wmv,2,novstressor,sec,260,0,1397.1
52,250905_SEFL10N6d_B2_stressor2_51_52 Box 2.wmv,2,novstressor,sec,261,53.33333333,319.9333333
52,250905_SEFL10N6d_B2_stressor2_51_52 Box 2.wmv,2,novstressor,sec,262,26.66666667,284.2
52,250905_SEFL10N6d_B2_stressor2_51_52 Box 2.wmv,2,novstressor,sec,263,73.33333333,325.0666667
52,250905_SEFL10N6d_B2_stressor2_51_52 Box 2.wmv,2,novstressor,sec,264,100,1.366666667
52,250905_SEFL10N6d_B2_stressor2_51_52 Box 2.wmv,2,novstressor,sec,265,56.66666667,402.4666667
52,250905_SEFL10N6d_B2_stressor2_51_52 Box 2.wmv,2,novstressor,sec,266,0,823.8333333
52,250905_SEFL10N6d_B2_stressor2_51_52 Box 2.wmv,2,novstressor,sec,267,93.33333333,72.36666667
52,250905_SEFL10N6d_B2_stressor2_51_52 Box 2.wmv,2,novstressor,sec,268,10,863.7666667
52,250905_SEFL10N6d_B2_stressor2_51_52 Box 2.wmv,2,novstressor,sec,269,0,815.8
52,250905_SEFL10N6d_B2_stressor2_51_52 Box 2.wmv,2,novstressor,sec,270,0,1473.466667
52,250905_SEFL10N6d_B2_stressor2_51_52 Box 2.wmv,2,novstressor,sec,271,0,993.8333333
52,250905_SEFL10N6d_B2_stressor2_51_52 Box 2.wmv,2,novstressor,sec,272,0,2126.866667
52,250905_SEFL10N6d_B2_stressor2_51_52 Box 2.wmv,2,novstressor,sec,273,0,737.9
52,250905_SEFL10N6d_B2_stressor2_51_52 Box 2.wmv,2,novstressor,sec,274,56.66666667,99.9
52,250905_SEFL10N6d_B2_stressor2_51_52 Box 2.wmv,2,novstressor,sec,275,3.333333333,770.5666667
52,250905_SEFL10N6d_B2_stressor2_51_52 Box 2.wmv,2,novstressor,sec,276,3.333333333,751.6333333
52,250905_SEFL10N6d_B2_stressor2_51_52 Box 2.wmv,2,novstressor,sec,277,100,12.66666667
52,250905_SEFL10N6d_B2_stressor2_51_52 Box 2.wmv,2,novstressor,sec,278,20,713.8
52,250905_SEFL10N6d_B2_stressor2_51_52 Box 2.wmv,2,novstressor,sec,279,66.66666667,349.6
52,250905_SEFL10N6d_B2_stressor2_51_52 Box 2.wmv,2,novstressor,sec,280,56.66666667,205.2333333
52,250905_SEFL10N6d_B2_stressor2_51_52 Box 2.wmv,2,novstressor,sec,281,50,490.7666667
52,250905_SEFL10N6d_B2_stressor2_51_52 Box 2.wmv,2,novstressor,sec,282,83.33333333,154.9666667
52,250905_SEFL10N6d_B2_stressor2_51_52 Box 2.wmv,2,novstressor,sec,283,0,424.2666667
52,250905_SEFL10N6d_B2_stressor2_51_52 Box 2.wmv,2,novstressor,sec,284,0,277.7
52,250905_SEFL10N6d_B2_stressor2_51_52 Box 2.wmv,2,novstressor,sec,285,50,245.7
52,250905_SEFL10N6d_B2_stressor2_51_52 Box 2.wmv,2,novstressor,sec,286,10,660
52,250905_SEFL10N6d_B2_stressor2_51_52 Box 2.wmv,2,novstressor,sec,287,0,1738.7
52,250905_SEFL10N6d_B2_stressor2_51_52 Box 2.wmv,2,novstressor,sec,288,0,1213.4
52,250905_SEFL10N6d_B2_stressor2_51_52 Box 2.wmv,2,novstressor,sec,289,0,1461.2
52,250905_SEFL10N6d_B2_stressor2_51_52 Box 2.wmv,2,novstressor,sec,290,0,588.9666667
52,250905_SEFL10N6d_B2_stressor2_51_52 Box 2.wmv,2,novstressor,sec,291,0,605.2
52,250905_SEFL10N6d_B2_stressor2_51_52 Box 2.wmv,2,novstressor,sec,292,86.66666667,105.4
52,250905_SEFL10N6d_B2_stressor2_51_52 Box 2.wmv,2,novstressor,sec,293,0,553.4666667
52,250905_SEFL10N6d_B2_stressor2_51_52 Box 2.wmv,2,novstressor,sec,294,73.33333333,227.2333333
52,250905_SEFL10N6d_B2_stressor2_51_52 Box 2.wmv,2,novstressor,sec,295,0,734.2666667
52,250905_SEFL10N6d_B2_stressor2_51_52 Box 2.wmv,2,novstressor,sec,296,73.33333333,122.5333333
52,250905_SEFL10N6d_B2_stressor2_51_52 Box 2.wmv,2,novstressor,sec,297,90,79.8
52,250905_SEFL10N6d_B2_stressor2_51_52 Box 2.wmv,2,novstressor,sec,298,0,1259.733333
52,250905_SEFL10N6d_B2_stressor2_51_52 Box 2.wmv,2,novstressor,sec,299,0,1409.833333
52,250905_SEFL10N6d_B2_stressor2_51_52 Box 2.wmv,2,novstressor,sec,300,0,2181.4
52,250905_SEFL10N6d_B2_stressor2_51_52 Box 2.wmv,2,novstressor,sec,301,56.66666667,207
52,250905_SEFL10N6d_B2_stressor2_51_52 Box 2.wmv,2,novstressor,sec,302,0,518.9666667
52,250905_SEFL10N6d_B2_stressor2_51_52 Box 2.wmv,2,novstressor,sec,303,36.66666667,337.6333333
52,250905_SEFL10N6d_B2_stressor2_51_52 Box 2.wmv,2,novstressor,sec,304,90,67.76666667
52,250905_SEFL10N6d_B2_stressor2_51_52 Box 2.wmv,2,novstressor,sec,305,100,0.066666667
52,250905_SEFL10N6d_B2_stressor2_51_52 Box 2.wmv,2,novstressor,sec,306,16.66666667,457.9
52,250905_SEFL10N6d_B2_stressor2_51_52 Box 2.wmv,2,novstressor,sec,307,0,915.6666667
52,250905_SEFL10N6d_B2_stressor2_51_52 Box 2.wmv,2,novstressor,sec,308,36.66666667,490.7333333
52,250905_SEFL10N6d_B2_stressor2_51_52 Box 2.wmv,2,novstressor,sec,309,90,121.9666667
52,250905_SEFL10N6d_B2_stressor2_51_52 Box 2.wmv,2,novstressor,sec,310,0,624.4666667
52,250905_SEFL10N6d_B2_stressor2_51_52 Box 2.wmv,2,novstressor,sec,311,40,426.2333333
52,250905_SEFL10N6d_B2_stressor2_51_52 Box 2.wmv,2,novstressor,sec,312,26.66666667,486.3333333
52,250905_SEFL10N6d_B2_stressor2_51_52 Box 2.wmv,2,novstressor,sec,313,0,485
52,250905_SEFL10N6d_B2_stressor2_51_52 Box 2.wmv,2,novstressor,sec,314,0,603.1
52,250905_SEFL10N6d_B2_stressor2_51_52 Box 2.wmv,2,novstressor,sec,315,0,850.7
52,250905_SEFL10N6d_B2_stressor2_51_52 Box 2.wmv,2,novstressor,sec,316,0,1052.4
52,250905_SEFL10N6d_B2_stressor2_51_52 Box 2.wmv,2,novstressor,sec,317,0,2454.2
52,250905_SEFL10N6d_B2_stressor2_51_52 Box 2.wmv,2,novstressor,sec,318,0,677.2
52,250905_SEFL10N6d_B2_stressor2_51_52 Box 2.wmv,2,novstressor,sec,319,0,1206.833333
52,250905_SEFL10N6d_B2_stressor2_51_52 Box 2.wmv,2,novstressor,sec,320,0,1078.333333
52,250905_SEFL10N6d_B2_stressor2_51_52 Box 2.wmv,2,novstressor,sec,321,0,938.4333333
52,250905_SEFL10N6d_B2_stressor2_51_52 Box 2.wmv,2,novstressor,sec,322,0,1154.3
52,250905_SEFL10N6d_B2_stressor2_51_52 Box 2.wmv,2,novstressor,sec,323,0,751.2666667
52,250905_SEFL10N6d_B2_stressor2_51_52 Box 2.wmv,2,novstressor,sec,324,40,279.3333333
52,250905_SEFL10N6d_B2_stressor2_51_52 Box 2.wmv,2,novstressor,sec,325,100,1.366666667
52,250905_SEFL10N6d_B2_stressor2_51_52 Box 2.wmv,2,novstressor,sec,326,46.66666667,441.1333333
52,250905_SEFL10N6d_B2_stressor2_51_52 Box 2.wmv,2,novstressor,sec,327,70,272.1333333
52,250905_SEFL10N6d_B2_stressor2_51_52 Box 2.wmv,2,novstressor,sec,328,0,581.8666667
52,250905_SEFL10N6d_B2_stressor2_51_52 Box 2.wmv,2,novstressor,sec,329,0,2593.066667
52,250905_SEFL10N6d_B2_stressor2_51_52 Box 2.wmv,2,novstressor,sec,330,0,1132.7
52,250905_SEFL10N6d_B2_stressor2_51_52 Box 2.wmv,2,novstressor,sec,331,0,988.7
52,250905_SEFL10N6d_B2_stressor2_51_52 Box 2.wmv,2,novstressor,sec,332,0,541.4
52,250905_SEFL10N6d_B2_stressor2_51_52 Box 2.wmv,2,novstressor,sec,333,0,980
52,250905_SEFL10N6d_B2_stressor2_51_52 Box 2.wmv,2,novstressor,sec,334,0,743.8333333
52,250905_SEFL10N6d_B2_stressor2_51_52 Box 2.wmv,2,novstressor,sec,335,0,454.1
52,250905_SEFL10N6d_B2_stressor2_51_52 Box 2.wmv,2,novstressor,sec,336,0,709.4333333
52,250905_SEFL10N6d_B2_stressor2_51_52 Box 2.wmv,2,novstressor,sec,337,0,1009.566667
52,250905_SEFL10N6d_B2_stressor2_51_52 Box 2.wmv,2,novstressor,sec,338,30,649.5333333
52,250905_SEFL10N6d_B2_stressor2_51_52 Box 2.wmv,2,novstressor,sec,339,33.33333333,467.2333333
52,250905_SEFL10N6d_B2_stressor2_51_52 Box 2.wmv,2,novstressor,sec,340,0,2546.166667
52,250905_SEFL10N6d_B2_stressor2_51_52 Box 2.wmv,2,novstressor,sec,341,0,617.8666667
52,250905_SEFL10N6d_B2_stressor2_51_52 Box 2.wmv,2,novstressor,sec,342,56.66666667,343.1
52,250905_SEFL10N6d_B2_stressor2_51_52 Box 2.wmv,2,novstressor,sec,343,33.33333333,587.1666667
52,250905_SEFL10N6d_B2_stressor2_51_52 Box 2.wmv,2,novstressor,sec,344,0,404.4333333
52,250905_SEFL10N6d_B2_stressor2_51_52 Box 2.wmv,2,novstressor,sec,345,0,513.3
52,250905_SEFL10N6d_B2_stressor2_51_52 Box 2.wmv,2,novstressor,sec,346,23.33333333,451.8
52,250905_SEFL10N6d_B2_stressor2_51_52 Box 2.wmv,2,novstressor,sec,347,53.33333333,543.1333333
52,250905_SEFL10N6d_B2_stressor2_51_52 Box 2.wmv,2,novstressor,sec,348,0,335.8333333
52,250905_SEFL10N6d_B2_stressor2_51_52 Box 2.wmv,2,novstressor,sec,349,0,776.9333333
52,250905_SEFL10N6d_B2_stressor2_51_52 Box 2.wmv,2,novstressor,sec,350,0,933.8
52,250905_SEFL10N6d_B2_stressor2_51_52 Box 2.wmv,2,novstressor,sec,351,0,502.9666667
52,250905_SEFL10N6d_B2_stressor2_51_52 Box 2.wmv,2,novstressor,sec,352,50,274.2
52,250905_SEFL10N6d_B2_stressor2_51_52 Box 2.wmv,2,novstressor,sec,353,46.66666667,282.8666667
52,250905_SEFL10N6d_B2_stressor2_51_52 Box 2.wmv,2,novstressor,sec,354,60,427.3
52,250905_SEFL10N6d_B2_stressor2_51_52 Box 2.wmv,2,novstressor,sec,355,60,153.8
52,250905_SEFL10N6d_B2_stressor2_51_52 Box 2.wmv,2,novstressor,sec,356,13.33333333,479.0666667
52,250905_SEFL10N6d_B2_stressor2_51_52 Box 2.wmv,2,novstressor,sec,357,0,683.4666667
52,250905_SEFL10N6d_B2_stressor2_51_52 Box 2.wmv,2,novstressor,sec,358,0,1490.4
52,250905_SEFL10N6d_B2_stressor2_51_52 Box 2.wmv,2,novstressor,sec,359,0,576.4333333
52,250905_SEFL10N6d_B2_stressor2_51_52 Box 2.wmv,2,novstressor,sec,360,43.33333333,216.1333333
52,250905_SEFL10N6d_B2_stressor2_51_52 Box 2.wmv,2,novstressor,sec,361,66.66666667,97.16666667
52,250905_SEFL10N6d_B2_stressor2_51_52 Box 2.wmv,2,novstressor,sec,362,0,490.8666667
52,250905_SEFL10N6d_B2_stressor2_51_52 Box 2.wmv,2,novstressor,sec,363,0,389.24
52,250905_SEFL10N6d_B2_stressor2_51_52 Box 2.wmv,2,novstressor,prepost,bl,5.703703704,941.2044444
52,250905_SEFL10N6d_B2_stressor2_51_52 Box 2.wmv,2,novstressor,prepost,post,34.64318814,545.5167748
52,250905_SEFL10N6d_B2_stressor2_51_52 Box 2.wmv,2,novstressor,startle,startle_post,98.88888889,13.5
52,250905_SEFL10N6d_B2_stressor2_51_52 Box 2.wmv,2,novstressor,startle,startle_pre,31.11111111,430
52,250905_SEFL10N6d_B2_stressor2_51_52 Box 2.wmv,2,novstressor,startle,startle_startle,10,1192.1
53,250905_SEFL10N6d_B2_stressor2_53_54 Box 1.wmv,1,novstressor,sec,1,0,549.8333333
53,250905_SEFL10N6d_B2_stressor2_53_54 Box 1.wmv,1,novstressor,sec,2,0,833.5333333
53,250905_SEFL10N6d_B2_stressor2_53_54 Box 1.wmv,1,novstressor,sec,3,0,1312.233333
53,250905_SEFL10N6d_B2_stressor2_53_54 Box 1.wmv,1,novstressor,sec,4,0,1634.6
53,250905_SEFL10N6d_B2_stressor2_53_54 Box 1.wmv,1,novstressor,sec,5,0,1684.3
53,250905_SEFL10N6d_B2_stressor2_53_54 Box 1.wmv,1,novstressor,sec,6,0,1039.266667
53,250905_SEFL10N6d_B2_stressor2_53_54 Box 1.wmv,1,novstressor,sec,7,0,1364.866667
53,250905_SEFL10N6d_B2_stressor2_53_54 Box 1.wmv,1,novstressor,sec,8,0,1161.533333
53,250905_SEFL10N6d_B2_stressor2_53_54 Box 1.wmv,1,novstressor,sec,9,0,677.9333333
53,250905_SEFL10N6d_B2_stressor2_53_54 Box 1.wmv,1,novstressor,sec,10,0,889.2
53,250905_SEFL10N6d_B2_stressor2_53_54 Box 1.wmv,1,novstressor,sec,11,0,801.6333333
53,250905_SEFL10N6d_B2_stressor2_53_54 Box 1.wmv,1,novstressor,sec,12,0,630.6666667
53,250905_SEFL10N6d_B2_stressor2_53_54 Box 1.wmv,1,novstressor,sec,13,0,807.1666667
53,250905_SEFL10N6d_B2_stressor2_53_54 Box 1.wmv,1,novstressor,sec,14,0,627.1666667
53,250905_SEFL10N6d_B2_stressor2_53_54 Box 1.wmv,1,novstressor,sec,15,0,626.2
53,250905_SEFL10N6d_B2_stressor2_53_54 Box 1.wmv,1,novstressor,sec,16,0,416.7666667
53,250905_SEFL10N6d_B2_stressor2_53_54 Box 1.wmv,1,novstressor,sec,17,0,488.6
53,250905_SEFL10N6d_B2_stressor2_53_54 Box 1.wmv,1,novstressor,sec,18,0,396.6
53,250905_SEFL10N6d_B2_stressor2_53_54 Box 1.wmv,1,novstressor,sec,19,0,264.3333333
53,250905_SEFL10N6d_B2_stressor2_53_54 Box 1.wmv,1,novstressor,sec,20,0,718.3666667
53,250905_SEFL10N6d_B2_stressor2_53_54 Box 1.wmv,1,novstressor,sec,21,0,1212.1
53,250905_SEFL10N6d_B2_stressor2_53_54 Box 1.wmv,1,novstressor,sec,22,0,1616.866667
53,250905_SEFL10N6d_B2_stressor2_53_54 Box 1.wmv,1,novstressor,sec,23,0,1861.366667
53,250905_SEFL10N6d_B2_stressor2_53_54 Box 1.wmv,1,novstressor,sec,24,0,1490
53,250905_SEFL10N6d_B2_stressor2_53_54 Box 1.wmv,1,novstressor,sec,25,0,1069.5
53,250905_SEFL10N6d_B2_stressor2_53_54 Box 1.wmv,1,novstressor,sec,26,0,1013.666667
53,250905_SEFL10N6d_B2_stressor2_53_54 Box 1.wmv,1,novstressor,sec,27,36.66666667,481.5
53,250905_SEFL10N6d_B2_stressor2_53_54 Box 1.wmv,1,novstressor,sec,28,63.33333333,249.9
53,250905_SEFL10N6d_B2_stressor2_53_54 Box 1.wmv,1,novstressor,sec,29,0,442.1333333
53,250905_SEFL10N6d_B2_stressor2_53_54 Box 1.wmv,1,novstressor,sec,30,0,478.6333333
53,250905_SEFL10N6d_B2_stressor2_53_54 Box 1.wmv,1,novstressor,sec,31,0,1748.466667
53,250905_SEFL10N6d_B2_stressor2_53_54 Box 1.wmv,1,novstressor,sec,32,0,1200.566667
53,250905_SEFL10N6d_B2_stressor2_53_54 Box 1.wmv,1,novstressor,sec,33,0,816.8666667
53,250905_SEFL10N6d_B2_stressor2_53_54 Box 1.wmv,1,novstressor,sec,34,0,239.1
53,250905_SEFL10N6d_B2_stressor2_53_54 Box 1.wmv,1,novstressor,sec,35,0,826.8
53,250905_SEFL10N6d_B2_stressor2_53_54 Box 1.wmv,1,novstressor,sec,36,0,779.3666667
53,250905_SEFL10N6d_B2_stressor2_53_54 Box 1.wmv,1,novstressor,sec,37,0,652.6
53,250905_SEFL10N6d_B2_stressor2_53_54 Box 1.wmv,1,novstressor,sec,38,0,518.5
53,250905_SEFL10N6d_B2_stressor2_53_54 Box 1.wmv,1,novstressor,sec,39,0,807.8
53,250905_SEFL10N6d_B2_stressor2_53_54 Box 1.wmv,1,novstressor,sec,40,56.66666667,183.7333333
53,250905_SEFL10N6d_B2_stressor2_53_54 Box 1.wmv,1,novstressor,sec,41,73.33333333,152.3333333
53,250905_SEFL10N6d_B2_stressor2_53_54 Box 1.wmv,1,novstressor,sec,42,100,103.6666667
53,250905_SEFL10N6d_B2_stressor2_53_54 Box 1.wmv,1,novstressor,sec,43,13.33333333,431.6
53,250905_SEFL10N6d_B2_stressor2_53_54 Box 1.wmv,1,novstressor,sec,44,0,384.2333333
53,250905_SEFL10N6d_B2_stressor2_53_54 Box 1.wmv,1,novstressor,sec,45,0,648.9333333
53,250905_SEFL10N6d_B2_stressor2_53_54 Box 1.wmv,1,novstressor,sec,46,0,263.7666667
53,250905_SEFL10N6d_B2_stressor2_53_54 Box 1.wmv,1,novstressor,sec,47,0,343.3666667
53,250905_SEFL10N6d_B2_stressor2_53_54 Box 1.wmv,1,novstressor,sec,48,0,400.7333333
53,250905_SEFL10N6d_B2_stressor2_53_54 Box 1.wmv,1,novstressor,sec,49,0,397.7666667
53,250905_SEFL10N6d_B2_stressor2_53_54 Box 1.wmv,1,novstressor,sec,50,0,633.8666667
53,250905_SEFL10N6d_B2_stressor2_53_54 Box 1.wmv,1,novstressor,sec,51,0,656.7
53,250905_SEFL10N6d_B2_stressor2_53_54 Box 1.wmv,1,novstressor,sec,52,0,411.9666667
53,250905_SEFL10N6d_B2_stressor2_53_54 Box 1.wmv,1,novstressor,sec,53,36.66666667,349.6
53,250905_SEFL10N6d_B2_stressor2_53_54 Box 1.wmv,1,novstressor,sec,54,66.66666667,198.1666667
53,250905_SEFL10N6d_B2_stressor2_53_54 Box 1.wmv,1,novstressor,sec,55,56.66666667,228.8333333
53,250905_SEFL10N6d_B2_stressor2_53_54 Box 1.wmv,1,novstressor,sec,56,70,175.8666667
53,250905_SEFL10N6d_B2_stressor2_53_54 Box 1.wmv,1,novstressor,sec,57,0,492.1
53,250905_SEFL10N6d_B2_stressor2_53_54 Box 1.wmv,1,novstressor,sec,58,0,469.3333333
53,250905_SEFL10N6d_B2_stressor2_53_54 Box 1.wmv,1,novstressor,sec,59,0,792.2666667
53,250905_SEFL10N6d_B2_stressor2_53_54 Box 1.wmv,1,novstressor,sec,60,0,438.4666667
53,250905_SEFL10N6d_B2_stressor2_53_54 Box 1.wmv,1,novstressor,sec,61,0,578.5
53,250905_SEFL10N6d_B2_stressor2_53_54 Box 1.wmv,1,novstressor,sec,62,0,591.2
53,250905_SEFL10N6d_B2_stressor2_53_54 Box 1.wmv,1,novstressor,sec,63,0,836.6666667
53,250905_SEFL10N6d_B2_stressor2_53_54 Box 1.wmv,1,novstressor,sec,64,0,1268.5
53,250905_SEFL10N6d_B2_stressor2_53_54 Box 1.wmv,1,novstressor,sec,65,0,560.6666667
53,250905_SEFL10N6d_B2_stressor2_53_54 Box 1.wmv,1,novstressor,sec,66,0,544.0333333
53,250905_SEFL10N6d_B2_stressor2_53_54 Box 1.wmv,1,novstressor,sec,67,0,720.3666667
53,250905_SEFL10N6d_B2_stressor2_53_54 Box 1.wmv,1,novstressor,sec,68,0,407.3333333
53,250905_SEFL10N6d_B2_stressor2_53_54 Box 1.wmv,1,novstressor,sec,69,33.33333333,226.9666667
53,250905_SEFL10N6d_B2_stressor2_53_54 Box 1.wmv,1,novstressor,sec,70,100,83.63333333
53,250905_SEFL10N6d_B2_stressor2_53_54 Box 1.wmv,1,novstressor,sec,71,46.66666667,166.0666667
53,250905_SEFL10N6d_B2_stressor2_53_54 Box 1.wmv,1,novstressor,sec,72,93.33333333,74.2
53,250905_SEFL10N6d_B2_stressor2_53_54 Box 1.wmv,1,novstressor,sec,73,53.33333333,263.1333333
53,250905_SEFL10N6d_B2_stressor2_53_54 Box 1.wmv,1,novstressor,sec,74,0,377.6666667
53,250905_SEFL10N6d_B2_stressor2_53_54 Box 1.wmv,1,novstressor,sec,75,40,243.8666667
53,250905_SEFL10N6d_B2_stressor2_53_54 Box 1.wmv,1,novstressor,sec,76,86.66666667,111.6333333
53,250905_SEFL10N6d_B2_stressor2_53_54 Box 1.wmv,1,novstressor,sec,77,100,10.53333333
53,250905_SEFL10N6d_B2_stressor2_53_54 Box 1.wmv,1,novstressor,sec,78,0,331.5
53,250905_SEFL10N6d_B2_stressor2_53_54 Box 1.wmv,1,novstressor,sec,79,50,312.4666667
53,250905_SEFL10N6d_B2_stressor2_53_54 Box 1.wmv,1,novstressor,sec,80,76.66666667,123.1666667
53,250905_SEFL10N6d_B2_stressor2_53_54 Box 1.wmv,1,novstressor,sec,81,80,146.9666667
53,250905_SEFL10N6d_B2_stressor2_53_54 Box 1.wmv,1,novstressor,sec,82,83.33333333,137.1666667
53,250905_SEFL10N6d_B2_stressor2_53_54 Box 1.wmv,1,novstressor,sec,83,33.33333333,270.5666667
53,250905_SEFL10N6d_B2_stressor2_53_54 Box 1.wmv,1,novstressor,sec,84,0,851.6666667
53,250905_SEFL10N6d_B2_stressor2_53_54 Box 1.wmv,1,novstressor,sec,85,0,731.7666667
53,250905_SEFL10N6d_B2_stressor2_53_54 Box 1.wmv,1,novstressor,sec,86,0,552.7
53,250905_SEFL10N6d_B2_stressor2_53_54 Box 1.wmv,1,novstressor,sec,87,0,682.3333333
53,250905_SEFL10N6d_B2_stressor2_53_54 Box 1.wmv,1,novstressor,sec,88,0,491.3333333
53,250905_SEFL10N6d_B2_stressor2_53_54 Box 1.wmv,1,novstressor,sec,89,33.33333333,153.4333333
53,250905_SEFL10N6d_B2_stressor2_53_54 Box 1.wmv,1,novstressor,sec,90,73.33333333,78.33333333
53,250905_SEFL10N6d_B2_stressor2_53_54 Box 1.wmv,1,novstressor,sec,91,56.66666667,173.7333333
53,250905_SEFL10N6d_B2_stressor2_53_54 Box 1.wmv,1,novstressor,sec,92,96.66666667,112.6666667
53,250905_SEFL10N6d_B2_stressor2_53_54 Box 1.wmv,1,novstressor,sec,93,83.33333333,69.36666667
53,250905_SEFL10N6d_B2_stressor2_53_54 Box 1.wmv,1,novstressor,sec,94,36.66666667,240.6
53,250905_SEFL10N6d_B2_stressor2_53_54 Box 1.wmv,1,novstressor,sec,95,100,64.93333333
53,250905_SEFL10N6d_B2_stressor2_53_54 Box 1.wmv,1,novstressor,sec,96,16.66666667,341.8
53,250905_SEFL10N6d_B2_stressor2_53_54 Box 1.wmv,1,novstressor,sec,97,0,661.4
53,250905_SEFL10N6d_B2_stressor2_53_54 Box 1.wmv,1,novstressor,sec,98,0,305
53,250905_SEFL10N6d_B2_stressor2_53_54 Box 1.wmv,1,novstressor,sec,99,80,219.1
53,250905_SEFL10N6d_B2_stressor2_53_54 Box 1.wmv,1,novstressor,sec,100,0,363.6333333
53,250905_SEFL10N6d_B2_stressor2_53_54 Box 1.wmv,1,novstressor,sec,101,0,510.3666667
53,250905_SEFL10N6d_B2_stressor2_53_54 Box 1.wmv,1,novstressor,sec,102,0,864.8333333
53,250905_SEFL10N6d_B2_stressor2_53_54 Box 1.wmv,1,novstressor,sec,103,0,1011.466667
53,250905_SEFL10N6d_B2_stressor2_53_54 Box 1.wmv,1,novstressor,sec,104,0,713.8
53,250905_SEFL10N6d_B2_stressor2_53_54 Box 1.wmv,1,novstressor,sec,105,0,1217
53,250905_SEFL10N6d_B2_stressor2_53_54 Box 1.wmv,1,novstressor,sec,106,0,1283.966667
53,250905_SEFL10N6d_B2_stressor2_53_54 Box 1.wmv,1,novstressor,sec,107,20,298.9333333
53,250905_SEFL10N6d_B2_stressor2_53_54 Box 1.wmv,1,novstressor,sec,108,53.33333333,196.0666667
53,250905_SEFL10N6d_B2_stressor2_53_54 Box 1.wmv,1,novstressor,sec,109,0,943.9666667
53,250905_SEFL10N6d_B2_stressor2_53_54 Box 1.wmv,1,novstressor,sec,110,0,436.9333333
53,250905_SEFL10N6d_B2_stressor2_53_54 Box 1.wmv,1,novstressor,sec,111,0,581.2333333
53,250905_SEFL10N6d_B2_stressor2_53_54 Box 1.wmv,1,novstressor,sec,112,0,430.9666667
53,250905_SEFL10N6d_B2_stressor2_53_54 Box 1.wmv,1,novstressor,sec,113,0,446.7333333
53,250905_SEFL10N6d_B2_stressor2_53_54 Box 1.wmv,1,novstressor,sec,114,0,779.2666667
53,250905_SEFL10N6d_B2_stressor2_53_54 Box 1.wmv,1,novstressor,sec,115,0,1028.966667
53,250905_SEFL10N6d_B2_stressor2_53_54 Box 1.wmv,1,novstressor,sec,116,0,380.5666667
53,250905_SEFL10N6d_B2_stressor2_53_54 Box 1.wmv,1,novstressor,sec,117,0,1122.933333
53,250905_SEFL10N6d_B2_stressor2_53_54 Box 1.wmv,1,novstressor,sec,118,0,1920.5
53,250905_SEFL10N6d_B2_stressor2_53_54 Box 1.wmv,1,novstressor,sec,119,0,1040.466667
53,250905_SEFL10N6d_B2_stressor2_53_54 Box 1.wmv,1,novstressor,sec,120,0,278.7333333
53,250905_SEFL10N6d_B2_stressor2_53_54 Box 1.wmv,1,novstressor,sec,121,0,401.5
53,250905_SEFL10N6d_B2_stressor2_53_54 Box 1.wmv,1,novstressor,sec,122,0,653.3333333
53,250905_SEFL10N6d_B2_stressor2_53_54 Box 1.wmv,1,novstressor,sec,123,0,379.3
53,250905_SEFL10N6d_B2_stressor2_53_54 Box 1.wmv,1,novstressor,sec,124,0,232.9
53,250905_SEFL10N6d_B2_stressor2_53_54 Box 1.wmv,1,novstressor,sec,125,0,197.4333333
53,250905_SEFL10N6d_B2_stressor2_53_54 Box 1.wmv,1,novstressor,sec,126,76.66666667,113.8
53,250905_SEFL10N6d_B2_stressor2_53_54 Box 1.wmv,1,novstressor,sec,127,60,149
53,250905_SEFL10N6d_B2_stressor2_53_54 Box 1.wmv,1,novstressor,sec,128,26.66666667,348.6
53,250905_SEFL10N6d_B2_stressor2_53_54 Box 1.wmv,1,novstressor,sec,129,70,138.2333333
53,250905_SEFL10N6d_B2_stressor2_53_54 Box 1.wmv,1,novstressor,sec,130,83.33333333,158.9333333
53,250905_SEFL10N6d_B2_stressor2_53_54 Box 1.wmv,1,novstressor,sec,131,46.66666667,212.4
53,250905_SEFL10N6d_B2_stressor2_53_54 Box 1.wmv,1,novstressor,sec,132,53.33333333,173.4333333
53,250905_SEFL10N6d_B2_stressor2_53_54 Box 1.wmv,1,novstressor,sec,133,93.33333333,76.9
53,250905_SEFL10N6d_B2_stressor2_53_54 Box 1.wmv,1,novstressor,sec,134,23.33333333,384.6333333
53,250905_SEFL10N6d_B2_stressor2_53_54 Box 1.wmv,1,novstressor,sec,135,56.66666667,222.6666667
53,250905_SEFL10N6d_B2_stressor2_53_54 Box 1.wmv,1,novstressor,sec,136,0,324.3666667
53,250905_SEFL10N6d_B2_stressor2_53_54 Box 1.wmv,1,novstressor,sec,137,0,560.8666667
53,250905_SEFL10N6d_B2_stressor2_53_54 Box 1.wmv,1,novstressor,sec,138,0,65.46666667
53,250905_SEFL10N6d_B2_stressor2_53_54 Box 1.wmv,1,novstressor,sec,139,0,182.3
53,250905_SEFL10N6d_B2_stressor2_53_54 Box 1.wmv,1,novstressor,sec,140,0,284.8666667
53,250905_SEFL10N6d_B2_stressor2_53_54 Box 1.wmv,1,novstressor,sec,141,90,85.43333333
53,250905_SEFL10N6d_B2_stressor2_53_54 Box 1.wmv,1,novstressor,sec,142,40,320.5333333
53,250905_SEFL10N6d_B2_stressor2_53_54 Box 1.wmv,1,novstressor,sec,143,0,454.4333333
53,250905_SEFL10N6d_B2_stressor2_53_54 Box 1.wmv,1,novstressor,sec,144,0,1548.4
53,250905_SEFL10N6d_B2_stressor2_53_54 Box 1.wmv,1,novstressor,sec,145,0,1372.4
53,250905_SEFL10N6d_B2_stressor2_53_54 Box 1.wmv,1,novstressor,sec,146,0,1209.433333
53,250905_SEFL10N6d_B2_stressor2_53_54 Box 1.wmv,1,novstressor,sec,147,0,844.0666667
53,250905_SEFL10N6d_B2_stressor2_53_54 Box 1.wmv,1,novstressor,sec,148,66.66666667,195.9333333
53,250905_SEFL10N6d_B2_stressor2_53_54 Box 1.wmv,1,novstressor,sec,149,0,666.8333333
53,250905_SEFL10N6d_B2_stressor2_53_54 Box 1.wmv,1,novstressor,sec,150,0,844.4666667
53,250905_SEFL10N6d_B2_stressor2_53_54 Box 1.wmv,1,novstressor,sec,151,0,1789.466667
53,250905_SEFL10N6d_B2_stressor2_53_54 Box 1.wmv,1,novstressor,sec,152,0,960.4
53,250905_SEFL10N6d_B2_stressor2_53_54 Box 1.wmv,1,novstressor,sec,153,0,746.3
53,250905_SEFL10N6d_B2_stressor2_53_54 Box 1.wmv,1,novstressor,sec,154,0,642.0333333
53,250905_SEFL10N6d_B2_stressor2_53_54 Box 1.wmv,1,novstressor,sec,155,0,571.3666667
53,250905_SEFL10N6d_B2_stressor2_53_54 Box 1.wmv,1,novstressor,sec,156,0,1038.433333
53,250905_SEFL10N6d_B2_stressor2_53_54 Box 1.wmv,1,novstressor,sec,157,0,300.9
53,250905_SEFL10N6d_B2_stressor2_53_54 Box 1.wmv,1,novstressor,sec,158,0,339.7666667
53,250905_SEFL10N6d_B2_stressor2_53_54 Box 1.wmv,1,novstressor,sec,159,0,963.9
53,250905_SEFL10N6d_B2_stressor2_53_54 Box 1.wmv,1,novstressor,sec,160,0,423.8333333
53,250905_SEFL10N6d_B2_stressor2_53_54 Box 1.wmv,1,novstressor,sec,161,0,236.3
53,250905_SEFL10N6d_B2_stressor2_53_54 Box 1.wmv,1,novstressor,sec,162,0,320.9666667
53,250905_SEFL10N6d_B2_stressor2_53_54 Box 1.wmv,1,novstressor,sec,163,0,348.4666667
53,250905_SEFL10N6d_B2_stressor2_53_54 Box 1.wmv,1,novstressor,sec,164,0,515.9666667
53,250905_SEFL10N6d_B2_stressor2_53_54 Box 1.wmv,1,novstressor,sec,165,33.33333333,238.0666667
53,250905_SEFL10N6d_B2_stressor2_53_54 Box 1.wmv,1,novstressor,sec,166,100,70.76666667
53,250905_SEFL10N6d_B2_stressor2_53_54 Box 1.wmv,1,novstressor,sec,167,73.33333333,192.6666667
53,250905_SEFL10N6d_B2_stressor2_53_54 Box 1.wmv,1,novstressor,sec,168,0,745.7333333
53,250905_SEFL10N6d_B2_stressor2_53_54 Box 1.wmv,1,novstressor,sec,169,0,369.4666667
53,250905_SEFL10N6d_B2_stressor2_53_54 Box 1.wmv,1,novstressor,sec,170,0,371.7
53,250905_SEFL10N6d_B2_stressor2_53_54 Box 1.wmv,1,novstressor,sec,171,40,234.5333333
53,250905_SEFL10N6d_B2_stressor2_53_54 Box 1.wmv,1,novstressor,sec,172,30,526.4666667
53,250905_SEFL10N6d_B2_stressor2_53_54 Box 1.wmv,1,novstressor,sec,173,0,1767.466667
53,250905_SEFL10N6d_B2_stressor2_53_54 Box 1.wmv,1,novstressor,sec,174,0,1072.1
53,250905_SEFL10N6d_B2_stressor2_53_54 Box 1.wmv,1,novstressor,sec,175,0,1107.666667
53,250905_SEFL10N6d_B2_stressor2_53_54 Box 1.wmv,1,novstressor,sec,176,0,352.4
53,250905_SEFL10N6d_B2_stressor2_53_54 Box 1.wmv,1,novstressor,sec,177,0,634.8333333
53,250905_SEFL10N6d_B2_stressor2_53_54 Box 1.wmv,1,novstressor,sec,178,0,1343.5
53,250905_SEFL10N6d_B2_stressor2_53_54 Box 1.wmv,1,novstressor,sec,179,0,1391.666667
53,250905_SEFL10N6d_B2_stressor2_53_54 Box 1.wmv,1,novstressor,sec,180,0,370.7666667
53,250905_SEFL10N6d_B2_stressor2_53_54 Box 1.wmv,1,novstressor,sec,181,0,1273.166667
53,250905_SEFL10N6d_B2_stressor2_53_54 Box 1.wmv,1,novstressor,sec,182,0,799.1
53,250905_SEFL10N6d_B2_stressor2_53_54 Box 1.wmv,1,novstressor,sec,183,0,1314.733333
53,250905_SEFL10N6d_B2_stressor2_53_54 Box 1.wmv,1,novstressor,sec,184,0,2666.666667
53,250905_SEFL10N6d_B2_stressor2_53_54 Box 1.wmv,1,novstressor,sec,185,76.66666667,191.1666667
53,250905_SEFL10N6d_B2_stressor2_53_54 Box 1.wmv,1,novstressor,sec,186,53.33333333,318.6333333
53,250905_SEFL10N6d_B2_stressor2_53_54 Box 1.wmv,1,novstressor,sec,187,43.33333333,630.7
53,250905_SEFL10N6d_B2_stressor2_53_54 Box 1.wmv,1,novstressor,sec,188,43.33333333,802.1666667
53,250905_SEFL10N6d_B2_stressor2_53_54 Box 1.wmv,1,novstressor,sec,189,100,5.533333333
53,250905_SEFL10N6d_B2_stressor2_53_54 Box 1.wmv,1,novstressor,sec,190,36.66666667,376.3666667
53,250905_SEFL10N6d_B2_stressor2_53_54 Box 1.wmv,1,novstressor,sec,191,0,226.2333333
53,250905_SEFL10N6d_B2_stressor2_53_54 Box 1.wmv,1,novstressor,sec,192,0,598.0666667
53,250905_SEFL10N6d_B2_stressor2_53_54 Box 1.wmv,1,novstressor,sec,193,0,673
53,250905_SEFL10N6d_B2_stressor2_53_54 Box 1.wmv,1,novstressor,sec,194,43.33333333,151.4
53,250905_SEFL10N6d_B2_stressor2_53_54 Box 1.wmv,1,novstressor,sec,195,23.33333333,230.8333333
53,250905_SEFL10N6d_B2_stressor2_53_54 Box 1.wmv,1,novstressor,sec,196,0,449.4333333
53,250905_SEFL10N6d_B2_stressor2_53_54 Box 1.wmv,1,novstressor,sec,197,0,561.7
53,250905_SEFL10N6d_B2_stressor2_53_54 Box 1.wmv,1,novstressor,sec,198,0,255.4
53,250905_SEFL10N6d_B2_stressor2_53_54 Box 1.wmv,1,novstressor,sec,199,0,767.5333333
53,250905_SEFL10N6d_B2_stressor2_53_54 Box 1.wmv,1,novstressor,sec,200,0,346.6333333
53,250905_SEFL10N6d_B2_stressor2_53_54 Box 1.wmv,1,novstressor,sec,201,86.66666667,143.4
53,250905_SEFL10N6d_B2_stressor2_53_54 Box 1.wmv,1,novstressor,sec,202,100,2.966666667
53,250905_SEFL10N6d_B2_stressor2_53_54 Box 1.wmv,1,novstressor,sec,203,100,1.133333333
53,250905_SEFL10N6d_B2_stressor2_53_54 Box 1.wmv,1,novstressor,sec,204,100,0.166666667
53,250905_SEFL10N6d_B2_stressor2_53_54 Box 1.wmv,1,novstressor,sec,205,20,165.2666667
53,250905_SEFL10N6d_B2_stressor2_53_54 Box 1.wmv,1,novstressor,sec,206,13.33333333,241.1333333
53,250905_SEFL10N6d_B2_stressor2_53_54 Box 1.wmv,1,novstressor,sec,207,56.66666667,176
53,250905_SEFL10N6d_B2_stressor2_53_54 Box 1.wmv,1,novstressor,sec,208,20,236.8
53,250905_SEFL10N6d_B2_stressor2_53_54 Box 1.wmv,1,novstressor,sec,209,100,65.66666667
53,250905_SEFL10N6d_B2_stressor2_53_54 Box 1.wmv,1,novstressor,sec,210,100,73.6
53,250905_SEFL10N6d_B2_stressor2_53_54 Box 1.wmv,1,novstressor,sec,211,100,41.23333333
53,250905_SEFL10N6d_B2_stressor2_53_54 Box 1.wmv,1,novstressor,sec,212,100,95.76666667
53,250905_SEFL10N6d_B2_stressor2_53_54 Box 1.wmv,1,novstressor,sec,213,93.33333333,21.93333333
53,250905_SEFL10N6d_B2_stressor2_53_54 Box 1.wmv,1,novstressor,sec,214,96.66666667,123.0666667
53,250905_SEFL10N6d_B2_stressor2_53_54 Box 1.wmv,1,novstressor,sec,215,100,44.03333333
53,250905_SEFL10N6d_B2_stressor2_53_54 Box 1.wmv,1,novstressor,sec,216,23.33333333,223.6666667
53,250905_SEFL10N6d_B2_stressor2_53_54 Box 1.wmv,1,novstressor,sec,217,0,332.9
53,250905_SEFL10N6d_B2_stressor2_53_54 Box 1.wmv,1,novstressor,sec,218,0,241.0666667
53,250905_SEFL10N6d_B2_stressor2_53_54 Box 1.wmv,1,novstressor,sec,219,33.33333333,185.4333333
53,250905_SEFL10N6d_B2_stressor2_53_54 Box 1.wmv,1,novstressor,sec,220,96.66666667,118.4333333
53,250905_SEFL10N6d_B2_stressor2_53_54 Box 1.wmv,1,novstressor,sec,221,100,28.36666667
53,250905_SEFL10N6d_B2_stressor2_53_54 Box 1.wmv,1,novstressor,sec,222,70,84.93333333
53,250905_SEFL10N6d_B2_stressor2_53_54 Box 1.wmv,1,novstressor,sec,223,36.66666667,150.9666667
53,250905_SEFL10N6d_B2_stressor2_53_54 Box 1.wmv,1,novstressor,sec,224,100,43
53,250905_SEFL10N6d_B2_stressor2_53_54 Box 1.wmv,1,novstressor,sec,225,96.66666667,123.2
53,250905_SEFL10N6d_B2_stressor2_53_54 Box 1.wmv,1,novstressor,sec,226,96.66666667,55.2
53,250905_SEFL10N6d_B2_stressor2_53_54 Box 1.wmv,1,novstressor,sec,227,100,79.7
53,250905_SEFL10N6d_B2_stressor2_53_54 Box 1.wmv,1,novstressor,sec,228,66.66666667,145.6333333
53,250905_SEFL10N6d_B2_stressor2_53_54 Box 1.wmv,1,novstressor,sec,229,100,2.066666667
53,250905_SEFL10N6d_B2_stressor2_53_54 Box 1.wmv,1,novstressor,sec,230,86.66666667,96.86666667
53,250905_SEFL10N6d_B2_stressor2_53_54 Box 1.wmv,1,novstressor,sec,231,93.33333333,65.6
53,250905_SEFL10N6d_B2_stressor2_53_54 Box 1.wmv,1,novstressor,sec,232,40,252.5666667
53,250905_SEFL10N6d_B2_stressor2_53_54 Box 1.wmv,1,novstressor,sec,233,83.33333333,116.9666667
53,250905_SEFL10N6d_B2_stressor2_53_54 Box 1.wmv,1,novstressor,sec,234,100,85.26666667
53,250905_SEFL10N6d_B2_stressor2_53_54 Box 1.wmv,1,novstressor,sec,235,96.66666667,61.6
53,250905_SEFL10N6d_B2_stressor2_53_54 Box 1.wmv,1,novstressor,sec,236,100,39.43333333
53,250905_SEFL10N6d_B2_stressor2_53_54 Box 1.wmv,1,novstressor,sec,237,96.66666667,106.2666667
53,250905_SEFL10N6d_B2_stressor2_53_54 Box 1.wmv,1,novstressor,sec,238,13.33333333,281.2666667
53,250905_SEFL10N6d_B2_stressor2_53_54 Box 1.wmv,1,novstressor,sec,239,0,428.8
53,250905_SEFL10N6d_B2_stressor2_53_54 Box 1.wmv,1,novstressor,sec,240,0,364.4666667
53,250905_SEFL10N6d_B2_stressor2_53_54 Box 1.wmv,1,novstressor,sec,241,46.66666667,255.2333333
53,250905_SEFL10N6d_B2_stressor2_53_54 Box 1.wmv,1,novstressor,sec,242,96.66666667,109.4333333
53,250905_SEFL10N6d_B2_stressor2_53_54 Box 1.wmv,1,novstressor,sec,243,83.33333333,114.2333333
53,250905_SEFL10N6d_B2_stressor2_53_54 Box 1.wmv,1,novstressor,sec,244,100,70.13333333
53,250905_SEFL10N6d_B2_stressor2_53_54 Box 1.wmv,1,novstressor,sec,245,70,191.6666667
53,250905_SEFL10N6d_B2_stressor2_53_54 Box 1.wmv,1,novstressor,sec,246,23.33333333,590.6333333
53,250905_SEFL10N6d_B2_stressor2_53_54 Box 1.wmv,1,novstressor,sec,247,0,555.2666667
53,250905_SEFL10N6d_B2_stressor2_53_54 Box 1.wmv,1,novstressor,sec,248,0,665.6
53,250905_SEFL10N6d_B2_stressor2_53_54 Box 1.wmv,1,novstressor,sec,249,0,545.7666667
53,250905_SEFL10N6d_B2_stressor2_53_54 Box 1.wmv,1,novstressor,sec,250,0,516.2333333
53,250905_SEFL10N6d_B2_stressor2_53_54 Box 1.wmv,1,novstressor,sec,251,56.66666667,340.3
53,250905_SEFL10N6d_B2_stressor2_53_54 Box 1.wmv,1,novstressor,sec,252,6.666666667,422.1666667
53,250905_SEFL10N6d_B2_stressor2_53_54 Box 1.wmv,1,novstressor,sec,253,46.66666667,211.1333333
53,250905_SEFL10N6d_B2_stressor2_53_54 Box 1.wmv,1,novstressor,sec,254,60,142.5
53,250905_SEFL10N6d_B2_stressor2_53_54 Box 1.wmv,1,novstressor,sec,255,0,373.6666667
53,250905_SEFL10N6d_B2_stressor2_53_54 Box 1.wmv,1,novstressor,sec,256,0,473.6333333
53,250905_SEFL10N6d_B2_stressor2_53_54 Box 1.wmv,1,novstressor,sec,257,50,288.6333333
53,250905_SEFL10N6d_B2_stressor2_53_54 Box 1.wmv,1,novstressor,sec,258,0,754.4333333
53,250905_SEFL10N6d_B2_stressor2_53_54 Box 1.wmv,1,novstressor,sec,259,0,1048.966667
53,250905_SEFL10N6d_B2_stressor2_53_54 Box 1.wmv,1,novstressor,sec,260,0,325.6
53,250905_SEFL10N6d_B2_stressor2_53_54 Box 1.wmv,1,novstressor,sec,261,0,714.5
53,250905_SEFL10N6d_B2_stressor2_53_54 Box 1.wmv,1,novstressor,sec,262,0,502.3666667
53,250905_SEFL10N6d_B2_stressor2_53_54 Box 1.wmv,1,novstressor,sec,263,0,439.6333333
53,250905_SEFL10N6d_B2_stressor2_53_54 Box 1.wmv,1,novstressor,sec,264,0,346.2333333
53,250905_SEFL10N6d_B2_stressor2_53_54 Box 1.wmv,1,novstressor,sec,265,0,480.6
53,250905_SEFL10N6d_B2_stressor2_53_54 Box 1.wmv,1,novstressor,sec,266,0,544.1666667
53,250905_SEFL10N6d_B2_stressor2_53_54 Box 1.wmv,1,novstressor,sec,267,0,299.2
53,250905_SEFL10N6d_B2_stressor2_53_54 Box 1.wmv,1,novstressor,sec,268,0,637.2333333
53,250905_SEFL10N6d_B2_stressor2_53_54 Box 1.wmv,1,novstressor,sec,269,0,289.9333333
53,250905_SEFL10N6d_B2_stressor2_53_54 Box 1.wmv,1,novstressor,sec,270,0,330.6333333
53,250905_SEFL10N6d_B2_stressor2_53_54 Box 1.wmv,1,novstressor,sec,271,0,207.1
53,250905_SEFL10N6d_B2_stressor2_53_54 Box 1.wmv,1,novstressor,sec,272,0,249.5333333
53,250905_SEFL10N6d_B2_stressor2_53_54 Box 1.wmv,1,novstressor,sec,273,0,247.8333333
53,250905_SEFL10N6d_B2_stressor2_53_54 Box 1.wmv,1,novstressor,sec,274,0,259.7
53,250905_SEFL10N6d_B2_stressor2_53_54 Box 1.wmv,1,novstressor,sec,275,0,562
53,250905_SEFL10N6d_B2_stressor2_53_54 Box 1.wmv,1,novstressor,sec,276,0,380.5333333
53,250905_SEFL10N6d_B2_stressor2_53_54 Box 1.wmv,1,novstressor,sec,277,0,353.1
53,250905_SEFL10N6d_B2_stressor2_53_54 Box 1.wmv,1,novstressor,sec,278,0,523.4
53,250905_SEFL10N6d_B2_stressor2_53_54 Box 1.wmv,1,novstressor,sec,279,0,429.7
53,250905_SEFL10N6d_B2_stressor2_53_54 Box 1.wmv,1,novstressor,sec,280,0,764.1
53,250905_SEFL10N6d_B2_stressor2_53_54 Box 1.wmv,1,novstressor,sec,281,0,1423.3
53,250905_SEFL10N6d_B2_stressor2_53_54 Box 1.wmv,1,novstressor,sec,282,0,388.1
53,250905_SEFL10N6d_B2_stressor2_53_54 Box 1.wmv,1,novstressor,sec,283,0,282.5333333
53,250905_SEFL10N6d_B2_stressor2_53_54 Box 1.wmv,1,novstressor,sec,284,0,423.5333333
53,250905_SEFL10N6d_B2_stressor2_53_54 Box 1.wmv,1,novstressor,sec,285,0,424.4
53,250905_SEFL10N6d_B2_stressor2_53_54 Box 1.wmv,1,novstressor,sec,286,0,275.1333333
53,250905_SEFL10N6d_B2_stressor2_53_54 Box 1.wmv,1,novstressor,sec,287,0,813.9
53,250905_SEFL10N6d_B2_stressor2_53_54 Box 1.wmv,1,novstressor,sec,288,23.33333333,415.7666667
53,250905_SEFL10N6d_B2_stressor2_53_54 Box 1.wmv,1,novstressor,sec,289,70,101.8
53,250905_SEFL10N6d_B2_stressor2_53_54 Box 1.wmv,1,novstressor,sec,290,73.33333333,164.3
53,250905_SEFL10N6d_B2_stressor2_53_54 Box 1.wmv,1,novstressor,sec,291,86.66666667,97.6
53,250905_SEFL10N6d_B2_stressor2_53_54 Box 1.wmv,1,novstressor,sec,292,43.33333333,209.9666667
53,250905_SEFL10N6d_B2_stressor2_53_54 Box 1.wmv,1,novstressor,sec,293,0,447.0333333
53,250905_SEFL10N6d_B2_stressor2_53_54 Box 1.wmv,1,novstressor,sec,294,0,1073.3
53,250905_SEFL10N6d_B2_stressor2_53_54 Box 1.wmv,1,novstressor,sec,295,0,558.5666667
53,250905_SEFL10N6d_B2_stressor2_53_54 Box 1.wmv,1,novstressor,sec,296,0,442.8
53,250905_SEFL10N6d_B2_stressor2_53_54 Box 1.wmv,1,novstressor,sec,297,0,447.4
53,250905_SEFL10N6d_B2_stressor2_53_54 Box 1.wmv,1,novstressor,sec,298,0,305.1333333
53,250905_SEFL10N6d_B2_stressor2_53_54 Box 1.wmv,1,novstressor,sec,299,0,487.0666667
53,250905_SEFL10N6d_B2_stressor2_53_54 Box 1.wmv,1,novstressor,sec,300,63.33333333,254.1666667
53,250905_SEFL10N6d_B2_stressor2_53_54 Box 1.wmv,1,novstressor,sec,301,0,786.5
53,250905_SEFL10N6d_B2_stressor2_53_54 Box 1.wmv,1,novstressor,sec,302,0,813.9
53,250905_SEFL10N6d_B2_stressor2_53_54 Box 1.wmv,1,novstressor,sec,303,0,1418.2
53,250905_SEFL10N6d_B2_stressor2_53_54 Box 1.wmv,1,novstressor,sec,304,0,730.2
53,250905_SEFL10N6d_B2_stressor2_53_54 Box 1.wmv,1,novstressor,sec,305,0,868.9
53,250905_SEFL10N6d_B2_stressor2_53_54 Box 1.wmv,1,novstressor,sec,306,0,707.4333333
53,250905_SEFL10N6d_B2_stressor2_53_54 Box 1.wmv,1,novstressor,sec,307,0,547.4666667
53,250905_SEFL10N6d_B2_stressor2_53_54 Box 1.wmv,1,novstressor,sec,308,0,352.4
53,250905_SEFL10N6d_B2_stressor2_53_54 Box 1.wmv,1,novstressor,sec,309,0,378.1
53,250905_SEFL10N6d_B2_stressor2_53_54 Box 1.wmv,1,novstressor,sec,310,0,419.6333333
53,250905_SEFL10N6d_B2_stressor2_53_54 Box 1.wmv,1,novstressor,sec,311,0,348.7
53,250905_SEFL10N6d_B2_stressor2_53_54 Box 1.wmv,1,novstressor,sec,312,0,406.5666667
53,250905_SEFL10N6d_B2_stressor2_53_54 Box 1.wmv,1,novstressor,sec,313,0,787.0666667
53,250905_SEFL10N6d_B2_stressor2_53_54 Box 1.wmv,1,novstressor,sec,314,0,1013.1
53,250905_SEFL10N6d_B2_stressor2_53_54 Box 1.wmv,1,novstressor,sec,315,0,1248.466667
53,250905_SEFL10N6d_B2_stressor2_53_54 Box 1.wmv,1,novstressor,sec,316,0,722.2333333
53,250905_SEFL10N6d_B2_stressor2_53_54 Box 1.wmv,1,novstressor,sec,317,0,232.6666667
53,250905_SEFL10N6d_B2_stressor2_53_54 Box 1.wmv,1,novstressor,sec,318,70,111.6666667
53,250905_SEFL10N6d_B2_stressor2_53_54 Box 1.wmv,1,novstressor,sec,319,16.66666667,228.8333333
53,250905_SEFL10N6d_B2_stressor2_53_54 Box 1.wmv,1,novstressor,sec,320,0,379.7666667
53,250905_SEFL10N6d_B2_stressor2_53_54 Box 1.wmv,1,novstressor,sec,321,0,382.3
53,250905_SEFL10N6d_B2_stressor2_53_54 Box 1.wmv,1,novstressor,sec,322,0,617.2
53,250905_SEFL10N6d_B2_stressor2_53_54 Box 1.wmv,1,novstressor,sec,323,0,676.7333333
53,250905_SEFL10N6d_B2_stressor2_53_54 Box 1.wmv,1,novstressor,sec,324,66.66666667,74.1
53,250905_SEFL10N6d_B2_stressor2_53_54 Box 1.wmv,1,novstressor,sec,325,100,20.06666667
53,250905_SEFL10N6d_B2_stressor2_53_54 Box 1.wmv,1,novstressor,sec,326,20,684.1666667
53,250905_SEFL10N6d_B2_stressor2_53_54 Box 1.wmv,1,novstressor,sec,327,0,1237.3
53,250905_SEFL10N6d_B2_stressor2_53_54 Box 1.wmv,1,novstressor,sec,328,0,690.8333333
53,250905_SEFL10N6d_B2_stressor2_53_54 Box 1.wmv,1,novstressor,sec,329,0,616.1
53,250905_SEFL10N6d_B2_stressor2_53_54 Box 1.wmv,1,novstressor,sec,330,0,1733.466667
53,250905_SEFL10N6d_B2_stressor2_53_54 Box 1.wmv,1,novstressor,sec,331,0,1117.5
53,250905_SEFL10N6d_B2_stressor2_53_54 Box 1.wmv,1,novstressor,sec,332,0,474.0666667
53,250905_SEFL10N6d_B2_stressor2_53_54 Box 1.wmv,1,novstressor,sec,333,0,565.5333333
53,250905_SEFL10N6d_B2_stressor2_53_54 Box 1.wmv,1,novstressor,sec,334,0,528.3
53,250905_SEFL10N6d_B2_stressor2_53_54 Box 1.wmv,1,novstressor,sec,335,0,365.9333333
53,250905_SEFL10N6d_B2_stressor2_53_54 Box 1.wmv,1,novstressor,sec,336,50,220.3666667
53,250905_SEFL10N6d_B2_stressor2_53_54 Box 1.wmv,1,novstressor,sec,337,0,297.7666667
53,250905_SEFL10N6d_B2_stressor2_53_54 Box 1.wmv,1,novstressor,sec,338,0,713.7
53,250905_SEFL10N6d_B2_stressor2_53_54 Box 1.wmv,1,novstressor,sec,339,0,852.0666667
53,250905_SEFL10N6d_B2_stressor2_53_54 Box 1.wmv,1,novstressor,sec,340,0,440.7
53,250905_SEFL10N6d_B2_stressor2_53_54 Box 1.wmv,1,novstressor,sec,341,0,1367.6
53,250905_SEFL10N6d_B2_stressor2_53_54 Box 1.wmv,1,novstressor,sec,342,0,592.4
53,250905_SEFL10N6d_B2_stressor2_53_54 Box 1.wmv,1,novstressor,sec,343,0,603.5333333
53,250905_SEFL10N6d_B2_stressor2_53_54 Box 1.wmv,1,novstressor,sec,344,63.33333333,111.9666667
53,250905_SEFL10N6d_B2_stressor2_53_54 Box 1.wmv,1,novstressor,sec,345,3.333333333,320.9
53,250905_SEFL10N6d_B2_stressor2_53_54 Box 1.wmv,1,novstressor,sec,346,0,473.6333333
53,250905_SEFL10N6d_B2_stressor2_53_54 Box 1.wmv,1,novstressor,sec,347,0,533.3333333
53,250905_SEFL10N6d_B2_stressor2_53_54 Box 1.wmv,1,novstressor,sec,348,53.33333333,202.1
53,250905_SEFL10N6d_B2_stressor2_53_54 Box 1.wmv,1,novstressor,sec,349,3.333333333,621.5333333
53,250905_SEFL10N6d_B2_stressor2_53_54 Box 1.wmv,1,novstressor,sec,350,0,646.1
53,250905_SEFL10N6d_B2_stressor2_53_54 Box 1.wmv,1,novstressor,sec,351,0,663.9666667
53,250905_SEFL10N6d_B2_stressor2_53_54 Box 1.wmv,1,novstressor,sec,352,0,215.4333333
53,250905_SEFL10N6d_B2_stressor2_53_54 Box 1.wmv,1,novstressor,sec,353,0,325.5333333
53,250905_SEFL10N6d_B2_stressor2_53_54 Box 1.wmv,1,novstressor,sec,354,0,451.5
53,250905_SEFL10N6d_B2_stressor2_53_54 Box 1.wmv,1,novstressor,sec,355,93.33333333,34.26666667
53,250905_SEFL10N6d_B2_stressor2_53_54 Box 1.wmv,1,novstressor,sec,356,16.66666667,279.3333333
53,250905_SEFL10N6d_B2_stressor2_53_54 Box 1.wmv,1,novstressor,sec,357,53.33333333,168.1333333
53,250905_SEFL10N6d_B2_stressor2_53_54 Box 1.wmv,1,novstressor,sec,358,76.66666667,105.5333333
53,250905_SEFL10N6d_B2_stressor2_53_54 Box 1.wmv,1,novstressor,sec,359,40,168.1333333
53,250905_SEFL10N6d_B2_stressor2_53_54 Box 1.wmv,1,novstressor,sec,360,80,102.4333333
53,250905_SEFL10N6d_B2_stressor2_53_54 Box 1.wmv,1,novstressor,sec,361,23.33333333,255
53,250905_SEFL10N6d_B2_stressor2_53_54 Box 1.wmv,1,novstressor,sec,362,100,17.73333333
53,250905_SEFL10N6d_B2_stressor2_53_54 Box 1.wmv,1,novstressor,sec,363,40,198.16
53,250905_SEFL10N6d_B2_stressor2_53_54 Box 1.wmv,1,novstressor,prepost,bl,17.57407407,585.2605556
53,250905_SEFL10N6d_B2_stressor2_53_54 Box 1.wmv,1,novstressor,prepost,post,28.91566265,407.1829472
53,250905_SEFL10N6d_B2_stressor2_53_54 Box 1.wmv,1,novstressor,startle,startle_post,43.33333333,1058.822222
53,250905_SEFL10N6d_B2_stressor2_53_54 Box 1.wmv,1,novstressor,startle,startle_pre,0,1035.311111
53,250905_SEFL10N6d_B2_stressor2_53_54 Box 1.wmv,1,novstressor,startle,startle_startle,0,1129
54,250905_SEFL10N6d_B2_stressor2_53_54 Box 2.wmv,2,novstressor,sec,1,0,891.6
54,250905_SEFL10N6d_B2_stressor2_53_54 Box 2.wmv,2,novstressor,sec,2,0,940.6666667
54,250905_SEFL10N6d_B2_stressor2_53_54 Box 2.wmv,2,novstressor,sec,3,0,984.6333333
54,250905_SEFL10N6d_B2_stressor2_53_54 Box 2.wmv,2,novstressor,sec,4,0,650.7333333
54,250905_SEFL10N6d_B2_stressor2_53_54 Box 2.wmv,2,novstressor,sec,5,0,1198.9
54,250905_SEFL10N6d_B2_stressor2_53_54 Box 2.wmv,2,novstressor,sec,6,0,1743.633333
54,250905_SEFL10N6d_B2_stressor2_53_54 Box 2.wmv,2,novstressor,sec,7,0,1317.2
54,250905_SEFL10N6d_B2_stressor2_53_54 Box 2.wmv,2,novstressor,sec,8,0,475.4
54,250905_SEFL10N6d_B2_stressor2_53_54 Box 2.wmv,2,novstressor,sec,9,0,774.3666667
54,250905_SEFL10N6d_B2_stressor2_53_54 Box 2.wmv,2,novstressor,sec,10,0,823.3666667
54,250905_SEFL10N6d_B2_stressor2_53_54 Box 2.wmv,2,novstressor,sec,11,0,588.9
54,250905_SEFL10N6d_B2_stressor2_53_54 Box 2.wmv,2,novstressor,sec,12,0,735.3
54,250905_SEFL10N6d_B2_stressor2_53_54 Box 2.wmv,2,novstressor,sec,13,0,542.5
54,250905_SEFL10N6d_B2_stressor2_53_54 Box 2.wmv,2,novstressor,sec,14,0,1716.866667
54,250905_SEFL10N6d_B2_stressor2_53_54 Box 2.wmv,2,novstressor,sec,15,0,1949.2
54,250905_SEFL10N6d_B2_stressor2_53_54 Box 2.wmv,2,novstressor,sec,16,0,643.5
54,250905_SEFL10N6d_B2_stressor2_53_54 Box 2.wmv,2,novstressor,sec,17,0,714.9
54,250905_SEFL10N6d_B2_stressor2_53_54 Box 2.wmv,2,novstressor,sec,18,0,604.1
54,250905_SEFL10N6d_B2_stressor2_53_54 Box 2.wmv,2,novstressor,sec,19,0,1079.6
54,250905_SEFL10N6d_B2_stressor2_53_54 Box 2.wmv,2,novstressor,sec,20,0,650.9666667
54,250905_SEFL10N6d_B2_stressor2_53_54 Box 2.wmv,2,novstressor,sec,21,0,1098.466667
54,250905_SEFL10N6d_B2_stressor2_53_54 Box 2.wmv,2,novstressor,sec,22,0,529.1333333
54,250905_SEFL10N6d_B2_stressor2_53_54 Box 2.wmv,2,novstressor,sec,23,0,576.7666667
54,250905_SEFL10N6d_B2_stressor2_53_54 Box 2.wmv,2,novstressor,sec,24,0,716.6333333
54,250905_SEFL10N6d_B2_stressor2_53_54 Box 2.wmv,2,novstressor,sec,25,0,1422
54,250905_SEFL10N6d_B2_stressor2_53_54 Box 2.wmv,2,novstressor,sec,26,0,1755.433333
54,250905_SEFL10N6d_B2_stressor2_53_54 Box 2.wmv,2,novstressor,sec,27,0,801.0333333
54,250905_SEFL10N6d_B2_stressor2_53_54 Box 2.wmv,2,novstressor,sec,28,0,491.4
54,250905_SEFL10N6d_B2_stressor2_53_54 Box 2.wmv,2,novstressor,sec,29,0,627.3
54,250905_SEFL10N6d_B2_stressor2_53_54 Box 2.wmv,2,novstressor,sec,30,0,561.8666667
54,250905_SEFL10N6d_B2_stressor2_53_54 Box 2.wmv,2,novstressor,sec,31,0,1136.1
54,250905_SEFL10N6d_B2_stressor2_53_54 Box 2.wmv,2,novstressor,sec,32,0,652.7666667
54,250905_SEFL10N6d_B2_stressor2_53_54 Box 2.wmv,2,novstressor,sec,33,0,481.3333333
54,250905_SEFL10N6d_B2_stressor2_53_54 Box 2.wmv,2,novstressor,sec,34,0,523.6333333
54,250905_SEFL10N6d_B2_stressor2_53_54 Box 2.wmv,2,novstressor,sec,35,63.33333333,124.6333333
54,250905_SEFL10N6d_B2_stressor2_53_54 Box 2.wmv,2,novstressor,sec,36,0,541.1666667
54,250905_SEFL10N6d_B2_stressor2_53_54 Box 2.wmv,2,novstressor,sec,37,0,1308.533333
54,250905_SEFL10N6d_B2_stressor2_53_54 Box 2.wmv,2,novstressor,sec,38,0,1218.166667
54,250905_SEFL10N6d_B2_stressor2_53_54 Box 2.wmv,2,novstressor,sec,39,0,898.7
54,250905_SEFL10N6d_B2_stressor2_53_54 Box 2.wmv,2,novstressor,sec,40,0,750.9666667
54,250905_SEFL10N6d_B2_stressor2_53_54 Box 2.wmv,2,novstressor,sec,41,0,564.8
54,250905_SEFL10N6d_B2_stressor2_53_54 Box 2.wmv,2,novstressor,sec,42,0,363.5333333
54,250905_SEFL10N6d_B2_stressor2_53_54 Box 2.wmv,2,novstressor,sec,43,0,1097.6
54,250905_SEFL10N6d_B2_stressor2_53_54 Box 2.wmv,2,novstressor,sec,44,0,758.2333333
54,250905_SEFL10N6d_B2_stressor2_53_54 Box 2.wmv,2,novstressor,sec,45,0,795.2333333
54,250905_SEFL10N6d_B2_stressor2_53_54 Box 2.wmv,2,novstressor,sec,46,0,1576.366667
54,250905_SEFL10N6d_B2_stressor2_53_54 Box 2.wmv,2,novstressor,sec,47,0,744.5666667
54,250905_SEFL10N6d_B2_stressor2_53_54 Box 2.wmv,2,novstressor,sec,48,0,380.5333333
54,250905_SEFL10N6d_B2_stressor2_53_54 Box 2.wmv,2,novstressor,sec,49,0,760.9333333
54,250905_SEFL10N6d_B2_stressor2_53_54 Box 2.wmv,2,novstressor,sec,50,0,441.7
54,250905_SEFL10N6d_B2_stressor2_53_54 Box 2.wmv,2,novstressor,sec,51,0,762.2
54,250905_SEFL10N6d_B2_stressor2_53_54 Box 2.wmv,2,novstressor,sec,52,0,509.5666667
54,250905_SEFL10N6d_B2_stressor2_53_54 Box 2.wmv,2,novstressor,sec,53,0,313.7666667
54,250905_SEFL10N6d_B2_stressor2_53_54 Box 2.wmv,2,novstressor,sec,54,0,433.6333333
54,250905_SEFL10N6d_B2_stressor2_53_54 Box 2.wmv,2,novstressor,sec,55,0,654.3666667
54,250905_SEFL10N6d_B2_stressor2_53_54 Box 2.wmv,2,novstressor,sec,56,0,782.7666667
54,250905_SEFL10N6d_B2_stressor2_53_54 Box 2.wmv,2,novstressor,sec,57,0,525.7
54,250905_SEFL10N6d_B2_stressor2_53_54 Box 2.wmv,2,novstressor,sec,58,0,1448.533333
54,250905_SEFL10N6d_B2_stressor2_53_54 Box 2.wmv,2,novstressor,sec,59,0,1262.9
54,250905_SEFL10N6d_B2_stressor2_53_54 Box 2.wmv,2,novstressor,sec,60,0,775
54,250905_SEFL10N6d_B2_stressor2_53_54 Box 2.wmv,2,novstressor,sec,61,0,474.6333333
54,250905_SEFL10N6d_B2_stressor2_53_54 Box 2.wmv,2,novstressor,sec,62,0,633.5333333
54,250905_SEFL10N6d_B2_stressor2_53_54 Box 2.wmv,2,novstressor,sec,63,0,744
54,250905_SEFL10N6d_B2_stressor2_53_54 Box 2.wmv,2,novstressor,sec,64,0,576.0666667
54,250905_SEFL10N6d_B2_stressor2_53_54 Box 2.wmv,2,novstressor,sec,65,0,682.8666667
54,250905_SEFL10N6d_B2_stressor2_53_54 Box 2.wmv,2,novstressor,sec,66,70,158.5666667
54,250905_SEFL10N6d_B2_stressor2_53_54 Box 2.wmv,2,novstressor,sec,67,23.33333333,354.9666667
54,250905_SEFL10N6d_B2_stressor2_53_54 Box 2.wmv,2,novstressor,sec,68,0,672.0666667
54,250905_SEFL10N6d_B2_stressor2_53_54 Box 2.wmv,2,novstressor,sec,69,0,756.3
54,250905_SEFL10N6d_B2_stressor2_53_54 Box 2.wmv,2,novstressor,sec,70,63.33333333,219
54,250905_SEFL10N6d_B2_stressor2_53_54 Box 2.wmv,2,novstressor,sec,71,0,343.0666667
54,250905_SEFL10N6d_B2_stressor2_53_54 Box 2.wmv,2,novstressor,sec,72,0,489.0333333
54,250905_SEFL10N6d_B2_stressor2_53_54 Box 2.wmv,2,novstressor,sec,73,46.66666667,248.3333333
54,250905_SEFL10N6d_B2_stressor2_53_54 Box 2.wmv,2,novstressor,sec,74,6.666666667,308.3666667
54,250905_SEFL10N6d_B2_stressor2_53_54 Box 2.wmv,2,novstressor,sec,75,0,468.1
54,250905_SEFL10N6d_B2_stressor2_53_54 Box 2.wmv,2,novstressor,sec,76,0,729.3666667
54,250905_SEFL10N6d_B2_stressor2_53_54 Box 2.wmv,2,novstressor,sec,77,0,662.8666667
54,250905_SEFL10N6d_B2_stressor2_53_54 Box 2.wmv,2,novstressor,sec,78,0,553.3666667
54,250905_SEFL10N6d_B2_stressor2_53_54 Box 2.wmv,2,novstressor,sec,79,96.66666667,57.7
54,250905_SEFL10N6d_B2_stressor2_53_54 Box 2.wmv,2,novstressor,sec,80,53.33333333,139.0333333
54,250905_SEFL10N6d_B2_stressor2_53_54 Box 2.wmv,2,novstressor,sec,81,0,378.9666667
54,250905_SEFL10N6d_B2_stressor2_53_54 Box 2.wmv,2,novstressor,sec,82,0,578.5
54,250905_SEFL10N6d_B2_stressor2_53_54 Box 2.wmv,2,novstressor,sec,83,0,879.2
54,250905_SEFL10N6d_B2_stressor2_53_54 Box 2.wmv,2,novstressor,sec,84,83.33333333,60.7
54,250905_SEFL10N6d_B2_stressor2_53_54 Box 2.wmv,2,novstressor,sec,85,3.333333333,318.3666667
54,250905_SEFL10N6d_B2_stressor2_53_54 Box 2.wmv,2,novstressor,sec,86,0,337.1333333
54,250905_SEFL10N6d_B2_stressor2_53_54 Box 2.wmv,2,novstressor,sec,87,73.33333333,175.8666667
54,250905_SEFL10N6d_B2_stressor2_53_54 Box 2.wmv,2,novstressor,sec,88,30,226.0333333
54,250905_SEFL10N6d_B2_stressor2_53_54 Box 2.wmv,2,novstressor,sec,89,66.66666667,119.5
54,250905_SEFL10N6d_B2_stressor2_53_54 Box 2.wmv,2,novstressor,sec,90,66.66666667,83.73333333
54,250905_SEFL10N6d_B2_stressor2_53_54 Box 2.wmv,2,novstressor,sec,91,26.66666667,222.9
54,250905_SEFL10N6d_B2_stressor2_53_54 Box 2.wmv,2,novstressor,sec,92,70,163.7
54,250905_SEFL10N6d_B2_stressor2_53_54 Box 2.wmv,2,novstressor,sec,93,80,209.1
54,250905_SEFL10N6d_B2_stressor2_53_54 Box 2.wmv,2,novstressor,sec,94,70,157.6
54,250905_SEFL10N6d_B2_stressor2_53_54 Box 2.wmv,2,novstressor,sec,95,40,599.8
54,250905_SEFL10N6d_B2_stressor2_53_54 Box 2.wmv,2,novstressor,sec,96,0,1248.4
54,250905_SEFL10N6d_B2_stressor2_53_54 Box 2.wmv,2,novstressor,sec,97,0,929.9666667
54,250905_SEFL10N6d_B2_stressor2_53_54 Box 2.wmv,2,novstressor,sec,98,0,384.6333333
54,250905_SEFL10N6d_B2_stressor2_53_54 Box 2.wmv,2,novstressor,sec,99,0,1742.533333
54,250905_SEFL10N6d_B2_stressor2_53_54 Box 2.wmv,2,novstressor,sec,100,0,1585.133333
54,250905_SEFL10N6d_B2_stressor2_53_54 Box 2.wmv,2,novstressor,sec,101,0,1097.033333
54,250905_SEFL10N6d_B2_stressor2_53_54 Box 2.wmv,2,novstressor,sec,102,0,311.2
54,250905_SEFL10N6d_B2_stressor2_53_54 Box 2.wmv,2,novstressor,sec,103,56.66666667,170.1666667
54,250905_SEFL10N6d_B2_stressor2_53_54 Box 2.wmv,2,novstressor,sec,104,0,593.5
54,250905_SEFL10N6d_B2_stressor2_53_54 Box 2.wmv,2,novstressor,sec,105,0,408.0333333
54,250905_SEFL10N6d_B2_stressor2_53_54 Box 2.wmv,2,novstressor,sec,106,0,439.6333333
54,250905_SEFL10N6d_B2_stressor2_53_54 Box 2.wmv,2,novstressor,sec,107,0,770.9
54,250905_SEFL10N6d_B2_stressor2_53_54 Box 2.wmv,2,novstressor,sec,108,0,1408.5
54,250905_SEFL10N6d_B2_stressor2_53_54 Box 2.wmv,2,novstressor,sec,109,0,2479.566667
54,250905_SEFL10N6d_B2_stressor2_53_54 Box 2.wmv,2,novstressor,sec,110,0,1144.8
54,250905_SEFL10N6d_B2_stressor2_53_54 Box 2.wmv,2,novstressor,sec,111,0,611.8
54,250905_SEFL10N6d_B2_stressor2_53_54 Box 2.wmv,2,novstressor,sec,112,0,832.4666667
54,250905_SEFL10N6d_B2_stressor2_53_54 Box 2.wmv,2,novstressor,sec,113,0,580.8
54,250905_SEFL10N6d_B2_stressor2_53_54 Box 2.wmv,2,novstressor,sec,114,0,646.6
54,250905_SEFL10N6d_B2_stressor2_53_54 Box 2.wmv,2,novstressor,sec,115,50,370.4
54,250905_SEFL10N6d_B2_stressor2_53_54 Box 2.wmv,2,novstressor,sec,116,0,214.7333333
54,250905_SEFL10N6d_B2_stressor2_53_54 Box 2.wmv,2,novstressor,sec,117,100,28.3
54,250905_SEFL10N6d_B2_stressor2_53_54 Box 2.wmv,2,novstressor,sec,118,96.66666667,95.53333333
54,250905_SEFL10N6d_B2_stressor2_53_54 Box 2.wmv,2,novstressor,sec,119,10,398.4333333
54,250905_SEFL10N6d_B2_stressor2_53_54 Box 2.wmv,2,novstressor,sec,120,66.66666667,187.9333333
54,250905_SEFL10N6d_B2_stressor2_53_54 Box 2.wmv,2,novstressor,sec,121,50,179.7
54,250905_SEFL10N6d_B2_stressor2_53_54 Box 2.wmv,2,novstressor,sec,122,83.33333333,156.9666667
54,250905_SEFL10N6d_B2_stressor2_53_54 Box 2.wmv,2,novstressor,sec,123,90,64.03333333
54,250905_SEFL10N6d_B2_stressor2_53_54 Box 2.wmv,2,novstressor,sec,124,56.66666667,198.4666667
54,250905_SEFL10N6d_B2_stressor2_53_54 Box 2.wmv,2,novstressor,sec,125,0,870.9666667
54,250905_SEFL10N6d_B2_stressor2_53_54 Box 2.wmv,2,novstressor,sec,126,46.66666667,185.2
54,250905_SEFL10N6d_B2_stressor2_53_54 Box 2.wmv,2,novstressor,sec,127,16.66666667,306.9333333
54,250905_SEFL10N6d_B2_stressor2_53_54 Box 2.wmv,2,novstressor,sec,128,100,57.26666667
54,250905_SEFL10N6d_B2_stressor2_53_54 Box 2.wmv,2,novstressor,sec,129,90,83.8
54,250905_SEFL10N6d_B2_stressor2_53_54 Box 2.wmv,2,novstressor,sec,130,100,2.5
54,250905_SEFL10N6d_B2_stressor2_53_54 Box 2.wmv,2,novstressor,sec,131,70,88.5
54,250905_SEFL10N6d_B2_stressor2_53_54 Box 2.wmv,2,novstressor,sec,132,0,308.2666667
54,250905_SEFL10N6d_B2_stressor2_53_54 Box 2.wmv,2,novstressor,sec,133,80,77.56666667
54,250905_SEFL10N6d_B2_stressor2_53_54 Box 2.wmv,2,novstressor,sec,134,86.66666667,117.8666667
54,250905_SEFL10N6d_B2_stressor2_53_54 Box 2.wmv,2,novstressor,sec,135,100,84.13333333
54,250905_SEFL10N6d_B2_stressor2_53_54 Box 2.wmv,2,novstressor,sec,136,100,0.4
54,250905_SEFL10N6d_B2_stressor2_53_54 Box 2.wmv,2,novstressor,sec,137,10,244.1333333
54,250905_SEFL10N6d_B2_stressor2_53_54 Box 2.wmv,2,novstressor,sec,138,60,104.9333333
54,250905_SEFL10N6d_B2_stressor2_53_54 Box 2.wmv,2,novstressor,sec,139,100,0.3
54,250905_SEFL10N6d_B2_stressor2_53_54 Box 2.wmv,2,novstressor,sec,140,20,251.5
54,250905_SEFL10N6d_B2_stressor2_53_54 Box 2.wmv,2,novstressor,sec,141,0,758.7666667
54,250905_SEFL10N6d_B2_stressor2_53_54 Box 2.wmv,2,novstressor,sec,142,0,610.4666667
54,250905_SEFL10N6d_B2_stressor2_53_54 Box 2.wmv,2,novstressor,sec,143,36.66666667,219.5
54,250905_SEFL10N6d_B2_stressor2_53_54 Box 2.wmv,2,novstressor,sec,144,23.33333333,417.5666667
54,250905_SEFL10N6d_B2_stressor2_53_54 Box 2.wmv,2,novstressor,sec,145,0,401.3333333
54,250905_SEFL10N6d_B2_stressor2_53_54 Box 2.wmv,2,novstressor,sec,146,50,276.2333333
54,250905_SEFL10N6d_B2_stressor2_53_54 Box 2.wmv,2,novstressor,sec,147,0,746.1
54,250905_SEFL10N6d_B2_stressor2_53_54 Box 2.wmv,2,novstressor,sec,148,73.33333333,205.3333333
54,250905_SEFL10N6d_B2_stressor2_53_54 Box 2.wmv,2,novstressor,sec,149,0,496.7333333
54,250905_SEFL10N6d_B2_stressor2_53_54 Box 2.wmv,2,novstressor,sec,150,96.66666667,32.1
54,250905_SEFL10N6d_B2_stressor2_53_54 Box 2.wmv,2,novstressor,sec,151,100,55.9
54,250905_SEFL10N6d_B2_stressor2_53_54 Box 2.wmv,2,novstressor,sec,152,100,0.5
54,250905_SEFL10N6d_B2_stressor2_53_54 Box 2.wmv,2,novstressor,sec,153,0,649
54,250905_SEFL10N6d_B2_stressor2_53_54 Box 2.wmv,2,novstressor,sec,154,0,362
54,250905_SEFL10N6d_B2_stressor2_53_54 Box 2.wmv,2,novstressor,sec,155,0,439.7
54,250905_SEFL10N6d_B2_stressor2_53_54 Box 2.wmv,2,novstressor,sec,156,0,392.8
54,250905_SEFL10N6d_B2_stressor2_53_54 Box 2.wmv,2,novstressor,sec,157,0,566.5
54,250905_SEFL10N6d_B2_stressor2_53_54 Box 2.wmv,2,novstressor,sec,158,0,428.5333333
54,250905_SEFL10N6d_B2_stressor2_53_54 Box 2.wmv,2,novstressor,sec,159,0,382.2666667
54,250905_SEFL10N6d_B2_stressor2_53_54 Box 2.wmv,2,novstressor,sec,160,0,292.7333333
54,250905_SEFL10N6d_B2_stressor2_53_54 Box 2.wmv,2,novstressor,sec,161,36.66666667,257.9
54,250905_SEFL10N6d_B2_stressor2_53_54 Box 2.wmv,2,novstressor,sec,162,40,537.4666667
54,250905_SEFL10N6d_B2_stressor2_53_54 Box 2.wmv,2,novstressor,sec,163,0,921.1
54,250905_SEFL10N6d_B2_stressor2_53_54 Box 2.wmv,2,novstressor,sec,164,0,465.7333333
54,250905_SEFL10N6d_B2_stressor2_53_54 Box 2.wmv,2,novstressor,sec,165,0,1162.666667
54,250905_SEFL10N6d_B2_stressor2_53_54 Box 2.wmv,2,novstressor,sec,166,0,1720.166667
54,250905_SEFL10N6d_B2_stressor2_53_54 Box 2.wmv,2,novstressor,sec,167,0,1359.9
54,250905_SEFL10N6d_B2_stressor2_53_54 Box 2.wmv,2,novstressor,sec,168,23.33333333,222.6333333
54,250905_SEFL10N6d_B2_stressor2_53_54 Box 2.wmv,2,novstressor,sec,169,43.33333333,341.0333333
54,250905_SEFL10N6d_B2_stressor2_53_54 Box 2.wmv,2,novstressor,sec,170,0,319.1
54,250905_SEFL10N6d_B2_stressor2_53_54 Box 2.wmv,2,novstressor,sec,171,0,523.8
54,250905_SEFL10N6d_B2_stressor2_53_54 Box 2.wmv,2,novstressor,sec,172,0,1320.566667
54,250905_SEFL10N6d_B2_stressor2_53_54 Box 2.wmv,2,novstressor,sec,173,3.333333333,1494.6
54,250905_SEFL10N6d_B2_stressor2_53_54 Box 2.wmv,2,novstressor,sec,174,100,62.9
54,250905_SEFL10N6d_B2_stressor2_53_54 Box 2.wmv,2,novstressor,sec,175,30,433.2333333
54,250905_SEFL10N6d_B2_stressor2_53_54 Box 2.wmv,2,novstressor,sec,176,53.33333333,379.7
54,250905_SEFL10N6d_B2_stressor2_53_54 Box 2.wmv,2,novstressor,sec,177,96.66666667,15.03333333
54,250905_SEFL10N6d_B2_stressor2_53_54 Box 2.wmv,2,novstressor,sec,178,0,370.1
54,250905_SEFL10N6d_B2_stressor2_53_54 Box 2.wmv,2,novstressor,sec,179,0,539.4
54,250905_SEFL10N6d_B2_stressor2_53_54 Box 2.wmv,2,novstressor,sec,180,0,603.0666667
54,250905_SEFL10N6d_B2_stressor2_53_54 Box 2.wmv,2,novstressor,sec,181,0,1721.6
54,250905_SEFL10N6d_B2_stressor2_53_54 Box 2.wmv,2,novstressor,sec,182,0,974.5666667
54,250905_SEFL10N6d_B2_stressor2_53_54 Box 2.wmv,2,novstressor,sec,183,40,355.0666667
54,250905_SEFL10N6d_B2_stressor2_53_54 Box 2.wmv,2,novstressor,sec,184,13.33333333,287.6
54,250905_SEFL10N6d_B2_stressor2_53_54 Box 2.wmv,2,novstressor,sec,185,0,304.4333333
54,250905_SEFL10N6d_B2_stressor2_53_54 Box 2.wmv,2,novstressor,sec,186,63.33333333,183.9
54,250905_SEFL10N6d_B2_stressor2_53_54 Box 2.wmv,2,novstressor,sec,187,50,137.9
54,250905_SEFL10N6d_B2_stressor2_53_54 Box 2.wmv,2,novstressor,sec,188,100,0
54,250905_SEFL10N6d_B2_stressor2_53_54 Box 2.wmv,2,novstressor,sec,189,93.33333333,32.6
54,250905_SEFL10N6d_B2_stressor2_53_54 Box 2.wmv,2,novstressor,sec,190,0,812.1
54,250905_SEFL10N6d_B2_stressor2_53_54 Box 2.wmv,2,novstressor,sec,191,0,2072.033333
54,250905_SEFL10N6d_B2_stressor2_53_54 Box 2.wmv,2,novstressor,sec,192,50,642.8666667
54,250905_SEFL10N6d_B2_stressor2_53_54 Box 2.wmv,2,novstressor,sec,193,86.66666667,68.53333333
54,250905_SEFL10N6d_B2_stressor2_53_54 Box 2.wmv,2,novstressor,sec,194,13.33333333,574.0666667
54,250905_SEFL10N6d_B2_stressor2_53_54 Box 2.wmv,2,novstressor,sec,195,0,363.1
54,250905_SEFL10N6d_B2_stressor2_53_54 Box 2.wmv,2,novstressor,sec,196,0,1853.866667
54,250905_SEFL10N6d_B2_stressor2_53_54 Box 2.wmv,2,novstressor,sec,197,86.66666667,55.36666667
54,250905_SEFL10N6d_B2_stressor2_53_54 Box 2.wmv,2,novstressor,sec,198,100,0.966666667
54,250905_SEFL10N6d_B2_stressor2_53_54 Box 2.wmv,2,novstressor,sec,199,20,698.2
54,250905_SEFL10N6d_B2_stressor2_53_54 Box 2.wmv,2,novstressor,sec,200,0,476.2
54,250905_SEFL10N6d_B2_stressor2_53_54 Box 2.wmv,2,novstressor,sec,201,63.33333333,200.3
54,250905_SEFL10N6d_B2_stressor2_53_54 Box 2.wmv,2,novstressor,sec,202,0,412.9333333
54,250905_SEFL10N6d_B2_stressor2_53_54 Box 2.wmv,2,novstressor,sec,203,0,365.5
54,250905_SEFL10N6d_B2_stressor2_53_54 Box 2.wmv,2,novstressor,sec,204,0,269.6
54,250905_SEFL10N6d_B2_stressor2_53_54 Box 2.wmv,2,novstressor,sec,205,0,738.3333333
54,250905_SEFL10N6d_B2_stressor2_53_54 Box 2.wmv,2,novstressor,sec,206,20,565.4666667
54,250905_SEFL10N6d_B2_stressor2_53_54 Box 2.wmv,2,novstressor,sec,207,100,7.733333333
54,250905_SEFL10N6d_B2_stressor2_53_54 Box 2.wmv,2,novstressor,sec,208,100,12.46666667
54,250905_SEFL10N6d_B2_stressor2_53_54 Box 2.wmv,2,novstressor,sec,209,100,15.66666667
54,250905_SEFL10N6d_B2_stressor2_53_54 Box 2.wmv,2,novstressor,sec,210,100,20.23333333
54,250905_SEFL10N6d_B2_stressor2_53_54 Box 2.wmv,2,novstressor,sec,211,100,17.53333333
54,250905_SEFL10N6d_B2_stressor2_53_54 Box 2.wmv,2,novstressor,sec,212,100,22.5
54,250905_SEFL10N6d_B2_stressor2_53_54 Box 2.wmv,2,novstressor,sec,213,13.33333333,614.6666667
54,250905_SEFL10N6d_B2_stressor2_53_54 Box 2.wmv,2,novstressor,sec,214,0,2276.533333
54,250905_SEFL10N6d_B2_stressor2_53_54 Box 2.wmv,2,novstressor,sec,215,3.333333333,777.5666667
54,250905_SEFL10N6d_B2_stressor2_53_54 Box 2.wmv,2,novstressor,sec,216,100,2.9
54,250905_SEFL10N6d_B2_stressor2_53_54 Box 2.wmv,2,novstressor,sec,217,6.666666667,278.0333333
54,250905_SEFL10N6d_B2_stressor2_53_54 Box 2.wmv,2,novstressor,sec,218,23.33333333,413.5666667
54,250905_SEFL10N6d_B2_stressor2_53_54 Box 2.wmv,2,novstressor,sec,219,100,38.06666667
54,250905_SEFL10N6d_B2_stressor2_53_54 Box 2.wmv,2,novstressor,sec,220,100,0
54,250905_SEFL10N6d_B2_stressor2_53_54 Box 2.wmv,2,novstressor,sec,221,100,0
54,250905_SEFL10N6d_B2_stressor2_53_54 Box 2.wmv,2,novstressor,sec,222,100,0
54,250905_SEFL10N6d_B2_stressor2_53_54 Box 2.wmv,2,novstressor,sec,223,100,0
54,250905_SEFL10N6d_B2_stressor2_53_54 Box 2.wmv,2,novstressor,sec,224,20,221.2666667
54,250905_SEFL10N6d_B2_stressor2_53_54 Box 2.wmv,2,novstressor,sec,225,0,389.7
54,250905_SEFL10N6d_B2_stressor2_53_54 Box 2.wmv,2,novstressor,sec,226,76.66666667,183.2666667
54,250905_SEFL10N6d_B2_stressor2_53_54 Box 2.wmv,2,novstressor,sec,227,100,22.6
54,250905_SEFL10N6d_B2_stressor2_53_54 Box 2.wmv,2,novstressor,sec,228,100,0
54,250905_SEFL10N6d_B2_stressor2_53_54 Box 2.wmv,2,novstressor,sec,229,100,0
54,250905_SEFL10N6d_B2_stressor2_53_54 Box 2.wmv,2,novstressor,sec,230,100,0
54,250905_SEFL10N6d_B2_stressor2_53_54 Box 2.wmv,2,novstressor,sec,231,100,0.033333333
54,250905_SEFL10N6d_B2_stressor2_53_54 Box 2.wmv,2,novstressor,sec,232,100,0
54,250905_SEFL10N6d_B2_stressor2_53_54 Box 2.wmv,2,novstressor,sec,233,100,0
54,250905_SEFL10N6d_B2_stressor2_53_54 Box 2.wmv,2,novstressor,sec,234,100,0
54,250905_SEFL10N6d_B2_stressor2_53_54 Box 2.wmv,2,novstressor,sec,235,100,0
54,250905_SEFL10N6d_B2_stressor2_53_54 Box 2.wmv,2,novstressor,sec,236,100,9.733333333
54,250905_SEFL10N6d_B2_stressor2_53_54 Box 2.wmv,2,novstressor,sec,237,0,276.8666667
54,250905_SEFL10N6d_B2_stressor2_53_54 Box 2.wmv,2,novstressor,sec,238,73.33333333,132.4
54,250905_SEFL10N6d_B2_stressor2_53_54 Box 2.wmv,2,novstressor,sec,239,73.33333333,145.7333333
54,250905_SEFL10N6d_B2_stressor2_53_54 Box 2.wmv,2,novstressor,sec,240,90,73.2
54,250905_SEFL10N6d_B2_stressor2_53_54 Box 2.wmv,2,novstressor,sec,241,100,0
54,250905_SEFL10N6d_B2_stressor2_53_54 Box 2.wmv,2,novstressor,sec,242,100,0
54,250905_SEFL10N6d_B2_stressor2_53_54 Box 2.wmv,2,novstressor,sec,243,100,0
54,250905_SEFL10N6d_B2_stressor2_53_54 Box 2.wmv,2,novstressor,sec,244,100,0.133333333
54,250905_SEFL10N6d_B2_stressor2_53_54 Box 2.wmv,2,novstressor,sec,245,73.33333333,110.5
54,250905_SEFL10N6d_B2_stressor2_53_54 Box 2.wmv,2,novstressor,sec,246,40,149.3666667
54,250905_SEFL10N6d_B2_stressor2_53_54 Box 2.wmv,2,novstressor,sec,247,76.66666667,64.1
54,250905_SEFL10N6d_B2_stressor2_53_54 Box 2.wmv,2,novstressor,sec,248,93.33333333,80
54,250905_SEFL10N6d_B2_stressor2_53_54 Box 2.wmv,2,novstressor,sec,249,100,0.266666667
54,250905_SEFL10N6d_B2_stressor2_53_54 Box 2.wmv,2,novstressor,sec,250,56.66666667,86.2
54,250905_SEFL10N6d_B2_stressor2_53_54 Box 2.wmv,2,novstressor,sec,251,56.66666667,155.3333333
54,250905_SEFL10N6d_B2_stressor2_53_54 Box 2.wmv,2,novstressor,sec,252,100,0
54,250905_SEFL10N6d_B2_stressor2_53_54 Box 2.wmv,2,novstressor,sec,253,100,0
54,250905_SEFL10N6d_B2_stressor2_53_54 Box 2.wmv,2,novstressor,sec,254,100,0
54,250905_SEFL10N6d_B2_stressor2_53_54 Box 2.wmv,2,novstressor,sec,255,86.66666667,75.1
54,250905_SEFL10N6d_B2_stressor2_53_54 Box 2.wmv,2,novstressor,sec,256,0,200.2
54,250905_SEFL10N6d_B2_stressor2_53_54 Box 2.wmv,2,novstressor,sec,257,56.66666667,124.0333333
54,250905_SEFL10N6d_B2_stressor2_53_54 Box 2.wmv,2,novstressor,sec,258,86.66666667,90.8
54,250905_SEFL10N6d_B2_stressor2_53_54 Box 2.wmv,2,novstressor,sec,259,100,0.133333333
54,250905_SEFL10N6d_B2_stressor2_53_54 Box 2.wmv,2,novstressor,sec,260,93.33333333,38.93333333
54,250905_SEFL10N6d_B2_stressor2_53_54 Box 2.wmv,2,novstressor,sec,261,66.66666667,125.1333333
54,250905_SEFL10N6d_B2_stressor2_53_54 Box 2.wmv,2,novstressor,sec,262,100,0
54,250905_SEFL10N6d_B2_stressor2_53_54 Box 2.wmv,2,novstressor,sec,263,50,194.6
54,250905_SEFL10N6d_B2_stressor2_53_54 Box 2.wmv,2,novstressor,sec,264,33.33333333,241.2
54,250905_SEFL10N6d_B2_stressor2_53_54 Box 2.wmv,2,novstressor,sec,265,36.66666667,206.9333333
54,250905_SEFL10N6d_B2_stressor2_53_54 Box 2.wmv,2,novstressor,sec,266,70,82.33333333
54,250905_SEFL10N6d_B2_stressor2_53_54 Box 2.wmv,2,novstressor,sec,267,66.66666667,107.7
54,250905_SEFL10N6d_B2_stressor2_53_54 Box 2.wmv,2,novstressor,sec,268,83.33333333,67.86666667
54,250905_SEFL10N6d_B2_stressor2_53_54 Box 2.wmv,2,novstressor,sec,269,100,0
54,250905_SEFL10N6d_B2_stressor2_53_54 Box 2.wmv,2,novstressor,sec,270,90,66.93333333
54,250905_SEFL10N6d_B2_stressor2_53_54 Box 2.wmv,2,novstressor,sec,271,56.66666667,168.2666667
54,250905_SEFL10N6d_B2_stressor2_53_54 Box 2.wmv,2,novstressor,sec,272,93.33333333,44.36666667
54,250905_SEFL10N6d_B2_stressor2_53_54 Box 2.wmv,2,novstressor,sec,273,100,0.066666667
54,250905_SEFL10N6d_B2_stressor2_53_54 Box 2.wmv,2,novstressor,sec,274,40,270.0333333
54,250905_SEFL10N6d_B2_stressor2_53_54 Box 2.wmv,2,novstressor,sec,275,63.33333333,175.4666667
54,250905_SEFL10N6d_B2_stressor2_53_54 Box 2.wmv,2,novstressor,sec,276,16.66666667,252.7333333
54,250905_SEFL10N6d_B2_stressor2_53_54 Box 2.wmv,2,novstressor,sec,277,100,36.9
54,250905_SEFL10N6d_B2_stressor2_53_54 Box 2.wmv,2,novstressor,sec,278,86.66666667,124.3666667
54,250905_SEFL10N6d_B2_stressor2_53_54 Box 2.wmv,2,novstressor,sec,279,50,159.8
54,250905_SEFL10N6d_B2_stressor2_53_54 Box 2.wmv,2,novstressor,sec,280,100,0.366666667
54,250905_SEFL10N6d_B2_stressor2_53_54 Box 2.wmv,2,novstressor,sec,281,100,0.033333333
54,250905_SEFL10N6d_B2_stressor2_53_54 Box 2.wmv,2,novstressor,sec,282,50,185.0333333
54,250905_SEFL10N6d_B2_stressor2_53_54 Box 2.wmv,2,novstressor,sec,283,0,413.9666667
54,250905_SEFL10N6d_B2_stressor2_53_54 Box 2.wmv,2,novstressor,sec,284,13.33333333,284.4
54,250905_SEFL10N6d_B2_stressor2_53_54 Box 2.wmv,2,novstressor,sec,285,100,3.166666667
54,250905_SEFL10N6d_B2_stressor2_53_54 Box 2.wmv,2,novstressor,sec,286,50,123
54,250905_SEFL10N6d_B2_stressor2_53_54 Box 2.wmv,2,novstressor,sec,287,100,32.2
54,250905_SEFL10N6d_B2_stressor2_53_54 Box 2.wmv,2,novstressor,sec,288,76.66666667,68.46666667
54,250905_SEFL10N6d_B2_stressor2_53_54 Box 2.wmv,2,novstressor,sec,289,0,275.6333333
54,250905_SEFL10N6d_B2_stressor2_53_54 Box 2.wmv,2,novstressor,sec,290,73.33333333,118.7
54,250905_SEFL10N6d_B2_stressor2_53_54 Box 2.wmv,2,novstressor,sec,291,40,236.2
54,250905_SEFL10N6d_B2_stressor2_53_54 Box 2.wmv,2,novstressor,sec,292,0,621.9333333
54,250905_SEFL10N6d_B2_stressor2_53_54 Box 2.wmv,2,novstressor,sec,293,0,465.4
54,250905_SEFL10N6d_B2_stressor2_53_54 Box 2.wmv,2,novstressor,sec,294,0,387.5666667
54,250905_SEFL10N6d_B2_stressor2_53_54 Box 2.wmv,2,novstressor,sec,295,0,278.8666667
54,250905_SEFL10N6d_B2_stressor2_53_54 Box 2.wmv,2,novstressor,sec,296,0,426.4333333
54,250905_SEFL10N6d_B2_stressor2_53_54 Box 2.wmv,2,novstressor,sec,297,0,263.7
54,250905_SEFL10N6d_B2_stressor2_53_54 Box 2.wmv,2,novstressor,sec,298,0,917.7333333
54,250905_SEFL10N6d_B2_stressor2_53_54 Box 2.wmv,2,novstressor,sec,299,30,385.1
54,250905_SEFL10N6d_B2_stressor2_53_54 Box 2.wmv,2,novstressor,sec,300,100,2.933333333
54,250905_SEFL10N6d_B2_stressor2_53_54 Box 2.wmv,2,novstressor,sec,301,3.333333333,368.9333333
54,250905_SEFL10N6d_B2_stressor2_53_54 Box 2.wmv,2,novstressor,sec,302,0,938.4666667
54,250905_SEFL10N6d_B2_stressor2_53_54 Box 2.wmv,2,novstressor,sec,303,0,651.3666667
54,250905_SEFL10N6d_B2_stressor2_53_54 Box 2.wmv,2,novstressor,sec,304,43.33333333,262.3666667
54,250905_SEFL10N6d_B2_stressor2_53_54 Box 2.wmv,2,novstressor,sec,305,56.66666667,104.5333333
54,250905_SEFL10N6d_B2_stressor2_53_54 Box 2.wmv,2,novstressor,sec,306,100,113.6333333
54,250905_SEFL10N6d_B2_stressor2_53_54 Box 2.wmv,2,novstressor,sec,307,6.666666667,612.8666667
54,250905_SEFL10N6d_B2_stressor2_53_54 Box 2.wmv,2,novstressor,sec,308,0,707.9
54,250905_SEFL10N6d_B2_stressor2_53_54 Box 2.wmv,2,novstressor,sec,309,0,676.5333333
54,250905_SEFL10N6d_B2_stressor2_53_54 Box 2.wmv,2,novstressor,sec,310,56.66666667,220.5333333
54,250905_SEFL10N6d_B2_stressor2_53_54 Box 2.wmv,2,novstressor,sec,311,10,229.1
54,250905_SEFL10N6d_B2_stressor2_53_54 Box 2.wmv,2,novstressor,sec,312,50,224.2666667
54,250905_SEFL10N6d_B2_stressor2_53_54 Box 2.wmv,2,novstressor,sec,313,0,529.1
54,250905_SEFL10N6d_B2_stressor2_53_54 Box 2.wmv,2,novstressor,sec,314,0,336.0666667
54,250905_SEFL10N6d_B2_stressor2_53_54 Box 2.wmv,2,novstressor,sec,315,0,707.5333333
54,250905_SEFL10N6d_B2_stressor2_53_54 Box 2.wmv,2,novstressor,sec,316,0,863.6333333
54,250905_SEFL10N6d_B2_stressor2_53_54 Box 2.wmv,2,novstressor,sec,317,0,375.5666667
54,250905_SEFL10N6d_B2_stressor2_53_54 Box 2.wmv,2,novstressor,sec,318,0,298.8333333
54,250905_SEFL10N6d_B2_stressor2_53_54 Box 2.wmv,2,novstressor,sec,319,86.66666667,175.2666667
54,250905_SEFL10N6d_B2_stressor2_53_54 Box 2.wmv,2,novstressor,sec,320,70,194.2
54,250905_SEFL10N6d_B2_stressor2_53_54 Box 2.wmv,2,novstressor,sec,321,0,254.8
54,250905_SEFL10N6d_B2_stressor2_53_54 Box 2.wmv,2,novstressor,sec,322,0,253.7666667
54,250905_SEFL10N6d_B2_stressor2_53_54 Box 2.wmv,2,novstressor,sec,323,70,172.7333333
54,250905_SEFL10N6d_B2_stressor2_53_54 Box 2.wmv,2,novstressor,sec,324,80,111.9
54,250905_SEFL10N6d_B2_stressor2_53_54 Box 2.wmv,2,novstressor,sec,325,100,1.7
54,250905_SEFL10N6d_B2_stressor2_53_54 Box 2.wmv,2,novstressor,sec,326,16.66666667,234.3
54,250905_SEFL10N6d_B2_stressor2_53_54 Box 2.wmv,2,novstressor,sec,327,0,282.5333333
54,250905_SEFL10N6d_B2_stressor2_53_54 Box 2.wmv,2,novstressor,sec,328,0,217.4
54,250905_SEFL10N6d_B2_stressor2_53_54 Box 2.wmv,2,novstressor,sec,329,0,234.5333333
54,250905_SEFL10N6d_B2_stressor2_53_54 Box 2.wmv,2,novstressor,sec,330,76.66666667,130.4333333
54,250905_SEFL10N6d_B2_stressor2_53_54 Box 2.wmv,2,novstressor,sec,331,63.33333333,143.6333333
54,250905_SEFL10N6d_B2_stressor2_53_54 Box 2.wmv,2,novstressor,sec,332,33.33333333,340.2333333
54,250905_SEFL10N6d_B2_stressor2_53_54 Box 2.wmv,2,novstressor,sec,333,36.66666667,141.4666667
54,250905_SEFL10N6d_B2_stressor2_53_54 Box 2.wmv,2,novstressor,sec,334,100,6.933333333
54,250905_SEFL10N6d_B2_stressor2_53_54 Box 2.wmv,2,novstressor,sec,335,100,0.133333333
54,250905_SEFL10N6d_B2_stressor2_53_54 Box 2.wmv,2,novstressor,sec,336,50,146.8666667
54,250905_SEFL10N6d_B2_stressor2_53_54 Box 2.wmv,2,novstressor,sec,337,0,216.6
54,250905_SEFL10N6d_B2_stressor2_53_54 Box 2.wmv,2,novstressor,sec,338,0,447.5333333
54,250905_SEFL10N6d_B2_stressor2_53_54 Box 2.wmv,2,novstressor,sec,339,0,469.3666667
54,250905_SEFL10N6d_B2_stressor2_53_54 Box 2.wmv,2,novstressor,sec,340,0,396.2333333
54,250905_SEFL10N6d_B2_stressor2_53_54 Box 2.wmv,2,novstressor,sec,341,0,389.3666667
54,250905_SEFL10N6d_B2_stressor2_53_54 Box 2.wmv,2,novstressor,sec,342,0,824.5333333
54,250905_SEFL10N6d_B2_stressor2_53_54 Box 2.wmv,2,novstressor,sec,343,0,862.7
54,250905_SEFL10N6d_B2_stressor2_53_54 Box 2.wmv,2,novstressor,sec,344,0,1497.766667
54,250905_SEFL10N6d_B2_stressor2_53_54 Box 2.wmv,2,novstressor,sec,345,13.33333333,381.5333333
54,250905_SEFL10N6d_B2_stressor2_53_54 Box 2.wmv,2,novstressor,sec,346,93.33333333,51.03333333
54,250905_SEFL10N6d_B2_stressor2_53_54 Box 2.wmv,2,novstressor,sec,347,0,850.8
54,250905_SEFL10N6d_B2_stressor2_53_54 Box 2.wmv,2,novstressor,sec,348,0,605.2666667
54,250905_SEFL10N6d_B2_stressor2_53_54 Box 2.wmv,2,novstressor,sec,349,0,372.8666667
54,250905_SEFL10N6d_B2_stressor2_53_54 Box 2.wmv,2,novstressor,sec,350,0,286.5
54,250905_SEFL10N6d_B2_stressor2_53_54 Box 2.wmv,2,novstressor,sec,351,0,367.1666667
54,250905_SEFL10N6d_B2_stressor2_53_54 Box 2.wmv,2,novstressor,sec,352,0,516.3
54,250905_SEFL10N6d_B2_stressor2_53_54 Box 2.wmv,2,novstressor,sec,353,73.33333333,143.3333333
54,250905_SEFL10N6d_B2_stressor2_53_54 Box 2.wmv,2,novstressor,sec,354,13.33333333,542.2333333
54,250905_SEFL10N6d_B2_stressor2_53_54 Box 2.wmv,2,novstressor,sec,355,0,572.1666667
54,250905_SEFL10N6d_B2_stressor2_53_54 Box 2.wmv,2,novstressor,sec,356,90,75.43333333
54,250905_SEFL10N6d_B2_stressor2_53_54 Box 2.wmv,2,novstressor,sec,357,0,1251.666667
54,250905_SEFL10N6d_B2_stressor2_53_54 Box 2.wmv,2,novstressor,sec,358,0,1237.266667
54,250905_SEFL10N6d_B2_stressor2_53_54 Box 2.wmv,2,novstressor,sec,359,0,265.8666667
54,250905_SEFL10N6d_B2_stressor2_53_54 Box 2.wmv,2,novstressor,sec,360,0,789.5
54,250905_SEFL10N6d_B2_stressor2_53_54 Box 2.wmv,2,novstressor,sec,361,0,269.9
54,250905_SEFL10N6d_B2_stressor2_53_54 Box 2.wmv,2,novstressor,sec,362,0,332.2666667
54,250905_SEFL10N6d_B2_stressor2_53_54 Box 2.wmv,2,novstressor,sec,363,0,467.16
54,250905_SEFL10N6d_B2_stressor2_53_54 Box 2.wmv,2,novstressor,prepost,bl,19.88888889,593.4735185
54,250905_SEFL10N6d_B2_stressor2_53_54 Box 2.wmv,2,novstressor,prepost,post,47.76645042,287.6404078
54,250905_SEFL10N6d_B2_stressor2_53_54 Box 2.wmv,2,novstressor,startle,startle_post,25.55555556,258.6444444
54,250905_SEFL10N6d_B2_stressor2_53_54 Box 2.wmv,2,novstressor,startle,startle_pre,0,504.1888889
54,250905_SEFL10N6d_B2_stressor2_53_54 Box 2.wmv,2,novstressor,startle,startle_startle,13.33333333,1017.077778
55,250905_SEFL10N6d_B2_stressor2_55_56 Box 1.wmv,1,novstressor,sec,1,0,1658.4
55,250905_SEFL10N6d_B2_stressor2_55_56 Box 1.wmv,1,novstressor,sec,2,0,1051.366667
55,250905_SEFL10N6d_B2_stressor2_55_56 Box 1.wmv,1,novstressor,sec,3,20,272.6333333
55,250905_SEFL10N6d_B2_stressor2_55_56 Box 1.wmv,1,novstressor,sec,4,56.66666667,371.9
55,250905_SEFL10N6d_B2_stressor2_55_56 Box 1.wmv,1,novstressor,sec,5,0,1503.733333
55,250905_SEFL10N6d_B2_stressor2_55_56 Box 1.wmv,1,novstressor,sec,6,0,502.6666667
55,250905_SEFL10N6d_B2_stressor2_55_56 Box 1.wmv,1,novstressor,sec,7,0,676.7333333
55,250905_SEFL10N6d_B2_stressor2_55_56 Box 1.wmv,1,novstressor,sec,8,0,735.9
55,250905_SEFL10N6d_B2_stressor2_55_56 Box 1.wmv,1,novstressor,sec,9,0,633.4666667
55,250905_SEFL10N6d_B2_stressor2_55_56 Box 1.wmv,1,novstressor,sec,10,76.66666667,118.7666667
55,250905_SEFL10N6d_B2_stressor2_55_56 Box 1.wmv,1,novstressor,sec,11,30,657.9
55,250905_SEFL10N6d_B2_stressor2_55_56 Box 1.wmv,1,novstressor,sec,12,0,924.8333333
55,250905_SEFL10N6d_B2_stressor2_55_56 Box 1.wmv,1,novstressor,sec,13,33.33333333,320.7
55,250905_SEFL10N6d_B2_stressor2_55_56 Box 1.wmv,1,novstressor,sec,14,40,380.2
55,250905_SEFL10N6d_B2_stressor2_55_56 Box 1.wmv,1,novstressor,sec,15,0,907.0333333
55,250905_SEFL10N6d_B2_stressor2_55_56 Box 1.wmv,1,novstressor,sec,16,0,482
55,250905_SEFL10N6d_B2_stressor2_55_56 Box 1.wmv,1,novstressor,sec,17,0,896.1333333
55,250905_SEFL10N6d_B2_stressor2_55_56 Box 1.wmv,1,novstressor,sec,18,0,1430.266667
55,250905_SEFL10N6d_B2_stressor2_55_56 Box 1.wmv,1,novstressor,sec,19,0,1463.5
55,250905_SEFL10N6d_B2_stressor2_55_56 Box 1.wmv,1,novstressor,sec,20,0,680.9666667
55,250905_SEFL10N6d_B2_stressor2_55_56 Box 1.wmv,1,novstressor,sec,21,56.66666667,180.7333333
55,250905_SEFL10N6d_B2_stressor2_55_56 Box 1.wmv,1,novstressor,sec,22,50,194.2666667
55,250905_SEFL10N6d_B2_stressor2_55_56 Box 1.wmv,1,novstressor,sec,23,3.333333333,189.9
55,250905_SEFL10N6d_B2_stressor2_55_56 Box 1.wmv,1,novstressor,sec,24,0,287.9
55,250905_SEFL10N6d_B2_stressor2_55_56 Box 1.wmv,1,novstressor,sec,25,0,703.1333333
55,250905_SEFL10N6d_B2_stressor2_55_56 Box 1.wmv,1,novstressor,sec,26,0,640.8
55,250905_SEFL10N6d_B2_stressor2_55_56 Box 1.wmv,1,novstressor,sec,27,66.66666667,138.4
55,250905_SEFL10N6d_B2_stressor2_55_56 Box 1.wmv,1,novstressor,sec,28,100,42.1
55,250905_SEFL10N6d_B2_stressor2_55_56 Box 1.wmv,1,novstressor,sec,29,56.66666667,164.4333333
55,250905_SEFL10N6d_B2_stressor2_55_56 Box 1.wmv,1,novstressor,sec,30,60,144.6333333
55,250905_SEFL10N6d_B2_stressor2_55_56 Box 1.wmv,1,novstressor,sec,31,43.33333333,291.5666667
55,250905_SEFL10N6d_B2_stressor2_55_56 Box 1.wmv,1,novstressor,sec,32,63.33333333,268.1
55,250905_SEFL10N6d_B2_stressor2_55_56 Box 1.wmv,1,novstressor,sec,33,0,261
55,250905_SEFL10N6d_B2_stressor2_55_56 Box 1.wmv,1,novstressor,sec,34,0,303.6333333
55,250905_SEFL10N6d_B2_stressor2_55_56 Box 1.wmv,1,novstressor,sec,35,60,259.2
55,250905_SEFL10N6d_B2_stressor2_55_56 Box 1.wmv,1,novstressor,sec,36,90,87.4
55,250905_SEFL10N6d_B2_stressor2_55_56 Box 1.wmv,1,novstressor,sec,37,33.33333333,146.3
55,250905_SEFL10N6d_B2_stressor2_55_56 Box 1.wmv,1,novstressor,sec,38,63.33333333,154.2
55,250905_SEFL10N6d_B2_stressor2_55_56 Box 1.wmv,1,novstressor,sec,39,83.33333333,65.5
55,250905_SEFL10N6d_B2_stressor2_55_56 Box 1.wmv,1,novstressor,sec,40,66.66666667,168.4333333
55,250905_SEFL10N6d_B2_stressor2_55_56 Box 1.wmv,1,novstressor,sec,41,66.66666667,131
55,250905_SEFL10N6d_B2_stressor2_55_56 Box 1.wmv,1,novstressor,sec,42,33.33333333,390.0666667
55,250905_SEFL10N6d_B2_stressor2_55_56 Box 1.wmv,1,novstressor,sec,43,33.33333333,430.0333333
55,250905_SEFL10N6d_B2_stressor2_55_56 Box 1.wmv,1,novstressor,sec,44,33.33333333,421.7666667
55,250905_SEFL10N6d_B2_stressor2_55_56 Box 1.wmv,1,novstressor,sec,45,0,880.2666667
55,250905_SEFL10N6d_B2_stressor2_55_56 Box 1.wmv,1,novstressor,sec,46,0,823.0333333
55,250905_SEFL10N6d_B2_stressor2_55_56 Box 1.wmv,1,novstressor,sec,47,0,766.9333333
55,250905_SEFL10N6d_B2_stressor2_55_56 Box 1.wmv,1,novstressor,sec,48,0,757.2
55,250905_SEFL10N6d_B2_stressor2_55_56 Box 1.wmv,1,novstressor,sec,49,0,1144.566667
55,250905_SEFL10N6d_B2_stressor2_55_56 Box 1.wmv,1,novstressor,sec,50,0,216.3666667
55,250905_SEFL10N6d_B2_stressor2_55_56 Box 1.wmv,1,novstressor,sec,51,0,699.4333333
55,250905_SEFL10N6d_B2_stressor2_55_56 Box 1.wmv,1,novstressor,sec,52,0,1016.1
55,250905_SEFL10N6d_B2_stressor2_55_56 Box 1.wmv,1,novstressor,sec,53,0,396.4666667
55,250905_SEFL10N6d_B2_stressor2_55_56 Box 1.wmv,1,novstressor,sec,54,0,862.6666667
55,250905_SEFL10N6d_B2_stressor2_55_56 Box 1.wmv,1,novstressor,sec,55,66.66666667,190.9333333
55,250905_SEFL10N6d_B2_stressor2_55_56 Box 1.wmv,1,novstressor,sec,56,30,1084
55,250905_SEFL10N6d_B2_stressor2_55_56 Box 1.wmv,1,novstressor,sec,57,0,1416.8
55,250905_SEFL10N6d_B2_stressor2_55_56 Box 1.wmv,1,novstressor,sec,58,10,372.0333333
55,250905_SEFL10N6d_B2_stressor2_55_56 Box 1.wmv,1,novstressor,sec,59,90,102
55,250905_SEFL10N6d_B2_stressor2_55_56 Box 1.wmv,1,novstressor,sec,60,0,205.2333333
55,250905_SEFL10N6d_B2_stressor2_55_56 Box 1.wmv,1,novstressor,sec,61,46.66666667,247.2666667
55,250905_SEFL10N6d_B2_stressor2_55_56 Box 1.wmv,1,novstressor,sec,62,86.66666667,75.73333333
55,250905_SEFL10N6d_B2_stressor2_55_56 Box 1.wmv,1,novstressor,sec,63,0,329.4
55,250905_SEFL10N6d_B2_stressor2_55_56 Box 1.wmv,1,novstressor,sec,64,0,369.3
55,250905_SEFL10N6d_B2_stressor2_55_56 Box 1.wmv,1,novstressor,sec,65,0,405.3
55,250905_SEFL10N6d_B2_stressor2_55_56 Box 1.wmv,1,novstressor,sec,66,0,584.7666667
55,250905_SEFL10N6d_B2_stressor2_55_56 Box 1.wmv,1,novstressor,sec,67,0,713.1
55,250905_SEFL10N6d_B2_stressor2_55_56 Box 1.wmv,1,novstressor,sec,68,0,794.7333333
55,250905_SEFL10N6d_B2_stressor2_55_56 Box 1.wmv,1,novstressor,sec,69,0,1013.366667
55,250905_SEFL10N6d_B2_stressor2_55_56 Box 1.wmv,1,novstressor,sec,70,0,593.5
55,250905_SEFL10N6d_B2_stressor2_55_56 Box 1.wmv,1,novstressor,sec,71,0,695.1666667
55,250905_SEFL10N6d_B2_stressor2_55_56 Box 1.wmv,1,novstressor,sec,72,0,661.1
55,250905_SEFL10N6d_B2_stressor2_55_56 Box 1.wmv,1,novstressor,sec,73,0,286.2
55,250905_SEFL10N6d_B2_stressor2_55_56 Box 1.wmv,1,novstressor,sec,74,0,329.5666667
55,250905_SEFL10N6d_B2_stressor2_55_56 Box 1.wmv,1,novstressor,sec,75,60,133.2666667
55,250905_SEFL10N6d_B2_stressor2_55_56 Box 1.wmv,1,novstressor,sec,76,0,221.9333333
55,250905_SEFL10N6d_B2_stressor2_55_56 Box 1.wmv,1,novstressor,sec,77,6.666666667,555.0666667
55,250905_SEFL10N6d_B2_stressor2_55_56 Box 1.wmv,1,novstressor,sec,78,100,24.76666667
55,250905_SEFL10N6d_B2_stressor2_55_56 Box 1.wmv,1,novstressor,sec,79,100,9.066666667
55,250905_SEFL10N6d_B2_stressor2_55_56 Box 1.wmv,1,novstressor,sec,80,90,87.96666667
55,250905_SEFL10N6d_B2_stressor2_55_56 Box 1.wmv,1,novstressor,sec,81,0,403.8
55,250905_SEFL10N6d_B2_stressor2_55_56 Box 1.wmv,1,novstressor,sec,82,100,9.933333333
55,250905_SEFL10N6d_B2_stressor2_55_56 Box 1.wmv,1,novstressor,sec,83,46.66666667,251.5666667
55,250905_SEFL10N6d_B2_stressor2_55_56 Box 1.wmv,1,novstressor,sec,84,0,388.8
55,250905_SEFL10N6d_B2_stressor2_55_56 Box 1.wmv,1,novstressor,sec,85,0,850.2
55,250905_SEFL10N6d_B2_stressor2_55_56 Box 1.wmv,1,novstressor,sec,86,0,361.8666667
55,250905_SEFL10N6d_B2_stressor2_55_56 Box 1.wmv,1,novstressor,sec,87,0,762.6666667
55,250905_SEFL10N6d_B2_stressor2_55_56 Box 1.wmv,1,novstressor,sec,88,0,302.4333333
55,250905_SEFL10N6d_B2_stressor2_55_56 Box 1.wmv,1,novstressor,sec,89,0,362.9666667
55,250905_SEFL10N6d_B2_stressor2_55_56 Box 1.wmv,1,novstressor,sec,90,0,723.2666667
55,250905_SEFL10N6d_B2_stressor2_55_56 Box 1.wmv,1,novstressor,sec,91,23.33333333,258.8
55,250905_SEFL10N6d_B2_stressor2_55_56 Box 1.wmv,1,novstressor,sec,92,96.66666667,53.4
55,250905_SEFL10N6d_B2_stressor2_55_56 Box 1.wmv,1,novstressor,sec,93,0,750.4
55,250905_SEFL10N6d_B2_stressor2_55_56 Box 1.wmv,1,novstressor,sec,94,0,587.4333333
55,250905_SEFL10N6d_B2_stressor2_55_56 Box 1.wmv,1,novstressor,sec,95,0,384.2
55,250905_SEFL10N6d_B2_stressor2_55_56 Box 1.wmv,1,novstressor,sec,96,0,1211.2
55,250905_SEFL10N6d_B2_stressor2_55_56 Box 1.wmv,1,novstressor,sec,97,0,393.5666667
55,250905_SEFL10N6d_B2_stressor2_55_56 Box 1.wmv,1,novstressor,sec,98,0,1056.133333
55,250905_SEFL10N6d_B2_stressor2_55_56 Box 1.wmv,1,novstressor,sec,99,0,580.0666667
55,250905_SEFL10N6d_B2_stressor2_55_56 Box 1.wmv,1,novstressor,sec,100,0,1305.766667
55,250905_SEFL10N6d_B2_stressor2_55_56 Box 1.wmv,1,novstressor,sec,101,0,1618.766667
55,250905_SEFL10N6d_B2_stressor2_55_56 Box 1.wmv,1,novstressor,sec,102,0,969.0333333
55,250905_SEFL10N6d_B2_stressor2_55_56 Box 1.wmv,1,novstressor,sec,103,0,864.2666667
55,250905_SEFL10N6d_B2_stressor2_55_56 Box 1.wmv,1,novstressor,sec,104,86.66666667,224.6
55,250905_SEFL10N6d_B2_stressor2_55_56 Box 1.wmv,1,novstressor,sec,105,0,982
55,250905_SEFL10N6d_B2_stressor2_55_56 Box 1.wmv,1,novstressor,sec,106,0,694.7666667
55,250905_SEFL10N6d_B2_stressor2_55_56 Box 1.wmv,1,novstressor,sec,107,0,528.7666667
55,250905_SEFL10N6d_B2_stressor2_55_56 Box 1.wmv,1,novstressor,sec,108,0,329.2666667
55,250905_SEFL10N6d_B2_stressor2_55_56 Box 1.wmv,1,novstressor,sec,109,0,264.4
55,250905_SEFL10N6d_B2_stressor2_55_56 Box 1.wmv,1,novstressor,sec,110,0,594.7666667
55,250905_SEFL10N6d_B2_stressor2_55_56 Box 1.wmv,1,novstressor,sec,111,0,233.1
55,250905_SEFL10N6d_B2_stressor2_55_56 Box 1.wmv,1,novstressor,sec,112,0,390.6333333
55,250905_SEFL10N6d_B2_stressor2_55_56 Box 1.wmv,1,novstressor,sec,113,0,1171.933333
55,250905_SEFL10N6d_B2_stressor2_55_56 Box 1.wmv,1,novstressor,sec,114,0,666.7666667
55,250905_SEFL10N6d_B2_stressor2_55_56 Box 1.wmv,1,novstressor,sec,115,0,1422.266667
55,250905_SEFL10N6d_B2_stressor2_55_56 Box 1.wmv,1,novstressor,sec,116,0,776.2333333
55,250905_SEFL10N6d_B2_stressor2_55_56 Box 1.wmv,1,novstressor,sec,117,30,183.6
55,250905_SEFL10N6d_B2_stressor2_55_56 Box 1.wmv,1,novstressor,sec,118,20,284.9333333
55,250905_SEFL10N6d_B2_stressor2_55_56 Box 1.wmv,1,novstressor,sec,119,0,250.5666667
55,250905_SEFL10N6d_B2_stressor2_55_56 Box 1.wmv,1,novstressor,sec,120,0,629.2333333
55,250905_SEFL10N6d_B2_stressor2_55_56 Box 1.wmv,1,novstressor,sec,121,0,395.9333333
55,250905_SEFL10N6d_B2_stressor2_55_56 Box 1.wmv,1,novstressor,sec,122,53.33333333,158.7333333
55,250905_SEFL10N6d_B2_stressor2_55_56 Box 1.wmv,1,novstressor,sec,123,3.333333333,503.2
55,250905_SEFL10N6d_B2_stressor2_55_56 Box 1.wmv,1,novstressor,sec,124,0,1008.033333
55,250905_SEFL10N6d_B2_stressor2_55_56 Box 1.wmv,1,novstressor,sec,125,0,1151.533333
55,250905_SEFL10N6d_B2_stressor2_55_56 Box 1.wmv,1,novstressor,sec,126,0,384.9666667
55,250905_SEFL10N6d_B2_stressor2_55_56 Box 1.wmv,1,novstressor,sec,127,56.66666667,111.5
55,250905_SEFL10N6d_B2_stressor2_55_56 Box 1.wmv,1,novstressor,sec,128,33.33333333,257.5666667
55,250905_SEFL10N6d_B2_stressor2_55_56 Box 1.wmv,1,novstressor,sec,129,73.33333333,146.9666667
55,250905_SEFL10N6d_B2_stressor2_55_56 Box 1.wmv,1,novstressor,sec,130,0,980.1333333
55,250905_SEFL10N6d_B2_stressor2_55_56 Box 1.wmv,1,novstressor,sec,131,0,961
55,250905_SEFL10N6d_B2_stressor2_55_56 Box 1.wmv,1,novstressor,sec,132,0,1033.5
55,250905_SEFL10N6d_B2_stressor2_55_56 Box 1.wmv,1,novstressor,sec,133,0,1174.733333
55,250905_SEFL10N6d_B2_stressor2_55_56 Box 1.wmv,1,novstressor,sec,134,0,811.4666667
55,250905_SEFL10N6d_B2_stressor2_55_56 Box 1.wmv,1,novstressor,sec,135,90,74.33333333
55,250905_SEFL10N6d_B2_stressor2_55_56 Box 1.wmv,1,novstressor,sec,136,66.66666667,193.5
55,250905_SEFL10N6d_B2_stressor2_55_56 Box 1.wmv,1,novstressor,sec,137,16.66666667,509.9333333
55,250905_SEFL10N6d_B2_stressor2_55_56 Box 1.wmv,1,novstressor,sec,138,0,643.1666667
55,250905_SEFL10N6d_B2_stressor2_55_56 Box 1.wmv,1,novstressor,sec,139,0,793.6333333
55,250905_SEFL10N6d_B2_stressor2_55_56 Box 1.wmv,1,novstressor,sec,140,0,705.4
55,250905_SEFL10N6d_B2_stressor2_55_56 Box 1.wmv,1,novstressor,sec,141,0,216.1
55,250905_SEFL10N6d_B2_stressor2_55_56 Box 1.wmv,1,novstressor,sec,142,0,311.3
55,250905_SEFL10N6d_B2_stressor2_55_56 Box 1.wmv,1,novstressor,sec,143,0,585.5
55,250905_SEFL10N6d_B2_stressor2_55_56 Box 1.wmv,1,novstressor,sec,144,0,669.5666667
55,250905_SEFL10N6d_B2_stressor2_55_56 Box 1.wmv,1,novstressor,sec,145,0,1247.333333
55,250905_SEFL10N6d_B2_stressor2_55_56 Box 1.wmv,1,novstressor,sec,146,0,928.7
55,250905_SEFL10N6d_B2_stressor2_55_56 Box 1.wmv,1,novstressor,sec,147,0,1236.5
55,250905_SEFL10N6d_B2_stressor2_55_56 Box 1.wmv,1,novstressor,sec,148,0,782.8
55,250905_SEFL10N6d_B2_stressor2_55_56 Box 1.wmv,1,novstressor,sec,149,0,1168.533333
55,250905_SEFL10N6d_B2_stressor2_55_56 Box 1.wmv,1,novstressor,sec,150,0,1178.6
55,250905_SEFL10N6d_B2_stressor2_55_56 Box 1.wmv,1,novstressor,sec,151,46.66666667,293.3
55,250905_SEFL10N6d_B2_stressor2_55_56 Box 1.wmv,1,novstressor,sec,152,16.66666667,988.6
55,250905_SEFL10N6d_B2_stressor2_55_56 Box 1.wmv,1,novstressor,sec,153,0,1246.266667
55,250905_SEFL10N6d_B2_stressor2_55_56 Box 1.wmv,1,novstressor,sec,154,0,1023.266667
55,250905_SEFL10N6d_B2_stressor2_55_56 Box 1.wmv,1,novstressor,sec,155,56.66666667,215.6666667
55,250905_SEFL10N6d_B2_stressor2_55_56 Box 1.wmv,1,novstressor,sec,156,0,200.4333333
55,250905_SEFL10N6d_B2_stressor2_55_56 Box 1.wmv,1,novstressor,sec,157,0,471.4666667
55,250905_SEFL10N6d_B2_stressor2_55_56 Box 1.wmv,1,novstressor,sec,158,0,1011.066667
55,250905_SEFL10N6d_B2_stressor2_55_56 Box 1.wmv,1,novstressor,sec,159,0,1511.3
55,250905_SEFL10N6d_B2_stressor2_55_56 Box 1.wmv,1,novstressor,sec,160,13.33333333,652.8666667
55,250905_SEFL10N6d_B2_stressor2_55_56 Box 1.wmv,1,novstressor,sec,161,50,287.9
55,250905_SEFL10N6d_B2_stressor2_55_56 Box 1.wmv,1,novstressor,sec,162,0,1524.5
55,250905_SEFL10N6d_B2_stressor2_55_56 Box 1.wmv,1,novstressor,sec,163,0,612.0666667
55,250905_SEFL10N6d_B2_stressor2_55_56 Box 1.wmv,1,novstressor,sec,164,0,256.4666667
55,250905_SEFL10N6d_B2_stressor2_55_56 Box 1.wmv,1,novstressor,sec,165,0,1033
55,250905_SEFL10N6d_B2_stressor2_55_56 Box 1.wmv,1,novstressor,sec,166,0,1080.333333
55,250905_SEFL10N6d_B2_stressor2_55_56 Box 1.wmv,1,novstressor,sec,167,0,1200.466667
55,250905_SEFL10N6d_B2_stressor2_55_56 Box 1.wmv,1,novstressor,sec,168,0,861.6333333
55,250905_SEFL10N6d_B2_stressor2_55_56 Box 1.wmv,1,novstressor,sec,169,0,859.0666667
55,250905_SEFL10N6d_B2_stressor2_55_56 Box 1.wmv,1,novstressor,sec,170,0,872.9333333
55,250905_SEFL10N6d_B2_stressor2_55_56 Box 1.wmv,1,novstressor,sec,171,0,1049.2
55,250905_SEFL10N6d_B2_stressor2_55_56 Box 1.wmv,1,novstressor,sec,172,0,1098
55,250905_SEFL10N6d_B2_stressor2_55_56 Box 1.wmv,1,novstressor,sec,173,0,665.8666667
55,250905_SEFL10N6d_B2_stressor2_55_56 Box 1.wmv,1,novstressor,sec,174,0,585.1333333
55,250905_SEFL10N6d_B2_stressor2_55_56 Box 1.wmv,1,novstressor,sec,175,0,416.2
55,250905_SEFL10N6d_B2_stressor2_55_56 Box 1.wmv,1,novstressor,sec,176,0,707.1
55,250905_SEFL10N6d_B2_stressor2_55_56 Box 1.wmv,1,novstressor,sec,177,0,1137.033333
55,250905_SEFL10N6d_B2_stressor2_55_56 Box 1.wmv,1,novstressor,sec,178,0,1078.1
55,250905_SEFL10N6d_B2_stressor2_55_56 Box 1.wmv,1,novstressor,sec,179,0,323.3333333
55,250905_SEFL10N6d_B2_stressor2_55_56 Box 1.wmv,1,novstressor,sec,180,0,409.4666667
55,250905_SEFL10N6d_B2_stressor2_55_56 Box 1.wmv,1,novstressor,sec,181,0,1814.5
55,250905_SEFL10N6d_B2_stressor2_55_56 Box 1.wmv,1,novstressor,sec,182,0,955.9333333
55,250905_SEFL10N6d_B2_stressor2_55_56 Box 1.wmv,1,novstressor,sec,183,0,416.4333333
55,250905_SEFL10N6d_B2_stressor2_55_56 Box 1.wmv,1,novstressor,sec,184,63.33333333,217.8666667
55,250905_SEFL10N6d_B2_stressor2_55_56 Box 1.wmv,1,novstressor,sec,185,30,222.8
55,250905_SEFL10N6d_B2_stressor2_55_56 Box 1.wmv,1,novstressor,sec,186,0,512.4333333
55,250905_SEFL10N6d_B2_stressor2_55_56 Box 1.wmv,1,novstressor,sec,187,60,120.4666667
55,250905_SEFL10N6d_B2_stressor2_55_56 Box 1.wmv,1,novstressor,sec,188,80,145.6666667
55,250905_SEFL10N6d_B2_stressor2_55_56 Box 1.wmv,1,novstressor,sec,189,50,381.0333333
55,250905_SEFL10N6d_B2_stressor2_55_56 Box 1.wmv,1,novstressor,sec,190,0,603.9
55,250905_SEFL10N6d_B2_stressor2_55_56 Box 1.wmv,1,novstressor,sec,191,0,360.3666667
55,250905_SEFL10N6d_B2_stressor2_55_56 Box 1.wmv,1,novstressor,sec,192,76.66666667,134.1666667
55,250905_SEFL10N6d_B2_stressor2_55_56 Box 1.wmv,1,novstressor,sec,193,100,68.83333333
55,250905_SEFL10N6d_B2_stressor2_55_56 Box 1.wmv,1,novstressor,sec,194,43.33333333,337.0333333
55,250905_SEFL10N6d_B2_stressor2_55_56 Box 1.wmv,1,novstressor,sec,195,0,835.7
55,250905_SEFL10N6d_B2_stressor2_55_56 Box 1.wmv,1,novstressor,sec,196,0,614.4333333
55,250905_SEFL10N6d_B2_stressor2_55_56 Box 1.wmv,1,novstressor,sec,197,0,1341.1
55,250905_SEFL10N6d_B2_stressor2_55_56 Box 1.wmv,1,novstressor,sec,198,0,531.9333333
55,250905_SEFL10N6d_B2_stressor2_55_56 Box 1.wmv,1,novstressor,sec,199,0,230.4
55,250905_SEFL10N6d_B2_stressor2_55_56 Box 1.wmv,1,novstressor,sec,200,60,142.8333333
55,250905_SEFL10N6d_B2_stressor2_55_56 Box 1.wmv,1,novstressor,sec,201,83.33333333,60.23333333
55,250905_SEFL10N6d_B2_stressor2_55_56 Box 1.wmv,1,novstressor,sec,202,0,116.0333333
55,250905_SEFL10N6d_B2_stressor2_55_56 Box 1.wmv,1,novstressor,sec,203,80,131.0333333
55,250905_SEFL10N6d_B2_stressor2_55_56 Box 1.wmv,1,novstressor,sec,204,100,0.033333333
55,250905_SEFL10N6d_B2_stressor2_55_56 Box 1.wmv,1,novstressor,sec,205,93.33333333,62.63333333
55,250905_SEFL10N6d_B2_stressor2_55_56 Box 1.wmv,1,novstressor,sec,206,70,214
55,250905_SEFL10N6d_B2_stressor2_55_56 Box 1.wmv,1,novstressor,sec,207,100,9.966666667
55,250905_SEFL10N6d_B2_stressor2_55_56 Box 1.wmv,1,novstressor,sec,208,80,153.8
55,250905_SEFL10N6d_B2_stressor2_55_56 Box 1.wmv,1,novstressor,sec,209,93.33333333,140.1333333
55,250905_SEFL10N6d_B2_stressor2_55_56 Box 1.wmv,1,novstressor,sec,210,100,21.53333333
55,250905_SEFL10N6d_B2_stressor2_55_56 Box 1.wmv,1,novstressor,sec,211,100,66.36666667
55,250905_SEFL10N6d_B2_stressor2_55_56 Box 1.wmv,1,novstressor,sec,212,100,9.833333333
55,250905_SEFL10N6d_B2_stressor2_55_56 Box 1.wmv,1,novstressor,sec,213,100,20.16666667
55,250905_SEFL10N6d_B2_stressor2_55_56 Box 1.wmv,1,novstressor,sec,214,100,59.4
55,250905_SEFL10N6d_B2_stressor2_55_56 Box 1.wmv,1,novstressor,sec,215,100,0
55,250905_SEFL10N6d_B2_stressor2_55_56 Box 1.wmv,1,novstressor,sec,216,53.33333333,110.3
55,250905_SEFL10N6d_B2_stressor2_55_56 Box 1.wmv,1,novstressor,sec,217,100,0.033333333
55,250905_SEFL10N6d_B2_stressor2_55_56 Box 1.wmv,1,novstressor,sec,218,100,0
55,250905_SEFL10N6d_B2_stressor2_55_56 Box 1.wmv,1,novstressor,sec,219,100,0.2
55,250905_SEFL10N6d_B2_stressor2_55_56 Box 1.wmv,1,novstressor,sec,220,26.66666667,311.9
55,250905_SEFL10N6d_B2_stressor2_55_56 Box 1.wmv,1,novstressor,sec,221,93.33333333,95.2
55,250905_SEFL10N6d_B2_stressor2_55_56 Box 1.wmv,1,novstressor,sec,222,83.33333333,156.2
55,250905_SEFL10N6d_B2_stressor2_55_56 Box 1.wmv,1,novstressor,sec,223,100,0
55,250905_SEFL10N6d_B2_stressor2_55_56 Box 1.wmv,1,novstressor,sec,224,80,74.03333333
55,250905_SEFL10N6d_B2_stressor2_55_56 Box 1.wmv,1,novstressor,sec,225,73.33333333,143.1666667
55,250905_SEFL10N6d_B2_stressor2_55_56 Box 1.wmv,1,novstressor,sec,226,100,35.63333333
55,250905_SEFL10N6d_B2_stressor2_55_56 Box 1.wmv,1,novstressor,sec,227,76.66666667,72.13333333
55,250905_SEFL10N6d_B2_stressor2_55_56 Box 1.wmv,1,novstressor,sec,228,96.66666667,78.06666667
55,250905_SEFL10N6d_B2_stressor2_55_56 Box 1.wmv,1,novstressor,sec,229,100,92.9
55,250905_SEFL10N6d_B2_stressor2_55_56 Box 1.wmv,1,novstressor,sec,230,86.66666667,83.6
55,250905_SEFL10N6d_B2_stressor2_55_56 Box 1.wmv,1,novstressor,sec,231,100,0.066666667
55,250905_SEFL10N6d_B2_stressor2_55_56 Box 1.wmv,1,novstressor,sec,232,100,0
55,250905_SEFL10N6d_B2_stressor2_55_56 Box 1.wmv,1,novstressor,sec,233,100,0.566666667
55,250905_SEFL10N6d_B2_stressor2_55_56 Box 1.wmv,1,novstressor,sec,234,50,192.9666667
55,250905_SEFL10N6d_B2_stressor2_55_56 Box 1.wmv,1,novstressor,sec,235,100,31.36666667
55,250905_SEFL10N6d_B2_stressor2_55_56 Box 1.wmv,1,novstressor,sec,236,100,80.33333333
55,250905_SEFL10N6d_B2_stressor2_55_56 Box 1.wmv,1,novstressor,sec,237,100,0.633333333
55,250905_SEFL10N6d_B2_stressor2_55_56 Box 1.wmv,1,novstressor,sec,238,26.66666667,220.2333333
55,250905_SEFL10N6d_B2_stressor2_55_56 Box 1.wmv,1,novstressor,sec,239,100,9.033333333
55,250905_SEFL10N6d_B2_stressor2_55_56 Box 1.wmv,1,novstressor,sec,240,100,0
55,250905_SEFL10N6d_B2_stressor2_55_56 Box 1.wmv,1,novstressor,sec,241,100,0.1
55,250905_SEFL10N6d_B2_stressor2_55_56 Box 1.wmv,1,novstressor,sec,242,63.33333333,111.7
55,250905_SEFL10N6d_B2_stressor2_55_56 Box 1.wmv,1,novstressor,sec,243,63.33333333,113.9666667
55,250905_SEFL10N6d_B2_stressor2_55_56 Box 1.wmv,1,novstressor,sec,244,76.66666667,105.9
55,250905_SEFL10N6d_B2_stressor2_55_56 Box 1.wmv,1,novstressor,sec,245,46.66666667,168.0666667
55,250905_SEFL10N6d_B2_stressor2_55_56 Box 1.wmv,1,novstressor,sec,246,36.66666667,215.2333333
55,250905_SEFL10N6d_B2_stressor2_55_56 Box 1.wmv,1,novstressor,sec,247,100,2.266666667
55,250905_SEFL10N6d_B2_stressor2_55_56 Box 1.wmv,1,novstressor,sec,248,33.33333333,199.7333333
55,250905_SEFL10N6d_B2_stressor2_55_56 Box 1.wmv,1,novstressor,sec,249,100,4.733333333
55,250905_SEFL10N6d_B2_stressor2_55_56 Box 1.wmv,1,novstressor,sec,250,100,0.133333333
55,250905_SEFL10N6d_B2_stressor2_55_56 Box 1.wmv,1,novstressor,sec,251,46.66666667,161.2333333
55,250905_SEFL10N6d_B2_stressor2_55_56 Box 1.wmv,1,novstressor,sec,252,86.66666667,78.33333333
55,250905_SEFL10N6d_B2_stressor2_55_56 Box 1.wmv,1,novstressor,sec,253,100,0.033333333
55,250905_SEFL10N6d_B2_stressor2_55_56 Box 1.wmv,1,novstressor,sec,254,53.33333333,176.9666667
55,250905_SEFL10N6d_B2_stressor2_55_56 Box 1.wmv,1,novstressor,sec,255,70,81.26666667
55,250905_SEFL10N6d_B2_stressor2_55_56 Box 1.wmv,1,novstressor,sec,256,100,0.733333333
55,250905_SEFL10N6d_B2_stressor2_55_56 Box 1.wmv,1,novstressor,sec,257,100,0
55,250905_SEFL10N6d_B2_stressor2_55_56 Box 1.wmv,1,novstressor,sec,258,56.66666667,158.9
55,250905_SEFL10N6d_B2_stressor2_55_56 Box 1.wmv,1,novstressor,sec,259,0,548.7
55,250905_SEFL10N6d_B2_stressor2_55_56 Box 1.wmv,1,novstressor,sec,260,0,1038.4
55,250905_SEFL10N6d_B2_stressor2_55_56 Box 1.wmv,1,novstressor,sec,261,0,930.9666667
55,250905_SEFL10N6d_B2_stressor2_55_56 Box 1.wmv,1,novstressor,sec,262,0,516.8
55,250905_SEFL10N6d_B2_stressor2_55_56 Box 1.wmv,1,novstressor,sec,263,0,762.6333333
55,250905_SEFL10N6d_B2_stressor2_55_56 Box 1.wmv,1,novstressor,sec,264,0,992.3
55,250905_SEFL10N6d_B2_stressor2_55_56 Box 1.wmv,1,novstressor,sec,265,0,753.9
55,250905_SEFL10N6d_B2_stressor2_55_56 Box 1.wmv,1,novstressor,sec,266,0,767.5
55,250905_SEFL10N6d_B2_stressor2_55_56 Box 1.wmv,1,novstressor,sec,267,0,761.1
55,250905_SEFL10N6d_B2_stressor2_55_56 Box 1.wmv,1,novstressor,sec,268,0,418.0333333
55,250905_SEFL10N6d_B2_stressor2_55_56 Box 1.wmv,1,novstressor,sec,269,0,486.5666667
55,250905_SEFL10N6d_B2_stressor2_55_56 Box 1.wmv,1,novstressor,sec,270,0,722.2666667
55,250905_SEFL10N6d_B2_stressor2_55_56 Box 1.wmv,1,novstressor,sec,271,0,493.1666667
55,250905_SEFL10N6d_B2_stressor2_55_56 Box 1.wmv,1,novstressor,sec,272,53.33333333,280.7333333
55,250905_SEFL10N6d_B2_stressor2_55_56 Box 1.wmv,1,novstressor,sec,273,0,545.7
55,250905_SEFL10N6d_B2_stressor2_55_56 Box 1.wmv,1,novstressor,sec,274,0,435.3333333
55,250905_SEFL10N6d_B2_stressor2_55_56 Box 1.wmv,1,novstressor,sec,275,0,316.4
55,250905_SEFL10N6d_B2_stressor2_55_56 Box 1.wmv,1,novstressor,sec,276,0,1190.966667
55,250905_SEFL10N6d_B2_stressor2_55_56 Box 1.wmv,1,novstressor,sec,277,0,1515.966667
55,250905_SEFL10N6d_B2_stressor2_55_56 Box 1.wmv,1,novstressor,sec,278,0,760.8
55,250905_SEFL10N6d_B2_stressor2_55_56 Box 1.wmv,1,novstressor,sec,279,0,291.3
55,250905_SEFL10N6d_B2_stressor2_55_56 Box 1.wmv,1,novstressor,sec,280,0,806.5333333
55,250905_SEFL10N6d_B2_stressor2_55_56 Box 1.wmv,1,novstressor,sec,281,0,955.9666667
55,250905_SEFL10N6d_B2_stressor2_55_56 Box 1.wmv,1,novstressor,sec,282,0,540.8666667
55,250905_SEFL10N6d_B2_stressor2_55_56 Box 1.wmv,1,novstressor,sec,283,0,716.9666667
55,250905_SEFL10N6d_B2_stressor2_55_56 Box 1.wmv,1,novstressor,sec,284,0,483.0666667
55,250905_SEFL10N6d_B2_stressor2_55_56 Box 1.wmv,1,novstressor,sec,285,0,802.1
55,250905_SEFL10N6d_B2_stressor2_55_56 Box 1.wmv,1,novstressor,sec,286,0,1491.966667
55,250905_SEFL10N6d_B2_stressor2_55_56 Box 1.wmv,1,novstressor,sec,287,0,1512.333333
55,250905_SEFL10N6d_B2_stressor2_55_56 Box 1.wmv,1,novstressor,sec,288,0,737.8333333
55,250905_SEFL10N6d_B2_stressor2_55_56 Box 1.wmv,1,novstressor,sec,289,0,764.9666667
55,250905_SEFL10N6d_B2_stressor2_55_56 Box 1.wmv,1,novstressor,sec,290,0,1316
55,250905_SEFL10N6d_B2_stressor2_55_56 Box 1.wmv,1,novstressor,sec,291,33.33333333,344.6666667
55,250905_SEFL10N6d_B2_stressor2_55_56 Box 1.wmv,1,novstressor,sec,292,43.33333333,612.4333333
55,250905_SEFL10N6d_B2_stressor2_55_56 Box 1.wmv,1,novstressor,sec,293,0,720.2666667
55,250905_SEFL10N6d_B2_stressor2_55_56 Box 1.wmv,1,novstressor,sec,294,0,501.6666667
55,250905_SEFL10N6d_B2_stressor2_55_56 Box 1.wmv,1,novstressor,sec,295,0,313.7333333
55,250905_SEFL10N6d_B2_stressor2_55_56 Box 1.wmv,1,novstressor,sec,296,0,629.8
55,250905_SEFL10N6d_B2_stressor2_55_56 Box 1.wmv,1,novstressor,sec,297,0,506.4
55,250905_SEFL10N6d_B2_stressor2_55_56 Box 1.wmv,1,novstressor,sec,298,0,1133.3
55,250905_SEFL10N6d_B2_stressor2_55_56 Box 1.wmv,1,novstressor,sec,299,0,639.7
55,250905_SEFL10N6d_B2_stressor2_55_56 Box 1.wmv,1,novstressor,sec,300,0,681.2333333
55,250905_SEFL10N6d_B2_stressor2_55_56 Box 1.wmv,1,novstressor,sec,301,53.33333333,362.7333333
55,250905_SEFL10N6d_B2_stressor2_55_56 Box 1.wmv,1,novstressor,sec,302,0,1012.8
55,250905_SEFL10N6d_B2_stressor2_55_56 Box 1.wmv,1,novstressor,sec,303,0,1102.233333
55,250905_SEFL10N6d_B2_stressor2_55_56 Box 1.wmv,1,novstressor,sec,304,0,520.7333333
55,250905_SEFL10N6d_B2_stressor2_55_56 Box 1.wmv,1,novstressor,sec,305,0,343.2666667
55,250905_SEFL10N6d_B2_stressor2_55_56 Box 1.wmv,1,novstressor,sec,306,0,354.1666667
55,250905_SEFL10N6d_B2_stressor2_55_56 Box 1.wmv,1,novstressor,sec,307,0,411.8666667
55,250905_SEFL10N6d_B2_stressor2_55_56 Box 1.wmv,1,novstressor,sec,308,0,525.3
55,250905_SEFL10N6d_B2_stressor2_55_56 Box 1.wmv,1,novstressor,sec,309,0,570.9
55,250905_SEFL10N6d_B2_stressor2_55_56 Box 1.wmv,1,novstressor,sec,310,0,966.1666667
55,250905_SEFL10N6d_B2_stressor2_55_56 Box 1.wmv,1,novstressor,sec,311,0,615.1333333
55,250905_SEFL10N6d_B2_stressor2_55_56 Box 1.wmv,1,novstressor,sec,312,0,567.2333333
55,250905_SEFL10N6d_B2_stressor2_55_56 Box 1.wmv,1,novstressor,sec,313,0,544.0666667
55,250905_SEFL10N6d_B2_stressor2_55_56 Box 1.wmv,1,novstressor,sec,314,0,624.5333333
55,250905_SEFL10N6d_B2_stressor2_55_56 Box 1.wmv,1,novstressor,sec,315,73.33333333,124.4666667
55,250905_SEFL10N6d_B2_stressor2_55_56 Box 1.wmv,1,novstressor,sec,316,0,842.8666667
55,250905_SEFL10N6d_B2_stressor2_55_56 Box 1.wmv,1,novstressor,sec,317,0,1065.7
55,250905_SEFL10N6d_B2_stressor2_55_56 Box 1.wmv,1,novstressor,sec,318,3.333333333,560.3666667
55,250905_SEFL10N6d_B2_stressor2_55_56 Box 1.wmv,1,novstressor,sec,319,70,207.3333333
55,250905_SEFL10N6d_B2_stressor2_55_56 Box 1.wmv,1,novstressor,sec,320,0,1356.566667
55,250905_SEFL10N6d_B2_stressor2_55_56 Box 1.wmv,1,novstressor,sec,321,0,1574.866667
55,250905_SEFL10N6d_B2_stressor2_55_56 Box 1.wmv,1,novstressor,sec,322,0,1790.533333
55,250905_SEFL10N6d_B2_stressor2_55_56 Box 1.wmv,1,novstressor,sec,323,0,874.0666667
55,250905_SEFL10N6d_B2_stressor2_55_56 Box 1.wmv,1,novstressor,sec,324,0,448.8
55,250905_SEFL10N6d_B2_stressor2_55_56 Box 1.wmv,1,novstressor,sec,325,0,608.2333333
55,250905_SEFL10N6d_B2_stressor2_55_56 Box 1.wmv,1,novstressor,sec,326,0,862.5
55,250905_SEFL10N6d_B2_stressor2_55_56 Box 1.wmv,1,novstressor,sec,327,0,1097.6
55,250905_SEFL10N6d_B2_stressor2_55_56 Box 1.wmv,1,novstressor,sec,328,0,482.8666667
55,250905_SEFL10N6d_B2_stressor2_55_56 Box 1.wmv,1,novstressor,sec,329,0,606.9333333
55,250905_SEFL10N6d_B2_stressor2_55_56 Box 1.wmv,1,novstressor,sec,330,0,692.7
55,250905_SEFL10N6d_B2_stressor2_55_56 Box 1.wmv,1,novstressor,sec,331,0,492.3666667
55,250905_SEFL10N6d_B2_stressor2_55_56 Box 1.wmv,1,novstressor,sec,332,13.33333333,413.0333333
55,250905_SEFL10N6d_B2_stressor2_55_56 Box 1.wmv,1,novstressor,sec,333,53.33333333,525.5333333
55,250905_SEFL10N6d_B2_stressor2_55_56 Box 1.wmv,1,novstressor,sec,334,0,931.1333333
55,250905_SEFL10N6d_B2_stressor2_55_56 Box 1.wmv,1,novstressor,sec,335,0,978.5333333
55,250905_SEFL10N6d_B2_stressor2_55_56 Box 1.wmv,1,novstressor,sec,336,0,539.2
55,250905_SEFL10N6d_B2_stressor2_55_56 Box 1.wmv,1,novstressor,sec,337,0,948.1666667
55,250905_SEFL10N6d_B2_stressor2_55_56 Box 1.wmv,1,novstressor,sec,338,0,938.1666667
55,250905_SEFL10N6d_B2_stressor2_55_56 Box 1.wmv,1,novstressor,sec,339,0,1130.4
55,250905_SEFL10N6d_B2_stressor2_55_56 Box 1.wmv,1,novstressor,sec,340,0,779.5
55,250905_SEFL10N6d_B2_stressor2_55_56 Box 1.wmv,1,novstressor,sec,341,0,1109.566667
55,250905_SEFL10N6d_B2_stressor2_55_56 Box 1.wmv,1,novstressor,sec,342,0,792.1666667
55,250905_SEFL10N6d_B2_stressor2_55_56 Box 1.wmv,1,novstressor,sec,343,0,835.6666667
55,250905_SEFL10N6d_B2_stressor2_55_56 Box 1.wmv,1,novstressor,sec,344,0,1158.866667
55,250905_SEFL10N6d_B2_stressor2_55_56 Box 1.wmv,1,novstressor,sec,345,0,758.8666667
55,250905_SEFL10N6d_B2_stressor2_55_56 Box 1.wmv,1,novstressor,sec,346,0,974.3333333
55,250905_SEFL10N6d_B2_stressor2_55_56 Box 1.wmv,1,novstressor,sec,347,0,741.3333333
55,250905_SEFL10N6d_B2_stressor2_55_56 Box 1.wmv,1,novstressor,sec,348,6.666666667,676.0666667
55,250905_SEFL10N6d_B2_stressor2_55_56 Box 1.wmv,1,novstressor,sec,349,43.33333333,677.2
55,250905_SEFL10N6d_B2_stressor2_55_56 Box 1.wmv,1,novstressor,sec,350,0,1177.966667
55,250905_SEFL10N6d_B2_stressor2_55_56 Box 1.wmv,1,novstressor,sec,351,0,751.0666667
55,250905_SEFL10N6d_B2_stressor2_55_56 Box 1.wmv,1,novstressor,sec,352,63.33333333,78.53333333
55,250905_SEFL10N6d_B2_stressor2_55_56 Box 1.wmv,1,novstressor,sec,353,16.66666667,752.2
55,250905_SEFL10N6d_B2_stressor2_55_56 Box 1.wmv,1,novstressor,sec,354,0,1404.666667
55,250905_SEFL10N6d_B2_stressor2_55_56 Box 1.wmv,1,novstressor,sec,355,0,1508
55,250905_SEFL10N6d_B2_stressor2_55_56 Box 1.wmv,1,novstressor,sec,356,0,593.4333333
55,250905_SEFL10N6d_B2_stressor2_55_56 Box 1.wmv,1,novstressor,sec,357,0,602.1
55,250905_SEFL10N6d_B2_stressor2_55_56 Box 1.wmv,1,novstressor,sec,358,0,291.4
55,250905_SEFL10N6d_B2_stressor2_55_56 Box 1.wmv,1,novstressor,sec,359,0,474.4666667
55,250905_SEFL10N6d_B2_stressor2_55_56 Box 1.wmv,1,novstressor,sec,360,0,1628.033333
55,250905_SEFL10N6d_B2_stressor2_55_56 Box 1.wmv,1,novstressor,sec,361,0,1385.1
55,250905_SEFL10N6d_B2_stressor2_55_56 Box 1.wmv,1,novstressor,sec,362,0,1248.8
55,250905_SEFL10N6d_B2_stressor2_55_56 Box 1.wmv,1,novstressor,sec,363,0,925.76
55,250905_SEFL10N6d_B2_stressor2_55_56 Box 1.wmv,1,novstressor,prepost,bl,16.59259259,604.8487037
55,250905_SEFL10N6d_B2_stressor2_55_56 Box 1.wmv,1,novstressor,prepost,post,32.64133457,510.2513438
55,250905_SEFL10N6d_B2_stressor2_55_56 Box 1.wmv,1,novstressor,startle,startle_post,31.11111111,317.7
55,250905_SEFL10N6d_B2_stressor2_55_56 Box 1.wmv,1,novstressor,startle,startle_pre,0,603.6333333
55,250905_SEFL10N6d_B2_stressor2_55_56 Box 1.wmv,1,novstressor,startle,startle_startle,0,1062.288889
56,250905_SEFL10N6d_B2_stressor2_55_56 Box 2.wmv,2,novstressor,sec,1,0,334.5
56,250905_SEFL10N6d_B2_stressor2_55_56 Box 2.wmv,2,novstressor,sec,2,0,433.5
56,250905_SEFL10N6d_B2_stressor2_55_56 Box 2.wmv,2,novstressor,sec,3,0,536.3
56,250905_SEFL10N6d_B2_stressor2_55_56 Box 2.wmv,2,novstressor,sec,4,0,1082.166667
56,250905_SEFL10N6d_B2_stressor2_55_56 Box 2.wmv,2,novstressor,sec,5,0,1249.3
56,250905_SEFL10N6d_B2_stressor2_55_56 Box 2.wmv,2,novstressor,sec,6,0,841.3
56,250905_SEFL10N6d_B2_stressor2_55_56 Box 2.wmv,2,novstressor,sec,7,0,1087.066667
56,250905_SEFL10N6d_B2_stressor2_55_56 Box 2.wmv,2,novstressor,sec,8,0,772.3
56,250905_SEFL10N6d_B2_stressor2_55_56 Box 2.wmv,2,novstressor,sec,9,0,499.7333333
56,250905_SEFL10N6d_B2_stressor2_55_56 Box 2.wmv,2,novstressor,sec,10,0,938.1666667
56,250905_SEFL10N6d_B2_stressor2_55_56 Box 2.wmv,2,novstressor,sec,11,0,962.5
56,250905_SEFL10N6d_B2_stressor2_55_56 Box 2.wmv,2,novstressor,sec,12,0,785.0666667
56,250905_SEFL10N6d_B2_stressor2_55_56 Box 2.wmv,2,novstressor,sec,13,0,845.5
56,250905_SEFL10N6d_B2_stressor2_55_56 Box 2.wmv,2,novstressor,sec,14,0,850.2333333
56,250905_SEFL10N6d_B2_stressor2_55_56 Box 2.wmv,2,novstressor,sec,15,0,379.0333333
56,250905_SEFL10N6d_B2_stressor2_55_56 Box 2.wmv,2,novstressor,sec,16,0,2098.4
56,250905_SEFL10N6d_B2_stressor2_55_56 Box 2.wmv,2,novstressor,sec,17,0,1389.933333
56,250905_SEFL10N6d_B2_stressor2_55_56 Box 2.wmv,2,novstressor,sec,18,0,1585.833333
56,250905_SEFL10N6d_B2_stressor2_55_56 Box 2.wmv,2,novstressor,sec,19,0,830.5
56,250905_SEFL10N6d_B2_stressor2_55_56 Box 2.wmv,2,novstressor,sec,20,0,757.2333333
56,250905_SEFL10N6d_B2_stressor2_55_56 Box 2.wmv,2,novstressor,sec,21,0,754.3666667
56,250905_SEFL10N6d_B2_stressor2_55_56 Box 2.wmv,2,novstressor,sec,22,73.33333333,251
56,250905_SEFL10N6d_B2_stressor2_55_56 Box 2.wmv,2,novstressor,sec,23,0,992.7
56,250905_SEFL10N6d_B2_stressor2_55_56 Box 2.wmv,2,novstressor,sec,24,0,905.6
56,250905_SEFL10N6d_B2_stressor2_55_56 Box 2.wmv,2,novstressor,sec,25,0,2262.8
56,250905_SEFL10N6d_B2_stressor2_55_56 Box 2.wmv,2,novstressor,sec,26,0,1257.566667
56,250905_SEFL10N6d_B2_stressor2_55_56 Box 2.wmv,2,novstressor,sec,27,0,1054.433333
56,250905_SEFL10N6d_B2_stressor2_55_56 Box 2.wmv,2,novstressor,sec,28,0,677.2666667
56,250905_SEFL10N6d_B2_stressor2_55_56 Box 2.wmv,2,novstressor,sec,29,0,859.0333333
56,250905_SEFL10N6d_B2_stressor2_55_56 Box 2.wmv,2,novstressor,sec,30,0,777.3333333
56,250905_SEFL10N6d_B2_stressor2_55_56 Box 2.wmv,2,novstressor,sec,31,0,562.8
56,250905_SEFL10N6d_B2_stressor2_55_56 Box 2.wmv,2,novstressor,sec,32,0,1089.633333
56,250905_SEFL10N6d_B2_stressor2_55_56 Box 2.wmv,2,novstressor,sec,33,0,971.5666667
56,250905_SEFL10N6d_B2_stressor2_55_56 Box 2.wmv,2,novstressor,sec,34,0,1537.133333
56,250905_SEFL10N6d_B2_stressor2_55_56 Box 2.wmv,2,novstressor,sec,35,0,1386.033333
56,250905_SEFL10N6d_B2_stressor2_55_56 Box 2.wmv,2,novstressor,sec,36,0,728.4333333
56,250905_SEFL10N6d_B2_stressor2_55_56 Box 2.wmv,2,novstressor,sec,37,0,438.8333333
56,250905_SEFL10N6d_B2_stressor2_55_56 Box 2.wmv,2,novstressor,sec,38,80,72.9
56,250905_SEFL10N6d_B2_stressor2_55_56 Box 2.wmv,2,novstressor,sec,39,36.66666667,143.1333333
56,250905_SEFL10N6d_B2_stressor2_55_56 Box 2.wmv,2,novstressor,sec,40,73.33333333,115.9
56,250905_SEFL10N6d_B2_stressor2_55_56 Box 2.wmv,2,novstressor,sec,41,6.666666667,306.3333333
56,250905_SEFL10N6d_B2_stressor2_55_56 Box 2.wmv,2,novstressor,sec,42,0,821.9666667
56,250905_SEFL10N6d_B2_stressor2_55_56 Box 2.wmv,2,novstressor,sec,43,26.66666667,633.1333333
56,250905_SEFL10N6d_B2_stressor2_55_56 Box 2.wmv,2,novstressor,sec,44,80,94.6
56,250905_SEFL10N6d_B2_stressor2_55_56 Box 2.wmv,2,novstressor,sec,45,0,525.1
56,250905_SEFL10N6d_B2_stressor2_55_56 Box 2.wmv,2,novstressor,sec,46,0,616
56,250905_SEFL10N6d_B2_stressor2_55_56 Box 2.wmv,2,novstressor,sec,47,0,819.7
56,250905_SEFL10N6d_B2_stressor2_55_56 Box 2.wmv,2,novstressor,sec,48,0,716.1666667
56,250905_SEFL10N6d_B2_stressor2_55_56 Box 2.wmv,2,novstressor,sec,49,0,672.9333333
56,250905_SEFL10N6d_B2_stressor2_55_56 Box 2.wmv,2,novstressor,sec,50,0,823.9666667
56,250905_SEFL10N6d_B2_stressor2_55_56 Box 2.wmv,2,novstressor,sec,51,0,570.9666667
56,250905_SEFL10N6d_B2_stressor2_55_56 Box 2.wmv,2,novstressor,sec,52,0,667.4666667
56,250905_SEFL10N6d_B2_stressor2_55_56 Box 2.wmv,2,novstressor,sec,53,0,634.8
56,250905_SEFL10N6d_B2_stressor2_55_56 Box 2.wmv,2,novstressor,sec,54,0,352.8
56,250905_SEFL10N6d_B2_stressor2_55_56 Box 2.wmv,2,novstressor,sec,55,6.666666667,866.1333333
56,250905_SEFL10N6d_B2_stressor2_55_56 Box 2.wmv,2,novstressor,sec,56,46.66666667,290.8666667
56,250905_SEFL10N6d_B2_stressor2_55_56 Box 2.wmv,2,novstressor,sec,57,0,1129.8
56,250905_SEFL10N6d_B2_stressor2_55_56 Box 2.wmv,2,novstressor,sec,58,0,1142.133333
56,250905_SEFL10N6d_B2_stressor2_55_56 Box 2.wmv,2,novstressor,sec,59,0,1100
56,250905_SEFL10N6d_B2_stressor2_55_56 Box 2.wmv,2,novstressor,sec,60,0,405.5666667
56,250905_SEFL10N6d_B2_stressor2_55_56 Box 2.wmv,2,novstressor,sec,61,0,482.6666667
56,250905_SEFL10N6d_B2_stressor2_55_56 Box 2.wmv,2,novstressor,sec,62,0,258.7666667
56,250905_SEFL10N6d_B2_stressor2_55_56 Box 2.wmv,2,novstressor,sec,63,76.66666667,84.36666667
56,250905_SEFL10N6d_B2_stressor2_55_56 Box 2.wmv,2,novstressor,sec,64,6.666666667,573.8666667
56,250905_SEFL10N6d_B2_stressor2_55_56 Box 2.wmv,2,novstressor,sec,65,0,746.6666667
56,250905_SEFL10N6d_B2_stressor2_55_56 Box 2.wmv,2,novstressor,sec,66,0,455.4
56,250905_SEFL10N6d_B2_stressor2_55_56 Box 2.wmv,2,novstressor,sec,67,30,187.6
56,250905_SEFL10N6d_B2_stressor2_55_56 Box 2.wmv,2,novstressor,sec,68,36.66666667,251.2
56,250905_SEFL10N6d_B2_stressor2_55_56 Box 2.wmv,2,novstressor,sec,69,76.66666667,166.9666667
56,250905_SEFL10N6d_B2_stressor2_55_56 Box 2.wmv,2,novstressor,sec,70,0,694.8
56,250905_SEFL10N6d_B2_stressor2_55_56 Box 2.wmv,2,novstressor,sec,71,0,806.6666667
56,250905_SEFL10N6d_B2_stressor2_55_56 Box 2.wmv,2,novstressor,sec,72,80,140.4333333
56,250905_SEFL10N6d_B2_stressor2_55_56 Box 2.wmv,2,novstressor,sec,73,50,427.9666667
56,250905_SEFL10N6d_B2_stressor2_55_56 Box 2.wmv,2,novstressor,sec,74,0,351.0333333
56,250905_SEFL10N6d_B2_stressor2_55_56 Box 2.wmv,2,novstressor,sec,75,0,455.8666667
56,250905_SEFL10N6d_B2_stressor2_55_56 Box 2.wmv,2,novstressor,sec,76,0,497.2333333
56,250905_SEFL10N6d_B2_stressor2_55_56 Box 2.wmv,2,novstressor,sec,77,100,18.8
56,250905_SEFL10N6d_B2_stressor2_55_56 Box 2.wmv,2,novstressor,sec,78,3.333333333,720.7666667
56,250905_SEFL10N6d_B2_stressor2_55_56 Box 2.wmv,2,novstressor,sec,79,80,89.56666667
56,250905_SEFL10N6d_B2_stressor2_55_56 Box 2.wmv,2,novstressor,sec,80,0,415.4
56,250905_SEFL10N6d_B2_stressor2_55_56 Box 2.wmv,2,novstressor,sec,81,0,533.4666667
56,250905_SEFL10N6d_B2_stressor2_55_56 Box 2.wmv,2,novstressor,sec,82,0,286.9
56,250905_SEFL10N6d_B2_stressor2_55_56 Box 2.wmv,2,novstressor,sec,83,90,112.7
56,250905_SEFL10N6d_B2_stressor2_55_56 Box 2.wmv,2,novstressor,sec,84,76.66666667,152.9333333
56,250905_SEFL10N6d_B2_stressor2_55_56 Box 2.wmv,2,novstressor,sec,85,53.33333333,260.1
56,250905_SEFL10N6d_B2_stressor2_55_56 Box 2.wmv,2,novstressor,sec,86,0,877.1666667
56,250905_SEFL10N6d_B2_stressor2_55_56 Box 2.wmv,2,novstressor,sec,87,0,1104.766667
56,250905_SEFL10N6d_B2_stressor2_55_56 Box 2.wmv,2,novstressor,sec,88,23.33333333,761.4333333
56,250905_SEFL10N6d_B2_stressor2_55_56 Box 2.wmv,2,novstressor,sec,89,33.33333333,641.3
56,250905_SEFL10N6d_B2_stressor2_55_56 Box 2.wmv,2,novstressor,sec,90,0,894.1666667
56,250905_SEFL10N6d_B2_stressor2_55_56 Box 2.wmv,2,novstressor,sec,91,0,906.5333333
56,250905_SEFL10N6d_B2_stressor2_55_56 Box 2.wmv,2,novstressor,sec,92,0,854.8333333
56,250905_SEFL10N6d_B2_stressor2_55_56 Box 2.wmv,2,novstressor,sec,93,0,476.4333333
56,250905_SEFL10N6d_B2_stressor2_55_56 Box 2.wmv,2,novstressor,sec,94,70,169.1666667
56,250905_SEFL10N6d_B2_stressor2_55_56 Box 2.wmv,2,novstressor,sec,95,0,338.4
56,250905_SEFL10N6d_B2_stressor2_55_56 Box 2.wmv,2,novstressor,sec,96,0,606.0666667
56,250905_SEFL10N6d_B2_stressor2_55_56 Box 2.wmv,2,novstressor,sec,97,0,1462.666667
56,250905_SEFL10N6d_B2_stressor2_55_56 Box 2.wmv,2,novstressor,sec,98,0,823.9
56,250905_SEFL10N6d_B2_stressor2_55_56 Box 2.wmv,2,novstressor,sec,99,0,960.3333333
56,250905_SEFL10N6d_B2_stressor2_55_56 Box 2.wmv,2,novstressor,sec,100,0,1718.033333
56,250905_SEFL10N6d_B2_stressor2_55_56 Box 2.wmv,2,novstressor,sec,101,0,1336.8
56,250905_SEFL10N6d_B2_stressor2_55_56 Box 2.wmv,2,novstressor,sec,102,0,669.1
56,250905_SEFL10N6d_B2_stressor2_55_56 Box 2.wmv,2,novstressor,sec,103,0,1011.466667
56,250905_SEFL10N6d_B2_stressor2_55_56 Box 2.wmv,2,novstressor,sec,104,0,923.7
56,250905_SEFL10N6d_B2_stressor2_55_56 Box 2.wmv,2,novstressor,sec,105,23.33333333,374
56,250905_SEFL10N6d_B2_stressor2_55_56 Box 2.wmv,2,novstressor,sec,106,76.66666667,115.9
56,250905_SEFL10N6d_B2_stressor2_55_56 Box 2.wmv,2,novstressor,sec,107,80,83.86666667
56,250905_SEFL10N6d_B2_stressor2_55_56 Box 2.wmv,2,novstressor,sec,108,60,215.6
56,250905_SEFL10N6d_B2_stressor2_55_56 Box 2.wmv,2,novstressor,sec,109,26.66666667,459.5333333
56,250905_SEFL10N6d_B2_stressor2_55_56 Box 2.wmv,2,novstressor,sec,110,53.33333333,361.8
56,250905_SEFL10N6d_B2_stressor2_55_56 Box 2.wmv,2,novstressor,sec,111,23.33333333,385.2
56,250905_SEFL10N6d_B2_stressor2_55_56 Box 2.wmv,2,novstressor,sec,112,0,598.7333333
56,250905_SEFL10N6d_B2_stressor2_55_56 Box 2.wmv,2,novstressor,sec,113,0,377.4666667
56,250905_SEFL10N6d_B2_stressor2_55_56 Box 2.wmv,2,novstressor,sec,114,93.33333333,35.13333333
56,250905_SEFL10N6d_B2_stressor2_55_56 Box 2.wmv,2,novstressor,sec,115,76.66666667,163.7
56,250905_SEFL10N6d_B2_stressor2_55_56 Box 2.wmv,2,novstressor,sec,116,100,8.366666667
56,250905_SEFL10N6d_B2_stressor2_55_56 Box 2.wmv,2,novstressor,sec,117,26.66666667,236.1333333
56,250905_SEFL10N6d_B2_stressor2_55_56 Box 2.wmv,2,novstressor,sec,118,90,48.23333333
56,250905_SEFL10N6d_B2_stressor2_55_56 Box 2.wmv,2,novstressor,sec,119,96.66666667,117.1666667
56,250905_SEFL10N6d_B2_stressor2_55_56 Box 2.wmv,2,novstressor,sec,120,53.33333333,121.8666667
56,250905_SEFL10N6d_B2_stressor2_55_56 Box 2.wmv,2,novstressor,sec,121,16.66666667,355.5333333
56,250905_SEFL10N6d_B2_stressor2_55_56 Box 2.wmv,2,novstressor,sec,122,23.33333333,201.8
56,250905_SEFL10N6d_B2_stressor2_55_56 Box 2.wmv,2,novstressor,sec,123,100,0
56,250905_SEFL10N6d_B2_stressor2_55_56 Box 2.wmv,2,novstressor,sec,124,63.33333333,153
56,250905_SEFL10N6d_B2_stressor2_55_56 Box 2.wmv,2,novstressor,sec,125,86.66666667,123.8333333
56,250905_SEFL10N6d_B2_stressor2_55_56 Box 2.wmv,2,novstressor,sec,126,73.33333333,110.3666667
56,250905_SEFL10N6d_B2_stressor2_55_56 Box 2.wmv,2,novstressor,sec,127,0,320.3
56,250905_SEFL10N6d_B2_stressor2_55_56 Box 2.wmv,2,novstressor,sec,128,0,544.1
56,250905_SEFL10N6d_B2_stressor2_55_56 Box 2.wmv,2,novstressor,sec,129,0,528.8333333
56,250905_SEFL10N6d_B2_stressor2_55_56 Box 2.wmv,2,novstressor,sec,130,0,421.8
56,250905_SEFL10N6d_B2_stressor2_55_56 Box 2.wmv,2,novstressor,sec,131,0,389.5666667
56,250905_SEFL10N6d_B2_stressor2_55_56 Box 2.wmv,2,novstressor,sec,132,0,315.3
56,250905_SEFL10N6d_B2_stressor2_55_56 Box 2.wmv,2,novstressor,sec,133,0,847.8333333
56,250905_SEFL10N6d_B2_stressor2_55_56 Box 2.wmv,2,novstressor,sec,134,0,1281.8
56,250905_SEFL10N6d_B2_stressor2_55_56 Box 2.wmv,2,novstressor,sec,135,73.33333333,208.3
56,250905_SEFL10N6d_B2_stressor2_55_56 Box 2.wmv,2,novstressor,sec,136,0,743.9666667
56,250905_SEFL10N6d_B2_stressor2_55_56 Box 2.wmv,2,novstressor,sec,137,80,107.6666667
56,250905_SEFL10N6d_B2_stressor2_55_56 Box 2.wmv,2,novstressor,sec,138,10,191.9
56,250905_SEFL10N6d_B2_stressor2_55_56 Box 2.wmv,2,novstressor,sec,139,13.33333333,169.9333333
56,250905_SEFL10N6d_B2_stressor2_55_56 Box 2.wmv,2,novstressor,sec,140,50,254.6
56,250905_SEFL10N6d_B2_stressor2_55_56 Box 2.wmv,2,novstressor,sec,141,0,325.8666667
56,250905_SEFL10N6d_B2_stressor2_55_56 Box 2.wmv,2,novstressor,sec,142,0,199.4333333
56,250905_SEFL10N6d_B2_stressor2_55_56 Box 2.wmv,2,novstressor,sec,143,0,244.5
56,250905_SEFL10N6d_B2_stressor2_55_56 Box 2.wmv,2,novstressor,sec,144,0,342.2
56,250905_SEFL10N6d_B2_stressor2_55_56 Box 2.wmv,2,novstressor,sec,145,0,310.6
56,250905_SEFL10N6d_B2_stressor2_55_56 Box 2.wmv,2,novstressor,sec,146,0,344.2666667
56,250905_SEFL10N6d_B2_stressor2_55_56 Box 2.wmv,2,novstressor,sec,147,0,339.2333333
56,250905_SEFL10N6d_B2_stressor2_55_56 Box 2.wmv,2,novstressor,sec,148,20,251.6
56,250905_SEFL10N6d_B2_stressor2_55_56 Box 2.wmv,2,novstressor,sec,149,36.66666667,271.8666667
56,250905_SEFL10N6d_B2_stressor2_55_56 Box 2.wmv,2,novstressor,sec,150,30,160.8
56,250905_SEFL10N6d_B2_stressor2_55_56 Box 2.wmv,2,novstressor,sec,151,100,1.766666667
56,250905_SEFL10N6d_B2_stressor2_55_56 Box 2.wmv,2,novstressor,sec,152,23.33333333,237.4
56,250905_SEFL10N6d_B2_stressor2_55_56 Box 2.wmv,2,novstressor,sec,153,0,424.4
56,250905_SEFL10N6d_B2_stressor2_55_56 Box 2.wmv,2,novstressor,sec,154,20,313.2
56,250905_SEFL10N6d_B2_stressor2_55_56 Box 2.wmv,2,novstressor,sec,155,63.33333333,348.7666667
56,250905_SEFL10N6d_B2_stressor2_55_56 Box 2.wmv,2,novstressor,sec,156,90,86.2
56,250905_SEFL10N6d_B2_stressor2_55_56 Box 2.wmv,2,novstressor,sec,157,3.333333333,299.6
56,250905_SEFL10N6d_B2_stressor2_55_56 Box 2.wmv,2,novstressor,sec,158,70,104.3333333
56,250905_SEFL10N6d_B2_stressor2_55_56 Box 2.wmv,2,novstressor,sec,159,0,183.0333333
56,250905_SEFL10N6d_B2_stressor2_55_56 Box 2.wmv,2,novstressor,sec,160,0,334.2
56,250905_SEFL10N6d_B2_stressor2_55_56 Box 2.wmv,2,novstressor,sec,161,46.66666667,244.3666667
56,250905_SEFL10N6d_B2_stressor2_55_56 Box 2.wmv,2,novstressor,sec,162,100,1
56,250905_SEFL10N6d_B2_stressor2_55_56 Box 2.wmv,2,novstressor,sec,163,100,38.86666667
56,250905_SEFL10N6d_B2_stressor2_55_56 Box 2.wmv,2,novstressor,sec,164,56.66666667,70.26666667
56,250905_SEFL10N6d_B2_stressor2_55_56 Box 2.wmv,2,novstressor,sec,165,0,332.9666667
56,250905_SEFL10N6d_B2_stressor2_55_56 Box 2.wmv,2,novstressor,sec,166,93.33333333,47.86666667
56,250905_SEFL10N6d_B2_stressor2_55_56 Box 2.wmv,2,novstressor,sec,167,30,249.5333333
56,250905_SEFL10N6d_B2_stressor2_55_56 Box 2.wmv,2,novstressor,sec,168,100,26.06666667
56,250905_SEFL10N6d_B2_stressor2_55_56 Box 2.wmv,2,novstressor,sec,169,70,186.9666667
56,250905_SEFL10N6d_B2_stressor2_55_56 Box 2.wmv,2,novstressor,sec,170,83.33333333,68.73333333
56,250905_SEFL10N6d_B2_stressor2_55_56 Box 2.wmv,2,novstressor,sec,171,26.66666667,273.4333333
56,250905_SEFL10N6d_B2_stressor2_55_56 Box 2.wmv,2,novstressor,sec,172,100,3.3
56,250905_SEFL10N6d_B2_stressor2_55_56 Box 2.wmv,2,novstressor,sec,173,70,259.6
56,250905_SEFL10N6d_B2_stressor2_55_56 Box 2.wmv,2,novstressor,sec,174,43.33333333,204.2666667
56,250905_SEFL10N6d_B2_stressor2_55_56 Box 2.wmv,2,novstressor,sec,175,0,554.5
56,250905_SEFL10N6d_B2_stressor2_55_56 Box 2.wmv,2,novstressor,sec,176,0,403.8333333
56,250905_SEFL10N6d_B2_stressor2_55_56 Box 2.wmv,2,novstressor,sec,177,63.33333333,175.2333333
56,250905_SEFL10N6d_B2_stressor2_55_56 Box 2.wmv,2,novstressor,sec,178,76.66666667,146.4
56,250905_SEFL10N6d_B2_stressor2_55_56 Box 2.wmv,2,novstressor,sec,179,86.66666667,179.2666667
56,250905_SEFL10N6d_B2_stressor2_55_56 Box 2.wmv,2,novstressor,sec,180,0,760.6
56,250905_SEFL10N6d_B2_stressor2_55_56 Box 2.wmv,2,novstressor,sec,181,0,1408.666667
56,250905_SEFL10N6d_B2_stressor2_55_56 Box 2.wmv,2,novstressor,sec,182,0,2297.533333
56,250905_SEFL10N6d_B2_stressor2_55_56 Box 2.wmv,2,novstressor,sec,183,0,914.2
56,250905_SEFL10N6d_B2_stressor2_55_56 Box 2.wmv,2,novstressor,sec,184,56.66666667,797.1666667
56,250905_SEFL10N6d_B2_stressor2_55_56 Box 2.wmv,2,novstressor,sec,185,76.66666667,127.8
56,250905_SEFL10N6d_B2_stressor2_55_56 Box 2.wmv,2,novstressor,sec,186,73.33333333,172.1
56,250905_SEFL10N6d_B2_stressor2_55_56 Box 2.wmv,2,novstressor,sec,187,100,3.866666667
56,250905_SEFL10N6d_B2_stressor2_55_56 Box 2.wmv,2,novstressor,sec,188,100,10
56,250905_SEFL10N6d_B2_stressor2_55_56 Box 2.wmv,2,novstressor,sec,189,43.33333333,414.2333333
56,250905_SEFL10N6d_B2_stressor2_55_56 Box 2.wmv,2,novstressor,sec,190,90,107.5666667
56,250905_SEFL10N6d_B2_stressor2_55_56 Box 2.wmv,2,novstressor,sec,191,100,1.233333333
56,250905_SEFL10N6d_B2_stressor2_55_56 Box 2.wmv,2,novstressor,sec,192,100,0.7
56,250905_SEFL10N6d_B2_stressor2_55_56 Box 2.wmv,2,novstressor,sec,193,100,10.2
56,250905_SEFL10N6d_B2_stressor2_55_56 Box 2.wmv,2,novstressor,sec,194,100,1.033333333
56,250905_SEFL10N6d_B2_stressor2_55_56 Box 2.wmv,2,novstressor,sec,195,100,0.5
56,250905_SEFL10N6d_B2_stressor2_55_56 Box 2.wmv,2,novstressor,sec,196,100,0.266666667
56,250905_SEFL10N6d_B2_stressor2_55_56 Box 2.wmv,2,novstressor,sec,197,100,0.066666667
56,250905_SEFL10N6d_B2_stressor2_55_56 Box 2.wmv,2,novstressor,sec,198,100,0.1
56,250905_SEFL10N6d_B2_stressor2_55_56 Box 2.wmv,2,novstressor,sec,199,100,0.166666667
56,250905_SEFL10N6d_B2_stressor2_55_56 Box 2.wmv,2,novstressor,sec,200,100,0.033333333
56,250905_SEFL10N6d_B2_stressor2_55_56 Box 2.wmv,2,novstressor,sec,201,100,0.5
56,250905_SEFL10N6d_B2_stressor2_55_56 Box 2.wmv,2,novstressor,sec,202,100,0
56,250905_SEFL10N6d_B2_stressor2_55_56 Box 2.wmv,2,novstressor,sec,203,100,0
56,250905_SEFL10N6d_B2_stressor2_55_56 Box 2.wmv,2,novstressor,sec,204,100,0.233333333
56,250905_SEFL10N6d_B2_stressor2_55_56 Box 2.wmv,2,novstressor,sec,205,100,0.066666667
56,250905_SEFL10N6d_B2_stressor2_55_56 Box 2.wmv,2,novstressor,sec,206,100,0
56,250905_SEFL10N6d_B2_stressor2_55_56 Box 2.wmv,2,novstressor,sec,207,70,110.0333333
56,250905_SEFL10N6d_B2_stressor2_55_56 Box 2.wmv,2,novstressor,sec,208,0,285.6333333
56,250905_SEFL10N6d_B2_stressor2_55_56 Box 2.wmv,2,novstressor,sec,209,16.66666667,304.0333333
56,250905_SEFL10N6d_B2_stressor2_55_56 Box 2.wmv,2,novstressor,sec,210,96.66666667,91.76666667
56,250905_SEFL10N6d_B2_stressor2_55_56 Box 2.wmv,2,novstressor,sec,211,50,131.4666667
56,250905_SEFL10N6d_B2_stressor2_55_56 Box 2.wmv,2,novstressor,sec,212,33.33333333,273.7333333
56,250905_SEFL10N6d_B2_stressor2_55_56 Box 2.wmv,2,novstressor,sec,213,100,9
56,250905_SEFL10N6d_B2_stressor2_55_56 Box 2.wmv,2,novstressor,sec,214,76.66666667,70.9
56,250905_SEFL10N6d_B2_stressor2_55_56 Box 2.wmv,2,novstressor,sec,215,6.666666667,364.7
56,250905_SEFL10N6d_B2_stressor2_55_56 Box 2.wmv,2,novstressor,sec,216,100,4.433333333
56,250905_SEFL10N6d_B2_stressor2_55_56 Box 2.wmv,2,novstressor,sec,217,100,0.3
56,250905_SEFL10N6d_B2_stressor2_55_56 Box 2.wmv,2,novstressor,sec,218,60,91.1
56,250905_SEFL10N6d_B2_stressor2_55_56 Box 2.wmv,2,novstressor,sec,219,43.33333333,176.2333333
56,250905_SEFL10N6d_B2_stressor2_55_56 Box 2.wmv,2,novstressor,sec,220,96.66666667,108.0666667
56,250905_SEFL10N6d_B2_stressor2_55_56 Box 2.wmv,2,novstressor,sec,221,100,13.7
56,250905_SEFL10N6d_B2_stressor2_55_56 Box 2.wmv,2,novstressor,sec,222,100,0.133333333
56,250905_SEFL10N6d_B2_stressor2_55_56 Box 2.wmv,2,novstressor,sec,223,40,135.3
56,250905_SEFL10N6d_B2_stressor2_55_56 Box 2.wmv,2,novstressor,sec,224,83.33333333,93.66666667
56,250905_SEFL10N6d_B2_stressor2_55_56 Box 2.wmv,2,novstressor,sec,225,100,0.566666667
56,250905_SEFL10N6d_B2_stressor2_55_56 Box 2.wmv,2,novstressor,sec,226,100,0.433333333
56,250905_SEFL10N6d_B2_stressor2_55_56 Box 2.wmv,2,novstressor,sec,227,86.66666667,134.2
56,250905_SEFL10N6d_B2_stressor2_55_56 Box 2.wmv,2,novstressor,sec,228,96.66666667,33.46666667
56,250905_SEFL10N6d_B2_stressor2_55_56 Box 2.wmv,2,novstressor,sec,229,93.33333333,159.0666667
56,250905_SEFL10N6d_B2_stressor2_55_56 Box 2.wmv,2,novstressor,sec,230,76.66666667,123.1666667
56,250905_SEFL10N6d_B2_stressor2_55_56 Box 2.wmv,2,novstressor,sec,231,70,137.5333333
56,250905_SEFL10N6d_B2_stressor2_55_56 Box 2.wmv,2,novstressor,sec,232,100,6.533333333
56,250905_SEFL10N6d_B2_stressor2_55_56 Box 2.wmv,2,novstressor,sec,233,73.33333333,195.7666667
56,250905_SEFL10N6d_B2_stressor2_55_56 Box 2.wmv,2,novstressor,sec,234,100,11.53333333
56,250905_SEFL10N6d_B2_stressor2_55_56 Box 2.wmv,2,novstressor,sec,235,96.66666667,94.6
56,250905_SEFL10N6d_B2_stressor2_55_56 Box 2.wmv,2,novstressor,sec,236,100,8.133333333
56,250905_SEFL10N6d_B2_stressor2_55_56 Box 2.wmv,2,novstressor,sec,237,96.66666667,96.23333333
56,250905_SEFL10N6d_B2_stressor2_55_56 Box 2.wmv,2,novstressor,sec,238,100,0.366666667
56,250905_SEFL10N6d_B2_stressor2_55_56 Box 2.wmv,2,novstressor,sec,239,96.66666667,84.76666667
56,250905_SEFL10N6d_B2_stressor2_55_56 Box 2.wmv,2,novstressor,sec,240,100,0.133333333
56,250905_SEFL10N6d_B2_stressor2_55_56 Box 2.wmv,2,novstressor,sec,241,56.66666667,132.6333333
56,250905_SEFL10N6d_B2_stressor2_55_56 Box 2.wmv,2,novstressor,sec,242,100,0.266666667
56,250905_SEFL10N6d_B2_stressor2_55_56 Box 2.wmv,2,novstressor,sec,243,46.66666667,109.9333333
56,250905_SEFL10N6d_B2_stressor2_55_56 Box 2.wmv,2,novstressor,sec,244,20,196.9666667
56,250905_SEFL10N6d_B2_stressor2_55_56 Box 2.wmv,2,novstressor,sec,245,100,5.5
56,250905_SEFL10N6d_B2_stressor2_55_56 Box 2.wmv,2,novstressor,sec,246,100,0.2
56,250905_SEFL10N6d_B2_stressor2_55_56 Box 2.wmv,2,novstressor,sec,247,100,0.033333333
56,250905_SEFL10N6d_B2_stressor2_55_56 Box 2.wmv,2,novstressor,sec,248,26.66666667,196.8
56,250905_SEFL10N6d_B2_stressor2_55_56 Box 2.wmv,2,novstressor,sec,249,96.66666667,38.06666667
56,250905_SEFL10N6d_B2_stressor2_55_56 Box 2.wmv,2,novstressor,sec,250,100,0.2
56,250905_SEFL10N6d_B2_stressor2_55_56 Box 2.wmv,2,novstressor,sec,251,53.33333333,202.7666667
56,250905_SEFL10N6d_B2_stressor2_55_56 Box 2.wmv,2,novstressor,sec,252,100,12.3
56,250905_SEFL10N6d_B2_stressor2_55_56 Box 2.wmv,2,novstressor,sec,253,90,111.2333333
56,250905_SEFL10N6d_B2_stressor2_55_56 Box 2.wmv,2,novstressor,sec,254,86.66666667,178.8333333
56,250905_SEFL10N6d_B2_stressor2_55_56 Box 2.wmv,2,novstressor,sec,255,100,26.66666667
56,250905_SEFL10N6d_B2_stressor2_55_56 Box 2.wmv,2,novstressor,sec,256,63.33333333,116.2333333
56,250905_SEFL10N6d_B2_stressor2_55_56 Box 2.wmv,2,novstressor,sec,257,0,358.4
56,250905_SEFL10N6d_B2_stressor2_55_56 Box 2.wmv,2,novstressor,sec,258,0,399.2333333
56,250905_SEFL10N6d_B2_stressor2_55_56 Box 2.wmv,2,novstressor,sec,259,0,216.4
56,250905_SEFL10N6d_B2_stressor2_55_56 Box 2.wmv,2,novstressor,sec,260,63.33333333,116.8
56,250905_SEFL10N6d_B2_stressor2_55_56 Box 2.wmv,2,novstressor,sec,261,100,2.8
56,250905_SEFL10N6d_B2_stressor2_55_56 Box 2.wmv,2,novstressor,sec,262,16.66666667,354.2
56,250905_SEFL10N6d_B2_stressor2_55_56 Box 2.wmv,2,novstressor,sec,263,3.333333333,521.8666667
56,250905_SEFL10N6d_B2_stressor2_55_56 Box 2.wmv,2,novstressor,sec,264,100,4.333333333
56,250905_SEFL10N6d_B2_stressor2_55_56 Box 2.wmv,2,novstressor,sec,265,30,137.7666667
56,250905_SEFL10N6d_B2_stressor2_55_56 Box 2.wmv,2,novstressor,sec,266,80,96.6
56,250905_SEFL10N6d_B2_stressor2_55_56 Box 2.wmv,2,novstressor,sec,267,96.66666667,77.46666667
56,250905_SEFL10N6d_B2_stressor2_55_56 Box 2.wmv,2,novstressor,sec,268,90,63.66666667
56,250905_SEFL10N6d_B2_stressor2_55_56 Box 2.wmv,2,novstressor,sec,269,100,11.36666667
56,250905_SEFL10N6d_B2_stressor2_55_56 Box 2.wmv,2,novstressor,sec,270,6.666666667,624.4
56,250905_SEFL10N6d_B2_stressor2_55_56 Box 2.wmv,2,novstressor,sec,271,0,619.8333333
56,250905_SEFL10N6d_B2_stressor2_55_56 Box 2.wmv,2,novstressor,sec,272,0,693.5
56,250905_SEFL10N6d_B2_stressor2_55_56 Box 2.wmv,2,novstressor,sec,273,0,440.6
56,250905_SEFL10N6d_B2_stressor2_55_56 Box 2.wmv,2,novstressor,sec,274,0,764.9666667
56,250905_SEFL10N6d_B2_stressor2_55_56 Box 2.wmv,2,novstressor,sec,275,36.66666667,347.5333333
56,250905_SEFL10N6d_B2_stressor2_55_56 Box 2.wmv,2,novstressor,sec,276,23.33333333,305.3666667
56,250905_SEFL10N6d_B2_stressor2_55_56 Box 2.wmv,2,novstressor,sec,277,0,938.1666667
56,250905_SEFL10N6d_B2_stressor2_55_56 Box 2.wmv,2,novstressor,sec,278,53.33333333,323.6333333
56,250905_SEFL10N6d_B2_stressor2_55_56 Box 2.wmv,2,novstressor,sec,279,3.333333333,931.4333333
56,250905_SEFL10N6d_B2_stressor2_55_56 Box 2.wmv,2,novstressor,sec,280,0,1404
56,250905_SEFL10N6d_B2_stressor2_55_56 Box 2.wmv,2,novstressor,sec,281,0,571
56,250905_SEFL10N6d_B2_stressor2_55_56 Box 2.wmv,2,novstressor,sec,282,0,626.7333333
56,250905_SEFL10N6d_B2_stressor2_55_56 Box 2.wmv,2,novstressor,sec,283,0,487.3333333
56,250905_SEFL10N6d_B2_stressor2_55_56 Box 2.wmv,2,novstressor,sec,284,6.666666667,565.1
56,250905_SEFL10N6d_B2_stressor2_55_56 Box 2.wmv,2,novstressor,sec,285,63.33333333,165.2
56,250905_SEFL10N6d_B2_stressor2_55_56 Box 2.wmv,2,novstressor,sec,286,0,493.1666667
56,250905_SEFL10N6d_B2_stressor2_55_56 Box 2.wmv,2,novstressor,sec,287,0,838.7666667
56,250905_SEFL10N6d_B2_stressor2_55_56 Box 2.wmv,2,novstressor,sec,288,0,745.7666667
56,250905_SEFL10N6d_B2_stressor2_55_56 Box 2.wmv,2,novstressor,sec,289,0,511.7333333
56,250905_SEFL10N6d_B2_stressor2_55_56 Box 2.wmv,2,novstressor,sec,290,0,483.0333333
56,250905_SEFL10N6d_B2_stressor2_55_56 Box 2.wmv,2,novstressor,sec,291,0,374.1
56,250905_SEFL10N6d_B2_stressor2_55_56 Box 2.wmv,2,novstressor,sec,292,0,427
56,250905_SEFL10N6d_B2_stressor2_55_56 Box 2.wmv,2,novstressor,sec,293,0,806.9
56,250905_SEFL10N6d_B2_stressor2_55_56 Box 2.wmv,2,novstressor,sec,294,0,1625
56,250905_SEFL10N6d_B2_stressor2_55_56 Box 2.wmv,2,novstressor,sec,295,0,590.4333333
56,250905_SEFL10N6d_B2_stressor2_55_56 Box 2.wmv,2,novstressor,sec,296,0,312.2
56,250905_SEFL10N6d_B2_stressor2_55_56 Box 2.wmv,2,novstressor,sec,297,0,1051.233333
56,250905_SEFL10N6d_B2_stressor2_55_56 Box 2.wmv,2,novstressor,sec,298,0,617.2666667
56,250905_SEFL10N6d_B2_stressor2_55_56 Box 2.wmv,2,novstressor,sec,299,0,333.7
56,250905_SEFL10N6d_B2_stressor2_55_56 Box 2.wmv,2,novstressor,sec,300,60,140.5333333
56,250905_SEFL10N6d_B2_stressor2_55_56 Box 2.wmv,2,novstressor,sec,301,43.33333333,187.3
56,250905_SEFL10N6d_B2_stressor2_55_56 Box 2.wmv,2,novstressor,sec,302,43.33333333,266.8666667
56,250905_SEFL10N6d_B2_stressor2_55_56 Box 2.wmv,2,novstressor,sec,303,66.66666667,209.1666667
56,250905_SEFL10N6d_B2_stressor2_55_56 Box 2.wmv,2,novstressor,sec,304,0,316.1666667
56,250905_SEFL10N6d_B2_stressor2_55_56 Box 2.wmv,2,novstressor,sec,305,0,466.4
56,250905_SEFL10N6d_B2_stressor2_55_56 Box 2.wmv,2,novstressor,sec,306,86.66666667,94.63333333
56,250905_SEFL10N6d_B2_stressor2_55_56 Box 2.wmv,2,novstressor,sec,307,63.33333333,153.3666667
56,250905_SEFL10N6d_B2_stressor2_55_56 Box 2.wmv,2,novstressor,sec,308,0,419.0666667
56,250905_SEFL10N6d_B2_stressor2_55_56 Box 2.wmv,2,novstressor,sec,309,86.66666667,82.9
56,250905_SEFL10N6d_B2_stressor2_55_56 Box 2.wmv,2,novstressor,sec,310,90,62.76666667
56,250905_SEFL10N6d_B2_stressor2_55_56 Box 2.wmv,2,novstressor,sec,311,0,324.2
56,250905_SEFL10N6d_B2_stressor2_55_56 Box 2.wmv,2,novstressor,sec,312,0,340.5666667
56,250905_SEFL10N6d_B2_stressor2_55_56 Box 2.wmv,2,novstressor,sec,313,0,1144.4
56,250905_SEFL10N6d_B2_stressor2_55_56 Box 2.wmv,2,novstressor,sec,314,30,663.5333333
56,250905_SEFL10N6d_B2_stressor2_55_56 Box 2.wmv,2,novstressor,sec,315,30,500.6666667
56,250905_SEFL10N6d_B2_stressor2_55_56 Box 2.wmv,2,novstressor,sec,316,0,527.5666667
56,250905_SEFL10N6d_B2_stressor2_55_56 Box 2.wmv,2,novstressor,sec,317,0,484.0333333
56,250905_SEFL10N6d_B2_stressor2_55_56 Box 2.wmv,2,novstressor,sec,318,0,745.4666667
56,250905_SEFL10N6d_B2_stressor2_55_56 Box 2.wmv,2,novstressor,sec,319,0,884.3333333
56,250905_SEFL10N6d_B2_stressor2_55_56 Box 2.wmv,2,novstressor,sec,320,0,600.0333333
56,250905_SEFL10N6d_B2_stressor2_55_56 Box 2.wmv,2,novstressor,sec,321,0,268.1
56,250905_SEFL10N6d_B2_stressor2_55_56 Box 2.wmv,2,novstressor,sec,322,0,612.5
56,250905_SEFL10N6d_B2_stressor2_55_56 Box 2.wmv,2,novstressor,sec,323,0,551.4666667
56,250905_SEFL10N6d_B2_stressor2_55_56 Box 2.wmv,2,novstressor,sec,324,0,846.0333333
56,250905_SEFL10N6d_B2_stressor2_55_56 Box 2.wmv,2,novstressor,sec,325,0,389.7
56,250905_SEFL10N6d_B2_stressor2_55_56 Box 2.wmv,2,novstressor,sec,326,0,347.7666667
56,250905_SEFL10N6d_B2_stressor2_55_56 Box 2.wmv,2,novstressor,sec,327,0,350
56,250905_SEFL10N6d_B2_stressor2_55_56 Box 2.wmv,2,novstressor,sec,328,0,925.8666667
56,250905_SEFL10N6d_B2_stressor2_55_56 Box 2.wmv,2,novstressor,sec,329,0,937.4666667
56,250905_SEFL10N6d_B2_stressor2_55_56 Box 2.wmv,2,novstressor,sec,330,76.66666667,249.1666667
56,250905_SEFL10N6d_B2_stressor2_55_56 Box 2.wmv,2,novstressor,sec,331,0,823.1666667
56,250905_SEFL10N6d_B2_stressor2_55_56 Box 2.wmv,2,novstressor,sec,332,0,985.3333333
56,250905_SEFL10N6d_B2_stressor2_55_56 Box 2.wmv,2,novstressor,sec,333,0,764.8666667
56,250905_SEFL10N6d_B2_stressor2_55_56 Box 2.wmv,2,novstressor,sec,334,36.66666667,191.7
56,250905_SEFL10N6d_B2_stressor2_55_56 Box 2.wmv,2,novstressor,sec,335,16.66666667,730.3333333
56,250905_SEFL10N6d_B2_stressor2_55_56 Box 2.wmv,2,novstressor,sec,336,0,487.0333333
56,250905_SEFL10N6d_B2_stressor2_55_56 Box 2.wmv,2,novstressor,sec,337,0,1598.633333
56,250905_SEFL10N6d_B2_stressor2_55_56 Box 2.wmv,2,novstressor,sec,338,0,799.4
56,250905_SEFL10N6d_B2_stressor2_55_56 Box 2.wmv,2,novstressor,sec,339,0,358.3333333
56,250905_SEFL10N6d_B2_stressor2_55_56 Box 2.wmv,2,novstressor,sec,340,63.33333333,228.0333333
56,250905_SEFL10N6d_B2_stressor2_55_56 Box 2.wmv,2,novstressor,sec,341,40,233.9
56,250905_SEFL10N6d_B2_stressor2_55_56 Box 2.wmv,2,novstressor,sec,342,60,620.8666667
56,250905_SEFL10N6d_B2_stressor2_55_56 Box 2.wmv,2,novstressor,sec,343,46.66666667,519.8666667
56,250905_SEFL10N6d_B2_stressor2_55_56 Box 2.wmv,2,novstressor,sec,344,96.66666667,40.73333333
56,250905_SEFL10N6d_B2_stressor2_55_56 Box 2.wmv,2,novstressor,sec,345,46.66666667,267
56,250905_SEFL10N6d_B2_stressor2_55_56 Box 2.wmv,2,novstressor,sec,346,0,364.8
56,250905_SEFL10N6d_B2_stressor2_55_56 Box 2.wmv,2,novstressor,sec,347,96.66666667,48.16666667
56,250905_SEFL10N6d_B2_stressor2_55_56 Box 2.wmv,2,novstressor,sec,348,100,0.4
56,250905_SEFL10N6d_B2_stressor2_55_56 Box 2.wmv,2,novstressor,sec,349,80,65.4
56,250905_SEFL10N6d_B2_stressor2_55_56 Box 2.wmv,2,novstressor,sec,350,53.33333333,163.4666667
56,250905_SEFL10N6d_B2_stressor2_55_56 Box 2.wmv,2,novstressor,sec,351,100,3.466666667
56,250905_SEFL10N6d_B2_stressor2_55_56 Box 2.wmv,2,novstressor,sec,352,16.66666667,507.3
56,250905_SEFL10N6d_B2_stressor2_55_56 Box 2.wmv,2,novstressor,sec,353,0,566.4333333
56,250905_SEFL10N6d_B2_stressor2_55_56 Box 2.wmv,2,novstressor,sec,354,0,809.9
56,250905_SEFL10N6d_B2_stressor2_55_56 Box 2.wmv,2,novstressor,sec,355,0,759.3333333
56,250905_SEFL10N6d_B2_stressor2_55_56 Box 2.wmv,2,novstressor,sec,356,0,765.1666667
56,250905_SEFL10N6d_B2_stressor2_55_56 Box 2.wmv,2,novstressor,sec,357,0,492
56,250905_SEFL10N6d_B2_stressor2_55_56 Box 2.wmv,2,novstressor,sec,358,0,482.9666667
56,250905_SEFL10N6d_B2_stressor2_55_56 Box 2.wmv,2,novstressor,sec,359,0,351.8333333
56,250905_SEFL10N6d_B2_stressor2_55_56 Box 2.wmv,2,novstressor,sec,360,20,565.2
56,250905_SEFL10N6d_B2_stressor2_55_56 Box 2.wmv,2,novstressor,sec,361,40,371.7
56,250905_SEFL10N6d_B2_stressor2_55_56 Box 2.wmv,2,novstressor,sec,362,0,812.9666667
56,250905_SEFL10N6d_B2_stressor2_55_56 Box 2.wmv,2,novstressor,sec,363,0,580.6
56,250905_SEFL10N6d_B2_stressor2_55_56 Box 2.wmv,2,novstressor,prepost,bl,24.38888889,523.9962963
56,250905_SEFL10N6d_B2_stressor2_55_56 Box 2.wmv,2,novstressor,prepost,post,47.28452271,322.8696942
56,250905_SEFL10N6d_B2_stressor2_55_56 Box 2.wmv,2,novstressor,startle,startle_post,68.88888889,365.6888889
56,250905_SEFL10N6d_B2_stressor2_55_56 Box 2.wmv,2,novstressor,startle,startle_pre,54.44444444,362.0888889
56,250905_SEFL10N6d_B2_stressor2_55_56 Box 2.wmv,2,novstressor,startle,startle_startle,0,1540.133333
57,250905_SEFL10N6d_B2_stressor2_57_58 Box 1.wmv,1,novstressor,sec,1,0,2037.533333
57,250905_SEFL10N6d_B2_stressor2_57_58 Box 1.wmv,1,novstressor,sec,2,0,1308.466667
57,250905_SEFL10N6d_B2_stressor2_57_58 Box 1.wmv,1,novstressor,sec,3,0,606.1333333
57,250905_SEFL10N6d_B2_stressor2_57_58 Box 1.wmv,1,novstressor,sec,4,0,1006.866667
57,250905_SEFL10N6d_B2_stressor2_57_58 Box 1.wmv,1,novstressor,sec,5,0,421.0333333
57,250905_SEFL10N6d_B2_stressor2_57_58 Box 1.wmv,1,novstressor,sec,6,0,1086.3
57,250905_SEFL10N6d_B2_stressor2_57_58 Box 1.wmv,1,novstressor,sec,7,0,391.5666667
57,250905_SEFL10N6d_B2_stressor2_57_58 Box 1.wmv,1,novstressor,sec,8,0,470.2333333
57,250905_SEFL10N6d_B2_stressor2_57_58 Box 1.wmv,1,novstressor,sec,9,36.66666667,324.7666667
57,250905_SEFL10N6d_B2_stressor2_57_58 Box 1.wmv,1,novstressor,sec,10,13.33333333,982.4333333
57,250905_SEFL10N6d_B2_stressor2_57_58 Box 1.wmv,1,novstressor,sec,11,0,1257.1
57,250905_SEFL10N6d_B2_stressor2_57_58 Box 1.wmv,1,novstressor,sec,12,0,883.3333333
57,250905_SEFL10N6d_B2_stressor2_57_58 Box 1.wmv,1,novstressor,sec,13,0,425
57,250905_SEFL10N6d_B2_stressor2_57_58 Box 1.wmv,1,novstressor,sec,14,0,245.5333333
57,250905_SEFL10N6d_B2_stressor2_57_58 Box 1.wmv,1,novstressor,sec,15,0,757.7
57,250905_SEFL10N6d_B2_stressor2_57_58 Box 1.wmv,1,novstressor,sec,16,0,546.9
57,250905_SEFL10N6d_B2_stressor2_57_58 Box 1.wmv,1,novstressor,sec,17,0,1172.9
57,250905_SEFL10N6d_B2_stressor2_57_58 Box 1.wmv,1,novstressor,sec,18,43.33333333,722.0666667
57,250905_SEFL10N6d_B2_stressor2_57_58 Box 1.wmv,1,novstressor,sec,19,30,467.9
57,250905_SEFL10N6d_B2_stressor2_57_58 Box 1.wmv,1,novstressor,sec,20,0,1233.3
57,250905_SEFL10N6d_B2_stressor2_57_58 Box 1.wmv,1,novstressor,sec,21,6.666666667,461.9
57,250905_SEFL10N6d_B2_stressor2_57_58 Box 1.wmv,1,novstressor,sec,22,90,65.8
57,250905_SEFL10N6d_B2_stressor2_57_58 Box 1.wmv,1,novstressor,sec,23,70,151.7666667
57,250905_SEFL10N6d_B2_stressor2_57_58 Box 1.wmv,1,novstressor,sec,24,13.33333333,411
57,250905_SEFL10N6d_B2_stressor2_57_58 Box 1.wmv,1,novstressor,sec,25,46.66666667,409.7333333
57,250905_SEFL10N6d_B2_stressor2_57_58 Box 1.wmv,1,novstressor,sec,26,100,14.5
57,250905_SEFL10N6d_B2_stressor2_57_58 Box 1.wmv,1,novstressor,sec,27,23.33333333,474.1666667
57,250905_SEFL10N6d_B2_stressor2_57_58 Box 1.wmv,1,novstressor,sec,28,83.33333333,84.2
57,250905_SEFL10N6d_B2_stressor2_57_58 Box 1.wmv,1,novstressor,sec,29,20,254.2
57,250905_SEFL10N6d_B2_stressor2_57_58 Box 1.wmv,1,novstressor,sec,30,90,81.03333333
57,250905_SEFL10N6d_B2_stressor2_57_58 Box 1.wmv,1,novstressor,sec,31,30,315.5
57,250905_SEFL10N6d_B2_stressor2_57_58 Box 1.wmv,1,novstressor,sec,32,46.66666667,282
57,250905_SEFL10N6d_B2_stressor2_57_58 Box 1.wmv,1,novstressor,sec,33,86.66666667,90.3
57,250905_SEFL10N6d_B2_stressor2_57_58 Box 1.wmv,1,novstressor,sec,34,90,81.96666667
57,250905_SEFL10N6d_B2_stressor2_57_58 Box 1.wmv,1,novstressor,sec,35,86.66666667,158.8666667
57,250905_SEFL10N6d_B2_stressor2_57_58 Box 1.wmv,1,novstressor,sec,36,86.66666667,79.96666667
57,250905_SEFL10N6d_B2_stressor2_57_58 Box 1.wmv,1,novstressor,sec,37,70,117
57,250905_SEFL10N6d_B2_stressor2_57_58 Box 1.wmv,1,novstressor,sec,38,90,125.6333333
57,250905_SEFL10N6d_B2_stressor2_57_58 Box 1.wmv,1,novstressor,sec,39,93.33333333,56.6
57,250905_SEFL10N6d_B2_stressor2_57_58 Box 1.wmv,1,novstressor,sec,40,0,256
57,250905_SEFL10N6d_B2_stressor2_57_58 Box 1.wmv,1,novstressor,sec,41,83.33333333,79.86666667
57,250905_SEFL10N6d_B2_stressor2_57_58 Box 1.wmv,1,novstressor,sec,42,16.66666667,317.9333333
57,250905_SEFL10N6d_B2_stressor2_57_58 Box 1.wmv,1,novstressor,sec,43,96.66666667,74.5
57,250905_SEFL10N6d_B2_stressor2_57_58 Box 1.wmv,1,novstressor,sec,44,83.33333333,56.13333333
57,250905_SEFL10N6d_B2_stressor2_57_58 Box 1.wmv,1,novstressor,sec,45,53.33333333,144.5666667
57,250905_SEFL10N6d_B2_stressor2_57_58 Box 1.wmv,1,novstressor,sec,46,0,393.2
57,250905_SEFL10N6d_B2_stressor2_57_58 Box 1.wmv,1,novstressor,sec,47,50,175.9333333
57,250905_SEFL10N6d_B2_stressor2_57_58 Box 1.wmv,1,novstressor,sec,48,0,366.2333333
57,250905_SEFL10N6d_B2_stressor2_57_58 Box 1.wmv,1,novstressor,sec,49,0,412
57,250905_SEFL10N6d_B2_stressor2_57_58 Box 1.wmv,1,novstressor,sec,50,0,624.1666667
57,250905_SEFL10N6d_B2_stressor2_57_58 Box 1.wmv,1,novstressor,sec,51,0,304.5333333
57,250905_SEFL10N6d_B2_stressor2_57_58 Box 1.wmv,1,novstressor,sec,52,0,575.2666667
57,250905_SEFL10N6d_B2_stressor2_57_58 Box 1.wmv,1,novstressor,sec,53,0,1480.933333
57,250905_SEFL10N6d_B2_stressor2_57_58 Box 1.wmv,1,novstressor,sec,54,0,963.3666667
57,250905_SEFL10N6d_B2_stressor2_57_58 Box 1.wmv,1,novstressor,sec,55,23.33333333,321.1
57,250905_SEFL10N6d_B2_stressor2_57_58 Box 1.wmv,1,novstressor,sec,56,100,32.8
57,250905_SEFL10N6d_B2_stressor2_57_58 Box 1.wmv,1,novstressor,sec,57,100,5.366666667
57,250905_SEFL10N6d_B2_stressor2_57_58 Box 1.wmv,1,novstressor,sec,58,40,214.3666667
57,250905_SEFL10N6d_B2_stressor2_57_58 Box 1.wmv,1,novstressor,sec,59,100,10.5
57,250905_SEFL10N6d_B2_stressor2_57_58 Box 1.wmv,1,novstressor,sec,60,100,0
57,250905_SEFL10N6d_B2_stressor2_57_58 Box 1.wmv,1,novstressor,sec,61,83.33333333,54.76666667
57,250905_SEFL10N6d_B2_stressor2_57_58 Box 1.wmv,1,novstressor,sec,62,70,99.9
57,250905_SEFL10N6d_B2_stressor2_57_58 Box 1.wmv,1,novstressor,sec,63,86.66666667,105.9
57,250905_SEFL10N6d_B2_stressor2_57_58 Box 1.wmv,1,novstressor,sec,64,100,53.56666667
57,250905_SEFL10N6d_B2_stressor2_57_58 Box 1.wmv,1,novstressor,sec,65,100,4.566666667
57,250905_SEFL10N6d_B2_stressor2_57_58 Box 1.wmv,1,novstressor,sec,66,96.66666667,103.3
57,250905_SEFL10N6d_B2_stressor2_57_58 Box 1.wmv,1,novstressor,sec,67,93.33333333,71.56666667
57,250905_SEFL10N6d_B2_stressor2_57_58 Box 1.wmv,1,novstressor,sec,68,100,5.133333333
57,250905_SEFL10N6d_B2_stressor2_57_58 Box 1.wmv,1,novstressor,sec,69,100,117.6666667
57,250905_SEFL10N6d_B2_stressor2_57_58 Box 1.wmv,1,novstressor,sec,70,26.66666667,216.7666667
57,250905_SEFL10N6d_B2_stressor2_57_58 Box 1.wmv,1,novstressor,sec,71,86.66666667,85.43333333
57,250905_SEFL10N6d_B2_stressor2_57_58 Box 1.wmv,1,novstressor,sec,72,100,1.5
57,250905_SEFL10N6d_B2_stressor2_57_58 Box 1.wmv,1,novstressor,sec,73,20,308.4666667
57,250905_SEFL10N6d_B2_stressor2_57_58 Box 1.wmv,1,novstressor,sec,74,100,94.8
57,250905_SEFL10N6d_B2_stressor2_57_58 Box 1.wmv,1,novstressor,sec,75,100,2.933333333
57,250905_SEFL10N6d_B2_stressor2_57_58 Box 1.wmv,1,novstressor,sec,76,86.66666667,41.8
57,250905_SEFL10N6d_B2_stressor2_57_58 Box 1.wmv,1,novstressor,sec,77,86.66666667,92.06666667
57,250905_SEFL10N6d_B2_stressor2_57_58 Box 1.wmv,1,novstressor,sec,78,96.66666667,104.6
57,250905_SEFL10N6d_B2_stressor2_57_58 Box 1.wmv,1,novstressor,sec,79,80,111.8666667
57,250905_SEFL10N6d_B2_stressor2_57_58 Box 1.wmv,1,novstressor,sec,80,63.33333333,137.4333333
57,250905_SEFL10N6d_B2_stressor2_57_58 Box 1.wmv,1,novstressor,sec,81,100,41.43333333
57,250905_SEFL10N6d_B2_stressor2_57_58 Box 1.wmv,1,novstressor,sec,82,96.66666667,67.1
57,250905_SEFL10N6d_B2_stressor2_57_58 Box 1.wmv,1,novstressor,sec,83,96.66666667,54.5
57,250905_SEFL10N6d_B2_stressor2_57_58 Box 1.wmv,1,novstressor,sec,84,100,0.233333333
57,250905_SEFL10N6d_B2_stressor2_57_58 Box 1.wmv,1,novstressor,sec,85,90,97.06666667
57,250905_SEFL10N6d_B2_stressor2_57_58 Box 1.wmv,1,novstressor,sec,86,80,63.16666667
57,250905_SEFL10N6d_B2_stressor2_57_58 Box 1.wmv,1,novstressor,sec,87,70,158.6666667
57,250905_SEFL10N6d_B2_stressor2_57_58 Box 1.wmv,1,novstressor,sec,88,100,0.4
57,250905_SEFL10N6d_B2_stressor2_57_58 Box 1.wmv,1,novstressor,sec,89,100,0
57,250905_SEFL10N6d_B2_stressor2_57_58 Box 1.wmv,1,novstressor,sec,90,33.33333333,233.6
57,250905_SEFL10N6d_B2_stressor2_57_58 Box 1.wmv,1,novstressor,sec,91,0,366.7333333
57,250905_SEFL10N6d_B2_stressor2_57_58 Box 1.wmv,1,novstressor,sec,92,0,362
57,250905_SEFL10N6d_B2_stressor2_57_58 Box 1.wmv,1,novstressor,sec,93,0,921.7333333
57,250905_SEFL10N6d_B2_stressor2_57_58 Box 1.wmv,1,novstressor,sec,94,0,1035.233333
57,250905_SEFL10N6d_B2_stressor2_57_58 Box 1.wmv,1,novstressor,sec,95,0,627.7666667
57,250905_SEFL10N6d_B2_stressor2_57_58 Box 1.wmv,1,novstressor,sec,96,0,682.8666667
57,250905_SEFL10N6d_B2_stressor2_57_58 Box 1.wmv,1,novstressor,sec,97,0,600.6
57,250905_SEFL10N6d_B2_stressor2_57_58 Box 1.wmv,1,novstressor,sec,98,0,1296.566667
57,250905_SEFL10N6d_B2_stressor2_57_58 Box 1.wmv,1,novstressor,sec,99,0,1936.766667
57,250905_SEFL10N6d_B2_stressor2_57_58 Box 1.wmv,1,novstressor,sec,100,0,677.8
57,250905_SEFL10N6d_B2_stressor2_57_58 Box 1.wmv,1,novstressor,sec,101,0,594.9666667
57,250905_SEFL10N6d_B2_stressor2_57_58 Box 1.wmv,1,novstressor,sec,102,0,244.2666667
57,250905_SEFL10N6d_B2_stressor2_57_58 Box 1.wmv,1,novstressor,sec,103,0,495.8
57,250905_SEFL10N6d_B2_stressor2_57_58 Box 1.wmv,1,novstressor,sec,104,60,165.8333333
57,250905_SEFL10N6d_B2_stressor2_57_58 Box 1.wmv,1,novstressor,sec,105,56.66666667,168.1
57,250905_SEFL10N6d_B2_stressor2_57_58 Box 1.wmv,1,novstressor,sec,106,93.33333333,52.83333333
57,250905_SEFL10N6d_B2_stressor2_57_58 Box 1.wmv,1,novstressor,sec,107,56.66666667,163.8333333
57,250905_SEFL10N6d_B2_stressor2_57_58 Box 1.wmv,1,novstressor,sec,108,100,10.16666667
57,250905_SEFL10N6d_B2_stressor2_57_58 Box 1.wmv,1,novstressor,sec,109,83.33333333,83.86666667
57,250905_SEFL10N6d_B2_stressor2_57_58 Box 1.wmv,1,novstressor,sec,110,0,290.0666667
57,250905_SEFL10N6d_B2_stressor2_57_58 Box 1.wmv,1,novstressor,sec,111,0,329.4
57,250905_SEFL10N6d_B2_stressor2_57_58 Box 1.wmv,1,novstressor,sec,112,0,580.9666667
57,250905_SEFL10N6d_B2_stressor2_57_58 Box 1.wmv,1,novstressor,sec,113,10,598.3666667
57,250905_SEFL10N6d_B2_stressor2_57_58 Box 1.wmv,1,novstressor,sec,114,100,29.63333333
57,250905_SEFL10N6d_B2_stressor2_57_58 Box 1.wmv,1,novstressor,sec,115,56.66666667,201.4
57,250905_SEFL10N6d_B2_stressor2_57_58 Box 1.wmv,1,novstressor,sec,116,100,8.933333333
57,250905_SEFL10N6d_B2_stressor2_57_58 Box 1.wmv,1,novstressor,sec,117,26.66666667,208.1333333
57,250905_SEFL10N6d_B2_stressor2_57_58 Box 1.wmv,1,novstressor,sec,118,76.66666667,77.66666667
57,250905_SEFL10N6d_B2_stressor2_57_58 Box 1.wmv,1,novstressor,sec,119,66.66666667,110.4666667
57,250905_SEFL10N6d_B2_stressor2_57_58 Box 1.wmv,1,novstressor,sec,120,33.33333333,178.6333333
57,250905_SEFL10N6d_B2_stressor2_57_58 Box 1.wmv,1,novstressor,sec,121,100,1.2
57,250905_SEFL10N6d_B2_stressor2_57_58 Box 1.wmv,1,novstressor,sec,122,76.66666667,194.1
57,250905_SEFL10N6d_B2_stressor2_57_58 Box 1.wmv,1,novstressor,sec,123,100,8
57,250905_SEFL10N6d_B2_stressor2_57_58 Box 1.wmv,1,novstressor,sec,124,33.33333333,252.9333333
57,250905_SEFL10N6d_B2_stressor2_57_58 Box 1.wmv,1,novstressor,sec,125,100,68.63333333
57,250905_SEFL10N6d_B2_stressor2_57_58 Box 1.wmv,1,novstressor,sec,126,73.33333333,91.93333333
57,250905_SEFL10N6d_B2_stressor2_57_58 Box 1.wmv,1,novstressor,sec,127,93.33333333,105.6
57,250905_SEFL10N6d_B2_stressor2_57_58 Box 1.wmv,1,novstressor,sec,128,33.33333333,187.7333333
57,250905_SEFL10N6d_B2_stressor2_57_58 Box 1.wmv,1,novstressor,sec,129,100,8.033333333
57,250905_SEFL10N6d_B2_stressor2_57_58 Box 1.wmv,1,novstressor,sec,130,36.66666667,179.4333333
57,250905_SEFL10N6d_B2_stressor2_57_58 Box 1.wmv,1,novstressor,sec,131,100,0.8
57,250905_SEFL10N6d_B2_stressor2_57_58 Box 1.wmv,1,novstressor,sec,132,20,144.5666667
57,250905_SEFL10N6d_B2_stressor2_57_58 Box 1.wmv,1,novstressor,sec,133,93.33333333,55.63333333
57,250905_SEFL10N6d_B2_stressor2_57_58 Box 1.wmv,1,novstressor,sec,134,16.66666667,197.0333333
57,250905_SEFL10N6d_B2_stressor2_57_58 Box 1.wmv,1,novstressor,sec,135,0,369.1666667
57,250905_SEFL10N6d_B2_stressor2_57_58 Box 1.wmv,1,novstressor,sec,136,0,289.1666667
57,250905_SEFL10N6d_B2_stressor2_57_58 Box 1.wmv,1,novstressor,sec,137,0,291.8333333
57,250905_SEFL10N6d_B2_stressor2_57_58 Box 1.wmv,1,novstressor,sec,138,10,289.3666667
57,250905_SEFL10N6d_B2_stressor2_57_58 Box 1.wmv,1,novstressor,sec,139,100,30.7
57,250905_SEFL10N6d_B2_stressor2_57_58 Box 1.wmv,1,novstressor,sec,140,0,520.8666667
57,250905_SEFL10N6d_B2_stressor2_57_58 Box 1.wmv,1,novstressor,sec,141,0,765.5666667
57,250905_SEFL10N6d_B2_stressor2_57_58 Box 1.wmv,1,novstressor,sec,142,0,515.6666667
57,250905_SEFL10N6d_B2_stressor2_57_58 Box 1.wmv,1,novstressor,sec,143,0,584.3333333
57,250905_SEFL10N6d_B2_stressor2_57_58 Box 1.wmv,1,novstressor,sec,144,6.666666667,339.5
57,250905_SEFL10N6d_B2_stressor2_57_58 Box 1.wmv,1,novstressor,sec,145,63.33333333,530.2333333
57,250905_SEFL10N6d_B2_stressor2_57_58 Box 1.wmv,1,novstressor,sec,146,0,1324.333333
57,250905_SEFL10N6d_B2_stressor2_57_58 Box 1.wmv,1,novstressor,sec,147,0,1540.5
57,250905_SEFL10N6d_B2_stressor2_57_58 Box 1.wmv,1,novstressor,sec,148,0,814.9666667
57,250905_SEFL10N6d_B2_stressor2_57_58 Box 1.wmv,1,novstressor,sec,149,13.33333333,512.8666667
57,250905_SEFL10N6d_B2_stressor2_57_58 Box 1.wmv,1,novstressor,sec,150,56.66666667,151.8
57,250905_SEFL10N6d_B2_stressor2_57_58 Box 1.wmv,1,novstressor,sec,151,70,163.8
57,250905_SEFL10N6d_B2_stressor2_57_58 Box 1.wmv,1,novstressor,sec,152,0,647.5333333
57,250905_SEFL10N6d_B2_stressor2_57_58 Box 1.wmv,1,novstressor,sec,153,33.33333333,142.5333333
57,250905_SEFL10N6d_B2_stressor2_57_58 Box 1.wmv,1,novstressor,sec,154,100,0.3
57,250905_SEFL10N6d_B2_stressor2_57_58 Box 1.wmv,1,novstressor,sec,155,76.66666667,76.96666667
57,250905_SEFL10N6d_B2_stressor2_57_58 Box 1.wmv,1,novstressor,sec,156,96.66666667,46
57,250905_SEFL10N6d_B2_stressor2_57_58 Box 1.wmv,1,novstressor,sec,157,100,48.4
57,250905_SEFL10N6d_B2_stressor2_57_58 Box 1.wmv,1,novstressor,sec,158,40,220.7666667
57,250905_SEFL10N6d_B2_stressor2_57_58 Box 1.wmv,1,novstressor,sec,159,0,780.0333333
57,250905_SEFL10N6d_B2_stressor2_57_58 Box 1.wmv,1,novstressor,sec,160,23.33333333,373.7333333
57,250905_SEFL10N6d_B2_stressor2_57_58 Box 1.wmv,1,novstressor,sec,161,96.66666667,61.33333333
57,250905_SEFL10N6d_B2_stressor2_57_58 Box 1.wmv,1,novstressor,sec,162,63.33333333,163.7666667
57,250905_SEFL10N6d_B2_stressor2_57_58 Box 1.wmv,1,novstressor,sec,163,100,0.4
57,250905_SEFL10N6d_B2_stressor2_57_58 Box 1.wmv,1,novstressor,sec,164,100,0.2
57,250905_SEFL10N6d_B2_stressor2_57_58 Box 1.wmv,1,novstressor,sec,165,43.33333333,173.7333333
57,250905_SEFL10N6d_B2_stressor2_57_58 Box 1.wmv,1,novstressor,sec,166,0,394.2333333
57,250905_SEFL10N6d_B2_stressor2_57_58 Box 1.wmv,1,novstressor,sec,167,0,630.9666667
57,250905_SEFL10N6d_B2_stressor2_57_58 Box 1.wmv,1,novstressor,sec,168,0,792.2333333
57,250905_SEFL10N6d_B2_stressor2_57_58 Box 1.wmv,1,novstressor,sec,169,0,623.6333333
57,250905_SEFL10N6d_B2_stressor2_57_58 Box 1.wmv,1,novstressor,sec,170,0,586.1333333
57,250905_SEFL10N6d_B2_stressor2_57_58 Box 1.wmv,1,novstressor,sec,171,0,506.1
57,250905_SEFL10N6d_B2_stressor2_57_58 Box 1.wmv,1,novstressor,sec,172,76.66666667,145.3333333
57,250905_SEFL10N6d_B2_stressor2_57_58 Box 1.wmv,1,novstressor,sec,173,80,157.1
57,250905_SEFL10N6d_B2_stressor2_57_58 Box 1.wmv,1,novstressor,sec,174,0,556.4333333
57,250905_SEFL10N6d_B2_stressor2_57_58 Box 1.wmv,1,novstressor,sec,175,0,757.4333333
57,250905_SEFL10N6d_B2_stressor2_57_58 Box 1.wmv,1,novstressor,sec,176,0,579.1
57,250905_SEFL10N6d_B2_stressor2_57_58 Box 1.wmv,1,novstressor,sec,177,0,1072.933333
57,250905_SEFL10N6d_B2_stressor2_57_58 Box 1.wmv,1,novstressor,sec,178,0,756.2666667
57,250905_SEFL10N6d_B2_stressor2_57_58 Box 1.wmv,1,novstressor,sec,179,0,294.8666667
57,250905_SEFL10N6d_B2_stressor2_57_58 Box 1.wmv,1,novstressor,sec,180,0,329.9333333
57,250905_SEFL10N6d_B2_stressor2_57_58 Box 1.wmv,1,novstressor,sec,181,0,1930.333333
57,250905_SEFL10N6d_B2_stressor2_57_58 Box 1.wmv,1,novstressor,sec,182,0,1926.033333
57,250905_SEFL10N6d_B2_stressor2_57_58 Box 1.wmv,1,novstressor,sec,183,0,843.9666667
57,250905_SEFL10N6d_B2_stressor2_57_58 Box 1.wmv,1,novstressor,sec,184,23.33333333,358.2666667
57,250905_SEFL10N6d_B2_stressor2_57_58 Box 1.wmv,1,novstressor,sec,185,46.66666667,410.8666667
57,250905_SEFL10N6d_B2_stressor2_57_58 Box 1.wmv,1,novstressor,sec,186,23.33333333,379.7666667
57,250905_SEFL10N6d_B2_stressor2_57_58 Box 1.wmv,1,novstressor,sec,187,100,0.133333333
57,250905_SEFL10N6d_B2_stressor2_57_58 Box 1.wmv,1,novstressor,sec,188,100,4.4
57,250905_SEFL10N6d_B2_stressor2_57_58 Box 1.wmv,1,novstressor,sec,189,0,483.6333333
57,250905_SEFL10N6d_B2_stressor2_57_58 Box 1.wmv,1,novstressor,sec,190,0,628.6
57,250905_SEFL10N6d_B2_stressor2_57_58 Box 1.wmv,1,novstressor,sec,191,0,466.6666667
57,250905_SEFL10N6d_B2_stressor2_57_58 Box 1.wmv,1,novstressor,sec,192,46.66666667,242.4333333
57,250905_SEFL10N6d_B2_stressor2_57_58 Box 1.wmv,1,novstressor,sec,193,100,21.66666667
57,250905_SEFL10N6d_B2_stressor2_57_58 Box 1.wmv,1,novstressor,sec,194,100,22.53333333
57,250905_SEFL10N6d_B2_stressor2_57_58 Box 1.wmv,1,novstressor,sec,195,100,15
57,250905_SEFL10N6d_B2_stressor2_57_58 Box 1.wmv,1,novstressor,sec,196,20,722.3
57,250905_SEFL10N6d_B2_stressor2_57_58 Box 1.wmv,1,novstressor,sec,197,0,400.5666667
57,250905_SEFL10N6d_B2_stressor2_57_58 Box 1.wmv,1,novstressor,sec,198,0,455.0666667
57,250905_SEFL10N6d_B2_stressor2_57_58 Box 1.wmv,1,novstressor,sec,199,80,92.23333333
57,250905_SEFL10N6d_B2_stressor2_57_58 Box 1.wmv,1,novstressor,sec,200,100,9.3
57,250905_SEFL10N6d_B2_stressor2_57_58 Box 1.wmv,1,novstressor,sec,201,100,9.033333333
57,250905_SEFL10N6d_B2_stressor2_57_58 Box 1.wmv,1,novstressor,sec,202,100,6.966666667
57,250905_SEFL10N6d_B2_stressor2_57_58 Box 1.wmv,1,novstressor,sec,203,100,2.766666667
57,250905_SEFL10N6d_B2_stressor2_57_58 Box 1.wmv,1,novstressor,sec,204,100,3.933333333
57,250905_SEFL10N6d_B2_stressor2_57_58 Box 1.wmv,1,novstressor,sec,205,100,2.566666667
57,250905_SEFL10N6d_B2_stressor2_57_58 Box 1.wmv,1,novstressor,sec,206,16.66666667,439.1333333
57,250905_SEFL10N6d_B2_stressor2_57_58 Box 1.wmv,1,novstressor,sec,207,0,281.8333333
57,250905_SEFL10N6d_B2_stressor2_57_58 Box 1.wmv,1,novstressor,sec,208,33.33333333,139.6333333
57,250905_SEFL10N6d_B2_stressor2_57_58 Box 1.wmv,1,novstressor,sec,209,26.66666667,198.3
57,250905_SEFL10N6d_B2_stressor2_57_58 Box 1.wmv,1,novstressor,sec,210,66.66666667,169.0333333
57,250905_SEFL10N6d_B2_stressor2_57_58 Box 1.wmv,1,novstressor,sec,211,0,438.9
57,250905_SEFL10N6d_B2_stressor2_57_58 Box 1.wmv,1,novstressor,sec,212,0,368.1333333
57,250905_SEFL10N6d_B2_stressor2_57_58 Box 1.wmv,1,novstressor,sec,213,66.66666667,123.9
57,250905_SEFL10N6d_B2_stressor2_57_58 Box 1.wmv,1,novstressor,sec,214,100,38.6
57,250905_SEFL10N6d_B2_stressor2_57_58 Box 1.wmv,1,novstressor,sec,215,100,3.333333333
57,250905_SEFL10N6d_B2_stressor2_57_58 Box 1.wmv,1,novstressor,sec,216,30,283.1
57,250905_SEFL10N6d_B2_stressor2_57_58 Box 1.wmv,1,novstressor,sec,217,100,38.7
57,250905_SEFL10N6d_B2_stressor2_57_58 Box 1.wmv,1,novstressor,sec,218,100,0.266666667
57,250905_SEFL10N6d_B2_stressor2_57_58 Box 1.wmv,1,novstressor,sec,219,100,0.633333333
57,250905_SEFL10N6d_B2_stressor2_57_58 Box 1.wmv,1,novstressor,sec,220,100,0.733333333
57,250905_SEFL10N6d_B2_stressor2_57_58 Box 1.wmv,1,novstressor,sec,221,70,106.2
57,250905_SEFL10N6d_B2_stressor2_57_58 Box 1.wmv,1,novstressor,sec,222,60,47.8
57,250905_SEFL10N6d_B2_stressor2_57_58 Box 1.wmv,1,novstressor,sec,223,76.66666667,67.96666667
57,250905_SEFL10N6d_B2_stressor2_57_58 Box 1.wmv,1,novstressor,sec,224,0,506.3333333
57,250905_SEFL10N6d_B2_stressor2_57_58 Box 1.wmv,1,novstressor,sec,225,0,482.9333333
57,250905_SEFL10N6d_B2_stressor2_57_58 Box 1.wmv,1,novstressor,sec,226,0,1199.4
57,250905_SEFL10N6d_B2_stressor2_57_58 Box 1.wmv,1,novstressor,sec,227,0,1575.433333
57,250905_SEFL10N6d_B2_stressor2_57_58 Box 1.wmv,1,novstressor,sec,228,0,807.7
57,250905_SEFL10N6d_B2_stressor2_57_58 Box 1.wmv,1,novstressor,sec,229,0,419.1666667
57,250905_SEFL10N6d_B2_stressor2_57_58 Box 1.wmv,1,novstressor,sec,230,46.66666667,188.4
57,250905_SEFL10N6d_B2_stressor2_57_58 Box 1.wmv,1,novstressor,sec,231,46.66666667,255.6
57,250905_SEFL10N6d_B2_stressor2_57_58 Box 1.wmv,1,novstressor,sec,232,43.33333333,242.6666667
57,250905_SEFL10N6d_B2_stressor2_57_58 Box 1.wmv,1,novstressor,sec,233,93.33333333,35.26666667
57,250905_SEFL10N6d_B2_stressor2_57_58 Box 1.wmv,1,novstressor,sec,234,100,2.933333333
57,250905_SEFL10N6d_B2_stressor2_57_58 Box 1.wmv,1,novstressor,sec,235,100,0
57,250905_SEFL10N6d_B2_stressor2_57_58 Box 1.wmv,1,novstressor,sec,236,96.66666667,131.4
57,250905_SEFL10N6d_B2_stressor2_57_58 Box 1.wmv,1,novstressor,sec,237,80,53.2
57,250905_SEFL10N6d_B2_stressor2_57_58 Box 1.wmv,1,novstressor,sec,238,100,0.233333333
57,250905_SEFL10N6d_B2_stressor2_57_58 Box 1.wmv,1,novstressor,sec,239,100,0.133333333
57,250905_SEFL10N6d_B2_stressor2_57_58 Box 1.wmv,1,novstressor,sec,240,100,0.466666667
57,250905_SEFL10N6d_B2_stressor2_57_58 Box 1.wmv,1,novstressor,sec,241,100,0.066666667
57,250905_SEFL10N6d_B2_stressor2_57_58 Box 1.wmv,1,novstressor,sec,242,100,0.2
57,250905_SEFL10N6d_B2_stressor2_57_58 Box 1.wmv,1,novstressor,sec,243,63.33333333,162.4666667
57,250905_SEFL10N6d_B2_stressor2_57_58 Box 1.wmv,1,novstressor,sec,244,50,258.8
57,250905_SEFL10N6d_B2_stressor2_57_58 Box 1.wmv,1,novstressor,sec,245,100,0.1
57,250905_SEFL10N6d_B2_stressor2_57_58 Box 1.wmv,1,novstressor,sec,246,46.66666667,217.9666667
57,250905_SEFL10N6d_B2_stressor2_57_58 Box 1.wmv,1,novstressor,sec,247,66.66666667,210.6666667
57,250905_SEFL10N6d_B2_stressor2_57_58 Box 1.wmv,1,novstressor,sec,248,100,7.666666667
57,250905_SEFL10N6d_B2_stressor2_57_58 Box 1.wmv,1,novstressor,sec,249,100,0.1
57,250905_SEFL10N6d_B2_stressor2_57_58 Box 1.wmv,1,novstressor,sec,250,100,0.1
57,250905_SEFL10N6d_B2_stressor2_57_58 Box 1.wmv,1,novstressor,sec,251,100,0.033333333
57,250905_SEFL10N6d_B2_stressor2_57_58 Box 1.wmv,1,novstressor,sec,252,100,0
57,250905_SEFL10N6d_B2_stressor2_57_58 Box 1.wmv,1,novstressor,sec,253,100,0.1
57,250905_SEFL10N6d_B2_stressor2_57_58 Box 1.wmv,1,novstressor,sec,254,100,0
57,250905_SEFL10N6d_B2_stressor2_57_58 Box 1.wmv,1,novstressor,sec,255,76.66666667,93.03333333
57,250905_SEFL10N6d_B2_stressor2_57_58 Box 1.wmv,1,novstressor,sec,256,60,124.3333333
57,250905_SEFL10N6d_B2_stressor2_57_58 Box 1.wmv,1,novstressor,sec,257,100,0
57,250905_SEFL10N6d_B2_stressor2_57_58 Box 1.wmv,1,novstressor,sec,258,16.66666667,282.5333333
57,250905_SEFL10N6d_B2_stressor2_57_58 Box 1.wmv,1,novstressor,sec,259,16.66666667,205
57,250905_SEFL10N6d_B2_stressor2_57_58 Box 1.wmv,1,novstressor,sec,260,100,14.83333333
57,250905_SEFL10N6d_B2_stressor2_57_58 Box 1.wmv,1,novstressor,sec,261,100,0.033333333
57,250905_SEFL10N6d_B2_stressor2_57_58 Box 1.wmv,1,novstressor,sec,262,100,0
57,250905_SEFL10N6d_B2_stressor2_57_58 Box 1.wmv,1,novstressor,sec,263,100,0
57,250905_SEFL10N6d_B2_stressor2_57_58 Box 1.wmv,1,novstressor,sec,264,100,0
57,250905_SEFL10N6d_B2_stressor2_57_58 Box 1.wmv,1,novstressor,sec,265,100,0.066666667
57,250905_SEFL10N6d_B2_stressor2_57_58 Box 1.wmv,1,novstressor,sec,266,23.33333333,242.4666667
57,250905_SEFL10N6d_B2_stressor2_57_58 Box 1.wmv,1,novstressor,sec,267,80,166.4333333
57,250905_SEFL10N6d_B2_stressor2_57_58 Box 1.wmv,1,novstressor,sec,268,100,0.633333333
57,250905_SEFL10N6d_B2_stressor2_57_58 Box 1.wmv,1,novstressor,sec,269,100,0.7
57,250905_SEFL10N6d_B2_stressor2_57_58 Box 1.wmv,1,novstressor,sec,270,100,0
57,250905_SEFL10N6d_B2_stressor2_57_58 Box 1.wmv,1,novstressor,sec,271,100,0.133333333
57,250905_SEFL10N6d_B2_stressor2_57_58 Box 1.wmv,1,novstressor,sec,272,100,0.433333333
57,250905_SEFL10N6d_B2_stressor2_57_58 Box 1.wmv,1,novstressor,sec,273,100,0.166666667
57,250905_SEFL10N6d_B2_stressor2_57_58 Box 1.wmv,1,novstressor,sec,274,100,0.066666667
57,250905_SEFL10N6d_B2_stressor2_57_58 Box 1.wmv,1,novstressor,sec,275,100,0.233333333
57,250905_SEFL10N6d_B2_stressor2_57_58 Box 1.wmv,1,novstressor,sec,276,26.66666667,239.3333333
57,250905_SEFL10N6d_B2_stressor2_57_58 Box 1.wmv,1,novstressor,sec,277,70,86.6
57,250905_SEFL10N6d_B2_stressor2_57_58 Box 1.wmv,1,novstressor,sec,278,100,16.7
57,250905_SEFL10N6d_B2_stressor2_57_58 Box 1.wmv,1,novstressor,sec,279,100,0
57,250905_SEFL10N6d_B2_stressor2_57_58 Box 1.wmv,1,novstressor,sec,280,100,0
57,250905_SEFL10N6d_B2_stressor2_57_58 Box 1.wmv,1,novstressor,sec,281,100,0
57,250905_SEFL10N6d_B2_stressor2_57_58 Box 1.wmv,1,novstressor,sec,282,100,0
57,250905_SEFL10N6d_B2_stressor2_57_58 Box 1.wmv,1,novstressor,sec,283,100,0
57,250905_SEFL10N6d_B2_stressor2_57_58 Box 1.wmv,1,novstressor,sec,284,100,0
57,250905_SEFL10N6d_B2_stressor2_57_58 Box 1.wmv,1,novstressor,sec,285,83.33333333,60.76666667
57,250905_SEFL10N6d_B2_stressor2_57_58 Box 1.wmv,1,novstressor,sec,286,0,342.7
57,250905_SEFL10N6d_B2_stressor2_57_58 Box 1.wmv,1,novstressor,sec,287,66.66666667,187.1
57,250905_SEFL10N6d_B2_stressor2_57_58 Box 1.wmv,1,novstressor,sec,288,100,0.466666667
57,250905_SEFL10N6d_B2_stressor2_57_58 Box 1.wmv,1,novstressor,sec,289,100,0
57,250905_SEFL10N6d_B2_stressor2_57_58 Box 1.wmv,1,novstressor,sec,290,100,0
57,250905_SEFL10N6d_B2_stressor2_57_58 Box 1.wmv,1,novstressor,sec,291,100,0
57,250905_SEFL10N6d_B2_stressor2_57_58 Box 1.wmv,1,novstressor,sec,292,23.33333333,300.5
57,250905_SEFL10N6d_B2_stressor2_57_58 Box 1.wmv,1,novstressor,sec,293,0,227.5333333
57,250905_SEFL10N6d_B2_stressor2_57_58 Box 1.wmv,1,novstressor,sec,294,0,440.6
57,250905_SEFL10N6d_B2_stressor2_57_58 Box 1.wmv,1,novstressor,sec,295,0,706.0333333
57,250905_SEFL10N6d_B2_stressor2_57_58 Box 1.wmv,1,novstressor,sec,296,0,903.6666667
57,250905_SEFL10N6d_B2_stressor2_57_58 Box 1.wmv,1,novstressor,sec,297,0,803.2333333
57,250905_SEFL10N6d_B2_stressor2_57_58 Box 1.wmv,1,novstressor,sec,298,0,901.7333333
57,250905_SEFL10N6d_B2_stressor2_57_58 Box 1.wmv,1,novstressor,sec,299,0,945.9333333
57,250905_SEFL10N6d_B2_stressor2_57_58 Box 1.wmv,1,novstressor,sec,300,0,493.4333333
57,250905_SEFL10N6d_B2_stressor2_57_58 Box 1.wmv,1,novstressor,sec,301,56.66666667,159.4
57,250905_SEFL10N6d_B2_stressor2_57_58 Box 1.wmv,1,novstressor,sec,302,100,0.066666667
57,250905_SEFL10N6d_B2_stressor2_57_58 Box 1.wmv,1,novstressor,sec,303,100,0.133333333
57,250905_SEFL10N6d_B2_stressor2_57_58 Box 1.wmv,1,novstressor,sec,304,100,0.5
57,250905_SEFL10N6d_B2_stressor2_57_58 Box 1.wmv,1,novstressor,sec,305,100,0.066666667
57,250905_SEFL10N6d_B2_stressor2_57_58 Box 1.wmv,1,novstressor,sec,306,23.33333333,186.9666667
57,250905_SEFL10N6d_B2_stressor2_57_58 Box 1.wmv,1,novstressor,sec,307,0,281.2333333
57,250905_SEFL10N6d_B2_stressor2_57_58 Box 1.wmv,1,novstressor,sec,308,40,218.9666667
57,250905_SEFL10N6d_B2_stressor2_57_58 Box 1.wmv,1,novstressor,sec,309,100,43.36666667
57,250905_SEFL10N6d_B2_stressor2_57_58 Box 1.wmv,1,novstressor,sec,310,100,0.366666667
57,250905_SEFL10N6d_B2_stressor2_57_58 Box 1.wmv,1,novstressor,sec,311,80,106.1
57,250905_SEFL10N6d_B2_stressor2_57_58 Box 1.wmv,1,novstressor,sec,312,66.66666667,93.6
57,250905_SEFL10N6d_B2_stressor2_57_58 Box 1.wmv,1,novstressor,sec,313,100,0.066666667
57,250905_SEFL10N6d_B2_stressor2_57_58 Box 1.wmv,1,novstressor,sec,314,100,0.1
57,250905_SEFL10N6d_B2_stressor2_57_58 Box 1.wmv,1,novstressor,sec,315,100,0
57,250905_SEFL10N6d_B2_stressor2_57_58 Box 1.wmv,1,novstressor,sec,316,100,0
57,250905_SEFL10N6d_B2_stressor2_57_58 Box 1.wmv,1,novstressor,sec,317,100,0
57,250905_SEFL10N6d_B2_stressor2_57_58 Box 1.wmv,1,novstressor,sec,318,100,0
57,250905_SEFL10N6d_B2_stressor2_57_58 Box 1.wmv,1,novstressor,sec,319,100,0.166666667
57,250905_SEFL10N6d_B2_stressor2_57_58 Box 1.wmv,1,novstressor,sec,320,40,246.7666667
57,250905_SEFL10N6d_B2_stressor2_57_58 Box 1.wmv,1,novstressor,sec,321,0,500.0666667
57,250905_SEFL10N6d_B2_stressor2_57_58 Box 1.wmv,1,novstressor,sec,322,0,315.5
57,250905_SEFL10N6d_B2_stressor2_57_58 Box 1.wmv,1,novstressor,sec,323,53.33333333,162.4666667
57,250905_SEFL10N6d_B2_stressor2_57_58 Box 1.wmv,1,novstressor,sec,324,50,138.7666667
57,250905_SEFL10N6d_B2_stressor2_57_58 Box 1.wmv,1,novstressor,sec,325,100,1.4
57,250905_SEFL10N6d_B2_stressor2_57_58 Box 1.wmv,1,novstressor,sec,326,100,0.366666667
57,250905_SEFL10N6d_B2_stressor2_57_58 Box 1.wmv,1,novstressor,sec,327,100,0.166666667
57,250905_SEFL10N6d_B2_stressor2_57_58 Box 1.wmv,1,novstressor,sec,328,100,0
57,250905_SEFL10N6d_B2_stressor2_57_58 Box 1.wmv,1,novstressor,sec,329,100,0.533333333
57,250905_SEFL10N6d_B2_stressor2_57_58 Box 1.wmv,1,novstressor,sec,330,60,113.4333333
57,250905_SEFL10N6d_B2_stressor2_57_58 Box 1.wmv,1,novstressor,sec,331,0,301.0333333
57,250905_SEFL10N6d_B2_stressor2_57_58 Box 1.wmv,1,novstressor,sec,332,56.66666667,75.9
57,250905_SEFL10N6d_B2_stressor2_57_58 Box 1.wmv,1,novstressor,sec,333,100,0.733333333
57,250905_SEFL10N6d_B2_stressor2_57_58 Box 1.wmv,1,novstressor,sec,334,100,0.966666667
57,250905_SEFL10N6d_B2_stressor2_57_58 Box 1.wmv,1,novstressor,sec,335,100,0.133333333
57,250905_SEFL10N6d_B2_stressor2_57_58 Box 1.wmv,1,novstressor,sec,336,53.33333333,133.6666667
57,250905_SEFL10N6d_B2_stressor2_57_58 Box 1.wmv,1,novstressor,sec,337,100,0.233333333
57,250905_SEFL10N6d_B2_stressor2_57_58 Box 1.wmv,1,novstressor,sec,338,100,0.033333333
57,250905_SEFL10N6d_B2_stressor2_57_58 Box 1.wmv,1,novstressor,sec,339,100,0.1
57,250905_SEFL10N6d_B2_stressor2_57_58 Box 1.wmv,1,novstressor,sec,340,100,0.033333333
57,250905_SEFL10N6d_B2_stressor2_57_58 Box 1.wmv,1,novstressor,sec,341,6.666666667,310.0333333
57,250905_SEFL10N6d_B2_stressor2_57_58 Box 1.wmv,1,novstressor,sec,342,66.66666667,157.4333333
57,250905_SEFL10N6d_B2_stressor2_57_58 Box 1.wmv,1,novstressor,sec,343,76.66666667,144.9
57,250905_SEFL10N6d_B2_stressor2_57_58 Box 1.wmv,1,novstressor,sec,344,56.66666667,218.2333333
57,250905_SEFL10N6d_B2_stressor2_57_58 Box 1.wmv,1,novstressor,sec,345,0,329
57,250905_SEFL10N6d_B2_stressor2_57_58 Box 1.wmv,1,novstressor,sec,346,60,156.9333333
57,250905_SEFL10N6d_B2_stressor2_57_58 Box 1.wmv,1,novstressor,sec,347,100,0.233333333
57,250905_SEFL10N6d_B2_stressor2_57_58 Box 1.wmv,1,novstressor,sec,348,100,0.6
57,250905_SEFL10N6d_B2_stressor2_57_58 Box 1.wmv,1,novstressor,sec,349,100,0
57,250905_SEFL10N6d_B2_stressor2_57_58 Box 1.wmv,1,novstressor,sec,350,100,0.066666667
57,250905_SEFL10N6d_B2_stressor2_57_58 Box 1.wmv,1,novstressor,sec,351,100,0.133333333
57,250905_SEFL10N6d_B2_stressor2_57_58 Box 1.wmv,1,novstressor,sec,352,100,0.566666667
57,250905_SEFL10N6d_B2_stressor2_57_58 Box 1.wmv,1,novstressor,sec,353,100,0
57,250905_SEFL10N6d_B2_stressor2_57_58 Box 1.wmv,1,novstressor,sec,354,60,173.0333333
57,250905_SEFL10N6d_B2_stressor2_57_58 Box 1.wmv,1,novstressor,sec,355,0,437.2333333
57,250905_SEFL10N6d_B2_stressor2_57_58 Box 1.wmv,1,novstressor,sec,356,0,546.1666667
57,250905_SEFL10N6d_B2_stressor2_57_58 Box 1.wmv,1,novstressor,sec,357,0,680.8666667
57,250905_SEFL10N6d_B2_stressor2_57_58 Box 1.wmv,1,novstressor,sec,358,0,854.6333333
57,250905_SEFL10N6d_B2_stressor2_57_58 Box 1.wmv,1,novstressor,sec,359,0,714.3
57,250905_SEFL10N6d_B2_stressor2_57_58 Box 1.wmv,1,novstressor,sec,360,0,201.3666667
57,250905_SEFL10N6d_B2_stressor2_57_58 Box 1.wmv,1,novstressor,sec,361,0,503.5333333
57,250905_SEFL10N6d_B2_stressor2_57_58 Box 1.wmv,1,novstressor,sec,362,0,329.1333333
57,250905_SEFL10N6d_B2_stressor2_57_58 Box 1.wmv,1,novstressor,sec,363,0,223.8461538
57,250905_SEFL10N6d_B2_stressor2_57_58 Box 1.wmv,1,novstressor,prepost,bl,44.35185185,355.2903704
57,250905_SEFL10N6d_B2_stressor2_57_58 Box 1.wmv,1,novstressor,prepost,post,65.43736101,172.7260934
57,250905_SEFL10N6d_B2_stressor2_57_58 Box 1.wmv,1,novstressor,startle,startle_post,31.11111111,382.9666667
57,250905_SEFL10N6d_B2_stressor2_57_58 Box 1.wmv,1,novstressor,startle,startle_pre,0,460.3555556
57,250905_SEFL10N6d_B2_stressor2_57_58 Box 1.wmv,1,novstressor,startle,startle_startle,0,1566.777778
58,250905_SEFL10N6d_B2_stressor2_57_58 Box 2.wmv,2,novstressor,sec,1,0,652.9333333
58,250905_SEFL10N6d_B2_stressor2_57_58 Box 2.wmv,2,novstressor,sec,2,0,606.4333333
58,250905_SEFL10N6d_B2_stressor2_57_58 Box 2.wmv,2,novstressor,sec,3,0,416.0666667
58,250905_SEFL10N6d_B2_stressor2_57_58 Box 2.wmv,2,novstressor,sec,4,0,589
58,250905_SEFL10N6d_B2_stressor2_57_58 Box 2.wmv,2,novstressor,sec,5,0,945.2666667
58,250905_SEFL10N6d_B2_stressor2_57_58 Box 2.wmv,2,novstressor,sec,6,0,1000.3
58,250905_SEFL10N6d_B2_stressor2_57_58 Box 2.wmv,2,novstressor,sec,7,0,826.2
58,250905_SEFL10N6d_B2_stressor2_57_58 Box 2.wmv,2,novstressor,sec,8,0,727.5333333
58,250905_SEFL10N6d_B2_stressor2_57_58 Box 2.wmv,2,novstressor,sec,9,0,658.3
58,250905_SEFL10N6d_B2_stressor2_57_58 Box 2.wmv,2,novstressor,sec,10,0,2023.766667
58,250905_SEFL10N6d_B2_stressor2_57_58 Box 2.wmv,2,novstressor,sec,11,0,1759.7
58,250905_SEFL10N6d_B2_stressor2_57_58 Box 2.wmv,2,novstressor,sec,12,0,941.2
58,250905_SEFL10N6d_B2_stressor2_57_58 Box 2.wmv,2,novstressor,sec,13,0,759.2333333
58,250905_SEFL10N6d_B2_stressor2_57_58 Box 2.wmv,2,novstressor,sec,14,0,803.3
58,250905_SEFL10N6d_B2_stressor2_57_58 Box 2.wmv,2,novstressor,sec,15,0,803.6333333
58,250905_SEFL10N6d_B2_stressor2_57_58 Box 2.wmv,2,novstressor,sec,16,0,1300.5
58,250905_SEFL10N6d_B2_stressor2_57_58 Box 2.wmv,2,novstressor,sec,17,0,2207.3
58,250905_SEFL10N6d_B2_stressor2_57_58 Box 2.wmv,2,novstressor,sec,18,0,1528.366667
58,250905_SEFL10N6d_B2_stressor2_57_58 Box 2.wmv,2,novstressor,sec,19,0,830.1666667
58,250905_SEFL10N6d_B2_stressor2_57_58 Box 2.wmv,2,novstressor,sec,20,0,774.0666667
58,250905_SEFL10N6d_B2_stressor2_57_58 Box 2.wmv,2,novstressor,sec,21,0,1105.466667
58,250905_SEFL10N6d_B2_stressor2_57_58 Box 2.wmv,2,novstressor,sec,22,0,1185.233333
58,250905_SEFL10N6d_B2_stressor2_57_58 Box 2.wmv,2,novstressor,sec,23,0,1925.5
58,250905_SEFL10N6d_B2_stressor2_57_58 Box 2.wmv,2,novstressor,sec,24,0,789.9
58,250905_SEFL10N6d_B2_stressor2_57_58 Box 2.wmv,2,novstressor,sec,25,0,993.2333333
58,250905_SEFL10N6d_B2_stressor2_57_58 Box 2.wmv,2,novstressor,sec,26,0,892.8666667
58,250905_SEFL10N6d_B2_stressor2_57_58 Box 2.wmv,2,novstressor,sec,27,0,1162.3
58,250905_SEFL10N6d_B2_stressor2_57_58 Box 2.wmv,2,novstressor,sec,28,0,2127.133333
58,250905_SEFL10N6d_B2_stressor2_57_58 Box 2.wmv,2,novstressor,sec,29,0,1906.866667
58,250905_SEFL10N6d_B2_stressor2_57_58 Box 2.wmv,2,novstressor,sec,30,0,916.1666667
58,250905_SEFL10N6d_B2_stressor2_57_58 Box 2.wmv,2,novstressor,sec,31,0,298.9
58,250905_SEFL10N6d_B2_stressor2_57_58 Box 2.wmv,2,novstressor,sec,32,0,954.1
58,250905_SEFL10N6d_B2_stressor2_57_58 Box 2.wmv,2,novstressor,sec,33,0,1518.3
58,250905_SEFL10N6d_B2_stressor2_57_58 Box 2.wmv,2,novstressor,sec,34,0,1678.233333
58,250905_SEFL10N6d_B2_stressor2_57_58 Box 2.wmv,2,novstressor,sec,35,0,2588.466667
58,250905_SEFL10N6d_B2_stressor2_57_58 Box 2.wmv,2,novstressor,sec,36,0,1031.3
58,250905_SEFL10N6d_B2_stressor2_57_58 Box 2.wmv,2,novstressor,sec,37,0,670.3333333
58,250905_SEFL10N6d_B2_stressor2_57_58 Box 2.wmv,2,novstressor,sec,38,0,1053.733333
58,250905_SEFL10N6d_B2_stressor2_57_58 Box 2.wmv,2,novstressor,sec,39,0,1176.933333
58,250905_SEFL10N6d_B2_stressor2_57_58 Box 2.wmv,2,novstressor,sec,40,0,1655.3
58,250905_SEFL10N6d_B2_stressor2_57_58 Box 2.wmv,2,novstressor,sec,41,0,2236.6
58,250905_SEFL10N6d_B2_stressor2_57_58 Box 2.wmv,2,novstressor,sec,42,0,495.4333333
58,250905_SEFL10N6d_B2_stressor2_57_58 Box 2.wmv,2,novstressor,sec,43,0,709.0333333
58,250905_SEFL10N6d_B2_stressor2_57_58 Box 2.wmv,2,novstressor,sec,44,0,1211.133333
58,250905_SEFL10N6d_B2_stressor2_57_58 Box 2.wmv,2,novstressor,sec,45,0,2177.833333
58,250905_SEFL10N6d_B2_stressor2_57_58 Box 2.wmv,2,novstressor,sec,46,0,853.9666667
58,250905_SEFL10N6d_B2_stressor2_57_58 Box 2.wmv,2,novstressor,sec,47,0,755.6666667
58,250905_SEFL10N6d_B2_stressor2_57_58 Box 2.wmv,2,novstressor,sec,48,0,1640.833333
58,250905_SEFL10N6d_B2_stressor2_57_58 Box 2.wmv,2,novstressor,sec,49,0,1112.733333
58,250905_SEFL10N6d_B2_stressor2_57_58 Box 2.wmv,2,novstressor,sec,50,0,1746.2
58,250905_SEFL10N6d_B2_stressor2_57_58 Box 2.wmv,2,novstressor,sec,51,0,1096.433333
58,250905_SEFL10N6d_B2_stressor2_57_58 Box 2.wmv,2,novstressor,sec,52,0,788.6666667
58,250905_SEFL10N6d_B2_stressor2_57_58 Box 2.wmv,2,novstressor,sec,53,0,574.7
58,250905_SEFL10N6d_B2_stressor2_57_58 Box 2.wmv,2,novstressor,sec,54,0,1529.066667
58,250905_SEFL10N6d_B2_stressor2_57_58 Box 2.wmv,2,novstressor,sec,55,0,2114.666667
58,250905_SEFL10N6d_B2_stressor2_57_58 Box 2.wmv,2,novstressor,sec,56,0,902.8333333
58,250905_SEFL10N6d_B2_stressor2_57_58 Box 2.wmv,2,novstressor,sec,57,0,916.1333333
58,250905_SEFL10N6d_B2_stressor2_57_58 Box 2.wmv,2,novstressor,sec,58,0,1094.866667
58,250905_SEFL10N6d_B2_stressor2_57_58 Box 2.wmv,2,novstressor,sec,59,0,830.5333333
58,250905_SEFL10N6d_B2_stressor2_57_58 Box 2.wmv,2,novstressor,sec,60,0,1761.933333
58,250905_SEFL10N6d_B2_stressor2_57_58 Box 2.wmv,2,novstressor,sec,61,0,1394
58,250905_SEFL10N6d_B2_stressor2_57_58 Box 2.wmv,2,novstressor,sec,62,0,1191.366667
58,250905_SEFL10N6d_B2_stressor2_57_58 Box 2.wmv,2,novstressor,sec,63,0,878.7666667
58,250905_SEFL10N6d_B2_stressor2_57_58 Box 2.wmv,2,novstressor,sec,64,0,1560.766667
58,250905_SEFL10N6d_B2_stressor2_57_58 Box 2.wmv,2,novstressor,sec,65,0,662.0333333
58,250905_SEFL10N6d_B2_stressor2_57_58 Box 2.wmv,2,novstressor,sec,66,0,1095.866667
58,250905_SEFL10N6d_B2_stressor2_57_58 Box 2.wmv,2,novstressor,sec,67,0,854.7666667
58,250905_SEFL10N6d_B2_stressor2_57_58 Box 2.wmv,2,novstressor,sec,68,0,1253.4
58,250905_SEFL10N6d_B2_stressor2_57_58 Box 2.wmv,2,novstressor,sec,69,0,998.7666667
58,250905_SEFL10N6d_B2_stressor2_57_58 Box 2.wmv,2,novstressor,sec,70,0,660.9
58,250905_SEFL10N6d_B2_stressor2_57_58 Box 2.wmv,2,novstressor,sec,71,0,928.9666667
58,250905_SEFL10N6d_B2_stressor2_57_58 Box 2.wmv,2,novstressor,sec,72,0,257.1333333
58,250905_SEFL10N6d_B2_stressor2_57_58 Box 2.wmv,2,novstressor,sec,73,0,772.5333333
58,250905_SEFL10N6d_B2_stressor2_57_58 Box 2.wmv,2,novstressor,sec,74,0,961.1
58,250905_SEFL10N6d_B2_stressor2_57_58 Box 2.wmv,2,novstressor,sec,75,0,964.9333333
58,250905_SEFL10N6d_B2_stressor2_57_58 Box 2.wmv,2,novstressor,sec,76,0,959.0666667
58,250905_SEFL10N6d_B2_stressor2_57_58 Box 2.wmv,2,novstressor,sec,77,0,1240.5
58,250905_SEFL10N6d_B2_stressor2_57_58 Box 2.wmv,2,novstressor,sec,78,0,870.6333333
58,250905_SEFL10N6d_B2_stressor2_57_58 Box 2.wmv,2,novstressor,sec,79,0,1799.8
58,250905_SEFL10N6d_B2_stressor2_57_58 Box 2.wmv,2,novstressor,sec,80,0,2286.533333
58,250905_SEFL10N6d_B2_stressor2_57_58 Box 2.wmv,2,novstressor,sec,81,0,1001.533333
58,250905_SEFL10N6d_B2_stressor2_57_58 Box 2.wmv,2,novstressor,sec,82,0,819.1666667
58,250905_SEFL10N6d_B2_stressor2_57_58 Box 2.wmv,2,novstressor,sec,83,0,1344.133333
58,250905_SEFL10N6d_B2_stressor2_57_58 Box 2.wmv,2,novstressor,sec,84,0,1458.433333
58,250905_SEFL10N6d_B2_stressor2_57_58 Box 2.wmv,2,novstressor,sec,85,0,1277.333333
58,250905_SEFL10N6d_B2_stressor2_57_58 Box 2.wmv,2,novstressor,sec,86,0,561
58,250905_SEFL10N6d_B2_stressor2_57_58 Box 2.wmv,2,novstressor,sec,87,0,503.3
58,250905_SEFL10N6d_B2_stressor2_57_58 Box 2.wmv,2,novstressor,sec,88,0,908.5
58,250905_SEFL10N6d_B2_stressor2_57_58 Box 2.wmv,2,novstressor,sec,89,0,1267.466667
58,250905_SEFL10N6d_B2_stressor2_57_58 Box 2.wmv,2,novstressor,sec,90,0,444.3333333
58,250905_SEFL10N6d_B2_stressor2_57_58 Box 2.wmv,2,novstressor,sec,91,53.33333333,136.6333333
58,250905_SEFL10N6d_B2_stressor2_57_58 Box 2.wmv,2,novstressor,sec,92,6.666666667,1173.066667
58,250905_SEFL10N6d_B2_stressor2_57_58 Box 2.wmv,2,novstressor,sec,93,0,1740.766667
58,250905_SEFL10N6d_B2_stressor2_57_58 Box 2.wmv,2,novstressor,sec,94,0,1516.833333
58,250905_SEFL10N6d_B2_stressor2_57_58 Box 2.wmv,2,novstressor,sec,95,0,1114.2
58,250905_SEFL10N6d_B2_stressor2_57_58 Box 2.wmv,2,novstressor,sec,96,0,712
58,250905_SEFL10N6d_B2_stressor2_57_58 Box 2.wmv,2,novstressor,sec,97,0,664.7333333
58,250905_SEFL10N6d_B2_stressor2_57_58 Box 2.wmv,2,novstressor,sec,98,0,929.2
58,250905_SEFL10N6d_B2_stressor2_57_58 Box 2.wmv,2,novstressor,sec,99,0,1456.066667
58,250905_SEFL10N6d_B2_stressor2_57_58 Box 2.wmv,2,novstressor,sec,100,0,504.8
58,250905_SEFL10N6d_B2_stressor2_57_58 Box 2.wmv,2,novstressor,sec,101,0,242.4666667
58,250905_SEFL10N6d_B2_stressor2_57_58 Box 2.wmv,2,novstressor,sec,102,0,322.7333333
58,250905_SEFL10N6d_B2_stressor2_57_58 Box 2.wmv,2,novstressor,sec,103,0,628.9
58,250905_SEFL10N6d_B2_stressor2_57_58 Box 2.wmv,2,novstressor,sec,104,63.33333333,185.5
58,250905_SEFL10N6d_B2_stressor2_57_58 Box 2.wmv,2,novstressor,sec,105,0,2155.5
58,250905_SEFL10N6d_B2_stressor2_57_58 Box 2.wmv,2,novstressor,sec,106,0,1484.2
58,250905_SEFL10N6d_B2_stressor2_57_58 Box 2.wmv,2,novstressor,sec,107,0,895.7333333
58,250905_SEFL10N6d_B2_stressor2_57_58 Box 2.wmv,2,novstressor,sec,108,0,892.3666667
58,250905_SEFL10N6d_B2_stressor2_57_58 Box 2.wmv,2,novstressor,sec,109,0,706.3
58,250905_SEFL10N6d_B2_stressor2_57_58 Box 2.wmv,2,novstressor,sec,110,0,1583.6
58,250905_SEFL10N6d_B2_stressor2_57_58 Box 2.wmv,2,novstressor,sec,111,0,965.1666667
58,250905_SEFL10N6d_B2_stressor2_57_58 Box 2.wmv,2,novstressor,sec,112,3.333333333,1051.6
58,250905_SEFL10N6d_B2_stressor2_57_58 Box 2.wmv,2,novstressor,sec,113,60,265.9666667
58,250905_SEFL10N6d_B2_stressor2_57_58 Box 2.wmv,2,novstressor,sec,114,46.66666667,606.9333333
58,250905_SEFL10N6d_B2_stressor2_57_58 Box 2.wmv,2,novstressor,sec,115,0,1065.033333
58,250905_SEFL10N6d_B2_stressor2_57_58 Box 2.wmv,2,novstressor,sec,116,0,755.5
58,250905_SEFL10N6d_B2_stressor2_57_58 Box 2.wmv,2,novstressor,sec,117,0,727.7
58,250905_SEFL10N6d_B2_stressor2_57_58 Box 2.wmv,2,novstressor,sec,118,0,366.9333333
58,250905_SEFL10N6d_B2_stressor2_57_58 Box 2.wmv,2,novstressor,sec,119,0,421.7666667
58,250905_SEFL10N6d_B2_stressor2_57_58 Box 2.wmv,2,novstressor,sec,120,50,335.7333333
58,250905_SEFL10N6d_B2_stressor2_57_58 Box 2.wmv,2,novstressor,sec,121,3.333333333,931.2666667
58,250905_SEFL10N6d_B2_stressor2_57_58 Box 2.wmv,2,novstressor,sec,122,0,734.8666667
58,250905_SEFL10N6d_B2_stressor2_57_58 Box 2.wmv,2,novstressor,sec,123,0,738.4
58,250905_SEFL10N6d_B2_stressor2_57_58 Box 2.wmv,2,novstressor,sec,124,0,426.8666667
58,250905_SEFL10N6d_B2_stressor2_57_58 Box 2.wmv,2,novstressor,sec,125,0,560.4
58,250905_SEFL10N6d_B2_stressor2_57_58 Box 2.wmv,2,novstressor,sec,126,0,830.5666667
58,250905_SEFL10N6d_B2_stressor2_57_58 Box 2.wmv,2,novstressor,sec,127,0,956.1333333
58,250905_SEFL10N6d_B2_stressor2_57_58 Box 2.wmv,2,novstressor,sec,128,0,879.3666667
58,250905_SEFL10N6d_B2_stressor2_57_58 Box 2.wmv,2,novstressor,sec,129,0,803.9
58,250905_SEFL10N6d_B2_stressor2_57_58 Box 2.wmv,2,novstressor,sec,130,0,758.5333333
58,250905_SEFL10N6d_B2_stressor2_57_58 Box 2.wmv,2,novstressor,sec,131,0,160.9333333
58,250905_SEFL10N6d_B2_stressor2_57_58 Box 2.wmv,2,novstressor,sec,132,0,293.8333333
58,250905_SEFL10N6d_B2_stressor2_57_58 Box 2.wmv,2,novstressor,sec,133,0,860.3666667
58,250905_SEFL10N6d_B2_stressor2_57_58 Box 2.wmv,2,novstressor,sec,134,0,1183.933333
58,250905_SEFL10N6d_B2_stressor2_57_58 Box 2.wmv,2,novstressor,sec,135,0,550.0666667
58,250905_SEFL10N6d_B2_stressor2_57_58 Box 2.wmv,2,novstressor,sec,136,0,1037
58,250905_SEFL10N6d_B2_stressor2_57_58 Box 2.wmv,2,novstressor,sec,137,26.66666667,444.1333333
58,250905_SEFL10N6d_B2_stressor2_57_58 Box 2.wmv,2,novstressor,sec,138,70,344.1
58,250905_SEFL10N6d_B2_stressor2_57_58 Box 2.wmv,2,novstressor,sec,139,0,1794.966667
58,250905_SEFL10N6d_B2_stressor2_57_58 Box 2.wmv,2,novstressor,sec,140,0,732.6
58,250905_SEFL10N6d_B2_stressor2_57_58 Box 2.wmv,2,novstressor,sec,141,0,1501.266667
58,250905_SEFL10N6d_B2_stressor2_57_58 Box 2.wmv,2,novstressor,sec,142,0,1651.233333
58,250905_SEFL10N6d_B2_stressor2_57_58 Box 2.wmv,2,novstressor,sec,143,30,540.5
58,250905_SEFL10N6d_B2_stressor2_57_58 Box 2.wmv,2,novstressor,sec,144,53.33333333,278.1
58,250905_SEFL10N6d_B2_stressor2_57_58 Box 2.wmv,2,novstressor,sec,145,70,147.6333333
58,250905_SEFL10N6d_B2_stressor2_57_58 Box 2.wmv,2,novstressor,sec,146,0,537.3333333
58,250905_SEFL10N6d_B2_stressor2_57_58 Box 2.wmv,2,novstressor,sec,147,0,892.8666667
58,250905_SEFL10N6d_B2_stressor2_57_58 Box 2.wmv,2,novstressor,sec,148,0,786.1
58,250905_SEFL10N6d_B2_stressor2_57_58 Box 2.wmv,2,novstressor,sec,149,0,341.0666667
58,250905_SEFL10N6d_B2_stressor2_57_58 Box 2.wmv,2,novstressor,sec,150,0,954.7666667
58,250905_SEFL10N6d_B2_stressor2_57_58 Box 2.wmv,2,novstressor,sec,151,0,1099.5
58,250905_SEFL10N6d_B2_stressor2_57_58 Box 2.wmv,2,novstressor,sec,152,86.66666667,135.7333333
58,250905_SEFL10N6d_B2_stressor2_57_58 Box 2.wmv,2,novstressor,sec,153,10,915.2333333
58,250905_SEFL10N6d_B2_stressor2_57_58 Box 2.wmv,2,novstressor,sec,154,16.66666667,349.8666667
58,250905_SEFL10N6d_B2_stressor2_57_58 Box 2.wmv,2,novstressor,sec,155,36.66666667,849.1
58,250905_SEFL10N6d_B2_stressor2_57_58 Box 2.wmv,2,novstressor,sec,156,0,504.5
58,250905_SEFL10N6d_B2_stressor2_57_58 Box 2.wmv,2,novstressor,sec,157,0,1075.866667
58,250905_SEFL10N6d_B2_stressor2_57_58 Box 2.wmv,2,novstressor,sec,158,0,1416.066667
58,250905_SEFL10N6d_B2_stressor2_57_58 Box 2.wmv,2,novstressor,sec,159,90,113.7333333
58,250905_SEFL10N6d_B2_stressor2_57_58 Box 2.wmv,2,novstressor,sec,160,0,569.0333333
58,250905_SEFL10N6d_B2_stressor2_57_58 Box 2.wmv,2,novstressor,sec,161,0,1870.5
58,250905_SEFL10N6d_B2_stressor2_57_58 Box 2.wmv,2,novstressor,sec,162,0,1564.733333
58,250905_SEFL10N6d_B2_stressor2_57_58 Box 2.wmv,2,novstressor,sec,163,0,452.8
58,250905_SEFL10N6d_B2_stressor2_57_58 Box 2.wmv,2,novstressor,sec,164,0,543.8333333
58,250905_SEFL10N6d_B2_stressor2_57_58 Box 2.wmv,2,novstressor,sec,165,50,393.6333333
58,250905_SEFL10N6d_B2_stressor2_57_58 Box 2.wmv,2,novstressor,sec,166,0,959.6333333
58,250905_SEFL10N6d_B2_stressor2_57_58 Box 2.wmv,2,novstressor,sec,167,0,720.3
58,250905_SEFL10N6d_B2_stressor2_57_58 Box 2.wmv,2,novstressor,sec,168,0,1464.066667
58,250905_SEFL10N6d_B2_stressor2_57_58 Box 2.wmv,2,novstressor,sec,169,0,1260.2
58,250905_SEFL10N6d_B2_stressor2_57_58 Box 2.wmv,2,novstressor,sec,170,0,1766.233333
58,250905_SEFL10N6d_B2_stressor2_57_58 Box 2.wmv,2,novstressor,sec,171,0,400.7
58,250905_SEFL10N6d_B2_stressor2_57_58 Box 2.wmv,2,novstressor,sec,172,6.666666667,542.2333333
58,250905_SEFL10N6d_B2_stressor2_57_58 Box 2.wmv,2,novstressor,sec,173,56.66666667,241.3
58,250905_SEFL10N6d_B2_stressor2_57_58 Box 2.wmv,2,novstressor,sec,174,0,668.7333333
58,250905_SEFL10N6d_B2_stressor2_57_58 Box 2.wmv,2,novstressor,sec,175,0,830
58,250905_SEFL10N6d_B2_stressor2_57_58 Box 2.wmv,2,novstressor,sec,176,0,744.8666667
58,250905_SEFL10N6d_B2_stressor2_57_58 Box 2.wmv,2,novstressor,sec,177,0,158.1666667
58,250905_SEFL10N6d_B2_stressor2_57_58 Box 2.wmv,2,novstressor,sec,178,76.66666667,145.6333333
58,250905_SEFL10N6d_B2_stressor2_57_58 Box 2.wmv,2,novstressor,sec,179,6.666666667,168.1666667
58,250905_SEFL10N6d_B2_stressor2_57_58 Box 2.wmv,2,novstressor,sec,180,0,265.6
58,250905_SEFL10N6d_B2_stressor2_57_58 Box 2.wmv,2,novstressor,sec,181,0,1981.966667
58,250905_SEFL10N6d_B2_stressor2_57_58 Box 2.wmv,2,novstressor,sec,182,0,2139.3
58,250905_SEFL10N6d_B2_stressor2_57_58 Box 2.wmv,2,novstressor,sec,183,0,809.4333333
58,250905_SEFL10N6d_B2_stressor2_57_58 Box 2.wmv,2,novstressor,sec,184,76.66666667,264.9
58,250905_SEFL10N6d_B2_stressor2_57_58 Box 2.wmv,2,novstressor,sec,185,50,340.1
58,250905_SEFL10N6d_B2_stressor2_57_58 Box 2.wmv,2,novstressor,sec,186,26.66666667,245.6
58,250905_SEFL10N6d_B2_stressor2_57_58 Box 2.wmv,2,novstressor,sec,187,100,8.633333333
58,250905_SEFL10N6d_B2_stressor2_57_58 Box 2.wmv,2,novstressor,sec,188,100,1.366666667
58,250905_SEFL10N6d_B2_stressor2_57_58 Box 2.wmv,2,novstressor,sec,189,100,2.033333333
58,250905_SEFL10N6d_B2_stressor2_57_58 Box 2.wmv,2,novstressor,sec,190,83.33333333,173.2
58,250905_SEFL10N6d_B2_stressor2_57_58 Box 2.wmv,2,novstressor,sec,191,0,310.8333333
58,250905_SEFL10N6d_B2_stressor2_57_58 Box 2.wmv,2,novstressor,sec,192,80,76.4
58,250905_SEFL10N6d_B2_stressor2_57_58 Box 2.wmv,2,novstressor,sec,193,86.66666667,73.4
58,250905_SEFL10N6d_B2_stressor2_57_58 Box 2.wmv,2,novstressor,sec,194,0,804.6
58,250905_SEFL10N6d_B2_stressor2_57_58 Box 2.wmv,2,novstressor,sec,195,80,84.2
58,250905_SEFL10N6d_B2_stressor2_57_58 Box 2.wmv,2,novstressor,sec,196,36.66666667,423.4333333
58,250905_SEFL10N6d_B2_stressor2_57_58 Box 2.wmv,2,novstressor,sec,197,100,30.76666667
58,250905_SEFL10N6d_B2_stressor2_57_58 Box 2.wmv,2,novstressor,sec,198,100,0
58,250905_SEFL10N6d_B2_stressor2_57_58 Box 2.wmv,2,novstressor,sec,199,46.66666667,189.8
58,250905_SEFL10N6d_B2_stressor2_57_58 Box 2.wmv,2,novstressor,sec,200,16.66666667,315.3333333
58,250905_SEFL10N6d_B2_stressor2_57_58 Box 2.wmv,2,novstressor,sec,201,40,297.3333333
58,250905_SEFL10N6d_B2_stressor2_57_58 Box 2.wmv,2,novstressor,sec,202,0,369
58,250905_SEFL10N6d_B2_stressor2_57_58 Box 2.wmv,2,novstressor,sec,203,0,566.9666667
58,250905_SEFL10N6d_B2_stressor2_57_58 Box 2.wmv,2,novstressor,sec,204,90,44.2
58,250905_SEFL10N6d_B2_stressor2_57_58 Box 2.wmv,2,novstressor,sec,205,100,0
58,250905_SEFL10N6d_B2_stressor2_57_58 Box 2.wmv,2,novstressor,sec,206,100,0
58,250905_SEFL10N6d_B2_stressor2_57_58 Box 2.wmv,2,novstressor,sec,207,76.66666667,184.7
58,250905_SEFL10N6d_B2_stressor2_57_58 Box 2.wmv,2,novstressor,sec,208,83.33333333,118.8333333
58,250905_SEFL10N6d_B2_stressor2_57_58 Box 2.wmv,2,novstressor,sec,209,0,730.9
58,250905_SEFL10N6d_B2_stressor2_57_58 Box 2.wmv,2,novstressor,sec,210,0,714.2666667
58,250905_SEFL10N6d_B2_stressor2_57_58 Box 2.wmv,2,novstressor,sec,211,0,1242.366667
58,250905_SEFL10N6d_B2_stressor2_57_58 Box 2.wmv,2,novstressor,sec,212,0,1180.066667
58,250905_SEFL10N6d_B2_stressor2_57_58 Box 2.wmv,2,novstressor,sec,213,0,414.8
58,250905_SEFL10N6d_B2_stressor2_57_58 Box 2.wmv,2,novstressor,sec,214,6.666666667,653.7
58,250905_SEFL10N6d_B2_stressor2_57_58 Box 2.wmv,2,novstressor,sec,215,100,4.533333333
58,250905_SEFL10N6d_B2_stressor2_57_58 Box 2.wmv,2,novstressor,sec,216,100,0.533333333
58,250905_SEFL10N6d_B2_stressor2_57_58 Box 2.wmv,2,novstressor,sec,217,23.33333333,723.5666667
58,250905_SEFL10N6d_B2_stressor2_57_58 Box 2.wmv,2,novstressor,sec,218,30,835.1
58,250905_SEFL10N6d_B2_stressor2_57_58 Box 2.wmv,2,novstressor,sec,219,20,918.3333333
58,250905_SEFL10N6d_B2_stressor2_57_58 Box 2.wmv,2,novstressor,sec,220,0,1946.4
58,250905_SEFL10N6d_B2_stressor2_57_58 Box 2.wmv,2,novstressor,sec,221,0,626.3666667
58,250905_SEFL10N6d_B2_stressor2_57_58 Box 2.wmv,2,novstressor,sec,222,0,1039.5
58,250905_SEFL10N6d_B2_stressor2_57_58 Box 2.wmv,2,novstressor,sec,223,0,906
58,250905_SEFL10N6d_B2_stressor2_57_58 Box 2.wmv,2,novstressor,sec,224,0,309.8333333
58,250905_SEFL10N6d_B2_stressor2_57_58 Box 2.wmv,2,novstressor,sec,225,0,678.9666667
58,250905_SEFL10N6d_B2_stressor2_57_58 Box 2.wmv,2,novstressor,sec,226,93.33333333,66.43333333
58,250905_SEFL10N6d_B2_stressor2_57_58 Box 2.wmv,2,novstressor,sec,227,83.33333333,175.8333333
58,250905_SEFL10N6d_B2_stressor2_57_58 Box 2.wmv,2,novstressor,sec,228,0,801.9666667
58,250905_SEFL10N6d_B2_stressor2_57_58 Box 2.wmv,2,novstressor,sec,229,0,455.8333333
58,250905_SEFL10N6d_B2_stressor2_57_58 Box 2.wmv,2,novstressor,sec,230,0,331.9666667
58,250905_SEFL10N6d_B2_stressor2_57_58 Box 2.wmv,2,novstressor,sec,231,0,371.4666667
58,250905_SEFL10N6d_B2_stressor2_57_58 Box 2.wmv,2,novstressor,sec,232,0,2196.966667
58,250905_SEFL10N6d_B2_stressor2_57_58 Box 2.wmv,2,novstressor,sec,233,0,1092.2
58,250905_SEFL10N6d_B2_stressor2_57_58 Box 2.wmv,2,novstressor,sec,234,16.66666667,579.7333333
58,250905_SEFL10N6d_B2_stressor2_57_58 Box 2.wmv,2,novstressor,sec,235,100,1.733333333
58,250905_SEFL10N6d_B2_stressor2_57_58 Box 2.wmv,2,novstressor,sec,236,86.66666667,134.1
58,250905_SEFL10N6d_B2_stressor2_57_58 Box 2.wmv,2,novstressor,sec,237,0,920.9666667
58,250905_SEFL10N6d_B2_stressor2_57_58 Box 2.wmv,2,novstressor,sec,238,0,482.4666667
58,250905_SEFL10N6d_B2_stressor2_57_58 Box 2.wmv,2,novstressor,sec,239,0,621.2
58,250905_SEFL10N6d_B2_stressor2_57_58 Box 2.wmv,2,novstressor,sec,240,0,730.3333333
58,250905_SEFL10N6d_B2_stressor2_57_58 Box 2.wmv,2,novstressor,sec,241,0,1086.6
58,250905_SEFL10N6d_B2_stressor2_57_58 Box 2.wmv,2,novstressor,sec,242,0,274.1666667
58,250905_SEFL10N6d_B2_stressor2_57_58 Box 2.wmv,2,novstressor,sec,243,66.66666667,192.6333333
58,250905_SEFL10N6d_B2_stressor2_57_58 Box 2.wmv,2,novstressor,sec,244,0,414.2
58,250905_SEFL10N6d_B2_stressor2_57_58 Box 2.wmv,2,novstressor,sec,245,0,522.5666667
58,250905_SEFL10N6d_B2_stressor2_57_58 Box 2.wmv,2,novstressor,sec,246,100,33.86666667
58,250905_SEFL10N6d_B2_stressor2_57_58 Box 2.wmv,2,novstressor,sec,247,100,11.26666667
58,250905_SEFL10N6d_B2_stressor2_57_58 Box 2.wmv,2,novstressor,sec,248,36.66666667,390.7
58,250905_SEFL10N6d_B2_stressor2_57_58 Box 2.wmv,2,novstressor,sec,249,0,1190.4
58,250905_SEFL10N6d_B2_stressor2_57_58 Box 2.wmv,2,novstressor,sec,250,0,893.2333333
58,250905_SEFL10N6d_B2_stressor2_57_58 Box 2.wmv,2,novstressor,sec,251,0,840.1
58,250905_SEFL10N6d_B2_stressor2_57_58 Box 2.wmv,2,novstressor,sec,252,0,343.4666667
58,250905_SEFL10N6d_B2_stressor2_57_58 Box 2.wmv,2,novstressor,sec,253,0,393.6
58,250905_SEFL10N6d_B2_stressor2_57_58 Box 2.wmv,2,novstressor,sec,254,0,1033.6
58,250905_SEFL10N6d_B2_stressor2_57_58 Box 2.wmv,2,novstressor,sec,255,0,758.9666667
58,250905_SEFL10N6d_B2_stressor2_57_58 Box 2.wmv,2,novstressor,sec,256,0,1177.2
58,250905_SEFL10N6d_B2_stressor2_57_58 Box 2.wmv,2,novstressor,sec,257,0,949.3666667
58,250905_SEFL10N6d_B2_stressor2_57_58 Box 2.wmv,2,novstressor,sec,258,0,765.8
58,250905_SEFL10N6d_B2_stressor2_57_58 Box 2.wmv,2,novstressor,sec,259,0,2216.766667
58,250905_SEFL10N6d_B2_stressor2_57_58 Box 2.wmv,2,novstressor,sec,260,26.66666667,654.6
58,250905_SEFL10N6d_B2_stressor2_57_58 Box 2.wmv,2,novstressor,sec,261,56.66666667,139.8
58,250905_SEFL10N6d_B2_stressor2_57_58 Box 2.wmv,2,novstressor,sec,262,30,616.9333333
58,250905_SEFL10N6d_B2_stressor2_57_58 Box 2.wmv,2,novstressor,sec,263,53.33333333,239.6
58,250905_SEFL10N6d_B2_stressor2_57_58 Box 2.wmv,2,novstressor,sec,264,0,452.4
58,250905_SEFL10N6d_B2_stressor2_57_58 Box 2.wmv,2,novstressor,sec,265,76.66666667,122.5
58,250905_SEFL10N6d_B2_stressor2_57_58 Box 2.wmv,2,novstressor,sec,266,0,675.8333333
58,250905_SEFL10N6d_B2_stressor2_57_58 Box 2.wmv,2,novstressor,sec,267,63.33333333,194.0666667
58,250905_SEFL10N6d_B2_stressor2_57_58 Box 2.wmv,2,novstressor,sec,268,70,232
58,250905_SEFL10N6d_B2_stressor2_57_58 Box 2.wmv,2,novstressor,sec,269,90,49.06666667
58,250905_SEFL10N6d_B2_stressor2_57_58 Box 2.wmv,2,novstressor,sec,270,100,0
58,250905_SEFL10N6d_B2_stressor2_57_58 Box 2.wmv,2,novstressor,sec,271,3.333333333,878.7
58,250905_SEFL10N6d_B2_stressor2_57_58 Box 2.wmv,2,novstressor,sec,272,0,1111.233333
58,250905_SEFL10N6d_B2_stressor2_57_58 Box 2.wmv,2,novstressor,sec,273,60,640.5
58,250905_SEFL10N6d_B2_stressor2_57_58 Box 2.wmv,2,novstressor,sec,274,100,0
58,250905_SEFL10N6d_B2_stressor2_57_58 Box 2.wmv,2,novstressor,sec,275,10,948.9666667
58,250905_SEFL10N6d_B2_stressor2_57_58 Box 2.wmv,2,novstressor,sec,276,0,758.6666667
58,250905_SEFL10N6d_B2_stressor2_57_58 Box 2.wmv,2,novstressor,sec,277,0,1167.466667
58,250905_SEFL10N6d_B2_stressor2_57_58 Box 2.wmv,2,novstressor,sec,278,0,986.7
58,250905_SEFL10N6d_B2_stressor2_57_58 Box 2.wmv,2,novstressor,sec,279,0,546.7666667
58,250905_SEFL10N6d_B2_stressor2_57_58 Box 2.wmv,2,novstressor,sec,280,30,198.0333333
58,250905_SEFL10N6d_B2_stressor2_57_58 Box 2.wmv,2,novstressor,sec,281,93.33333333,135.3
58,250905_SEFL10N6d_B2_stressor2_57_58 Box 2.wmv,2,novstressor,sec,282,0,446.9
58,250905_SEFL10N6d_B2_stressor2_57_58 Box 2.wmv,2,novstressor,sec,283,0,391.1333333
58,250905_SEFL10N6d_B2_stressor2_57_58 Box 2.wmv,2,novstressor,sec,284,0,759.8666667
58,250905_SEFL10N6d_B2_stressor2_57_58 Box 2.wmv,2,novstressor,sec,285,0,610.6666667
58,250905_SEFL10N6d_B2_stressor2_57_58 Box 2.wmv,2,novstressor,sec,286,0,395.6
58,250905_SEFL10N6d_B2_stressor2_57_58 Box 2.wmv,2,novstressor,sec,287,0,446.8
58,250905_SEFL10N6d_B2_stressor2_57_58 Box 2.wmv,2,novstressor,sec,288,86.66666667,48.5
58,250905_SEFL10N6d_B2_stressor2_57_58 Box 2.wmv,2,novstressor,sec,289,0,1000.033333
58,250905_SEFL10N6d_B2_stressor2_57_58 Box 2.wmv,2,novstressor,sec,290,0,1312.2
58,250905_SEFL10N6d_B2_stressor2_57_58 Box 2.wmv,2,novstressor,sec,291,0,430.3
58,250905_SEFL10N6d_B2_stressor2_57_58 Box 2.wmv,2,novstressor,sec,292,0,848.2666667
58,250905_SEFL10N6d_B2_stressor2_57_58 Box 2.wmv,2,novstressor,sec,293,0,864.5
58,250905_SEFL10N6d_B2_stressor2_57_58 Box 2.wmv,2,novstressor,sec,294,0,1415.8
58,250905_SEFL10N6d_B2_stressor2_57_58 Box 2.wmv,2,novstressor,sec,295,0,1008.466667
58,250905_SEFL10N6d_B2_stressor2_57_58 Box 2.wmv,2,novstressor,sec,296,53.33333333,342.3666667
58,250905_SEFL10N6d_B2_stressor2_57_58 Box 2.wmv,2,novstressor,sec,297,0,1247.366667
58,250905_SEFL10N6d_B2_stressor2_57_58 Box 2.wmv,2,novstressor,sec,298,0,378.2
58,250905_SEFL10N6d_B2_stressor2_57_58 Box 2.wmv,2,novstressor,sec,299,0,329.3666667
58,250905_SEFL10N6d_B2_stressor2_57_58 Box 2.wmv,2,novstressor,sec,300,0,729.1333333
58,250905_SEFL10N6d_B2_stressor2_57_58 Box 2.wmv,2,novstressor,sec,301,0,898.5666667
58,250905_SEFL10N6d_B2_stressor2_57_58 Box 2.wmv,2,novstressor,sec,302,0,719.6333333
58,250905_SEFL10N6d_B2_stressor2_57_58 Box 2.wmv,2,novstressor,sec,303,0,566.0333333
58,250905_SEFL10N6d_B2_stressor2_57_58 Box 2.wmv,2,novstressor,sec,304,0,671.7
58,250905_SEFL10N6d_B2_stressor2_57_58 Box 2.wmv,2,novstressor,sec,305,53.33333333,278.2666667
58,250905_SEFL10N6d_B2_stressor2_57_58 Box 2.wmv,2,novstressor,sec,306,0,296.9
58,250905_SEFL10N6d_B2_stressor2_57_58 Box 2.wmv,2,novstressor,sec,307,76.66666667,157.8333333
58,250905_SEFL10N6d_B2_stressor2_57_58 Box 2.wmv,2,novstressor,sec,308,56.66666667,327.1
58,250905_SEFL10N6d_B2_stressor2_57_58 Box 2.wmv,2,novstressor,sec,309,0,676.8333333
58,250905_SEFL10N6d_B2_stressor2_57_58 Box 2.wmv,2,novstressor,sec,310,36.66666667,337
58,250905_SEFL10N6d_B2_stressor2_57_58 Box 2.wmv,2,novstressor,sec,311,80,174.1
58,250905_SEFL10N6d_B2_stressor2_57_58 Box 2.wmv,2,novstressor,sec,312,0,768.6666667
58,250905_SEFL10N6d_B2_stressor2_57_58 Box 2.wmv,2,novstressor,sec,313,0,1133.966667
58,250905_SEFL10N6d_B2_stressor2_57_58 Box 2.wmv,2,novstressor,sec,314,0,1002.4
58,250905_SEFL10N6d_B2_stressor2_57_58 Box 2.wmv,2,novstressor,sec,315,0,795.5
58,250905_SEFL10N6d_B2_stressor2_57_58 Box 2.wmv,2,novstressor,sec,316,0,1197.733333
58,250905_SEFL10N6d_B2_stressor2_57_58 Box 2.wmv,2,novstressor,sec,317,0,1080.1
58,250905_SEFL10N6d_B2_stressor2_57_58 Box 2.wmv,2,novstressor,sec,318,0,552.7
58,250905_SEFL10N6d_B2_stressor2_57_58 Box 2.wmv,2,novstressor,sec,319,0,350.1333333
58,250905_SEFL10N6d_B2_stressor2_57_58 Box 2.wmv,2,novstressor,sec,320,0,1015.766667
58,250905_SEFL10N6d_B2_stressor2_57_58 Box 2.wmv,2,novstressor,sec,321,40,227.4666667
58,250905_SEFL10N6d_B2_stressor2_57_58 Box 2.wmv,2,novstressor,sec,322,40,583.9666667
58,250905_SEFL10N6d_B2_stressor2_57_58 Box 2.wmv,2,novstressor,sec,323,0,1034.1
58,250905_SEFL10N6d_B2_stressor2_57_58 Box 2.wmv,2,novstressor,sec,324,26.66666667,454.8666667
58,250905_SEFL10N6d_B2_stressor2_57_58 Box 2.wmv,2,novstressor,sec,325,26.66666667,463.5
58,250905_SEFL10N6d_B2_stressor2_57_58 Box 2.wmv,2,novstressor,sec,326,0,361.8333333
58,250905_SEFL10N6d_B2_stressor2_57_58 Box 2.wmv,2,novstressor,sec,327,0,716.9333333
58,250905_SEFL10N6d_B2_stressor2_57_58 Box 2.wmv,2,novstressor,sec,328,0,717.0666667
58,250905_SEFL10N6d_B2_stressor2_57_58 Box 2.wmv,2,novstressor,sec,329,0,1573.133333
58,250905_SEFL10N6d_B2_stressor2_57_58 Box 2.wmv,2,novstressor,sec,330,0,702.3666667
58,250905_SEFL10N6d_B2_stressor2_57_58 Box 2.wmv,2,novstressor,sec,331,0,963.4
58,250905_SEFL10N6d_B2_stressor2_57_58 Box 2.wmv,2,novstressor,sec,332,0,1602.166667
58,250905_SEFL10N6d_B2_stressor2_57_58 Box 2.wmv,2,novstressor,sec,333,0,1648.066667
58,250905_SEFL10N6d_B2_stressor2_57_58 Box 2.wmv,2,novstressor,sec,334,20,555.4333333
58,250905_SEFL10N6d_B2_stressor2_57_58 Box 2.wmv,2,novstressor,sec,335,30,790.5666667
58,250905_SEFL10N6d_B2_stressor2_57_58 Box 2.wmv,2,novstressor,sec,336,60,392
58,250905_SEFL10N6d_B2_stressor2_57_58 Box 2.wmv,2,novstressor,sec,337,93.33333333,91.03333333
58,250905_SEFL10N6d_B2_stressor2_57_58 Box 2.wmv,2,novstressor,sec,338,0,801.4333333
58,250905_SEFL10N6d_B2_stressor2_57_58 Box 2.wmv,2,novstressor,sec,339,46.66666667,414.1333333
58,250905_SEFL10N6d_B2_stressor2_57_58 Box 2.wmv,2,novstressor,sec,340,63.33333333,625.4
58,250905_SEFL10N6d_B2_stressor2_57_58 Box 2.wmv,2,novstressor,sec,341,0,850.2
58,250905_SEFL10N6d_B2_stressor2_57_58 Box 2.wmv,2,novstressor,sec,342,10,1410.333333
58,250905_SEFL10N6d_B2_stressor2_57_58 Box 2.wmv,2,novstressor,sec,343,76.66666667,138.7
58,250905_SEFL10N6d_B2_stressor2_57_58 Box 2.wmv,2,novstressor,sec,344,0,574.1333333
58,250905_SEFL10N6d_B2_stressor2_57_58 Box 2.wmv,2,novstressor,sec,345,16.66666667,673.5333333
58,250905_SEFL10N6d_B2_stressor2_57_58 Box 2.wmv,2,novstressor,sec,346,96.66666667,61.33333333
58,250905_SEFL10N6d_B2_stressor2_57_58 Box 2.wmv,2,novstressor,sec,347,66.66666667,251.7
58,250905_SEFL10N6d_B2_stressor2_57_58 Box 2.wmv,2,novstressor,sec,348,0,443.0333333
58,250905_SEFL10N6d_B2_stressor2_57_58 Box 2.wmv,2,novstressor,sec,349,0,601.4333333
58,250905_SEFL10N6d_B2_stressor2_57_58 Box 2.wmv,2,novstressor,sec,350,90,63
58,250905_SEFL10N6d_B2_stressor2_57_58 Box 2.wmv,2,novstressor,sec,351,100,3.333333333
58,250905_SEFL10N6d_B2_stressor2_57_58 Box 2.wmv,2,novstressor,sec,352,46.66666667,456.8333333
58,250905_SEFL10N6d_B2_stressor2_57_58 Box 2.wmv,2,novstressor,sec,353,100,0
58,250905_SEFL10N6d_B2_stressor2_57_58 Box 2.wmv,2,novstressor,sec,354,33.33333333,445.1333333
58,250905_SEFL10N6d_B2_stressor2_57_58 Box 2.wmv,2,novstressor,sec,355,40,329.1333333
58,250905_SEFL10N6d_B2_stressor2_57_58 Box 2.wmv,2,novstressor,sec,356,33.33333333,341.9
58,250905_SEFL10N6d_B2_stressor2_57_58 Box 2.wmv,2,novstressor,sec,357,0,652.4333333
58,250905_SEFL10N6d_B2_stressor2_57_58 Box 2.wmv,2,novstressor,sec,358,0,252.7333333
58,250905_SEFL10N6d_B2_stressor2_57_58 Box 2.wmv,2,novstressor,sec,359,6.666666667,582.8
58,250905_SEFL10N6d_B2_stressor2_57_58 Box 2.wmv,2,novstressor,sec,360,76.66666667,73.9
58,250905_SEFL10N6d_B2_stressor2_57_58 Box 2.wmv,2,novstressor,sec,361,0,238.1333333
58,250905_SEFL10N6d_B2_stressor2_57_58 Box 2.wmv,2,novstressor,sec,362,0,822.8333333
58,250905_SEFL10N6d_B2_stressor2_57_58 Box 2.wmv,2,novstressor,sec,363,0,551.84
58,250905_SEFL10N6d_B2_stressor2_57_58 Box 2.wmv,2,novstressor,prepost,bl,5.407407407,955.337963
58,250905_SEFL10N6d_B2_stressor2_57_58 Box 2.wmv,2,novstressor,prepost,post,28.26691381,564.4303985
58,250905_SEFL10N6d_B2_stressor2_57_58 Box 2.wmv,2,novstressor,startle,startle_post,51.11111111,283.5333333
58,250905_SEFL10N6d_B2_stressor2_57_58 Box 2.wmv,2,novstressor,startle,startle_pre,27.77777778,193.1333333
58,250905_SEFL10N6d_B2_stressor2_57_58 Box 2.wmv,2,novstressor,startle,startle_startle,0,1643.566667
59,250905_SEFL10N6d_B2_stressor2_59_60 Box 1.wmv,1,novstressor,sec,1,0,1843.1
59,250905_SEFL10N6d_B2_stressor2_59_60 Box 1.wmv,1,novstressor,sec,2,0,1655.066667
59,250905_SEFL10N6d_B2_stressor2_59_60 Box 1.wmv,1,novstressor,sec,3,0,2629.166667
59,250905_SEFL10N6d_B2_stressor2_59_60 Box 1.wmv,1,novstressor,sec,4,0,1264.733333
59,250905_SEFL10N6d_B2_stressor2_59_60 Box 1.wmv,1,novstressor,sec,5,0,893.3666667
59,250905_SEFL10N6d_B2_stressor2_59_60 Box 1.wmv,1,novstressor,sec,6,0,1141.5
59,250905_SEFL10N6d_B2_stressor2_59_60 Box 1.wmv,1,novstressor,sec,7,0,1367.333333
59,250905_SEFL10N6d_B2_stressor2_59_60 Box 1.wmv,1,novstressor,sec,8,0,2778.333333
59,250905_SEFL10N6d_B2_stressor2_59_60 Box 1.wmv,1,novstressor,sec,9,0,756.3666667
59,250905_SEFL10N6d_B2_stressor2_59_60 Box 1.wmv,1,novstressor,sec,10,0,747.3
59,250905_SEFL10N6d_B2_stressor2_59_60 Box 1.wmv,1,novstressor,sec,11,0,1045.333333
59,250905_SEFL10N6d_B2_stressor2_59_60 Box 1.wmv,1,novstressor,sec,12,0,2061.933333
59,250905_SEFL10N6d_B2_stressor2_59_60 Box 1.wmv,1,novstressor,sec,13,0,1463.6
59,250905_SEFL10N6d_B2_stressor2_59_60 Box 1.wmv,1,novstressor,sec,14,0,1111.433333
59,250905_SEFL10N6d_B2_stressor2_59_60 Box 1.wmv,1,novstressor,sec,15,0,497.0666667
59,250905_SEFL10N6d_B2_stressor2_59_60 Box 1.wmv,1,novstressor,sec,16,0,1434.266667
59,250905_SEFL10N6d_B2_stressor2_59_60 Box 1.wmv,1,novstressor,sec,17,0,855.8333333
59,250905_SEFL10N6d_B2_stressor2_59_60 Box 1.wmv,1,novstressor,sec,18,0,487.8
59,250905_SEFL10N6d_B2_stressor2_59_60 Box 1.wmv,1,novstressor,sec,19,0,1025.9
59,250905_SEFL10N6d_B2_stressor2_59_60 Box 1.wmv,1,novstressor,sec,20,0,1294.433333
59,250905_SEFL10N6d_B2_stressor2_59_60 Box 1.wmv,1,novstressor,sec,21,0,1132.266667
59,250905_SEFL10N6d_B2_stressor2_59_60 Box 1.wmv,1,novstressor,sec,22,0,1531.466667
59,250905_SEFL10N6d_B2_stressor2_59_60 Box 1.wmv,1,novstressor,sec,23,0,1271.566667
59,250905_SEFL10N6d_B2_stressor2_59_60 Box 1.wmv,1,novstressor,sec,24,0,903.2
59,250905_SEFL10N6d_B2_stressor2_59_60 Box 1.wmv,1,novstressor,sec,25,0,889.3666667
59,250905_SEFL10N6d_B2_stressor2_59_60 Box 1.wmv,1,novstressor,sec,26,53.33333333,374.5333333
59,250905_SEFL10N6d_B2_stressor2_59_60 Box 1.wmv,1,novstressor,sec,27,0,889.4666667
59,250905_SEFL10N6d_B2_stressor2_59_60 Box 1.wmv,1,novstressor,sec,28,0,557.2
59,250905_SEFL10N6d_B2_stressor2_59_60 Box 1.wmv,1,novstressor,sec,29,0,1056.566667
59,250905_SEFL10N6d_B2_stressor2_59_60 Box 1.wmv,1,novstressor,sec,30,0,1130.9
59,250905_SEFL10N6d_B2_stressor2_59_60 Box 1.wmv,1,novstressor,sec,31,0,2118.466667
59,250905_SEFL10N6d_B2_stressor2_59_60 Box 1.wmv,1,novstressor,sec,32,0,905.9666667
59,250905_SEFL10N6d_B2_stressor2_59_60 Box 1.wmv,1,novstressor,sec,33,0,996.9333333
59,250905_SEFL10N6d_B2_stressor2_59_60 Box 1.wmv,1,novstressor,sec,34,0,1179.233333
59,250905_SEFL10N6d_B2_stressor2_59_60 Box 1.wmv,1,novstressor,sec,35,0,691.7333333
59,250905_SEFL10N6d_B2_stressor2_59_60 Box 1.wmv,1,novstressor,sec,36,0,2669.566667
59,250905_SEFL10N6d_B2_stressor2_59_60 Box 1.wmv,1,novstressor,sec,37,0,1680.466667
59,250905_SEFL10N6d_B2_stressor2_59_60 Box 1.wmv,1,novstressor,sec,38,0,440.9
59,250905_SEFL10N6d_B2_stressor2_59_60 Box 1.wmv,1,novstressor,sec,39,0,769.2333333
59,250905_SEFL10N6d_B2_stressor2_59_60 Box 1.wmv,1,novstressor,sec,40,10,389.2333333
59,250905_SEFL10N6d_B2_stressor2_59_60 Box 1.wmv,1,novstressor,sec,41,43.33333333,238.1
59,250905_SEFL10N6d_B2_stressor2_59_60 Box 1.wmv,1,novstressor,sec,42,0,644.3666667
59,250905_SEFL10N6d_B2_stressor2_59_60 Box 1.wmv,1,novstressor,sec,43,96.66666667,71.16666667
59,250905_SEFL10N6d_B2_stressor2_59_60 Box 1.wmv,1,novstressor,sec,44,0,1512.266667
59,250905_SEFL10N6d_B2_stressor2_59_60 Box 1.wmv,1,novstressor,sec,45,0,1129.433333
59,250905_SEFL10N6d_B2_stressor2_59_60 Box 1.wmv,1,novstressor,sec,46,0,357.8
59,250905_SEFL10N6d_B2_stressor2_59_60 Box 1.wmv,1,novstressor,sec,47,23.33333333,189.9666667
59,250905_SEFL10N6d_B2_stressor2_59_60 Box 1.wmv,1,novstressor,sec,48,26.66666667,380.3
59,250905_SEFL10N6d_B2_stressor2_59_60 Box 1.wmv,1,novstressor,sec,49,0,526.8333333
59,250905_SEFL10N6d_B2_stressor2_59_60 Box 1.wmv,1,novstressor,sec,50,0,403.5333333
59,250905_SEFL10N6d_B2_stressor2_59_60 Box 1.wmv,1,novstressor,sec,51,46.66666667,305.8333333
59,250905_SEFL10N6d_B2_stressor2_59_60 Box 1.wmv,1,novstressor,sec,52,66.66666667,269.3
59,250905_SEFL10N6d_B2_stressor2_59_60 Box 1.wmv,1,novstressor,sec,53,30,338.5333333
59,250905_SEFL10N6d_B2_stressor2_59_60 Box 1.wmv,1,novstressor,sec,54,60,137.5
59,250905_SEFL10N6d_B2_stressor2_59_60 Box 1.wmv,1,novstressor,sec,55,0,461.3333333
59,250905_SEFL10N6d_B2_stressor2_59_60 Box 1.wmv,1,novstressor,sec,56,0,317.6666667
59,250905_SEFL10N6d_B2_stressor2_59_60 Box 1.wmv,1,novstressor,sec,57,0,903.6333333
59,250905_SEFL10N6d_B2_stressor2_59_60 Box 1.wmv,1,novstressor,sec,58,0,1429.933333
59,250905_SEFL10N6d_B2_stressor2_59_60 Box 1.wmv,1,novstressor,sec,59,0,944.9333333
59,250905_SEFL10N6d_B2_stressor2_59_60 Box 1.wmv,1,novstressor,sec,60,0,641.5666667
59,250905_SEFL10N6d_B2_stressor2_59_60 Box 1.wmv,1,novstressor,sec,61,0,1025.2
59,250905_SEFL10N6d_B2_stressor2_59_60 Box 1.wmv,1,novstressor,sec,62,0,1094.2
59,250905_SEFL10N6d_B2_stressor2_59_60 Box 1.wmv,1,novstressor,sec,63,0,1552.766667
59,250905_SEFL10N6d_B2_stressor2_59_60 Box 1.wmv,1,novstressor,sec,64,0,2068.466667
59,250905_SEFL10N6d_B2_stressor2_59_60 Box 1.wmv,1,novstressor,sec,65,0,1504.366667
59,250905_SEFL10N6d_B2_stressor2_59_60 Box 1.wmv,1,novstressor,sec,66,0,786.3
59,250905_SEFL10N6d_B2_stressor2_59_60 Box 1.wmv,1,novstressor,sec,67,0,397.0666667
59,250905_SEFL10N6d_B2_stressor2_59_60 Box 1.wmv,1,novstressor,sec,68,0,808.6333333
59,250905_SEFL10N6d_B2_stressor2_59_60 Box 1.wmv,1,novstressor,sec,69,0,561.2666667
59,250905_SEFL10N6d_B2_stressor2_59_60 Box 1.wmv,1,novstressor,sec,70,0,1147.533333
59,250905_SEFL10N6d_B2_stressor2_59_60 Box 1.wmv,1,novstressor,sec,71,0,1917.166667
59,250905_SEFL10N6d_B2_stressor2_59_60 Box 1.wmv,1,novstressor,sec,72,0,2027.833333
59,250905_SEFL10N6d_B2_stressor2_59_60 Box 1.wmv,1,novstressor,sec,73,0,1728.1
59,250905_SEFL10N6d_B2_stressor2_59_60 Box 1.wmv,1,novstressor,sec,74,0,1359.833333
59,250905_SEFL10N6d_B2_stressor2_59_60 Box 1.wmv,1,novstressor,sec,75,0,689.8333333
59,250905_SEFL10N6d_B2_stressor2_59_60 Box 1.wmv,1,novstressor,sec,76,0,1622.366667
59,250905_SEFL10N6d_B2_stressor2_59_60 Box 1.wmv,1,novstressor,sec,77,0,2372.333333
59,250905_SEFL10N6d_B2_stressor2_59_60 Box 1.wmv,1,novstressor,sec,78,0,1872.866667
59,250905_SEFL10N6d_B2_stressor2_59_60 Box 1.wmv,1,novstressor,sec,79,0,1969.666667
59,250905_SEFL10N6d_B2_stressor2_59_60 Box 1.wmv,1,novstressor,sec,80,0,714.3666667
59,250905_SEFL10N6d_B2_stressor2_59_60 Box 1.wmv,1,novstressor,sec,81,0,516.7666667
59,250905_SEFL10N6d_B2_stressor2_59_60 Box 1.wmv,1,novstressor,sec,82,0,1508.433333
59,250905_SEFL10N6d_B2_stressor2_59_60 Box 1.wmv,1,novstressor,sec,83,0,1056.866667
59,250905_SEFL10N6d_B2_stressor2_59_60 Box 1.wmv,1,novstressor,sec,84,0,1844.966667
59,250905_SEFL10N6d_B2_stressor2_59_60 Box 1.wmv,1,novstressor,sec,85,0,2180.866667
59,250905_SEFL10N6d_B2_stressor2_59_60 Box 1.wmv,1,novstressor,sec,86,0,1047.266667
59,250905_SEFL10N6d_B2_stressor2_59_60 Box 1.wmv,1,novstressor,sec,87,0,594.3
59,250905_SEFL10N6d_B2_stressor2_59_60 Box 1.wmv,1,novstressor,sec,88,0,649.1
59,250905_SEFL10N6d_B2_stressor2_59_60 Box 1.wmv,1,novstressor,sec,89,0,634.2666667
59,250905_SEFL10N6d_B2_stressor2_59_60 Box 1.wmv,1,novstressor,sec,90,46.66666667,415.0333333
59,250905_SEFL10N6d_B2_stressor2_59_60 Box 1.wmv,1,novstressor,sec,91,3.333333333,1841.333333
59,250905_SEFL10N6d_B2_stressor2_59_60 Box 1.wmv,1,novstressor,sec,92,0,1399.966667
59,250905_SEFL10N6d_B2_stressor2_59_60 Box 1.wmv,1,novstressor,sec,93,0,1638.666667
59,250905_SEFL10N6d_B2_stressor2_59_60 Box 1.wmv,1,novstressor,sec,94,0,849.4
59,250905_SEFL10N6d_B2_stressor2_59_60 Box 1.wmv,1,novstressor,sec,95,0,930.2333333
59,250905_SEFL10N6d_B2_stressor2_59_60 Box 1.wmv,1,novstressor,sec,96,0,1426.966667
59,250905_SEFL10N6d_B2_stressor2_59_60 Box 1.wmv,1,novstressor,sec,97,0,1288.9
59,250905_SEFL10N6d_B2_stressor2_59_60 Box 1.wmv,1,novstressor,sec,98,0,775.5666667
59,250905_SEFL10N6d_B2_stressor2_59_60 Box 1.wmv,1,novstressor,sec,99,0,221.7
59,250905_SEFL10N6d_B2_stressor2_59_60 Box 1.wmv,1,novstressor,sec,100,0,263.2333333
59,250905_SEFL10N6d_B2_stressor2_59_60 Box 1.wmv,1,novstressor,sec,101,0,328.2
59,250905_SEFL10N6d_B2_stressor2_59_60 Box 1.wmv,1,novstressor,sec,102,0,861.3
59,250905_SEFL10N6d_B2_stressor2_59_60 Box 1.wmv,1,novstressor,sec,103,0,1140.166667
59,250905_SEFL10N6d_B2_stressor2_59_60 Box 1.wmv,1,novstressor,sec,104,0,1495.5
59,250905_SEFL10N6d_B2_stressor2_59_60 Box 1.wmv,1,novstressor,sec,105,0,1057.3
59,250905_SEFL10N6d_B2_stressor2_59_60 Box 1.wmv,1,novstressor,sec,106,0,837.0666667
59,250905_SEFL10N6d_B2_stressor2_59_60 Box 1.wmv,1,novstressor,sec,107,0,307.7333333
59,250905_SEFL10N6d_B2_stressor2_59_60 Box 1.wmv,1,novstressor,sec,108,0,689.1666667
59,250905_SEFL10N6d_B2_stressor2_59_60 Box 1.wmv,1,novstressor,sec,109,0,947.7333333
59,250905_SEFL10N6d_B2_stressor2_59_60 Box 1.wmv,1,novstressor,sec,110,0,541.7
59,250905_SEFL10N6d_B2_stressor2_59_60 Box 1.wmv,1,novstressor,sec,111,0,514.4333333
59,250905_SEFL10N6d_B2_stressor2_59_60 Box 1.wmv,1,novstressor,sec,112,0,1251.4
59,250905_SEFL10N6d_B2_stressor2_59_60 Box 1.wmv,1,novstressor,sec,113,0,379.5666667
59,250905_SEFL10N6d_B2_stressor2_59_60 Box 1.wmv,1,novstressor,sec,114,0,238.1333333
59,250905_SEFL10N6d_B2_stressor2_59_60 Box 1.wmv,1,novstressor,sec,115,0,824.6
59,250905_SEFL10N6d_B2_stressor2_59_60 Box 1.wmv,1,novstressor,sec,116,33.33333333,356.5
59,250905_SEFL10N6d_B2_stressor2_59_60 Box 1.wmv,1,novstressor,sec,117,33.33333333,856.9
59,250905_SEFL10N6d_B2_stressor2_59_60 Box 1.wmv,1,novstressor,sec,118,0,2002.866667
59,250905_SEFL10N6d_B2_stressor2_59_60 Box 1.wmv,1,novstressor,sec,119,0,995.4
59,250905_SEFL10N6d_B2_stressor2_59_60 Box 1.wmv,1,novstressor,sec,120,0,866.2666667
59,250905_SEFL10N6d_B2_stressor2_59_60 Box 1.wmv,1,novstressor,sec,121,0,856.1
59,250905_SEFL10N6d_B2_stressor2_59_60 Box 1.wmv,1,novstressor,sec,122,0,1503
59,250905_SEFL10N6d_B2_stressor2_59_60 Box 1.wmv,1,novstressor,sec,123,0,404.1
59,250905_SEFL10N6d_B2_stressor2_59_60 Box 1.wmv,1,novstressor,sec,124,16.66666667,527.2666667
59,250905_SEFL10N6d_B2_stressor2_59_60 Box 1.wmv,1,novstressor,sec,125,33.33333333,568.9
59,250905_SEFL10N6d_B2_stressor2_59_60 Box 1.wmv,1,novstressor,sec,126,0,526.4
59,250905_SEFL10N6d_B2_stressor2_59_60 Box 1.wmv,1,novstressor,sec,127,0,664.6
59,250905_SEFL10N6d_B2_stressor2_59_60 Box 1.wmv,1,novstressor,sec,128,0,1222.666667
59,250905_SEFL10N6d_B2_stressor2_59_60 Box 1.wmv,1,novstressor,sec,129,0,1990.566667
59,250905_SEFL10N6d_B2_stressor2_59_60 Box 1.wmv,1,novstressor,sec,130,13.33333333,1129.133333
59,250905_SEFL10N6d_B2_stressor2_59_60 Box 1.wmv,1,novstressor,sec,131,50,493.1333333
59,250905_SEFL10N6d_B2_stressor2_59_60 Box 1.wmv,1,novstressor,sec,132,0,272.7333333
59,250905_SEFL10N6d_B2_stressor2_59_60 Box 1.wmv,1,novstressor,sec,133,0,818
59,250905_SEFL10N6d_B2_stressor2_59_60 Box 1.wmv,1,novstressor,sec,134,0,2046.166667
59,250905_SEFL10N6d_B2_stressor2_59_60 Box 1.wmv,1,novstressor,sec,135,0,2194.333333
59,250905_SEFL10N6d_B2_stressor2_59_60 Box 1.wmv,1,novstressor,sec,136,0,1489.766667
59,250905_SEFL10N6d_B2_stressor2_59_60 Box 1.wmv,1,novstressor,sec,137,0,639.1
59,250905_SEFL10N6d_B2_stressor2_59_60 Box 1.wmv,1,novstressor,sec,138,0,428.0666667
59,250905_SEFL10N6d_B2_stressor2_59_60 Box 1.wmv,1,novstressor,sec,139,0,1061.166667
59,250905_SEFL10N6d_B2_stressor2_59_60 Box 1.wmv,1,novstressor,sec,140,50,538.4666667
59,250905_SEFL10N6d_B2_stressor2_59_60 Box 1.wmv,1,novstressor,sec,141,13.33333333,765.7333333
59,250905_SEFL10N6d_B2_stressor2_59_60 Box 1.wmv,1,novstressor,sec,142,0,474.3333333
59,250905_SEFL10N6d_B2_stressor2_59_60 Box 1.wmv,1,novstressor,sec,143,0,327.1666667
59,250905_SEFL10N6d_B2_stressor2_59_60 Box 1.wmv,1,novstressor,sec,144,0,463.6
59,250905_SEFL10N6d_B2_stressor2_59_60 Box 1.wmv,1,novstressor,sec,145,0,400.4333333
59,250905_SEFL10N6d_B2_stressor2_59_60 Box 1.wmv,1,novstressor,sec,146,0,458.2666667
59,250905_SEFL10N6d_B2_stressor2_59_60 Box 1.wmv,1,novstressor,sec,147,0,661.6666667
59,250905_SEFL10N6d_B2_stressor2_59_60 Box 1.wmv,1,novstressor,sec,148,73.33333333,203.6
59,250905_SEFL10N6d_B2_stressor2_59_60 Box 1.wmv,1,novstressor,sec,149,0,354.7666667
59,250905_SEFL10N6d_B2_stressor2_59_60 Box 1.wmv,1,novstressor,sec,150,76.66666667,129.9
59,250905_SEFL10N6d_B2_stressor2_59_60 Box 1.wmv,1,novstressor,sec,151,36.66666667,402.0666667
59,250905_SEFL10N6d_B2_stressor2_59_60 Box 1.wmv,1,novstressor,sec,152,0,1129.9
59,250905_SEFL10N6d_B2_stressor2_59_60 Box 1.wmv,1,novstressor,sec,153,0,570.5666667
59,250905_SEFL10N6d_B2_stressor2_59_60 Box 1.wmv,1,novstressor,sec,154,0,610.6666667
59,250905_SEFL10N6d_B2_stressor2_59_60 Box 1.wmv,1,novstressor,sec,155,0,921.8666667
59,250905_SEFL10N6d_B2_stressor2_59_60 Box 1.wmv,1,novstressor,sec,156,0,469.1
59,250905_SEFL10N6d_B2_stressor2_59_60 Box 1.wmv,1,novstressor,sec,157,0,334
59,250905_SEFL10N6d_B2_stressor2_59_60 Box 1.wmv,1,novstressor,sec,158,0,571.2666667
59,250905_SEFL10N6d_B2_stressor2_59_60 Box 1.wmv,1,novstressor,sec,159,63.33333333,177.8666667
59,250905_SEFL10N6d_B2_stressor2_59_60 Box 1.wmv,1,novstressor,sec,160,6.666666667,759.5
59,250905_SEFL10N6d_B2_stressor2_59_60 Box 1.wmv,1,novstressor,sec,161,0,503.7666667
59,250905_SEFL10N6d_B2_stressor2_59_60 Box 1.wmv,1,novstressor,sec,162,0,1010.2
59,250905_SEFL10N6d_B2_stressor2_59_60 Box 1.wmv,1,novstressor,sec,163,40,201.4333333
59,250905_SEFL10N6d_B2_stressor2_59_60 Box 1.wmv,1,novstressor,sec,164,13.33333333,345.2333333
59,250905_SEFL10N6d_B2_stressor2_59_60 Box 1.wmv,1,novstressor,sec,165,0,353.3666667
59,250905_SEFL10N6d_B2_stressor2_59_60 Box 1.wmv,1,novstressor,sec,166,0,1203.966667
59,250905_SEFL10N6d_B2_stressor2_59_60 Box 1.wmv,1,novstressor,sec,167,0,2012.966667
59,250905_SEFL10N6d_B2_stressor2_59_60 Box 1.wmv,1,novstressor,sec,168,0,801.5333333
59,250905_SEFL10N6d_B2_stressor2_59_60 Box 1.wmv,1,novstressor,sec,169,0,383.4
59,250905_SEFL10N6d_B2_stressor2_59_60 Box 1.wmv,1,novstressor,sec,170,0,1483.366667
59,250905_SEFL10N6d_B2_stressor2_59_60 Box 1.wmv,1,novstressor,sec,171,0,1562.866667
59,250905_SEFL10N6d_B2_stressor2_59_60 Box 1.wmv,1,novstressor,sec,172,0,1549.333333
59,250905_SEFL10N6d_B2_stressor2_59_60 Box 1.wmv,1,novstressor,sec,173,0,2434.8
59,250905_SEFL10N6d_B2_stressor2_59_60 Box 1.wmv,1,novstressor,sec,174,0,1466.6
59,250905_SEFL10N6d_B2_stressor2_59_60 Box 1.wmv,1,novstressor,sec,175,0,1089.866667
59,250905_SEFL10N6d_B2_stressor2_59_60 Box 1.wmv,1,novstressor,sec,176,0,989.9333333
59,250905_SEFL10N6d_B2_stressor2_59_60 Box 1.wmv,1,novstressor,sec,177,0,1018.366667
59,250905_SEFL10N6d_B2_stressor2_59_60 Box 1.wmv,1,novstressor,sec,178,0,2095.166667
59,250905_SEFL10N6d_B2_stressor2_59_60 Box 1.wmv,1,novstressor,sec,179,0,1900.166667
59,250905_SEFL10N6d_B2_stressor2_59_60 Box 1.wmv,1,novstressor,sec,180,0,1364.5
59,250905_SEFL10N6d_B2_stressor2_59_60 Box 1.wmv,1,novstressor,sec,181,0,2753.166667
59,250905_SEFL10N6d_B2_stressor2_59_60 Box 1.wmv,1,novstressor,sec,182,0,2470.2
59,250905_SEFL10N6d_B2_stressor2_59_60 Box 1.wmv,1,novstressor,sec,183,0,2500.233333
59,250905_SEFL10N6d_B2_stressor2_59_60 Box 1.wmv,1,novstressor,sec,184,60,357.4666667
59,250905_SEFL10N6d_B2_stressor2_59_60 Box 1.wmv,1,novstressor,sec,185,100,0.366666667
59,250905_SEFL10N6d_B2_stressor2_59_60 Box 1.wmv,1,novstressor,sec,186,16.66666667,359.5333333
59,250905_SEFL10N6d_B2_stressor2_59_60 Box 1.wmv,1,novstressor,sec,187,0,237.2
59,250905_SEFL10N6d_B2_stressor2_59_60 Box 1.wmv,1,novstressor,sec,188,46.66666667,281.0333333
59,250905_SEFL10N6d_B2_stressor2_59_60 Box 1.wmv,1,novstressor,sec,189,96.66666667,50.43333333
59,250905_SEFL10N6d_B2_stressor2_59_60 Box 1.wmv,1,novstressor,sec,190,100,14.5
59,250905_SEFL10N6d_B2_stressor2_59_60 Box 1.wmv,1,novstressor,sec,191,26.66666667,418.5
59,250905_SEFL10N6d_B2_stressor2_59_60 Box 1.wmv,1,novstressor,sec,192,80,49.83333333
59,250905_SEFL10N6d_B2_stressor2_59_60 Box 1.wmv,1,novstressor,sec,193,26.66666667,404.7333333
59,250905_SEFL10N6d_B2_stressor2_59_60 Box 1.wmv,1,novstressor,sec,194,96.66666667,25.86666667
59,250905_SEFL10N6d_B2_stressor2_59_60 Box 1.wmv,1,novstressor,sec,195,100,0.333333333
59,250905_SEFL10N6d_B2_stressor2_59_60 Box 1.wmv,1,novstressor,sec,196,16.66666667,426.3333333
59,250905_SEFL10N6d_B2_stressor2_59_60 Box 1.wmv,1,novstressor,sec,197,0,545.5
59,250905_SEFL10N6d_B2_stressor2_59_60 Box 1.wmv,1,novstressor,sec,198,46.66666667,335.2
59,250905_SEFL10N6d_B2_stressor2_59_60 Box 1.wmv,1,novstressor,sec,199,13.33333333,482
59,250905_SEFL10N6d_B2_stressor2_59_60 Box 1.wmv,1,novstressor,sec,200,56.66666667,96.7
59,250905_SEFL10N6d_B2_stressor2_59_60 Box 1.wmv,1,novstressor,sec,201,100,21.4
59,250905_SEFL10N6d_B2_stressor2_59_60 Box 1.wmv,1,novstressor,sec,202,36.66666667,347.3333333
59,250905_SEFL10N6d_B2_stressor2_59_60 Box 1.wmv,1,novstressor,sec,203,93.33333333,48.16666667
59,250905_SEFL10N6d_B2_stressor2_59_60 Box 1.wmv,1,novstressor,sec,204,0,576.4333333
59,250905_SEFL10N6d_B2_stressor2_59_60 Box 1.wmv,1,novstressor,sec,205,0,527.2
59,250905_SEFL10N6d_B2_stressor2_59_60 Box 1.wmv,1,novstressor,sec,206,0,1219.633333
59,250905_SEFL10N6d_B2_stressor2_59_60 Box 1.wmv,1,novstressor,sec,207,0,2311.433333
59,250905_SEFL10N6d_B2_stressor2_59_60 Box 1.wmv,1,novstressor,sec,208,0,1032.066667
59,250905_SEFL10N6d_B2_stressor2_59_60 Box 1.wmv,1,novstressor,sec,209,0,563.8
59,250905_SEFL10N6d_B2_stressor2_59_60 Box 1.wmv,1,novstressor,sec,210,0,2094.2
59,250905_SEFL10N6d_B2_stressor2_59_60 Box 1.wmv,1,novstressor,sec,211,0,803.8
59,250905_SEFL10N6d_B2_stressor2_59_60 Box 1.wmv,1,novstressor,sec,212,0,1255.8
59,250905_SEFL10N6d_B2_stressor2_59_60 Box 1.wmv,1,novstressor,sec,213,0,1253.266667
59,250905_SEFL10N6d_B2_stressor2_59_60 Box 1.wmv,1,novstressor,sec,214,0,780.1333333
59,250905_SEFL10N6d_B2_stressor2_59_60 Box 1.wmv,1,novstressor,sec,215,86.66666667,88.7
59,250905_SEFL10N6d_B2_stressor2_59_60 Box 1.wmv,1,novstressor,sec,216,13.33333333,452.2
59,250905_SEFL10N6d_B2_stressor2_59_60 Box 1.wmv,1,novstressor,sec,217,0,802.6
59,250905_SEFL10N6d_B2_stressor2_59_60 Box 1.wmv,1,novstressor,sec,218,30,632.2666667
59,250905_SEFL10N6d_B2_stressor2_59_60 Box 1.wmv,1,novstressor,sec,219,80,110.5333333
59,250905_SEFL10N6d_B2_stressor2_59_60 Box 1.wmv,1,novstressor,sec,220,73.33333333,136.8333333
59,250905_SEFL10N6d_B2_stressor2_59_60 Box 1.wmv,1,novstressor,sec,221,0,600.6
59,250905_SEFL10N6d_B2_stressor2_59_60 Box 1.wmv,1,novstressor,sec,222,46.66666667,96.7
59,250905_SEFL10N6d_B2_stressor2_59_60 Box 1.wmv,1,novstressor,sec,223,3.333333333,602.7
59,250905_SEFL10N6d_B2_stressor2_59_60 Box 1.wmv,1,novstressor,sec,224,46.66666667,233.9
59,250905_SEFL10N6d_B2_stressor2_59_60 Box 1.wmv,1,novstressor,sec,225,33.33333333,433.4333333
59,250905_SEFL10N6d_B2_stressor2_59_60 Box 1.wmv,1,novstressor,sec,226,43.33333333,517.8666667
59,250905_SEFL10N6d_B2_stressor2_59_60 Box 1.wmv,1,novstressor,sec,227,93.33333333,71.43333333
59,250905_SEFL10N6d_B2_stressor2_59_60 Box 1.wmv,1,novstressor,sec,228,0,360.2333333
59,250905_SEFL10N6d_B2_stressor2_59_60 Box 1.wmv,1,novstressor,sec,229,0,259.6333333
59,250905_SEFL10N6d_B2_stressor2_59_60 Box 1.wmv,1,novstressor,sec,230,6.666666667,473.8
59,250905_SEFL10N6d_B2_stressor2_59_60 Box 1.wmv,1,novstressor,sec,231,100,11.3
59,250905_SEFL10N6d_B2_stressor2_59_60 Box 1.wmv,1,novstressor,sec,232,40,394.1333333
59,250905_SEFL10N6d_B2_stressor2_59_60 Box 1.wmv,1,novstressor,sec,233,66.66666667,212
59,250905_SEFL10N6d_B2_stressor2_59_60 Box 1.wmv,1,novstressor,sec,234,46.66666667,243.0333333
59,250905_SEFL10N6d_B2_stressor2_59_60 Box 1.wmv,1,novstressor,sec,235,43.33333333,354.9666667
59,250905_SEFL10N6d_B2_stressor2_59_60 Box 1.wmv,1,novstressor,sec,236,26.66666667,281.4
59,250905_SEFL10N6d_B2_stressor2_59_60 Box 1.wmv,1,novstressor,sec,237,50,347.3333333
59,250905_SEFL10N6d_B2_stressor2_59_60 Box 1.wmv,1,novstressor,sec,238,0,395.6
59,250905_SEFL10N6d_B2_stressor2_59_60 Box 1.wmv,1,novstressor,sec,239,50,238.8666667
59,250905_SEFL10N6d_B2_stressor2_59_60 Box 1.wmv,1,novstressor,sec,240,66.66666667,253.2333333
59,250905_SEFL10N6d_B2_stressor2_59_60 Box 1.wmv,1,novstressor,sec,241,96.66666667,27.3
59,250905_SEFL10N6d_B2_stressor2_59_60 Box 1.wmv,1,novstressor,sec,242,0,641.7333333
59,250905_SEFL10N6d_B2_stressor2_59_60 Box 1.wmv,1,novstressor,sec,243,66.66666667,271.2333333
59,250905_SEFL10N6d_B2_stressor2_59_60 Box 1.wmv,1,novstressor,sec,244,16.66666667,374.7
59,250905_SEFL10N6d_B2_stressor2_59_60 Box 1.wmv,1,novstressor,sec,245,60,104.7666667
59,250905_SEFL10N6d_B2_stressor2_59_60 Box 1.wmv,1,novstressor,sec,246,0,461
59,250905_SEFL10N6d_B2_stressor2_59_60 Box 1.wmv,1,novstressor,sec,247,90,29.9
59,250905_SEFL10N6d_B2_stressor2_59_60 Box 1.wmv,1,novstressor,sec,248,46.66666667,297.0333333
59,250905_SEFL10N6d_B2_stressor2_59_60 Box 1.wmv,1,novstressor,sec,249,100,54.86666667
59,250905_SEFL10N6d_B2_stressor2_59_60 Box 1.wmv,1,novstressor,sec,250,56.66666667,315.1
59,250905_SEFL10N6d_B2_stressor2_59_60 Box 1.wmv,1,novstressor,sec,251,33.33333333,298.1333333
59,250905_SEFL10N6d_B2_stressor2_59_60 Box 1.wmv,1,novstressor,sec,252,56.66666667,282.3
59,250905_SEFL10N6d_B2_stressor2_59_60 Box 1.wmv,1,novstressor,sec,253,56.66666667,227.1666667
59,250905_SEFL10N6d_B2_stressor2_59_60 Box 1.wmv,1,novstressor,sec,254,86.66666667,50.66666667
59,250905_SEFL10N6d_B2_stressor2_59_60 Box 1.wmv,1,novstressor,sec,255,100,2.066666667
59,250905_SEFL10N6d_B2_stressor2_59_60 Box 1.wmv,1,novstressor,sec,256,16.66666667,806.4
59,250905_SEFL10N6d_B2_stressor2_59_60 Box 1.wmv,1,novstressor,sec,257,30,664.9333333
59,250905_SEFL10N6d_B2_stressor2_59_60 Box 1.wmv,1,novstressor,sec,258,66.66666667,352.7666667
59,250905_SEFL10N6d_B2_stressor2_59_60 Box 1.wmv,1,novstressor,sec,259,0,1096.466667
59,250905_SEFL10N6d_B2_stressor2_59_60 Box 1.wmv,1,novstressor,sec,260,0,1537.5
59,250905_SEFL10N6d_B2_stressor2_59_60 Box 1.wmv,1,novstressor,sec,261,0,946.5333333
59,250905_SEFL10N6d_B2_stressor2_59_60 Box 1.wmv,1,novstressor,sec,262,0,420.1333333
59,250905_SEFL10N6d_B2_stressor2_59_60 Box 1.wmv,1,novstressor,sec,263,0,749
59,250905_SEFL10N6d_B2_stressor2_59_60 Box 1.wmv,1,novstressor,sec,264,0,410.4333333
59,250905_SEFL10N6d_B2_stressor2_59_60 Box 1.wmv,1,novstressor,sec,265,0,1603.766667
59,250905_SEFL10N6d_B2_stressor2_59_60 Box 1.wmv,1,novstressor,sec,266,0,1185.2
59,250905_SEFL10N6d_B2_stressor2_59_60 Box 1.wmv,1,novstressor,sec,267,0,768.6
59,250905_SEFL10N6d_B2_stressor2_59_60 Box 1.wmv,1,novstressor,sec,268,0,1117.166667
59,250905_SEFL10N6d_B2_stressor2_59_60 Box 1.wmv,1,novstressor,sec,269,83.33333333,235.0333333
59,250905_SEFL10N6d_B2_stressor2_59_60 Box 1.wmv,1,novstressor,sec,270,10,757.1333333
59,250905_SEFL10N6d_B2_stressor2_59_60 Box 1.wmv,1,novstressor,sec,271,0,1495.933333
59,250905_SEFL10N6d_B2_stressor2_59_60 Box 1.wmv,1,novstressor,sec,272,0,1167.633333
59,250905_SEFL10N6d_B2_stressor2_59_60 Box 1.wmv,1,novstressor,sec,273,0,547.9
59,250905_SEFL10N6d_B2_stressor2_59_60 Box 1.wmv,1,novstressor,sec,274,0,573.4666667
59,250905_SEFL10N6d_B2_stressor2_59_60 Box 1.wmv,1,novstressor,sec,275,90,60.13333333
59,250905_SEFL10N6d_B2_stressor2_59_60 Box 1.wmv,1,novstressor,sec,276,13.33333333,1416.5
59,250905_SEFL10N6d_B2_stressor2_59_60 Box 1.wmv,1,novstressor,sec,277,0,1576.366667
59,250905_SEFL10N6d_B2_stressor2_59_60 Box 1.wmv,1,novstressor,sec,278,0,1129.3
59,250905_SEFL10N6d_B2_stressor2_59_60 Box 1.wmv,1,novstressor,sec,279,0,1353.9
59,250905_SEFL10N6d_B2_stressor2_59_60 Box 1.wmv,1,novstressor,sec,280,0,605.4
59,250905_SEFL10N6d_B2_stressor2_59_60 Box 1.wmv,1,novstressor,sec,281,0,574.7333333
59,250905_SEFL10N6d_B2_stressor2_59_60 Box 1.wmv,1,novstressor,sec,282,96.66666667,28.76666667
59,250905_SEFL10N6d_B2_stressor2_59_60 Box 1.wmv,1,novstressor,sec,283,73.33333333,369.9333333
59,250905_SEFL10N6d_B2_stressor2_59_60 Box 1.wmv,1,novstressor,sec,284,0,592.8666667
59,250905_SEFL10N6d_B2_stressor2_59_60 Box 1.wmv,1,novstressor,sec,285,80,93.06666667
59,250905_SEFL10N6d_B2_stressor2_59_60 Box 1.wmv,1,novstressor,sec,286,6.666666667,953.4666667
59,250905_SEFL10N6d_B2_stressor2_59_60 Box 1.wmv,1,novstressor,sec,287,0,1060.2
59,250905_SEFL10N6d_B2_stressor2_59_60 Box 1.wmv,1,novstressor,sec,288,0,643
59,250905_SEFL10N6d_B2_stressor2_59_60 Box 1.wmv,1,novstressor,sec,289,66.66666667,294.8
59,250905_SEFL10N6d_B2_stressor2_59_60 Box 1.wmv,1,novstressor,sec,290,3.333333333,545.2333333
59,250905_SEFL10N6d_B2_stressor2_59_60 Box 1.wmv,1,novstressor,sec,291,86.66666667,186.3666667
59,250905_SEFL10N6d_B2_stressor2_59_60 Box 1.wmv,1,novstressor,sec,292,0,641.7666667
59,250905_SEFL10N6d_B2_stressor2_59_60 Box 1.wmv,1,novstressor,sec,293,0,863.9666667
59,250905_SEFL10N6d_B2_stressor2_59_60 Box 1.wmv,1,novstressor,sec,294,10,537.6333333
59,250905_SEFL10N6d_B2_stressor2_59_60 Box 1.wmv,1,novstressor,sec,295,40,562.1333333
59,250905_SEFL10N6d_B2_stressor2_59_60 Box 1.wmv,1,novstressor,sec,296,0,1996.133333
59,250905_SEFL10N6d_B2_stressor2_59_60 Box 1.wmv,1,novstressor,sec,297,0,916.3
59,250905_SEFL10N6d_B2_stressor2_59_60 Box 1.wmv,1,novstressor,sec,298,0,529.2333333
59,250905_SEFL10N6d_B2_stressor2_59_60 Box 1.wmv,1,novstressor,sec,299,0,635.3333333
59,250905_SEFL10N6d_B2_stressor2_59_60 Box 1.wmv,1,novstressor,sec,300,0,1471.266667
59,250905_SEFL10N6d_B2_stressor2_59_60 Box 1.wmv,1,novstressor,sec,301,0,493.7333333
59,250905_SEFL10N6d_B2_stressor2_59_60 Box 1.wmv,1,novstressor,sec,302,0,634.6666667
59,250905_SEFL10N6d_B2_stressor2_59_60 Box 1.wmv,1,novstressor,sec,303,0,580.9666667
59,250905_SEFL10N6d_B2_stressor2_59_60 Box 1.wmv,1,novstressor,sec,304,0,270.8
59,250905_SEFL10N6d_B2_stressor2_59_60 Box 1.wmv,1,novstressor,sec,305,0,479.3
59,250905_SEFL10N6d_B2_stressor2_59_60 Box 1.wmv,1,novstressor,sec,306,0,480.1
59,250905_SEFL10N6d_B2_stressor2_59_60 Box 1.wmv,1,novstressor,sec,307,0,1039.766667
59,250905_SEFL10N6d_B2_stressor2_59_60 Box 1.wmv,1,novstressor,sec,308,0,1116.3
59,250905_SEFL10N6d_B2_stressor2_59_60 Box 1.wmv,1,novstressor,sec,309,0,922.9333333
59,250905_SEFL10N6d_B2_stressor2_59_60 Box 1.wmv,1,novstressor,sec,310,0,1565.233333
59,250905_SEFL10N6d_B2_stressor2_59_60 Box 1.wmv,1,novstressor,sec,311,0,615.2666667
59,250905_SEFL10N6d_B2_stressor2_59_60 Box 1.wmv,1,novstressor,sec,312,0,1200.8
59,250905_SEFL10N6d_B2_stressor2_59_60 Box 1.wmv,1,novstressor,sec,313,0,849.4
59,250905_SEFL10N6d_B2_stressor2_59_60 Box 1.wmv,1,novstressor,sec,314,0,997.2
59,250905_SEFL10N6d_B2_stressor2_59_60 Box 1.wmv,1,novstressor,sec,315,0,1064.666667
59,250905_SEFL10N6d_B2_stressor2_59_60 Box 1.wmv,1,novstressor,sec,316,0,1090.7
59,250905_SEFL10N6d_B2_stressor2_59_60 Box 1.wmv,1,novstressor,sec,317,0,416.5333333
59,250905_SEFL10N6d_B2_stressor2_59_60 Box 1.wmv,1,novstressor,sec,318,0,1236.7
59,250905_SEFL10N6d_B2_stressor2_59_60 Box 1.wmv,1,novstressor,sec,319,0,1060.9
59,250905_SEFL10N6d_B2_stressor2_59_60 Box 1.wmv,1,novstressor,sec,320,0,958
59,250905_SEFL10N6d_B2_stressor2_59_60 Box 1.wmv,1,novstressor,sec,321,0,401.7
59,250905_SEFL10N6d_B2_stressor2_59_60 Box 1.wmv,1,novstressor,sec,322,0,693.5
59,250905_SEFL10N6d_B2_stressor2_59_60 Box 1.wmv,1,novstressor,sec,323,0,617.2666667
59,250905_SEFL10N6d_B2_stressor2_59_60 Box 1.wmv,1,novstressor,sec,324,53.33333333,309.3666667
59,250905_SEFL10N6d_B2_stressor2_59_60 Box 1.wmv,1,novstressor,sec,325,83.33333333,76.7
59,250905_SEFL10N6d_B2_stressor2_59_60 Box 1.wmv,1,novstressor,sec,326,6.666666667,779.8
59,250905_SEFL10N6d_B2_stressor2_59_60 Box 1.wmv,1,novstressor,sec,327,0,1177.066667
59,250905_SEFL10N6d_B2_stressor2_59_60 Box 1.wmv,1,novstressor,sec,328,0,1052.5
59,250905_SEFL10N6d_B2_stressor2_59_60 Box 1.wmv,1,novstressor,sec,329,0,650.7666667
59,250905_SEFL10N6d_B2_stressor2_59_60 Box 1.wmv,1,novstressor,sec,330,0,889
59,250905_SEFL10N6d_B2_stressor2_59_60 Box 1.wmv,1,novstressor,sec,331,0,798.3666667
59,250905_SEFL10N6d_B2_stressor2_59_60 Box 1.wmv,1,novstressor,sec,332,0,1052.133333
59,250905_SEFL10N6d_B2_stressor2_59_60 Box 1.wmv,1,novstressor,sec,333,93.33333333,49.03333333
59,250905_SEFL10N6d_B2_stressor2_59_60 Box 1.wmv,1,novstressor,sec,334,46.66666667,463.2333333
59,250905_SEFL10N6d_B2_stressor2_59_60 Box 1.wmv,1,novstressor,sec,335,0,462.0666667
59,250905_SEFL10N6d_B2_stressor2_59_60 Box 1.wmv,1,novstressor,sec,336,0,703.6
59,250905_SEFL10N6d_B2_stressor2_59_60 Box 1.wmv,1,novstressor,sec,337,86.66666667,80.13333333
59,250905_SEFL10N6d_B2_stressor2_59_60 Box 1.wmv,1,novstressor,sec,338,13.33333333,760.6333333
59,250905_SEFL10N6d_B2_stressor2_59_60 Box 1.wmv,1,novstressor,sec,339,0,856.0333333
59,250905_SEFL10N6d_B2_stressor2_59_60 Box 1.wmv,1,novstressor,sec,340,0,845.9
59,250905_SEFL10N6d_B2_stressor2_59_60 Box 1.wmv,1,novstressor,sec,341,0,751.4333333
59,250905_SEFL10N6d_B2_stressor2_59_60 Box 1.wmv,1,novstressor,sec,342,0,1374.833333
59,250905_SEFL10N6d_B2_stressor2_59_60 Box 1.wmv,1,novstressor,sec,343,0,1375.1
59,250905_SEFL10N6d_B2_stressor2_59_60 Box 1.wmv,1,novstressor,sec,344,0,871.9
59,250905_SEFL10N6d_B2_stressor2_59_60 Box 1.wmv,1,novstressor,sec,345,0,517.8666667
59,250905_SEFL10N6d_B2_stressor2_59_60 Box 1.wmv,1,novstressor,sec,346,0,854.4333333
59,250905_SEFL10N6d_B2_stressor2_59_60 Box 1.wmv,1,novstressor,sec,347,0,434.9666667
59,250905_SEFL10N6d_B2_stressor2_59_60 Box 1.wmv,1,novstressor,sec,348,0,1555.033333
59,250905_SEFL10N6d_B2_stressor2_59_60 Box 1.wmv,1,novstressor,sec,349,0,886.5666667
59,250905_SEFL10N6d_B2_stressor2_59_60 Box 1.wmv,1,novstressor,sec,350,0,639.1666667
59,250905_SEFL10N6d_B2_stressor2_59_60 Box 1.wmv,1,novstressor,sec,351,43.33333333,245.9333333
59,250905_SEFL10N6d_B2_stressor2_59_60 Box 1.wmv,1,novstressor,sec,352,10,529.3666667
59,250905_SEFL10N6d_B2_stressor2_59_60 Box 1.wmv,1,novstressor,sec,353,0,689.9
59,250905_SEFL10N6d_B2_stressor2_59_60 Box 1.wmv,1,novstressor,sec,354,0,620.6333333
59,250905_SEFL10N6d_B2_stressor2_59_60 Box 1.wmv,1,novstressor,sec,355,0,748.5
59,250905_SEFL10N6d_B2_stressor2_59_60 Box 1.wmv,1,novstressor,sec,356,0,773.0333333
59,250905_SEFL10N6d_B2_stressor2_59_60 Box 1.wmv,1,novstressor,sec,357,0,553.8333333
59,250905_SEFL10N6d_B2_stressor2_59_60 Box 1.wmv,1,novstressor,sec,358,0,697.8666667
59,250905_SEFL10N6d_B2_stressor2_59_60 Box 1.wmv,1,novstressor,sec,359,0,755.6333333
59,250905_SEFL10N6d_B2_stressor2_59_60 Box 1.wmv,1,novstressor,sec,360,0,1250.333333
59,250905_SEFL10N6d_B2_stressor2_59_60 Box 1.wmv,1,novstressor,sec,361,50,543.2
59,250905_SEFL10N6d_B2_stressor2_59_60 Box 1.wmv,1,novstressor,sec,362,13.33333333,1442.366667
59,250905_SEFL10N6d_B2_stressor2_59_60 Box 1.wmv,1,novstressor,sec,363,0,1611.84
59,250905_SEFL10N6d_B2_stressor2_59_60 Box 1.wmv,1,novstressor,prepost,bl,5.888888889,984.7935185
59,250905_SEFL10N6d_B2_stressor2_59_60 Box 1.wmv,1,novstressor,prepost,post,23.91102873,635.5058387
59,250905_SEFL10N6d_B2_stressor2_59_60 Box 1.wmv,1,novstressor,startle,startle_post,58.88888889,239.1222222
59,250905_SEFL10N6d_B2_stressor2_59_60 Box 1.wmv,1,novstressor,startle,startle_pre,0,1786.611111
59,250905_SEFL10N6d_B2_stressor2_59_60 Box 1.wmv,1,novstressor,startle,startle_startle,0,2574.533333
60,250905_SEFL10N6d_B2_stressor2_59_60 Box 2.wmv,2,novstressor,sec,1,0,1845.866667
60,250905_SEFL10N6d_B2_stressor2_59_60 Box 2.wmv,2,novstressor,sec,2,0,783.1333333
60,250905_SEFL10N6d_B2_stressor2_59_60 Box 2.wmv,2,novstressor,sec,3,0,982.4666667
60,250905_SEFL10N6d_B2_stressor2_59_60 Box 2.wmv,2,novstressor,sec,4,0,496.1
60,250905_SEFL10N6d_B2_stressor2_59_60 Box 2.wmv,2,novstressor,sec,5,0,1145.233333
60,250905_SEFL10N6d_B2_stressor2_59_60 Box 2.wmv,2,novstressor,sec,6,0,1725.066667
60,250905_SEFL10N6d_B2_stressor2_59_60 Box 2.wmv,2,novstressor,sec,7,0,1553.766667
60,250905_SEFL10N6d_B2_stressor2_59_60 Box 2.wmv,2,novstressor,sec,8,0,433.9
60,250905_SEFL10N6d_B2_stressor2_59_60 Box 2.wmv,2,novstressor,sec,9,0,1023.666667
60,250905_SEFL10N6d_B2_stressor2_59_60 Box 2.wmv,2,novstressor,sec,10,0,1455.266667
60,250905_SEFL10N6d_B2_stressor2_59_60 Box 2.wmv,2,novstressor,sec,11,0,2603.266667
60,250905_SEFL10N6d_B2_stressor2_59_60 Box 2.wmv,2,novstressor,sec,12,0,680.6
60,250905_SEFL10N6d_B2_stressor2_59_60 Box 2.wmv,2,novstressor,sec,13,0,478.9333333
60,250905_SEFL10N6d_B2_stressor2_59_60 Box 2.wmv,2,novstressor,sec,14,76.66666667,196.8333333
60,250905_SEFL10N6d_B2_stressor2_59_60 Box 2.wmv,2,novstressor,sec,15,0,186.8333333
60,250905_SEFL10N6d_B2_stressor2_59_60 Box 2.wmv,2,novstressor,sec,16,0,777.2
60,250905_SEFL10N6d_B2_stressor2_59_60 Box 2.wmv,2,novstressor,sec,17,0,1490.733333
60,250905_SEFL10N6d_B2_stressor2_59_60 Box 2.wmv,2,novstressor,sec,18,0,1934.866667
60,250905_SEFL10N6d_B2_stressor2_59_60 Box 2.wmv,2,novstressor,sec,19,0,1602.433333
60,250905_SEFL10N6d_B2_stressor2_59_60 Box 2.wmv,2,novstressor,sec,20,0,490.8666667
60,250905_SEFL10N6d_B2_stressor2_59_60 Box 2.wmv,2,novstressor,sec,21,0,1060.8
60,250905_SEFL10N6d_B2_stressor2_59_60 Box 2.wmv,2,novstressor,sec,22,0,2639.7
60,250905_SEFL10N6d_B2_stressor2_59_60 Box 2.wmv,2,novstressor,sec,23,0,1233.333333
60,250905_SEFL10N6d_B2_stressor2_59_60 Box 2.wmv,2,novstressor,sec,24,63.33333333,164.2
60,250905_SEFL10N6d_B2_stressor2_59_60 Box 2.wmv,2,novstressor,sec,25,0,352.2
60,250905_SEFL10N6d_B2_stressor2_59_60 Box 2.wmv,2,novstressor,sec,26,0,670.0666667
60,250905_SEFL10N6d_B2_stressor2_59_60 Box 2.wmv,2,novstressor,sec,27,0,713.7666667
60,250905_SEFL10N6d_B2_stressor2_59_60 Box 2.wmv,2,novstressor,sec,28,60,267.2
60,250905_SEFL10N6d_B2_stressor2_59_60 Box 2.wmv,2,novstressor,sec,29,0,712.3666667
60,250905_SEFL10N6d_B2_stressor2_59_60 Box 2.wmv,2,novstressor,sec,30,0,1597.833333
60,250905_SEFL10N6d_B2_stressor2_59_60 Box 2.wmv,2,novstressor,sec,31,0,1049.1
60,250905_SEFL10N6d_B2_stressor2_59_60 Box 2.wmv,2,novstressor,sec,32,0,662.7333333
60,250905_SEFL10N6d_B2_stressor2_59_60 Box 2.wmv,2,novstressor,sec,33,0,702.3333333
60,250905_SEFL10N6d_B2_stressor2_59_60 Box 2.wmv,2,novstressor,sec,34,40,196.2
60,250905_SEFL10N6d_B2_stressor2_59_60 Box 2.wmv,2,novstressor,sec,35,100,0
60,250905_SEFL10N6d_B2_stressor2_59_60 Box 2.wmv,2,novstressor,sec,36,46.66666667,250.2666667
60,250905_SEFL10N6d_B2_stressor2_59_60 Box 2.wmv,2,novstressor,sec,37,96.66666667,19.93333333
60,250905_SEFL10N6d_B2_stressor2_59_60 Box 2.wmv,2,novstressor,sec,38,56.66666667,247.2333333
60,250905_SEFL10N6d_B2_stressor2_59_60 Box 2.wmv,2,novstressor,sec,39,70,157.4666667
60,250905_SEFL10N6d_B2_stressor2_59_60 Box 2.wmv,2,novstressor,sec,40,100,0.1
60,250905_SEFL10N6d_B2_stressor2_59_60 Box 2.wmv,2,novstressor,sec,41,43.33333333,232.1333333
60,250905_SEFL10N6d_B2_stressor2_59_60 Box 2.wmv,2,novstressor,sec,42,66.66666667,247.5666667
60,250905_SEFL10N6d_B2_stressor2_59_60 Box 2.wmv,2,novstressor,sec,43,0,558.9333333
60,250905_SEFL10N6d_B2_stressor2_59_60 Box 2.wmv,2,novstressor,sec,44,0,386.1333333
60,250905_SEFL10N6d_B2_stressor2_59_60 Box 2.wmv,2,novstressor,sec,45,0,797.3666667
60,250905_SEFL10N6d_B2_stressor2_59_60 Box 2.wmv,2,novstressor,sec,46,0,366.1333333
60,250905_SEFL10N6d_B2_stressor2_59_60 Box 2.wmv,2,novstressor,sec,47,36.66666667,345.5333333
60,250905_SEFL10N6d_B2_stressor2_59_60 Box 2.wmv,2,novstressor,sec,48,26.66666667,322.9333333
60,250905_SEFL10N6d_B2_stressor2_59_60 Box 2.wmv,2,novstressor,sec,49,0,1375.833333
60,250905_SEFL10N6d_B2_stressor2_59_60 Box 2.wmv,2,novstressor,sec,50,0,2843.366667
60,250905_SEFL10N6d_B2_stressor2_59_60 Box 2.wmv,2,novstressor,sec,51,0,1200.433333
60,250905_SEFL10N6d_B2_stressor2_59_60 Box 2.wmv,2,novstressor,sec,52,0,670.4666667
60,250905_SEFL10N6d_B2_stressor2_59_60 Box 2.wmv,2,novstressor,sec,53,0,2054.733333
60,250905_SEFL10N6d_B2_stressor2_59_60 Box 2.wmv,2,novstressor,sec,54,0,1575.166667
60,250905_SEFL10N6d_B2_stressor2_59_60 Box 2.wmv,2,novstressor,sec,55,0,1974.666667
60,250905_SEFL10N6d_B2_stressor2_59_60 Box 2.wmv,2,novstressor,sec,56,0,1029.866667
60,250905_SEFL10N6d_B2_stressor2_59_60 Box 2.wmv,2,novstressor,sec,57,0,626.9333333
60,250905_SEFL10N6d_B2_stressor2_59_60 Box 2.wmv,2,novstressor,sec,58,0,725.0666667
60,250905_SEFL10N6d_B2_stressor2_59_60 Box 2.wmv,2,novstressor,sec,59,0,847.0333333
60,250905_SEFL10N6d_B2_stressor2_59_60 Box 2.wmv,2,novstressor,sec,60,0,349.1333333
60,250905_SEFL10N6d_B2_stressor2_59_60 Box 2.wmv,2,novstressor,sec,61,0,1953.1
60,250905_SEFL10N6d_B2_stressor2_59_60 Box 2.wmv,2,novstressor,sec,62,0,1905.633333
60,250905_SEFL10N6d_B2_stressor2_59_60 Box 2.wmv,2,novstressor,sec,63,26.66666667,885.7333333
60,250905_SEFL10N6d_B2_stressor2_59_60 Box 2.wmv,2,novstressor,sec,64,43.33333333,321.7333333
60,250905_SEFL10N6d_B2_stressor2_59_60 Box 2.wmv,2,novstressor,sec,65,56.66666667,428.2333333
60,250905_SEFL10N6d_B2_stressor2_59_60 Box 2.wmv,2,novstressor,sec,66,43.33333333,291.2666667
60,250905_SEFL10N6d_B2_stressor2_59_60 Box 2.wmv,2,novstressor,sec,67,30,778.7
60,250905_SEFL10N6d_B2_stressor2_59_60 Box 2.wmv,2,novstressor,sec,68,100,2.633333333
60,250905_SEFL10N6d_B2_stressor2_59_60 Box 2.wmv,2,novstressor,sec,69,83.33333333,62.66666667
60,250905_SEFL10N6d_B2_stressor2_59_60 Box 2.wmv,2,novstressor,sec,70,0,148.1666667
60,250905_SEFL10N6d_B2_stressor2_59_60 Box 2.wmv,2,novstressor,sec,71,3.333333333,353.2333333
60,250905_SEFL10N6d_B2_stressor2_59_60 Box 2.wmv,2,novstressor,sec,72,63.33333333,415.7
60,250905_SEFL10N6d_B2_stressor2_59_60 Box 2.wmv,2,novstressor,sec,73,0,2296.6
60,250905_SEFL10N6d_B2_stressor2_59_60 Box 2.wmv,2,novstressor,sec,74,0,1737.9
60,250905_SEFL10N6d_B2_stressor2_59_60 Box 2.wmv,2,novstressor,sec,75,36.66666667,347.3333333
60,250905_SEFL10N6d_B2_stressor2_59_60 Box 2.wmv,2,novstressor,sec,76,50,720.9333333
60,250905_SEFL10N6d_B2_stressor2_59_60 Box 2.wmv,2,novstressor,sec,77,0,852.3666667
60,250905_SEFL10N6d_B2_stressor2_59_60 Box 2.wmv,2,novstressor,sec,78,0,2523.366667
60,250905_SEFL10N6d_B2_stressor2_59_60 Box 2.wmv,2,novstressor,sec,79,26.66666667,450.6666667
60,250905_SEFL10N6d_B2_stressor2_59_60 Box 2.wmv,2,novstressor,sec,80,46.66666667,596.6666667
60,250905_SEFL10N6d_B2_stressor2_59_60 Box 2.wmv,2,novstressor,sec,81,0,1186.4
60,250905_SEFL10N6d_B2_stressor2_59_60 Box 2.wmv,2,novstressor,sec,82,50,176.9666667
60,250905_SEFL10N6d_B2_stressor2_59_60 Box 2.wmv,2,novstressor,sec,83,36.66666667,294.0333333
60,250905_SEFL10N6d_B2_stressor2_59_60 Box 2.wmv,2,novstressor,sec,84,86.66666667,84.56666667
60,250905_SEFL10N6d_B2_stressor2_59_60 Box 2.wmv,2,novstressor,sec,85,100,8.333333333
60,250905_SEFL10N6d_B2_stressor2_59_60 Box 2.wmv,2,novstressor,sec,86,63.33333333,218.7333333
60,250905_SEFL10N6d_B2_stressor2_59_60 Box 2.wmv,2,novstressor,sec,87,100,0
60,250905_SEFL10N6d_B2_stressor2_59_60 Box 2.wmv,2,novstressor,sec,88,46.66666667,271.9666667
60,250905_SEFL10N6d_B2_stressor2_59_60 Box 2.wmv,2,novstressor,sec,89,100,1.166666667
60,250905_SEFL10N6d_B2_stressor2_59_60 Box 2.wmv,2,novstressor,sec,90,100,0
60,250905_SEFL10N6d_B2_stressor2_59_60 Box 2.wmv,2,novstressor,sec,91,100,0
60,250905_SEFL10N6d_B2_stressor2_59_60 Box 2.wmv,2,novstressor,sec,92,100,0
60,250905_SEFL10N6d_B2_stressor2_59_60 Box 2.wmv,2,novstressor,sec,93,20,372.5
60,250905_SEFL10N6d_B2_stressor2_59_60 Box 2.wmv,2,novstressor,sec,94,63.33333333,168.1
60,250905_SEFL10N6d_B2_stressor2_59_60 Box 2.wmv,2,novstressor,sec,95,96.66666667,29.63333333
60,250905_SEFL10N6d_B2_stressor2_59_60 Box 2.wmv,2,novstressor,sec,96,50,202.7333333
60,250905_SEFL10N6d_B2_stressor2_59_60 Box 2.wmv,2,novstressor,sec,97,70,106.9
60,250905_SEFL10N6d_B2_stressor2_59_60 Box 2.wmv,2,novstressor,sec,98,66.66666667,111.0666667
60,250905_SEFL10N6d_B2_stressor2_59_60 Box 2.wmv,2,novstressor,sec,99,86.66666667,93.5
60,250905_SEFL10N6d_B2_stressor2_59_60 Box 2.wmv,2,novstressor,sec,100,100,1.033333333
60,250905_SEFL10N6d_B2_stressor2_59_60 Box 2.wmv,2,novstressor,sec,101,0,308.7333333
60,250905_SEFL10N6d_B2_stressor2_59_60 Box 2.wmv,2,novstressor,sec,102,90,61.36666667
60,250905_SEFL10N6d_B2_stressor2_59_60 Box 2.wmv,2,novstressor,sec,103,100,0
60,250905_SEFL10N6d_B2_stressor2_59_60 Box 2.wmv,2,novstressor,sec,104,100,0
60,250905_SEFL10N6d_B2_stressor2_59_60 Box 2.wmv,2,novstressor,sec,105,36.66666667,246.8333333
60,250905_SEFL10N6d_B2_stressor2_59_60 Box 2.wmv,2,novstressor,sec,106,83.33333333,100.5
60,250905_SEFL10N6d_B2_stressor2_59_60 Box 2.wmv,2,novstressor,sec,107,70,141.8666667
60,250905_SEFL10N6d_B2_stressor2_59_60 Box 2.wmv,2,novstressor,sec,108,56.66666667,162.1333333
60,250905_SEFL10N6d_B2_stressor2_59_60 Box 2.wmv,2,novstressor,sec,109,90,61.1
60,250905_SEFL10N6d_B2_stressor2_59_60 Box 2.wmv,2,novstressor,sec,110,63.33333333,80.76666667
60,250905_SEFL10N6d_B2_stressor2_59_60 Box 2.wmv,2,novstressor,sec,111,50,179.8
60,250905_SEFL10N6d_B2_stressor2_59_60 Box 2.wmv,2,novstressor,sec,112,50,152.6666667
60,250905_SEFL10N6d_B2_stressor2_59_60 Box 2.wmv,2,novstressor,sec,113,100,0.166666667
60,250905_SEFL10N6d_B2_stressor2_59_60 Box 2.wmv,2,novstressor,sec,114,66.66666667,204.9333333
60,250905_SEFL10N6d_B2_stressor2_59_60 Box 2.wmv,2,novstressor,sec,115,50,192.5333333
60,250905_SEFL10N6d_B2_stressor2_59_60 Box 2.wmv,2,novstressor,sec,116,100,0
60,250905_SEFL10N6d_B2_stressor2_59_60 Box 2.wmv,2,novstressor,sec,117,70,242.2666667
60,250905_SEFL10N6d_B2_stressor2_59_60 Box 2.wmv,2,novstressor,sec,118,0,987.4666667
60,250905_SEFL10N6d_B2_stressor2_59_60 Box 2.wmv,2,novstressor,sec,119,76.66666667,169.3
60,250905_SEFL10N6d_B2_stressor2_59_60 Box 2.wmv,2,novstressor,sec,120,3.333333333,782.9333333
60,250905_SEFL10N6d_B2_stressor2_59_60 Box 2.wmv,2,novstressor,sec,121,0,1082.7
60,250905_SEFL10N6d_B2_stressor2_59_60 Box 2.wmv,2,novstressor,sec,122,0,1136.666667
60,250905_SEFL10N6d_B2_stressor2_59_60 Box 2.wmv,2,novstressor,sec,123,0,339.8
60,250905_SEFL10N6d_B2_stressor2_59_60 Box 2.wmv,2,novstressor,sec,124,0,666.6333333
60,250905_SEFL10N6d_B2_stressor2_59_60 Box 2.wmv,2,novstressor,sec,125,0,1971.4
60,250905_SEFL10N6d_B2_stressor2_59_60 Box 2.wmv,2,novstressor,sec,126,0,1744.6
60,250905_SEFL10N6d_B2_stressor2_59_60 Box 2.wmv,2,novstressor,sec,127,100,36.9
60,250905_SEFL10N6d_B2_stressor2_59_60 Box 2.wmv,2,novstressor,sec,128,36.66666667,508.1333333
60,250905_SEFL10N6d_B2_stressor2_59_60 Box 2.wmv,2,novstressor,sec,129,66.66666667,152.6
60,250905_SEFL10N6d_B2_stressor2_59_60 Box 2.wmv,2,novstressor,sec,130,30,567.2333333
60,250905_SEFL10N6d_B2_stressor2_59_60 Box 2.wmv,2,novstressor,sec,131,0,223.1
60,250905_SEFL10N6d_B2_stressor2_59_60 Box 2.wmv,2,novstressor,sec,132,0,1187.366667
60,250905_SEFL10N6d_B2_stressor2_59_60 Box 2.wmv,2,novstressor,sec,133,0,526.0333333
60,250905_SEFL10N6d_B2_stressor2_59_60 Box 2.wmv,2,novstressor,sec,134,60,112.1666667
60,250905_SEFL10N6d_B2_stressor2_59_60 Box 2.wmv,2,novstressor,sec,135,26.66666667,501.7666667
60,250905_SEFL10N6d_B2_stressor2_59_60 Box 2.wmv,2,novstressor,sec,136,96.66666667,54.13333333
60,250905_SEFL10N6d_B2_stressor2_59_60 Box 2.wmv,2,novstressor,sec,137,66.66666667,237.7333333
60,250905_SEFL10N6d_B2_stressor2_59_60 Box 2.wmv,2,novstressor,sec,138,36.66666667,398.5333333
60,250905_SEFL10N6d_B2_stressor2_59_60 Box 2.wmv,2,novstressor,sec,139,0,533.2333333
60,250905_SEFL10N6d_B2_stressor2_59_60 Box 2.wmv,2,novstressor,sec,140,0,595.2
60,250905_SEFL10N6d_B2_stressor2_59_60 Box 2.wmv,2,novstressor,sec,141,0,634.1666667
60,250905_SEFL10N6d_B2_stressor2_59_60 Box 2.wmv,2,novstressor,sec,142,0,733.6
60,250905_SEFL10N6d_B2_stressor2_59_60 Box 2.wmv,2,novstressor,sec,143,0,853.2
60,250905_SEFL10N6d_B2_stressor2_59_60 Box 2.wmv,2,novstressor,sec,144,0,1263.533333
60,250905_SEFL10N6d_B2_stressor2_59_60 Box 2.wmv,2,novstressor,sec,145,56.66666667,320.4333333
60,250905_SEFL10N6d_B2_stressor2_59_60 Box 2.wmv,2,novstressor,sec,146,100,52.83333333
60,250905_SEFL10N6d_B2_stressor2_59_60 Box 2.wmv,2,novstressor,sec,147,70,136.4333333
60,250905_SEFL10N6d_B2_stressor2_59_60 Box 2.wmv,2,novstressor,sec,148,20,672.1333333
60,250905_SEFL10N6d_B2_stressor2_59_60 Box 2.wmv,2,novstressor,sec,149,83.33333333,71.1
60,250905_SEFL10N6d_B2_stressor2_59_60 Box 2.wmv,2,novstressor,sec,150,3.333333333,908.5
60,250905_SEFL10N6d_B2_stressor2_59_60 Box 2.wmv,2,novstressor,sec,151,0,813.3
60,250905_SEFL10N6d_B2_stressor2_59_60 Box 2.wmv,2,novstressor,sec,152,66.66666667,113.4333333
60,250905_SEFL10N6d_B2_stressor2_59_60 Box 2.wmv,2,novstressor,sec,153,100,1.533333333
60,250905_SEFL10N6d_B2_stressor2_59_60 Box 2.wmv,2,novstressor,sec,154,50,463.2666667
60,250905_SEFL10N6d_B2_stressor2_59_60 Box 2.wmv,2,novstressor,sec,155,0,934.6
60,250905_SEFL10N6d_B2_stressor2_59_60 Box 2.wmv,2,novstressor,sec,156,0,575.2
60,250905_SEFL10N6d_B2_stressor2_59_60 Box 2.wmv,2,novstressor,sec,157,56.66666667,244.2666667
60,250905_SEFL10N6d_B2_stressor2_59_60 Box 2.wmv,2,novstressor,sec,158,36.66666667,475.8333333
60,250905_SEFL10N6d_B2_stressor2_59_60 Box 2.wmv,2,novstressor,sec,159,60,197
60,250905_SEFL10N6d_B2_stressor2_59_60 Box 2.wmv,2,novstressor,sec,160,70,225.4
60,250905_SEFL10N6d_B2_stressor2_59_60 Box 2.wmv,2,novstressor,sec,161,66.66666667,134.9
60,250905_SEFL10N6d_B2_stressor2_59_60 Box 2.wmv,2,novstressor,sec,162,100,1.266666667
60,250905_SEFL10N6d_B2_stressor2_59_60 Box 2.wmv,2,novstressor,sec,163,50,451.7666667
60,250905_SEFL10N6d_B2_stressor2_59_60 Box 2.wmv,2,novstressor,sec,164,46.66666667,295.1
60,250905_SEFL10N6d_B2_stressor2_59_60 Box 2.wmv,2,novstressor,sec,165,60,288.7
60,250905_SEFL10N6d_B2_stressor2_59_60 Box 2.wmv,2,novstressor,sec,166,73.33333333,163.8666667
60,250905_SEFL10N6d_B2_stressor2_59_60 Box 2.wmv,2,novstressor,sec,167,20,417.2666667
60,250905_SEFL10N6d_B2_stressor2_59_60 Box 2.wmv,2,novstressor,sec,168,0,535.5666667
60,250905_SEFL10N6d_B2_stressor2_59_60 Box 2.wmv,2,novstressor,sec,169,26.66666667,589.5666667
60,250905_SEFL10N6d_B2_stressor2_59_60 Box 2.wmv,2,novstressor,sec,170,100,0.466666667
60,250905_SEFL10N6d_B2_stressor2_59_60 Box 2.wmv,2,novstressor,sec,171,30,888
60,250905_SEFL10N6d_B2_stressor2_59_60 Box 2.wmv,2,novstressor,sec,172,0,435.7333333
60,250905_SEFL10N6d_B2_stressor2_59_60 Box 2.wmv,2,novstressor,sec,173,0,735.0333333
60,250905_SEFL10N6d_B2_stressor2_59_60 Box 2.wmv,2,novstressor,sec,174,0,877.9333333
60,250905_SEFL10N6d_B2_stressor2_59_60 Box 2.wmv,2,novstressor,sec,175,23.33333333,1102.766667
60,250905_SEFL10N6d_B2_stressor2_59_60 Box 2.wmv,2,novstressor,sec,176,70,358.4333333
60,250905_SEFL10N6d_B2_stressor2_59_60 Box 2.wmv,2,novstressor,sec,177,23.33333333,473.3
60,250905_SEFL10N6d_B2_stressor2_59_60 Box 2.wmv,2,novstressor,sec,178,66.66666667,261.2666667
60,250905_SEFL10N6d_B2_stressor2_59_60 Box 2.wmv,2,novstressor,sec,179,0,1019.7
60,250905_SEFL10N6d_B2_stressor2_59_60 Box 2.wmv,2,novstressor,sec,180,0,1003.1
60,250905_SEFL10N6d_B2_stressor2_59_60 Box 2.wmv,2,novstressor,sec,181,0,1382.433333
60,250905_SEFL10N6d_B2_stressor2_59_60 Box 2.wmv,2,novstressor,sec,182,0,1315.333333
60,250905_SEFL10N6d_B2_stressor2_59_60 Box 2.wmv,2,novstressor,sec,183,0,1390.033333
60,250905_SEFL10N6d_B2_stressor2_59_60 Box 2.wmv,2,novstressor,sec,184,0,509.3333333
60,250905_SEFL10N6d_B2_stressor2_59_60 Box 2.wmv,2,novstressor,sec,185,60,471.5666667
60,250905_SEFL10N6d_B2_stressor2_59_60 Box 2.wmv,2,novstressor,sec,186,0,2096.666667
60,250905_SEFL10N6d_B2_stressor2_59_60 Box 2.wmv,2,novstressor,sec,187,10,203.9666667
60,250905_SEFL10N6d_B2_stressor2_59_60 Box 2.wmv,2,novstressor,sec,188,50,456.7666667
60,250905_SEFL10N6d_B2_stressor2_59_60 Box 2.wmv,2,novstressor,sec,189,46.66666667,857.1333333
60,250905_SEFL10N6d_B2_stressor2_59_60 Box 2.wmv,2,novstressor,sec,190,50,285.6
60,250905_SEFL10N6d_B2_stressor2_59_60 Box 2.wmv,2,novstressor,sec,191,60,154.4333333
60,250905_SEFL10N6d_B2_stressor2_59_60 Box 2.wmv,2,novstressor,sec,192,100,0.666666667
60,250905_SEFL10N6d_B2_stressor2_59_60 Box 2.wmv,2,novstressor,sec,193,13.33333333,657.1666667
60,250905_SEFL10N6d_B2_stressor2_59_60 Box 2.wmv,2,novstressor,sec,194,100,24.46666667
60,250905_SEFL10N6d_B2_stressor2_59_60 Box 2.wmv,2,novstressor,sec,195,70,228.1
60,250905_SEFL10N6d_B2_stressor2_59_60 Box 2.wmv,2,novstressor,sec,196,43.33333333,420.2333333
60,250905_SEFL10N6d_B2_stressor2_59_60 Box 2.wmv,2,novstressor,sec,197,63.33333333,236.9333333
60,250905_SEFL10N6d_B2_stressor2_59_60 Box 2.wmv,2,novstressor,sec,198,100,0.066666667
60,250905_SEFL10N6d_B2_stressor2_59_60 Box 2.wmv,2,novstressor,sec,199,66.66666667,208.9666667
60,250905_SEFL10N6d_B2_stressor2_59_60 Box 2.wmv,2,novstressor,sec,200,0,1199.9
60,250905_SEFL10N6d_B2_stressor2_59_60 Box 2.wmv,2,novstressor,sec,201,0,849.9666667
60,250905_SEFL10N6d_B2_stressor2_59_60 Box 2.wmv,2,novstressor,sec,202,100,47.16666667
60,250905_SEFL10N6d_B2_stressor2_59_60 Box 2.wmv,2,novstressor,sec,203,56.66666667,79.8
60,250905_SEFL10N6d_B2_stressor2_59_60 Box 2.wmv,2,novstressor,sec,204,0,363.5666667
60,250905_SEFL10N6d_B2_stressor2_59_60 Box 2.wmv,2,novstressor,sec,205,16.66666667,389.1
60,250905_SEFL10N6d_B2_stressor2_59_60 Box 2.wmv,2,novstressor,sec,206,100,6.7
60,250905_SEFL10N6d_B2_stressor2_59_60 Box 2.wmv,2,novstressor,sec,207,16.66666667,548.9333333
60,250905_SEFL10N6d_B2_stressor2_59_60 Box 2.wmv,2,novstressor,sec,208,93.33333333,39.96666667
60,250905_SEFL10N6d_B2_stressor2_59_60 Box 2.wmv,2,novstressor,sec,209,100,0.1
60,250905_SEFL10N6d_B2_stressor2_59_60 Box 2.wmv,2,novstressor,sec,210,100,0.1
60,250905_SEFL10N6d_B2_stressor2_59_60 Box 2.wmv,2,novstressor,sec,211,33.33333333,393.5666667
60,250905_SEFL10N6d_B2_stressor2_59_60 Box 2.wmv,2,novstressor,sec,212,90,56.86666667
60,250905_SEFL10N6d_B2_stressor2_59_60 Box 2.wmv,2,novstressor,sec,213,13.33333333,974.9
60,250905_SEFL10N6d_B2_stressor2_59_60 Box 2.wmv,2,novstressor,sec,214,0,1929.266667
60,250905_SEFL10N6d_B2_stressor2_59_60 Box 2.wmv,2,novstressor,sec,215,0,343.5666667
60,250905_SEFL10N6d_B2_stressor2_59_60 Box 2.wmv,2,novstressor,sec,216,0,758.3
60,250905_SEFL10N6d_B2_stressor2_59_60 Box 2.wmv,2,novstressor,sec,217,0,729.1666667
60,250905_SEFL10N6d_B2_stressor2_59_60 Box 2.wmv,2,novstressor,sec,218,0,154.6666667
60,250905_SEFL10N6d_B2_stressor2_59_60 Box 2.wmv,2,novstressor,sec,219,0,792.4
60,250905_SEFL10N6d_B2_stressor2_59_60 Box 2.wmv,2,novstressor,sec,220,56.66666667,269.5666667
60,250905_SEFL10N6d_B2_stressor2_59_60 Box 2.wmv,2,novstressor,sec,221,0,1322.233333
60,250905_SEFL10N6d_B2_stressor2_59_60 Box 2.wmv,2,novstressor,sec,222,0,982.3333333
60,250905_SEFL10N6d_B2_stressor2_59_60 Box 2.wmv,2,novstressor,sec,223,0,1906.733333
60,250905_SEFL10N6d_B2_stressor2_59_60 Box 2.wmv,2,novstressor,sec,224,0,838.1
60,250905_SEFL10N6d_B2_stressor2_59_60 Box 2.wmv,2,novstressor,sec,225,0,398.0666667
60,250905_SEFL10N6d_B2_stressor2_59_60 Box 2.wmv,2,novstressor,sec,226,0,319.8666667
60,250905_SEFL10N6d_B2_stressor2_59_60 Box 2.wmv,2,novstressor,sec,227,0,804.3666667
60,250905_SEFL10N6d_B2_stressor2_59_60 Box 2.wmv,2,novstressor,sec,228,0,708
60,250905_SEFL10N6d_B2_stressor2_59_60 Box 2.wmv,2,novstressor,sec,229,0,784.6666667
60,250905_SEFL10N6d_B2_stressor2_59_60 Box 2.wmv,2,novstressor,sec,230,0,592.5666667
60,250905_SEFL10N6d_B2_stressor2_59_60 Box 2.wmv,2,novstressor,sec,231,23.33333333,588.6666667
60,250905_SEFL10N6d_B2_stressor2_59_60 Box 2.wmv,2,novstressor,sec,232,63.33333333,205.2333333
60,250905_SEFL10N6d_B2_stressor2_59_60 Box 2.wmv,2,novstressor,sec,233,60,196.0333333
60,250905_SEFL10N6d_B2_stressor2_59_60 Box 2.wmv,2,novstressor,sec,234,53.33333333,141.0666667
60,250905_SEFL10N6d_B2_stressor2_59_60 Box 2.wmv,2,novstressor,sec,235,0,386.4666667
60,250905_SEFL10N6d_B2_stressor2_59_60 Box 2.wmv,2,novstressor,sec,236,100,114.4
60,250905_SEFL10N6d_B2_stressor2_59_60 Box 2.wmv,2,novstressor,sec,237,90,76.8
60,250905_SEFL10N6d_B2_stressor2_59_60 Box 2.wmv,2,novstressor,sec,238,100,0
60,250905_SEFL10N6d_B2_stressor2_59_60 Box 2.wmv,2,novstressor,sec,239,83.33333333,61.73333333
60,250905_SEFL10N6d_B2_stressor2_59_60 Box 2.wmv,2,novstressor,sec,240,0,613.4333333
60,250905_SEFL10N6d_B2_stressor2_59_60 Box 2.wmv,2,novstressor,sec,241,100,27.8
60,250905_SEFL10N6d_B2_stressor2_59_60 Box 2.wmv,2,novstressor,sec,242,3.333333333,377.1333333
60,250905_SEFL10N6d_B2_stressor2_59_60 Box 2.wmv,2,novstressor,sec,243,66.66666667,185.1333333
60,250905_SEFL10N6d_B2_stressor2_59_60 Box 2.wmv,2,novstressor,sec,244,26.66666667,265.9666667
60,250905_SEFL10N6d_B2_stressor2_59_60 Box 2.wmv,2,novstressor,sec,245,0,892.7666667
60,250905_SEFL10N6d_B2_stressor2_59_60 Box 2.wmv,2,novstressor,sec,246,46.66666667,295.9333333
60,250905_SEFL10N6d_B2_stressor2_59_60 Box 2.wmv,2,novstressor,sec,247,3.333333333,955.5333333
60,250905_SEFL10N6d_B2_stressor2_59_60 Box 2.wmv,2,novstressor,sec,248,0,445.8333333
60,250905_SEFL10N6d_B2_stressor2_59_60 Box 2.wmv,2,novstressor,sec,249,0,1540.9
60,250905_SEFL10N6d_B2_stressor2_59_60 Box 2.wmv,2,novstressor,sec,250,63.33333333,334.4
60,250905_SEFL10N6d_B2_stressor2_59_60 Box 2.wmv,2,novstressor,sec,251,0,637.2
60,250905_SEFL10N6d_B2_stressor2_59_60 Box 2.wmv,2,novstressor,sec,252,26.66666667,223.7333333
60,250905_SEFL10N6d_B2_stressor2_59_60 Box 2.wmv,2,novstressor,sec,253,30,541.9
60,250905_SEFL10N6d_B2_stressor2_59_60 Box 2.wmv,2,novstressor,sec,254,0,781.3333333
60,250905_SEFL10N6d_B2_stressor2_59_60 Box 2.wmv,2,novstressor,sec,255,66.66666667,271.8
60,250905_SEFL10N6d_B2_stressor2_59_60 Box 2.wmv,2,novstressor,sec,256,0,532.2666667
60,250905_SEFL10N6d_B2_stressor2_59_60 Box 2.wmv,2,novstressor,sec,257,86.66666667,49.76666667
60,250905_SEFL10N6d_B2_stressor2_59_60 Box 2.wmv,2,novstressor,sec,258,90,79.13333333
60,250905_SEFL10N6d_B2_stressor2_59_60 Box 2.wmv,2,novstressor,sec,259,56.66666667,276.1666667
60,250905_SEFL10N6d_B2_stressor2_59_60 Box 2.wmv,2,novstressor,sec,260,86.66666667,107.1
60,250905_SEFL10N6d_B2_stressor2_59_60 Box 2.wmv,2,novstressor,sec,261,0,1531.933333
60,250905_SEFL10N6d_B2_stressor2_59_60 Box 2.wmv,2,novstressor,sec,262,20,884.2666667
60,250905_SEFL10N6d_B2_stressor2_59_60 Box 2.wmv,2,novstressor,sec,263,100,0.533333333
60,250905_SEFL10N6d_B2_stressor2_59_60 Box 2.wmv,2,novstressor,sec,264,56.66666667,426.1333333
60,250905_SEFL10N6d_B2_stressor2_59_60 Box 2.wmv,2,novstressor,sec,265,80,140.6
60,250905_SEFL10N6d_B2_stressor2_59_60 Box 2.wmv,2,novstressor,sec,266,100,0
60,250905_SEFL10N6d_B2_stressor2_59_60 Box 2.wmv,2,novstressor,sec,267,33.33333333,850.1
60,250905_SEFL10N6d_B2_stressor2_59_60 Box 2.wmv,2,novstressor,sec,268,0,862.8
60,250905_SEFL10N6d_B2_stressor2_59_60 Box 2.wmv,2,novstressor,sec,269,53.33333333,231.8
60,250905_SEFL10N6d_B2_stressor2_59_60 Box 2.wmv,2,novstressor,sec,270,100,0.966666667
60,250905_SEFL10N6d_B2_stressor2_59_60 Box 2.wmv,2,novstressor,sec,271,6.666666667,499.7666667
60,250905_SEFL10N6d_B2_stressor2_59_60 Box 2.wmv,2,novstressor,sec,272,0,761.0333333
60,250905_SEFL10N6d_B2_stressor2_59_60 Box 2.wmv,2,novstressor,sec,273,50,344.2666667
60,250905_SEFL10N6d_B2_stressor2_59_60 Box 2.wmv,2,novstressor,sec,274,100,8.666666667
60,250905_SEFL10N6d_B2_stressor2_59_60 Box 2.wmv,2,novstressor,sec,275,26.66666667,575.8
60,250905_SEFL10N6d_B2_stressor2_59_60 Box 2.wmv,2,novstressor,sec,276,0,1297.8
60,250905_SEFL10N6d_B2_stressor2_59_60 Box 2.wmv,2,novstressor,sec,277,73.33333333,103.6
60,250905_SEFL10N6d_B2_stressor2_59_60 Box 2.wmv,2,novstressor,sec,278,46.66666667,817.2333333
60,250905_SEFL10N6d_B2_stressor2_59_60 Box 2.wmv,2,novstressor,sec,279,0,1303.133333
60,250905_SEFL10N6d_B2_stressor2_59_60 Box 2.wmv,2,novstressor,sec,280,6.666666667,655.4333333
60,250905_SEFL10N6d_B2_stressor2_59_60 Box 2.wmv,2,novstressor,sec,281,60,490.6333333
60,250905_SEFL10N6d_B2_stressor2_59_60 Box 2.wmv,2,novstressor,sec,282,0,1139.033333
60,250905_SEFL10N6d_B2_stressor2_59_60 Box 2.wmv,2,novstressor,sec,283,0,840.0666667
60,250905_SEFL10N6d_B2_stressor2_59_60 Box 2.wmv,2,novstressor,sec,284,0,868.2333333
60,250905_SEFL10N6d_B2_stressor2_59_60 Box 2.wmv,2,novstressor,sec,285,0,608.5333333
60,250905_SEFL10N6d_B2_stressor2_59_60 Box 2.wmv,2,novstressor,sec,286,0,840.7333333
60,250905_SEFL10N6d_B2_stressor2_59_60 Box 2.wmv,2,novstressor,sec,287,0,988.4
60,250905_SEFL10N6d_B2_stressor2_59_60 Box 2.wmv,2,novstressor,sec,288,0,1291.433333
60,250905_SEFL10N6d_B2_stressor2_59_60 Box 2.wmv,2,novstressor,sec,289,0,898.1333333
60,250905_SEFL10N6d_B2_stressor2_59_60 Box 2.wmv,2,novstressor,sec,290,80,240.6666667
60,250905_SEFL10N6d_B2_stressor2_59_60 Box 2.wmv,2,novstressor,sec,291,0,1078.766667
60,250905_SEFL10N6d_B2_stressor2_59_60 Box 2.wmv,2,novstressor,sec,292,0,747.2333333
60,250905_SEFL10N6d_B2_stressor2_59_60 Box 2.wmv,2,novstressor,sec,293,0,430.1333333
60,250905_SEFL10N6d_B2_stressor2_59_60 Box 2.wmv,2,novstressor,sec,294,0,530.5666667
60,250905_SEFL10N6d_B2_stressor2_59_60 Box 2.wmv,2,novstressor,sec,295,0,511.1
60,250905_SEFL10N6d_B2_stressor2_59_60 Box 2.wmv,2,novstressor,sec,296,0,247.2
60,250905_SEFL10N6d_B2_stressor2_59_60 Box 2.wmv,2,novstressor,sec,297,0,1439.866667
60,250905_SEFL10N6d_B2_stressor2_59_60 Box 2.wmv,2,novstressor,sec,298,0,1892.7
60,250905_SEFL10N6d_B2_stressor2_59_60 Box 2.wmv,2,novstressor,sec,299,0,503.7666667
60,250905_SEFL10N6d_B2_stressor2_59_60 Box 2.wmv,2,novstressor,sec,300,0,499.7333333
60,250905_SEFL10N6d_B2_stressor2_59_60 Box 2.wmv,2,novstressor,sec,301,0,1545
60,250905_SEFL10N6d_B2_stressor2_59_60 Box 2.wmv,2,novstressor,sec,302,0,724.2666667
60,250905_SEFL10N6d_B2_stressor2_59_60 Box 2.wmv,2,novstressor,sec,303,66.66666667,105.5666667
60,250905_SEFL10N6d_B2_stressor2_59_60 Box 2.wmv,2,novstressor,sec,304,100,0
60,250905_SEFL10N6d_B2_stressor2_59_60 Box 2.wmv,2,novstressor,sec,305,46.66666667,512.6666667
60,250905_SEFL10N6d_B2_stressor2_59_60 Box 2.wmv,2,novstressor,sec,306,0,554.6
60,250905_SEFL10N6d_B2_stressor2_59_60 Box 2.wmv,2,novstressor,sec,307,0,875.1333333
60,250905_SEFL10N6d_B2_stressor2_59_60 Box 2.wmv,2,novstressor,sec,308,0,359.3
60,250905_SEFL10N6d_B2_stressor2_59_60 Box 2.wmv,2,novstressor,sec,309,60,102.6666667
60,250905_SEFL10N6d_B2_stressor2_59_60 Box 2.wmv,2,novstressor,sec,310,100,0.166666667
60,250905_SEFL10N6d_B2_stressor2_59_60 Box 2.wmv,2,novstressor,sec,311,90,121.2666667
60,250905_SEFL10N6d_B2_stressor2_59_60 Box 2.wmv,2,novstressor,sec,312,0,600.1
60,250905_SEFL10N6d_B2_stressor2_59_60 Box 2.wmv,2,novstressor,sec,313,0,975.3333333
60,250905_SEFL10N6d_B2_stressor2_59_60 Box 2.wmv,2,novstressor,sec,314,30,470.5333333
60,250905_SEFL10N6d_B2_stressor2_59_60 Box 2.wmv,2,novstressor,sec,315,100,0.2
60,250905_SEFL10N6d_B2_stressor2_59_60 Box 2.wmv,2,novstressor,sec,316,10,848.2
60,250905_SEFL10N6d_B2_stressor2_59_60 Box 2.wmv,2,novstressor,sec,317,86.66666667,106.9
60,250905_SEFL10N6d_B2_stressor2_59_60 Box 2.wmv,2,novstressor,sec,318,33.33333333,910.6
60,250905_SEFL10N6d_B2_stressor2_59_60 Box 2.wmv,2,novstressor,sec,319,0,653.4666667
60,250905_SEFL10N6d_B2_stressor2_59_60 Box 2.wmv,2,novstressor,sec,320,0,642.6666667
60,250905_SEFL10N6d_B2_stressor2_59_60 Box 2.wmv,2,novstressor,sec,321,0,474.4
60,250905_SEFL10N6d_B2_stressor2_59_60 Box 2.wmv,2,novstressor,sec,322,0,588.2666667
60,250905_SEFL10N6d_B2_stressor2_59_60 Box 2.wmv,2,novstressor,sec,323,0,708
60,250905_SEFL10N6d_B2_stressor2_59_60 Box 2.wmv,2,novstressor,sec,324,0,704.8
60,250905_SEFL10N6d_B2_stressor2_59_60 Box 2.wmv,2,novstressor,sec,325,0,666.3666667
60,250905_SEFL10N6d_B2_stressor2_59_60 Box 2.wmv,2,novstressor,sec,326,0,280.3666667
60,250905_SEFL10N6d_B2_stressor2_59_60 Box 2.wmv,2,novstressor,sec,327,0,615.8333333
60,250905_SEFL10N6d_B2_stressor2_59_60 Box 2.wmv,2,novstressor,sec,328,0,1447.566667
60,250905_SEFL10N6d_B2_stressor2_59_60 Box 2.wmv,2,novstressor,sec,329,0,712.4666667
60,250905_SEFL10N6d_B2_stressor2_59_60 Box 2.wmv,2,novstressor,sec,330,20,442.8
60,250905_SEFL10N6d_B2_stressor2_59_60 Box 2.wmv,2,novstressor,sec,331,96.66666667,23.1
60,250905_SEFL10N6d_B2_stressor2_59_60 Box 2.wmv,2,novstressor,sec,332,0,556.6333333
60,250905_SEFL10N6d_B2_stressor2_59_60 Box 2.wmv,2,novstressor,sec,333,0,458.2333333
60,250905_SEFL10N6d_B2_stressor2_59_60 Box 2.wmv,2,novstressor,sec,334,60,277.5666667
60,250905_SEFL10N6d_B2_stressor2_59_60 Box 2.wmv,2,novstressor,sec,335,0,693.2
60,250905_SEFL10N6d_B2_stressor2_59_60 Box 2.wmv,2,novstressor,sec,336,0,1282.266667
60,250905_SEFL10N6d_B2_stressor2_59_60 Box 2.wmv,2,novstressor,sec,337,3.333333333,404.0666667
60,250905_SEFL10N6d_B2_stressor2_59_60 Box 2.wmv,2,novstressor,sec,338,63.33333333,354.5
60,250905_SEFL10N6d_B2_stressor2_59_60 Box 2.wmv,2,novstressor,sec,339,0,1035.466667
60,250905_SEFL10N6d_B2_stressor2_59_60 Box 2.wmv,2,novstressor,sec,340,0,2004.633333
60,250905_SEFL10N6d_B2_stressor2_59_60 Box 2.wmv,2,novstressor,sec,341,0,1561.433333
60,250905_SEFL10N6d_B2_stressor2_59_60 Box 2.wmv,2,novstressor,sec,342,0,386.8333333
60,250905_SEFL10N6d_B2_stressor2_59_60 Box 2.wmv,2,novstressor,sec,343,0,472.0666667
60,250905_SEFL10N6d_B2_stressor2_59_60 Box 2.wmv,2,novstressor,sec,344,0,1149.366667
60,250905_SEFL10N6d_B2_stressor2_59_60 Box 2.wmv,2,novstressor,sec,345,0,1592.433333
60,250905_SEFL10N6d_B2_stressor2_59_60 Box 2.wmv,2,novstressor,sec,346,0,1467.933333
60,250905_SEFL10N6d_B2_stressor2_59_60 Box 2.wmv,2,novstressor,sec,347,0,1223.833333
60,250905_SEFL10N6d_B2_stressor2_59_60 Box 2.wmv,2,novstressor,sec,348,0,889.3666667
60,250905_SEFL10N6d_B2_stressor2_59_60 Box 2.wmv,2,novstressor,sec,349,0,535.5
60,250905_SEFL10N6d_B2_stressor2_59_60 Box 2.wmv,2,novstressor,sec,350,40,502.9
60,250905_SEFL10N6d_B2_stressor2_59_60 Box 2.wmv,2,novstressor,sec,351,73.33333333,153.8
60,250905_SEFL10N6d_B2_stressor2_59_60 Box 2.wmv,2,novstressor,sec,352,0,515.8333333
60,250905_SEFL10N6d_B2_stressor2_59_60 Box 2.wmv,2,novstressor,sec,353,0,1442.533333
60,250905_SEFL10N6d_B2_stressor2_59_60 Box 2.wmv,2,novstressor,sec,354,46.66666667,978.0333333
60,250905_SEFL10N6d_B2_stressor2_59_60 Box 2.wmv,2,novstressor,sec,355,100,1.3
60,250905_SEFL10N6d_B2_stressor2_59_60 Box 2.wmv,2,novstressor,sec,356,100,3.4
60,250905_SEFL10N6d_B2_stressor2_59_60 Box 2.wmv,2,novstressor,sec,357,10,862.7666667
60,250905_SEFL10N6d_B2_stressor2_59_60 Box 2.wmv,2,novstressor,sec,358,0,1603.833333
60,250905_SEFL10N6d_B2_stressor2_59_60 Box 2.wmv,2,novstressor,sec,359,0,1387.1
60,250905_SEFL10N6d_B2_stressor2_59_60 Box 2.wmv,2,novstressor,sec,360,0,787.7
60,250905_SEFL10N6d_B2_stressor2_59_60 Box 2.wmv,2,novstressor,sec,361,0,728.6666667
60,250905_SEFL10N6d_B2_stressor2_59_60 Box 2.wmv,2,novstressor,sec,362,10,1146.7
60,250905_SEFL10N6d_B2_stressor2_59_60 Box 2.wmv,2,novstressor,sec,363,100,1.16
60,250905_SEFL10N6d_B2_stressor2_59_60 Box 2.wmv,2,novstressor,prepost,bl,34.64814815,610.4909259
60,250905_SEFL10N6d_B2_stressor2_59_60 Box 2.wmv,2,novstressor,prepost,post,29.80537535,596.2101946
60,250905_SEFL10N6d_B2_stressor2_59_60 Box 2.wmv,2,novstressor,startle,startle_post,20,1025.855556
60,250905_SEFL10N6d_B2_stressor2_59_60 Box 2.wmv,2,novstressor,startle,startle_pre,22.22222222,761.3555556
60,250905_SEFL10N6d_B2_stressor2_59_60 Box 2.wmv,2,novstressor,startle,startle_startle,0,1362.6
61,250905_SEFL10N6d_B2_stressor2_61_xx Box 1.wmv,1,novstressor,sec,1,0,1406
61,250905_SEFL10N6d_B2_stressor2_61_xx Box 1.wmv,1,novstressor,sec,2,0,982.9666667
61,250905_SEFL10N6d_B2_stressor2_61_xx Box 1.wmv,1,novstressor,sec,3,0,1386.133333
61,250905_SEFL10N6d_B2_stressor2_61_xx Box 1.wmv,1,novstressor,sec,4,0,1701.5
61,250905_SEFL10N6d_B2_stressor2_61_xx Box 1.wmv,1,novstressor,sec,5,0,886.9666667
61,250905_SEFL10N6d_B2_stressor2_61_xx Box 1.wmv,1,novstressor,sec,6,0,1013.066667
61,250905_SEFL10N6d_B2_stressor2_61_xx Box 1.wmv,1,novstressor,sec,7,0,923.3
61,250905_SEFL10N6d_B2_stressor2_61_xx Box 1.wmv,1,novstressor,sec,8,0,850.8333333
61,250905_SEFL10N6d_B2_stressor2_61_xx Box 1.wmv,1,novstressor,sec,9,0,1295.033333
61,250905_SEFL10N6d_B2_stressor2_61_xx Box 1.wmv,1,novstressor,sec,10,0,1473.933333
61,250905_SEFL10N6d_B2_stressor2_61_xx Box 1.wmv,1,novstressor,sec,11,0,942.2666667
61,250905_SEFL10N6d_B2_stressor2_61_xx Box 1.wmv,1,novstressor,sec,12,0,1086.933333
61,250905_SEFL10N6d_B2_stressor2_61_xx Box 1.wmv,1,novstressor,sec,13,0,1698.5
61,250905_SEFL10N6d_B2_stressor2_61_xx Box 1.wmv,1,novstressor,sec,14,0,1776.6
61,250905_SEFL10N6d_B2_stressor2_61_xx Box 1.wmv,1,novstressor,sec,15,0,1711.5
61,250905_SEFL10N6d_B2_stressor2_61_xx Box 1.wmv,1,novstressor,sec,16,0,647.5333333
61,250905_SEFL10N6d_B2_stressor2_61_xx Box 1.wmv,1,novstressor,sec,17,0,1227.166667
61,250905_SEFL10N6d_B2_stressor2_61_xx Box 1.wmv,1,novstressor,sec,18,0,1365.9
61,250905_SEFL10N6d_B2_stressor2_61_xx Box 1.wmv,1,novstressor,sec,19,0,1282.366667
61,250905_SEFL10N6d_B2_stressor2_61_xx Box 1.wmv,1,novstressor,sec,20,0,1271.6
61,250905_SEFL10N6d_B2_stressor2_61_xx Box 1.wmv,1,novstressor,sec,21,0,1955.866667
61,250905_SEFL10N6d_B2_stressor2_61_xx Box 1.wmv,1,novstressor,sec,22,0,893.6333333
61,250905_SEFL10N6d_B2_stressor2_61_xx Box 1.wmv,1,novstressor,sec,23,0,774.3
61,250905_SEFL10N6d_B2_stressor2_61_xx Box 1.wmv,1,novstressor,sec,24,0,1364.3
61,250905_SEFL10N6d_B2_stressor2_61_xx Box 1.wmv,1,novstressor,sec,25,0,772.9666667
61,250905_SEFL10N6d_B2_stressor2_61_xx Box 1.wmv,1,novstressor,sec,26,0,785.2333333
61,250905_SEFL10N6d_B2_stressor2_61_xx Box 1.wmv,1,novstressor,sec,27,0,1133.566667
61,250905_SEFL10N6d_B2_stressor2_61_xx Box 1.wmv,1,novstressor,sec,28,0,2210.466667
61,250905_SEFL10N6d_B2_stressor2_61_xx Box 1.wmv,1,novstressor,sec,29,0,1271.266667
61,250905_SEFL10N6d_B2_stressor2_61_xx Box 1.wmv,1,novstressor,sec,30,0,1795.5
61,250905_SEFL10N6d_B2_stressor2_61_xx Box 1.wmv,1,novstressor,sec,31,0,970.1666667
61,250905_SEFL10N6d_B2_stressor2_61_xx Box 1.wmv,1,novstressor,sec,32,0,1552.666667
61,250905_SEFL10N6d_B2_stressor2_61_xx Box 1.wmv,1,novstressor,sec,33,70,194.9666667
61,250905_SEFL10N6d_B2_stressor2_61_xx Box 1.wmv,1,novstressor,sec,34,0,1002.6
61,250905_SEFL10N6d_B2_stressor2_61_xx Box 1.wmv,1,novstressor,sec,35,0,1098.033333
61,250905_SEFL10N6d_B2_stressor2_61_xx Box 1.wmv,1,novstressor,sec,36,0,439.7666667
61,250905_SEFL10N6d_B2_stressor2_61_xx Box 1.wmv,1,novstressor,sec,37,0,615.8666667
61,250905_SEFL10N6d_B2_stressor2_61_xx Box 1.wmv,1,novstressor,sec,38,0,409.3
61,250905_SEFL10N6d_B2_stressor2_61_xx Box 1.wmv,1,novstressor,sec,39,0,424.4
61,250905_SEFL10N6d_B2_stressor2_61_xx Box 1.wmv,1,novstressor,sec,40,0,736.7666667
61,250905_SEFL10N6d_B2_stressor2_61_xx Box 1.wmv,1,novstressor,sec,41,0,703.2
61,250905_SEFL10N6d_B2_stressor2_61_xx Box 1.wmv,1,novstressor,sec,42,0,431.4666667
61,250905_SEFL10N6d_B2_stressor2_61_xx Box 1.wmv,1,novstressor,sec,43,0,583.0333333
61,250905_SEFL10N6d_B2_stressor2_61_xx Box 1.wmv,1,novstressor,sec,44,0,758.8
61,250905_SEFL10N6d_B2_stressor2_61_xx Box 1.wmv,1,novstressor,sec,45,0,692.4333333
61,250905_SEFL10N6d_B2_stressor2_61_xx Box 1.wmv,1,novstressor,sec,46,0,399.5666667
61,250905_SEFL10N6d_B2_stressor2_61_xx Box 1.wmv,1,novstressor,sec,47,0,397.6333333
61,250905_SEFL10N6d_B2_stressor2_61_xx Box 1.wmv,1,novstressor,sec,48,0,401.9333333
61,250905_SEFL10N6d_B2_stressor2_61_xx Box 1.wmv,1,novstressor,sec,49,26.66666667,364.2333333
61,250905_SEFL10N6d_B2_stressor2_61_xx Box 1.wmv,1,novstressor,sec,50,43.33333333,430.8666667
61,250905_SEFL10N6d_B2_stressor2_61_xx Box 1.wmv,1,novstressor,sec,51,13.33333333,299.1666667
61,250905_SEFL10N6d_B2_stressor2_61_xx Box 1.wmv,1,novstressor,sec,52,100,6.666666667
61,250905_SEFL10N6d_B2_stressor2_61_xx Box 1.wmv,1,novstressor,sec,53,16.66666667,701.9666667
61,250905_SEFL10N6d_B2_stressor2_61_xx Box 1.wmv,1,novstressor,sec,54,0,1179.166667
61,250905_SEFL10N6d_B2_stressor2_61_xx Box 1.wmv,1,novstressor,sec,55,0,839.0666667
61,250905_SEFL10N6d_B2_stressor2_61_xx Box 1.wmv,1,novstressor,sec,56,83.33333333,114.8
61,250905_SEFL10N6d_B2_stressor2_61_xx Box 1.wmv,1,novstressor,sec,57,40,411.4
61,250905_SEFL10N6d_B2_stressor2_61_xx Box 1.wmv,1,novstressor,sec,58,0,503.7
61,250905_SEFL10N6d_B2_stressor2_61_xx Box 1.wmv,1,novstressor,sec,59,26.66666667,847.4333333
61,250905_SEFL10N6d_B2_stressor2_61_xx Box 1.wmv,1,novstressor,sec,60,60,291.0333333
61,250905_SEFL10N6d_B2_stressor2_61_xx Box 1.wmv,1,novstressor,sec,61,70,259.9333333
61,250905_SEFL10N6d_B2_stressor2_61_xx Box 1.wmv,1,novstressor,sec,62,0,356.2
61,250905_SEFL10N6d_B2_stressor2_61_xx Box 1.wmv,1,novstressor,sec,63,76.66666667,186.0666667
61,250905_SEFL10N6d_B2_stressor2_61_xx Box 1.wmv,1,novstressor,sec,64,6.666666667,293.2333333
61,250905_SEFL10N6d_B2_stressor2_61_xx Box 1.wmv,1,novstressor,sec,65,0,349.0666667
61,250905_SEFL10N6d_B2_stressor2_61_xx Box 1.wmv,1,novstressor,sec,66,23.33333333,357.4
61,250905_SEFL10N6d_B2_stressor2_61_xx Box 1.wmv,1,novstressor,sec,67,53.33333333,316.1333333
61,250905_SEFL10N6d_B2_stressor2_61_xx Box 1.wmv,1,novstressor,sec,68,53.33333333,235.3333333
61,250905_SEFL10N6d_B2_stressor2_61_xx Box 1.wmv,1,novstressor,sec,69,73.33333333,171.3
61,250905_SEFL10N6d_B2_stressor2_61_xx Box 1.wmv,1,novstressor,sec,70,3.333333333,333.7333333
61,250905_SEFL10N6d_B2_stressor2_61_xx Box 1.wmv,1,novstressor,sec,71,0,377.8666667
61,250905_SEFL10N6d_B2_stressor2_61_xx Box 1.wmv,1,novstressor,sec,72,0,239.6
61,250905_SEFL10N6d_B2_stressor2_61_xx Box 1.wmv,1,novstressor,sec,73,53.33333333,323.4
61,250905_SEFL10N6d_B2_stressor2_61_xx Box 1.wmv,1,novstressor,sec,74,63.33333333,228.7666667
61,250905_SEFL10N6d_B2_stressor2_61_xx Box 1.wmv,1,novstressor,sec,75,0,618.6666667
61,250905_SEFL10N6d_B2_stressor2_61_xx Box 1.wmv,1,novstressor,sec,76,0,383.0666667
61,250905_SEFL10N6d_B2_stressor2_61_xx Box 1.wmv,1,novstressor,sec,77,0,807.3666667
61,250905_SEFL10N6d_B2_stressor2_61_xx Box 1.wmv,1,novstressor,sec,78,0,1139.3
61,250905_SEFL10N6d_B2_stressor2_61_xx Box 1.wmv,1,novstressor,sec,79,0,1349.3
61,250905_SEFL10N6d_B2_stressor2_61_xx Box 1.wmv,1,novstressor,sec,80,0,653.8
61,250905_SEFL10N6d_B2_stressor2_61_xx Box 1.wmv,1,novstressor,sec,81,0,988.8666667
61,250905_SEFL10N6d_B2_stressor2_61_xx Box 1.wmv,1,novstressor,sec,82,0,1325.7
61,250905_SEFL10N6d_B2_stressor2_61_xx Box 1.wmv,1,novstressor,sec,83,0,670.3333333
61,250905_SEFL10N6d_B2_stressor2_61_xx Box 1.wmv,1,novstressor,sec,84,0,279.7333333
61,250905_SEFL10N6d_B2_stressor2_61_xx Box 1.wmv,1,novstressor,sec,85,46.66666667,261.6
61,250905_SEFL10N6d_B2_stressor2_61_xx Box 1.wmv,1,novstressor,sec,86,90,102.4
61,250905_SEFL10N6d_B2_stressor2_61_xx Box 1.wmv,1,novstressor,sec,87,0,405.8333333
61,250905_SEFL10N6d_B2_stressor2_61_xx Box 1.wmv,1,novstressor,sec,88,0,470.1666667
61,250905_SEFL10N6d_B2_stressor2_61_xx Box 1.wmv,1,novstressor,sec,89,0,369.7
61,250905_SEFL10N6d_B2_stressor2_61_xx Box 1.wmv,1,novstressor,sec,90,0,431.0666667
61,250905_SEFL10N6d_B2_stressor2_61_xx Box 1.wmv,1,novstressor,sec,91,0,1113.466667
61,250905_SEFL10N6d_B2_stressor2_61_xx Box 1.wmv,1,novstressor,sec,92,43.33333333,317.8333333
61,250905_SEFL10N6d_B2_stressor2_61_xx Box 1.wmv,1,novstressor,sec,93,63.33333333,282.8333333
61,250905_SEFL10N6d_B2_stressor2_61_xx Box 1.wmv,1,novstressor,sec,94,30,124.9666667
61,250905_SEFL10N6d_B2_stressor2_61_xx Box 1.wmv,1,novstressor,sec,95,53.33333333,361.5333333
61,250905_SEFL10N6d_B2_stressor2_61_xx Box 1.wmv,1,novstressor,sec,96,66.66666667,264.6333333
61,250905_SEFL10N6d_B2_stressor2_61_xx Box 1.wmv,1,novstressor,sec,97,0,343.5666667
61,250905_SEFL10N6d_B2_stressor2_61_xx Box 1.wmv,1,novstressor,sec,98,83.33333333,121.0666667
61,250905_SEFL10N6d_B2_stressor2_61_xx Box 1.wmv,1,novstressor,sec,99,26.66666667,292.9
61,250905_SEFL10N6d_B2_stressor2_61_xx Box 1.wmv,1,novstressor,sec,100,60,166.3666667
61,250905_SEFL10N6d_B2_stressor2_61_xx Box 1.wmv,1,novstressor,sec,101,63.33333333,129.7333333
61,250905_SEFL10N6d_B2_stressor2_61_xx Box 1.wmv,1,novstressor,sec,102,16.66666667,222.0666667
61,250905_SEFL10N6d_B2_stressor2_61_xx Box 1.wmv,1,novstressor,sec,103,53.33333333,337.8333333
61,250905_SEFL10N6d_B2_stressor2_61_xx Box 1.wmv,1,novstressor,sec,104,53.33333333,378.4
61,250905_SEFL10N6d_B2_stressor2_61_xx Box 1.wmv,1,novstressor,sec,105,0,490.9
61,250905_SEFL10N6d_B2_stressor2_61_xx Box 1.wmv,1,novstressor,sec,106,0,761.9
61,250905_SEFL10N6d_B2_stressor2_61_xx Box 1.wmv,1,novstressor,sec,107,0,849.4333333
61,250905_SEFL10N6d_B2_stressor2_61_xx Box 1.wmv,1,novstressor,sec,108,0,693.1666667
61,250905_SEFL10N6d_B2_stressor2_61_xx Box 1.wmv,1,novstressor,sec,109,0,609.7333333
61,250905_SEFL10N6d_B2_stressor2_61_xx Box 1.wmv,1,novstressor,sec,110,0,691.3666667
61,250905_SEFL10N6d_B2_stressor2_61_xx Box 1.wmv,1,novstressor,sec,111,0,1292.2
61,250905_SEFL10N6d_B2_stressor2_61_xx Box 1.wmv,1,novstressor,sec,112,0,541.4
61,250905_SEFL10N6d_B2_stressor2_61_xx Box 1.wmv,1,novstressor,sec,113,0,435.8
61,250905_SEFL10N6d_B2_stressor2_61_xx Box 1.wmv,1,novstressor,sec,114,0,1172.566667
61,250905_SEFL10N6d_B2_stressor2_61_xx Box 1.wmv,1,novstressor,sec,115,0,1467.3
61,250905_SEFL10N6d_B2_stressor2_61_xx Box 1.wmv,1,novstressor,sec,116,0,799.1
61,250905_SEFL10N6d_B2_stressor2_61_xx Box 1.wmv,1,novstressor,sec,117,0,1395.333333
61,250905_SEFL10N6d_B2_stressor2_61_xx Box 1.wmv,1,novstressor,sec,118,0,916.4
61,250905_SEFL10N6d_B2_stressor2_61_xx Box 1.wmv,1,novstressor,sec,119,0,477.2
61,250905_SEFL10N6d_B2_stressor2_61_xx Box 1.wmv,1,novstressor,sec,120,0,414.7666667
61,250905_SEFL10N6d_B2_stressor2_61_xx Box 1.wmv,1,novstressor,sec,121,0,395
61,250905_SEFL10N6d_B2_stressor2_61_xx Box 1.wmv,1,novstressor,sec,122,0,495.6666667
61,250905_SEFL10N6d_B2_stressor2_61_xx Box 1.wmv,1,novstressor,sec,123,0,1087.733333
61,250905_SEFL10N6d_B2_stressor2_61_xx Box 1.wmv,1,novstressor,sec,124,0,338
61,250905_SEFL10N6d_B2_stressor2_61_xx Box 1.wmv,1,novstressor,sec,125,0,621.7
61,250905_SEFL10N6d_B2_stressor2_61_xx Box 1.wmv,1,novstressor,sec,126,0,713.6333333
61,250905_SEFL10N6d_B2_stressor2_61_xx Box 1.wmv,1,novstressor,sec,127,0,766.5333333
61,250905_SEFL10N6d_B2_stressor2_61_xx Box 1.wmv,1,novstressor,sec,128,0,492.8666667
61,250905_SEFL10N6d_B2_stressor2_61_xx Box 1.wmv,1,novstressor,sec,129,0,273.3666667
61,250905_SEFL10N6d_B2_stressor2_61_xx Box 1.wmv,1,novstressor,sec,130,23.33333333,433.5
61,250905_SEFL10N6d_B2_stressor2_61_xx Box 1.wmv,1,novstressor,sec,131,43.33333333,379.7666667
61,250905_SEFL10N6d_B2_stressor2_61_xx Box 1.wmv,1,novstressor,sec,132,83.33333333,75
61,250905_SEFL10N6d_B2_stressor2_61_xx Box 1.wmv,1,novstressor,sec,133,13.33333333,413.0666667
61,250905_SEFL10N6d_B2_stressor2_61_xx Box 1.wmv,1,novstressor,sec,134,0,466.8666667
61,250905_SEFL10N6d_B2_stressor2_61_xx Box 1.wmv,1,novstressor,sec,135,0,407.7666667
61,250905_SEFL10N6d_B2_stressor2_61_xx Box 1.wmv,1,novstressor,sec,136,0,363.4666667
61,250905_SEFL10N6d_B2_stressor2_61_xx Box 1.wmv,1,novstressor,sec,137,0,573.8
61,250905_SEFL10N6d_B2_stressor2_61_xx Box 1.wmv,1,novstressor,sec,138,100,25.66666667
61,250905_SEFL10N6d_B2_stressor2_61_xx Box 1.wmv,1,novstressor,sec,139,3.333333333,527.2666667
61,250905_SEFL10N6d_B2_stressor2_61_xx Box 1.wmv,1,novstressor,sec,140,56.66666667,294.0666667
61,250905_SEFL10N6d_B2_stressor2_61_xx Box 1.wmv,1,novstressor,sec,141,0,438.6666667
61,250905_SEFL10N6d_B2_stressor2_61_xx Box 1.wmv,1,novstressor,sec,142,0,210.7333333
61,250905_SEFL10N6d_B2_stressor2_61_xx Box 1.wmv,1,novstressor,sec,143,26.66666667,315.9
61,250905_SEFL10N6d_B2_stressor2_61_xx Box 1.wmv,1,novstressor,sec,144,66.66666667,227.3
61,250905_SEFL10N6d_B2_stressor2_61_xx Box 1.wmv,1,novstressor,sec,145,0,330.5666667
61,250905_SEFL10N6d_B2_stressor2_61_xx Box 1.wmv,1,novstressor,sec,146,56.66666667,375.7
61,250905_SEFL10N6d_B2_stressor2_61_xx Box 1.wmv,1,novstressor,sec,147,0,333.2666667
61,250905_SEFL10N6d_B2_stressor2_61_xx Box 1.wmv,1,novstressor,sec,148,0,394.8333333
61,250905_SEFL10N6d_B2_stressor2_61_xx Box 1.wmv,1,novstressor,sec,149,0,686.2333333
61,250905_SEFL10N6d_B2_stressor2_61_xx Box 1.wmv,1,novstressor,sec,150,0,328.5333333
61,250905_SEFL10N6d_B2_stressor2_61_xx Box 1.wmv,1,novstressor,sec,151,0,684.5333333
61,250905_SEFL10N6d_B2_stressor2_61_xx Box 1.wmv,1,novstressor,sec,152,0,267.4
61,250905_SEFL10N6d_B2_stressor2_61_xx Box 1.wmv,1,novstressor,sec,153,3.333333333,325.5
61,250905_SEFL10N6d_B2_stressor2_61_xx Box 1.wmv,1,novstressor,sec,154,100,90.33333333
61,250905_SEFL10N6d_B2_stressor2_61_xx Box 1.wmv,1,novstressor,sec,155,20,315.5666667
61,250905_SEFL10N6d_B2_stressor2_61_xx Box 1.wmv,1,novstressor,sec,156,40,373.1333333
61,250905_SEFL10N6d_B2_stressor2_61_xx Box 1.wmv,1,novstressor,sec,157,90,103
61,250905_SEFL10N6d_B2_stressor2_61_xx Box 1.wmv,1,novstressor,sec,158,36.66666667,351.8666667
61,250905_SEFL10N6d_B2_stressor2_61_xx Box 1.wmv,1,novstressor,sec,159,50,278.1333333
61,250905_SEFL10N6d_B2_stressor2_61_xx Box 1.wmv,1,novstressor,sec,160,80,174
61,250905_SEFL10N6d_B2_stressor2_61_xx Box 1.wmv,1,novstressor,sec,161,40,330.0666667
61,250905_SEFL10N6d_B2_stressor2_61_xx Box 1.wmv,1,novstressor,sec,162,46.66666667,288.1666667
61,250905_SEFL10N6d_B2_stressor2_61_xx Box 1.wmv,1,novstressor,sec,163,40,210.3333333
61,250905_SEFL10N6d_B2_stressor2_61_xx Box 1.wmv,1,novstressor,sec,164,53.33333333,304.6666667
61,250905_SEFL10N6d_B2_stressor2_61_xx Box 1.wmv,1,novstressor,sec,165,0,333.3
61,250905_SEFL10N6d_B2_stressor2_61_xx Box 1.wmv,1,novstressor,sec,166,0,716.3666667
61,250905_SEFL10N6d_B2_stressor2_61_xx Box 1.wmv,1,novstressor,sec,167,0,1401.2
61,250905_SEFL10N6d_B2_stressor2_61_xx Box 1.wmv,1,novstressor,sec,168,0,2190.233333
61,250905_SEFL10N6d_B2_stressor2_61_xx Box 1.wmv,1,novstressor,sec,169,0,1074.166667
61,250905_SEFL10N6d_B2_stressor2_61_xx Box 1.wmv,1,novstressor,sec,170,0,469.2666667
61,250905_SEFL10N6d_B2_stressor2_61_xx Box 1.wmv,1,novstressor,sec,171,0,865.9333333
61,250905_SEFL10N6d_B2_stressor2_61_xx Box 1.wmv,1,novstressor,sec,172,0,749.1
61,250905_SEFL10N6d_B2_stressor2_61_xx Box 1.wmv,1,novstressor,sec,173,0,1034.433333
61,250905_SEFL10N6d_B2_stressor2_61_xx Box 1.wmv,1,novstressor,sec,174,0,916.3333333
61,250905_SEFL10N6d_B2_stressor2_61_xx Box 1.wmv,1,novstressor,sec,175,0,772.7666667
61,250905_SEFL10N6d_B2_stressor2_61_xx Box 1.wmv,1,novstressor,sec,176,0,909.0666667
61,250905_SEFL10N6d_B2_stressor2_61_xx Box 1.wmv,1,novstressor,sec,177,0,383.8666667
61,250905_SEFL10N6d_B2_stressor2_61_xx Box 1.wmv,1,novstressor,sec,178,0,827.2666667
61,250905_SEFL10N6d_B2_stressor2_61_xx Box 1.wmv,1,novstressor,sec,179,0,636.8333333
61,250905_SEFL10N6d_B2_stressor2_61_xx Box 1.wmv,1,novstressor,sec,180,53.33333333,106.2333333
61,250905_SEFL10N6d_B2_stressor2_61_xx Box 1.wmv,1,novstressor,sec,181,6.666666667,2171.966667
61,250905_SEFL10N6d_B2_stressor2_61_xx Box 1.wmv,1,novstressor,sec,182,0,1512.333333
61,250905_SEFL10N6d_B2_stressor2_61_xx Box 1.wmv,1,novstressor,sec,183,0,562.9
61,250905_SEFL10N6d_B2_stressor2_61_xx Box 1.wmv,1,novstressor,sec,184,56.66666667,196.9333333
61,250905_SEFL10N6d_B2_stressor2_61_xx Box 1.wmv,1,novstressor,sec,185,56.66666667,281.8
61,250905_SEFL10N6d_B2_stressor2_61_xx Box 1.wmv,1,novstressor,sec,186,100,3.5
61,250905_SEFL10N6d_B2_stressor2_61_xx Box 1.wmv,1,novstressor,sec,187,23.33333333,436.3666667
61,250905_SEFL10N6d_B2_stressor2_61_xx Box 1.wmv,1,novstressor,sec,188,100,6.733333333
61,250905_SEFL10N6d_B2_stressor2_61_xx Box 1.wmv,1,novstressor,sec,189,93.33333333,64.63333333
61,250905_SEFL10N6d_B2_stressor2_61_xx Box 1.wmv,1,novstressor,sec,190,0,487.9333333
61,250905_SEFL10N6d_B2_stressor2_61_xx Box 1.wmv,1,novstressor,sec,191,70,207.2333333
61,250905_SEFL10N6d_B2_stressor2_61_xx Box 1.wmv,1,novstressor,sec,192,93.33333333,60.13333333
61,250905_SEFL10N6d_B2_stressor2_61_xx Box 1.wmv,1,novstressor,sec,193,83.33333333,101.2333333
61,250905_SEFL10N6d_B2_stressor2_61_xx Box 1.wmv,1,novstressor,sec,194,20,2061.766667
61,250905_SEFL10N6d_B2_stressor2_61_xx Box 1.wmv,1,novstressor,sec,195,0,1011.566667
61,250905_SEFL10N6d_B2_stressor2_61_xx Box 1.wmv,1,novstressor,sec,196,0,702.9666667
61,250905_SEFL10N6d_B2_stressor2_61_xx Box 1.wmv,1,novstressor,sec,197,70,340.9333333
61,250905_SEFL10N6d_B2_stressor2_61_xx Box 1.wmv,1,novstressor,sec,198,100,7.933333333
61,250905_SEFL10N6d_B2_stressor2_61_xx Box 1.wmv,1,novstressor,sec,199,56.66666667,399.3
61,250905_SEFL10N6d_B2_stressor2_61_xx Box 1.wmv,1,novstressor,sec,200,0,727.3
61,250905_SEFL10N6d_B2_stressor2_61_xx Box 1.wmv,1,novstressor,sec,201,63.33333333,152.2333333
61,250905_SEFL10N6d_B2_stressor2_61_xx Box 1.wmv,1,novstressor,sec,202,100,0.2
61,250905_SEFL10N6d_B2_stressor2_61_xx Box 1.wmv,1,novstressor,sec,203,6.666666667,695.1333333
61,250905_SEFL10N6d_B2_stressor2_61_xx Box 1.wmv,1,novstressor,sec,204,86.66666667,113.7333333
61,250905_SEFL10N6d_B2_stressor2_61_xx Box 1.wmv,1,novstressor,sec,205,46.66666667,486.5
61,250905_SEFL10N6d_B2_stressor2_61_xx Box 1.wmv,1,novstressor,sec,206,6.666666667,549.5666667
61,250905_SEFL10N6d_B2_stressor2_61_xx Box 1.wmv,1,novstressor,sec,207,100,22.8
61,250905_SEFL10N6d_B2_stressor2_61_xx Box 1.wmv,1,novstressor,sec,208,100,0.233333333
61,250905_SEFL10N6d_B2_stressor2_61_xx Box 1.wmv,1,novstressor,sec,209,70,192.3
61,250905_SEFL10N6d_B2_stressor2_61_xx Box 1.wmv,1,novstressor,sec,210,43.33333333,81.86666667
61,250905_SEFL10N6d_B2_stressor2_61_xx Box 1.wmv,1,novstressor,sec,211,100,0
61,250905_SEFL10N6d_B2_stressor2_61_xx Box 1.wmv,1,novstressor,sec,212,100,0.633333333
61,250905_SEFL10N6d_B2_stressor2_61_xx Box 1.wmv,1,novstressor,sec,213,66.66666667,172.0333333
61,250905_SEFL10N6d_B2_stressor2_61_xx Box 1.wmv,1,novstressor,sec,214,66.66666667,177.9
61,250905_SEFL10N6d_B2_stressor2_61_xx Box 1.wmv,1,novstressor,sec,215,96.66666667,24.5
61,250905_SEFL10N6d_B2_stressor2_61_xx Box 1.wmv,1,novstressor,sec,216,86.66666667,71.5
61,250905_SEFL10N6d_B2_stressor2_61_xx Box 1.wmv,1,novstressor,sec,217,83.33333333,76.3
61,250905_SEFL10N6d_B2_stressor2_61_xx Box 1.wmv,1,novstressor,sec,218,23.33333333,391.3333333
61,250905_SEFL10N6d_B2_stressor2_61_xx Box 1.wmv,1,novstressor,sec,219,100,0.833333333
61,250905_SEFL10N6d_B2_stressor2_61_xx Box 1.wmv,1,novstressor,sec,220,86.66666667,62.93333333
61,250905_SEFL10N6d_B2_stressor2_61_xx Box 1.wmv,1,novstressor,sec,221,0,374
61,250905_SEFL10N6d_B2_stressor2_61_xx Box 1.wmv,1,novstressor,sec,222,36.66666667,265.3
61,250905_SEFL10N6d_B2_stressor2_61_xx Box 1.wmv,1,novstressor,sec,223,100,2.9
61,250905_SEFL10N6d_B2_stressor2_61_xx Box 1.wmv,1,novstressor,sec,224,100,0.166666667
61,250905_SEFL10N6d_B2_stressor2_61_xx Box 1.wmv,1,novstressor,sec,225,100,0.3
61,250905_SEFL10N6d_B2_stressor2_61_xx Box 1.wmv,1,novstressor,sec,226,36.66666667,531.2666667
61,250905_SEFL10N6d_B2_stressor2_61_xx Box 1.wmv,1,novstressor,sec,227,0,1100.3
61,250905_SEFL10N6d_B2_stressor2_61_xx Box 1.wmv,1,novstressor,sec,228,0,1014.2
61,250905_SEFL10N6d_B2_stressor2_61_xx Box 1.wmv,1,novstressor,sec,229,0,579.1
61,250905_SEFL10N6d_B2_stressor2_61_xx Box 1.wmv,1,novstressor,sec,230,0,1164.666667
61,250905_SEFL10N6d_B2_stressor2_61_xx Box 1.wmv,1,novstressor,sec,231,0,713.8
61,250905_SEFL10N6d_B2_stressor2_61_xx Box 1.wmv,1,novstressor,sec,232,0,1182.8
61,250905_SEFL10N6d_B2_stressor2_61_xx Box 1.wmv,1,novstressor,sec,233,0,784.3
61,250905_SEFL10N6d_B2_stressor2_61_xx Box 1.wmv,1,novstressor,sec,234,0,816.0333333
61,250905_SEFL10N6d_B2_stressor2_61_xx Box 1.wmv,1,novstressor,sec,235,0,330.7333333
61,250905_SEFL10N6d_B2_stressor2_61_xx Box 1.wmv,1,novstressor,sec,236,0,645.6333333
61,250905_SEFL10N6d_B2_stressor2_61_xx Box 1.wmv,1,novstressor,sec,237,0,1244.6
61,250905_SEFL10N6d_B2_stressor2_61_xx Box 1.wmv,1,novstressor,sec,238,0,759.5333333
61,250905_SEFL10N6d_B2_stressor2_61_xx Box 1.wmv,1,novstressor,sec,239,0,626.8333333
61,250905_SEFL10N6d_B2_stressor2_61_xx Box 1.wmv,1,novstressor,sec,240,93.33333333,109.9
61,250905_SEFL10N6d_B2_stressor2_61_xx Box 1.wmv,1,novstressor,sec,241,100,3.366666667
61,250905_SEFL10N6d_B2_stressor2_61_xx Box 1.wmv,1,novstressor,sec,242,100,3.2
61,250905_SEFL10N6d_B2_stressor2_61_xx Box 1.wmv,1,novstressor,sec,243,33.33333333,673.9666667
61,250905_SEFL10N6d_B2_stressor2_61_xx Box 1.wmv,1,novstressor,sec,244,0,970.2333333
61,250905_SEFL10N6d_B2_stressor2_61_xx Box 1.wmv,1,novstressor,sec,245,0,1399.333333
61,250905_SEFL10N6d_B2_stressor2_61_xx Box 1.wmv,1,novstressor,sec,246,0,1050
61,250905_SEFL10N6d_B2_stressor2_61_xx Box 1.wmv,1,novstressor,sec,247,0,530.5666667
61,250905_SEFL10N6d_B2_stressor2_61_xx Box 1.wmv,1,novstressor,sec,248,3.333333333,478
61,250905_SEFL10N6d_B2_stressor2_61_xx Box 1.wmv,1,novstressor,sec,249,50,219.5
61,250905_SEFL10N6d_B2_stressor2_61_xx Box 1.wmv,1,novstressor,sec,250,96.66666667,59.93333333
61,250905_SEFL10N6d_B2_stressor2_61_xx Box 1.wmv,1,novstressor,sec,251,0,504.3333333
61,250905_SEFL10N6d_B2_stressor2_61_xx Box 1.wmv,1,novstressor,sec,252,0,213.6333333
61,250905_SEFL10N6d_B2_stressor2_61_xx Box 1.wmv,1,novstressor,sec,253,0,152.3
61,250905_SEFL10N6d_B2_stressor2_61_xx Box 1.wmv,1,novstressor,sec,254,0,338
61,250905_SEFL10N6d_B2_stressor2_61_xx Box 1.wmv,1,novstressor,sec,255,0,119.4666667
61,250905_SEFL10N6d_B2_stressor2_61_xx Box 1.wmv,1,novstressor,sec,256,0,152.4
61,250905_SEFL10N6d_B2_stressor2_61_xx Box 1.wmv,1,novstressor,sec,257,50,86.93333333
61,250905_SEFL10N6d_B2_stressor2_61_xx Box 1.wmv,1,novstressor,sec,258,60,173.3
61,250905_SEFL10N6d_B2_stressor2_61_xx Box 1.wmv,1,novstressor,sec,259,0,148.5333333
61,250905_SEFL10N6d_B2_stressor2_61_xx Box 1.wmv,1,novstressor,sec,260,60,117.1666667
61,250905_SEFL10N6d_B2_stressor2_61_xx Box 1.wmv,1,novstressor,sec,261,100,0.733333333
61,250905_SEFL10N6d_B2_stressor2_61_xx Box 1.wmv,1,novstressor,sec,262,10,309.9666667
61,250905_SEFL10N6d_B2_stressor2_61_xx Box 1.wmv,1,novstressor,sec,263,0,276.9666667
61,250905_SEFL10N6d_B2_stressor2_61_xx Box 1.wmv,1,novstressor,sec,264,16.66666667,193.4
61,250905_SEFL10N6d_B2_stressor2_61_xx Box 1.wmv,1,novstressor,sec,265,96.66666667,58.3
61,250905_SEFL10N6d_B2_stressor2_61_xx Box 1.wmv,1,novstressor,sec,266,100,6.166666667
61,250905_SEFL10N6d_B2_stressor2_61_xx Box 1.wmv,1,novstressor,sec,267,83.33333333,112.2
61,250905_SEFL10N6d_B2_stressor2_61_xx Box 1.wmv,1,novstressor,sec,268,0,457.5333333
61,250905_SEFL10N6d_B2_stressor2_61_xx Box 1.wmv,1,novstressor,sec,269,86.66666667,73.53333333
61,250905_SEFL10N6d_B2_stressor2_61_xx Box 1.wmv,1,novstressor,sec,270,70,204.2333333
61,250905_SEFL10N6d_B2_stressor2_61_xx Box 1.wmv,1,novstressor,sec,271,100,1.933333333
61,250905_SEFL10N6d_B2_stressor2_61_xx Box 1.wmv,1,novstressor,sec,272,26.66666667,339.7
61,250905_SEFL10N6d_B2_stressor2_61_xx Box 1.wmv,1,novstressor,sec,273,10,593.6666667
61,250905_SEFL10N6d_B2_stressor2_61_xx Box 1.wmv,1,novstressor,sec,274,100,20.13333333
61,250905_SEFL10N6d_B2_stressor2_61_xx Box 1.wmv,1,novstressor,sec,275,73.33333333,228.6333333
61,250905_SEFL10N6d_B2_stressor2_61_xx Box 1.wmv,1,novstressor,sec,276,0,403.9
61,250905_SEFL10N6d_B2_stressor2_61_xx Box 1.wmv,1,novstressor,sec,277,80,142.5666667
61,250905_SEFL10N6d_B2_stressor2_61_xx Box 1.wmv,1,novstressor,sec,278,100,2.033333333
61,250905_SEFL10N6d_B2_stressor2_61_xx Box 1.wmv,1,novstressor,sec,279,96.66666667,39.4
61,250905_SEFL10N6d_B2_stressor2_61_xx Box 1.wmv,1,novstressor,sec,280,0,778.1666667
61,250905_SEFL10N6d_B2_stressor2_61_xx Box 1.wmv,1,novstressor,sec,281,0,1058.033333
61,250905_SEFL10N6d_B2_stressor2_61_xx Box 1.wmv,1,novstressor,sec,282,0,557.1333333
61,250905_SEFL10N6d_B2_stressor2_61_xx Box 1.wmv,1,novstressor,sec,283,0,693.5
61,250905_SEFL10N6d_B2_stressor2_61_xx Box 1.wmv,1,novstressor,sec,284,0,840.5333333
61,250905_SEFL10N6d_B2_stressor2_61_xx Box 1.wmv,1,novstressor,sec,285,33.33333333,259.1666667
61,250905_SEFL10N6d_B2_stressor2_61_xx Box 1.wmv,1,novstressor,sec,286,43.33333333,521.5
61,250905_SEFL10N6d_B2_stressor2_61_xx Box 1.wmv,1,novstressor,sec,287,0,1155.2
61,250905_SEFL10N6d_B2_stressor2_61_xx Box 1.wmv,1,novstressor,sec,288,20,418.6
61,250905_SEFL10N6d_B2_stressor2_61_xx Box 1.wmv,1,novstressor,sec,289,100,44.1
61,250905_SEFL10N6d_B2_stressor2_61_xx Box 1.wmv,1,novstressor,sec,290,100,10.03333333
61,250905_SEFL10N6d_B2_stressor2_61_xx Box 1.wmv,1,novstressor,sec,291,100,32.73333333
61,250905_SEFL10N6d_B2_stressor2_61_xx Box 1.wmv,1,novstressor,sec,292,3.333333333,917.7333333
61,250905_SEFL10N6d_B2_stressor2_61_xx Box 1.wmv,1,novstressor,sec,293,0,839.6333333
61,250905_SEFL10N6d_B2_stressor2_61_xx Box 1.wmv,1,novstressor,sec,294,0,499.4666667
61,250905_SEFL10N6d_B2_stressor2_61_xx Box 1.wmv,1,novstressor,sec,295,0,615.3
61,250905_SEFL10N6d_B2_stressor2_61_xx Box 1.wmv,1,novstressor,sec,296,0,1324.5
61,250905_SEFL10N6d_B2_stressor2_61_xx Box 1.wmv,1,novstressor,sec,297,0,687.5666667
61,250905_SEFL10N6d_B2_stressor2_61_xx Box 1.wmv,1,novstressor,sec,298,0,776.1666667
61,250905_SEFL10N6d_B2_stressor2_61_xx Box 1.wmv,1,novstressor,sec,299,0,913.6
61,250905_SEFL10N6d_B2_stressor2_61_xx Box 1.wmv,1,novstressor,sec,300,66.66666667,128.8666667
61,250905_SEFL10N6d_B2_stressor2_61_xx Box 1.wmv,1,novstressor,sec,301,83.33333333,132.6666667
61,250905_SEFL10N6d_B2_stressor2_61_xx Box 1.wmv,1,novstressor,sec,302,53.33333333,227.3
61,250905_SEFL10N6d_B2_stressor2_61_xx Box 1.wmv,1,novstressor,sec,303,0,588.4333333
61,250905_SEFL10N6d_B2_stressor2_61_xx Box 1.wmv,1,novstressor,sec,304,0,753.6
61,250905_SEFL10N6d_B2_stressor2_61_xx Box 1.wmv,1,novstressor,sec,305,0,772.8666667
61,250905_SEFL10N6d_B2_stressor2_61_xx Box 1.wmv,1,novstressor,sec,306,0,435.7
61,250905_SEFL10N6d_B2_stressor2_61_xx Box 1.wmv,1,novstressor,sec,307,0,1265.8
61,250905_SEFL10N6d_B2_stressor2_61_xx Box 1.wmv,1,novstressor,sec,308,0,593.9
61,250905_SEFL10N6d_B2_stressor2_61_xx Box 1.wmv,1,novstressor,sec,309,0,374.5333333
61,250905_SEFL10N6d_B2_stressor2_61_xx Box 1.wmv,1,novstressor,sec,310,66.66666667,196.7
61,250905_SEFL10N6d_B2_stressor2_61_xx Box 1.wmv,1,novstressor,sec,311,53.33333333,170.1333333
61,250905_SEFL10N6d_B2_stressor2_61_xx Box 1.wmv,1,novstressor,sec,312,83.33333333,125
61,250905_SEFL10N6d_B2_stressor2_61_xx Box 1.wmv,1,novstressor,sec,313,100,0.2
61,250905_SEFL10N6d_B2_stressor2_61_xx Box 1.wmv,1,novstressor,sec,314,86.66666667,118.8333333
61,250905_SEFL10N6d_B2_stressor2_61_xx Box 1.wmv,1,novstressor,sec,315,30,735.1333333
61,250905_SEFL10N6d_B2_stressor2_61_xx Box 1.wmv,1,novstressor,sec,316,0,803
61,250905_SEFL10N6d_B2_stressor2_61_xx Box 1.wmv,1,novstressor,sec,317,0,902.3333333
61,250905_SEFL10N6d_B2_stressor2_61_xx Box 1.wmv,1,novstressor,sec,318,0,1150.133333
61,250905_SEFL10N6d_B2_stressor2_61_xx Box 1.wmv,1,novstressor,sec,319,0,1294.233333
61,250905_SEFL10N6d_B2_stressor2_61_xx Box 1.wmv,1,novstressor,sec,320,0,942.8666667
61,250905_SEFL10N6d_B2_stressor2_61_xx Box 1.wmv,1,novstressor,sec,321,0,584.4666667
61,250905_SEFL10N6d_B2_stressor2_61_xx Box 1.wmv,1,novstressor,sec,322,0,671.4333333
61,250905_SEFL10N6d_B2_stressor2_61_xx Box 1.wmv,1,novstressor,sec,323,0,1143.5
61,250905_SEFL10N6d_B2_stressor2_61_xx Box 1.wmv,1,novstressor,sec,324,0,1019.3
61,250905_SEFL10N6d_B2_stressor2_61_xx Box 1.wmv,1,novstressor,sec,325,0,1263.333333
61,250905_SEFL10N6d_B2_stressor2_61_xx Box 1.wmv,1,novstressor,sec,326,0,787.8
61,250905_SEFL10N6d_B2_stressor2_61_xx Box 1.wmv,1,novstressor,sec,327,43.33333333,196.8333333
61,250905_SEFL10N6d_B2_stressor2_61_xx Box 1.wmv,1,novstressor,sec,328,86.66666667,85.83333333
61,250905_SEFL10N6d_B2_stressor2_61_xx Box 1.wmv,1,novstressor,sec,329,90,99.76666667
61,250905_SEFL10N6d_B2_stressor2_61_xx Box 1.wmv,1,novstressor,sec,330,0,802.1333333
61,250905_SEFL10N6d_B2_stressor2_61_xx Box 1.wmv,1,novstressor,sec,331,0,348.8333333
61,250905_SEFL10N6d_B2_stressor2_61_xx Box 1.wmv,1,novstressor,sec,332,0,371.0333333
61,250905_SEFL10N6d_B2_stressor2_61_xx Box 1.wmv,1,novstressor,sec,333,0,358.6
61,250905_SEFL10N6d_B2_stressor2_61_xx Box 1.wmv,1,novstressor,sec,334,0,369.8333333
61,250905_SEFL10N6d_B2_stressor2_61_xx Box 1.wmv,1,novstressor,sec,335,0,550.3
61,250905_SEFL10N6d_B2_stressor2_61_xx Box 1.wmv,1,novstressor,sec,336,0,635.5333333
61,250905_SEFL10N6d_B2_stressor2_61_xx Box 1.wmv,1,novstressor,sec,337,0,733.3666667
61,250905_SEFL10N6d_B2_stressor2_61_xx Box 1.wmv,1,novstressor,sec,338,0,687.8
61,250905_SEFL10N6d_B2_stressor2_61_xx Box 1.wmv,1,novstressor,sec,339,0,782.8666667
61,250905_SEFL10N6d_B2_stressor2_61_xx Box 1.wmv,1,novstressor,sec,340,0,978.6666667
61,250905_SEFL10N6d_B2_stressor2_61_xx Box 1.wmv,1,novstressor,sec,341,0,969.3666667
61,250905_SEFL10N6d_B2_stressor2_61_xx Box 1.wmv,1,novstressor,sec,342,0,599.8333333
61,250905_SEFL10N6d_B2_stressor2_61_xx Box 1.wmv,1,novstressor,sec,343,0,724
61,250905_SEFL10N6d_B2_stressor2_61_xx Box 1.wmv,1,novstressor,sec,344,0,861.7
61,250905_SEFL10N6d_B2_stressor2_61_xx Box 1.wmv,1,novstressor,sec,345,23.33333333,348.9666667
61,250905_SEFL10N6d_B2_stressor2_61_xx Box 1.wmv,1,novstressor,sec,346,26.66666667,214.5333333
61,250905_SEFL10N6d_B2_stressor2_61_xx Box 1.wmv,1,novstressor,sec,347,0,368.8333333
61,250905_SEFL10N6d_B2_stressor2_61_xx Box 1.wmv,1,novstressor,sec,348,0,320.1333333
61,250905_SEFL10N6d_B2_stressor2_61_xx Box 1.wmv,1,novstressor,sec,349,60,78.7
61,250905_SEFL10N6d_B2_stressor2_61_xx Box 1.wmv,1,novstressor,sec,350,90,104.9
61,250905_SEFL10N6d_B2_stressor2_61_xx Box 1.wmv,1,novstressor,sec,351,86.66666667,61.46666667
61,250905_SEFL10N6d_B2_stressor2_61_xx Box 1.wmv,1,novstressor,sec,352,0,646.1666667
61,250905_SEFL10N6d_B2_stressor2_61_xx Box 1.wmv,1,novstressor,sec,353,0,438.4
61,250905_SEFL10N6d_B2_stressor2_61_xx Box 1.wmv,1,novstressor,sec,354,0,422.3
61,250905_SEFL10N6d_B2_stressor2_61_xx Box 1.wmv,1,novstressor,sec,355,0,668.7
61,250905_SEFL10N6d_B2_stressor2_61_xx Box 1.wmv,1,novstressor,sec,356,0,751.7
61,250905_SEFL10N6d_B2_stressor2_61_xx Box 1.wmv,1,novstressor,sec,357,0,599.8333333
61,250905_SEFL10N6d_B2_stressor2_61_xx Box 1.wmv,1,novstressor,sec,358,0,421.6333333
61,250905_SEFL10N6d_B2_stressor2_61_xx Box 1.wmv,1,novstressor,sec,359,0,1023.2
61,250905_SEFL10N6d_B2_stressor2_61_xx Box 1.wmv,1,novstressor,sec,360,0,1124.633333
61,250905_SEFL10N6d_B2_stressor2_61_xx Box 1.wmv,1,novstressor,sec,361,0,986.6333333
61,250905_SEFL10N6d_B2_stressor2_61_xx Box 1.wmv,1,novstressor,sec,362,0,946.2666667
61,250905_SEFL10N6d_B2_stressor2_61_xx Box 1.wmv,1,novstressor,sec,363,0,886.16
61,250905_SEFL10N6d_B2_stressor2_61_xx Box 1.wmv,1,novstressor,prepost,bl,15.74074074,653.9418519
61,250905_SEFL10N6d_B2_stressor2_61_xx Box 1.wmv,1,novstressor,prepost,post,33.67933272,467.2261353
61,250905_SEFL10N6d_B2_stressor2_61_xx Box 1.wmv,1,novstressor,startle,startle_post,71.11111111,160.7444444
61,250905_SEFL10N6d_B2_stressor2_61_xx Box 1.wmv,1,novstressor,startle,startle_pre,17.77777778,523.4444444
61,250905_SEFL10N6d_B2_stressor2_61_xx Box 1.wmv,1,novstressor,startle,startle_startle,2.222222222,1415.733333
41,250906_SEFL10N6d_B2_S2rec_g1,,sefltest,min,min01,1.67,279.87
41,250906_SEFL10N6d_B2_S2rec_g1,,sefltest,min,min02,38.06,67.54
41,250906_SEFL10N6d_B2_S2rec_g1,,sefltest,min,min03,25.44,148.73
41,250906_SEFL10N6d_B2_S2rec_g1,,sefltest,min,min04,22.83,113.37
41,250906_SEFL10N6d_B2_S2rec_g1,,sefltest,min,min05,40.33,95.08
41,250906_SEFL10N6d_B2_S2rec_g1,,sefltest,min,min06,40.39,145.73
41,250906_SEFL10N6d_B2_S2rec_g1,,sefltest,min,min07,19.39,137.67
41,250906_SEFL10N6d_B2_S2rec_g1,,sefltest,min,min08,17.94,99.9
41,250906_SEFL10N6d_B2_S2rec_g1,,sefltest,avg,avg,26.05,135.98
42,250906_SEFL10N6d_B2_S2rec_g1,,sefltest,min,min01,0,258.93
42,250906_SEFL10N6d_B2_S2rec_g1,,sefltest,min,min02,16.61,138.16
42,250906_SEFL10N6d_B2_S2rec_g1,,sefltest,min,min03,26.17,116.49
42,250906_SEFL10N6d_B2_S2rec_g1,,sefltest,min,min04,12,171.05
42,250906_SEFL10N6d_B2_S2rec_g1,,sefltest,min,min05,13.39,188.84
42,250906_SEFL10N6d_B2_S2rec_g1,,sefltest,min,min06,13.33,191.86
42,250906_SEFL10N6d_B2_S2rec_g1,,sefltest,min,min07,21.06,180.23
42,250906_SEFL10N6d_B2_S2rec_g1,,sefltest,min,min08,23.22,124.61
42,250906_SEFL10N6d_B2_S2rec_g1,,sefltest,avg,avg,15.74,171.27
43,250906_SEFL10N6d_B2_S2rec_g1,,sefltest,min,min01,10.61,197.24
43,250906_SEFL10N6d_B2_S2rec_g1,,sefltest,min,min02,25.17,94.18
43,250906_SEFL10N6d_B2_S2rec_g1,,sefltest,min,min03,12.11,161.55
43,250906_SEFL10N6d_B2_S2rec_g1,,sefltest,min,min04,21.39,123.2
43,250906_SEFL10N6d_B2_S2rec_g1,,sefltest,min,min05,19.06,148.81
43,250906_SEFL10N6d_B2_S2rec_g1,,sefltest,min,min06,33.17,115.87
43,250906_SEFL10N6d_B2_S2rec_g1,,sefltest,min,min07,37.44,115.99
43,250906_SEFL10N6d_B2_S2rec_g1,,sefltest,min,min08,9.89,121.99
43,250906_SEFL10N6d_B2_S2rec_g1,,sefltest,avg,avg,21.1,134.85
44,250906_SEFL10N6d_B2_S2rec_g1,,sefltest,min,min01,0,463.36
44,250906_SEFL10N6d_B2_S2rec_g1,,sefltest,min,min02,0,347.81
44,250906_SEFL10N6d_B2_S2rec_g1,,sefltest,min,min03,0,224.85
44,250906_SEFL10N6d_B2_S2rec_g1,,sefltest,min,min04,1.94,205.74
44,250906_SEFL10N6d_B2_S2rec_g1,,sefltest,min,min05,2.17,251.95
44,250906_SEFL10N6d_B2_S2rec_g1,,sefltest,min,min06,4.06,249.37
44,250906_SEFL10N6d_B2_S2rec_g1,,sefltest,min,min07,1.94,197.69
44,250906_SEFL10N6d_B2_S2rec_g1,,sefltest,min,min08,9,134.46
44,250906_SEFL10N6d_B2_S2rec_g1,,sefltest,avg,avg,2.65,259.4
45,250906_SEFL10N6d_B2_S2rec_g2,,sefltest,min,min01,5.61,208.31
45,250906_SEFL10N6d_B2_S2rec_g2,,sefltest,min,min02,44.39,63.77
45,250906_SEFL10N6d_B2_S2rec_g2,,sefltest,min,min03,10.28,175.92
45,250906_SEFL10N6d_B2_S2rec_g2,,sefltest,min,min04,22.39,170.09
45,250906_SEFL10N6d_B2_S2rec_g2,,sefltest,min,min05,26.89,138.17
45,250906_SEFL10N6d_B2_S2rec_g2,,sefltest,min,min06,36.22,135.17
45,250906_SEFL10N6d_B2_S2rec_g2,,sefltest,min,min07,30.72,114.92
45,250906_SEFL10N6d_B2_S2rec_g2,,sefltest,min,min08,26.06,135.25
45,250906_SEFL10N6d_B2_S2rec_g2,,sefltest,avg,avg,25.73,142.7
46,250906_SEFL10N6d_B2_S2rec_g2,,sefltest,min,min01,0,347.79
46,250906_SEFL10N6d_B2_S2rec_g2,,sefltest,min,min02,3.61,235.64
46,250906_SEFL10N6d_B2_S2rec_g2,,sefltest,min,min03,9.72,171.35
46,250906_SEFL10N6d_B2_S2rec_g2,,sefltest,min,min04,8.78,166.97
46,250906_SEFL10N6d_B2_S2rec_g2,,sefltest,min,min05,5.94,188.82
46,250906_SEFL10N6d_B2_S2rec_g2,,sefltest,min,min06,11.72,157.02
46,250906_SEFL10N6d_B2_S2rec_g2,,sefltest,min,min07,18.11,202.05
46,250906_SEFL10N6d_B2_S2rec_g2,,sefltest,min,min08,21.28,190.02
46,250906_SEFL10N6d_B2_S2rec_g2,,sefltest,avg,avg,10.13,207.46
47,250906_SEFL10N6d_B2_S2rec_g2,,sefltest,min,min01,0,215.01
47,250906_SEFL10N6d_B2_S2rec_g2,,sefltest,min,min02,20.78,74.23
47,250906_SEFL10N6d_B2_S2rec_g2,,sefltest,min,min03,22.06,106.78
47,250906_SEFL10N6d_B2_S2rec_g2,,sefltest,min,min04,17.22,98.05
47,250906_SEFL10N6d_B2_S2rec_g2,,sefltest,min,min05,23.67,89.09
47,250906_SEFL10N6d_B2_S2rec_g2,,sefltest,min,min06,24.44,70.34
47,250906_SEFL10N6d_B2_S2rec_g2,,sefltest,min,min07,30.61,79.98
47,250906_SEFL10N6d_B2_S2rec_g2,,sefltest,min,min08,39.39,35.68
47,250906_SEFL10N6d_B2_S2rec_g2,,sefltest,avg,avg,22.27,96.14
48,250906_SEFL10N6d_B2_S2rec_g2,,sefltest,min,min01,0,356.83
48,250906_SEFL10N6d_B2_S2rec_g2,,sefltest,min,min02,1.83,254.25
48,250906_SEFL10N6d_B2_S2rec_g2,,sefltest,min,min03,4.17,170.32
48,250906_SEFL10N6d_B2_S2rec_g2,,sefltest,min,min04,8.11,213.73
48,250906_SEFL10N6d_B2_S2rec_g2,,sefltest,min,min05,12.56,108.2
48,250906_SEFL10N6d_B2_S2rec_g2,,sefltest,min,min06,3.33,241.81
48,250906_SEFL10N6d_B2_S2rec_g2,,sefltest,min,min07,13.28,137.31
48,250906_SEFL10N6d_B2_S2rec_g2,,sefltest,min,min08,13,190.88
48,250906_SEFL10N6d_B2_S2rec_g2,,sefltest,avg,avg,7.03,209.17
49,250906_SEFL10N6d_B2_S2rec_g3,,sefltest,min,min01,6.33,188.18
49,250906_SEFL10N6d_B2_S2rec_g3,,sefltest,min,min02,20,116.53
49,250906_SEFL10N6d_B2_S2rec_g3,,sefltest,min,min03,32.89,75.85
49,250906_SEFL10N6d_B2_S2rec_g3,,sefltest,min,min04,13.11,138.48
49,250906_SEFL10N6d_B2_S2rec_g3,,sefltest,min,min05,32.11,101.47
49,250906_SEFL10N6d_B2_S2rec_g3,,sefltest,min,min06,12.67,250.72
49,250906_SEFL10N6d_B2_S2rec_g3,,sefltest,min,min07,10.39,184.75
49,250906_SEFL10N6d_B2_S2rec_g3,,sefltest,min,min08,23.5,138.92
49,250906_SEFL10N6d_B2_S2rec_g3,,sefltest,avg,avg,19.17,149.36
50,250906_SEFL10N6d_B2_S2rec_g3,,sefltest,min,min01,0,148.32
50,250906_SEFL10N6d_B2_S2rec_g3,,sefltest,min,min02,3.72,47.26
50,250906_SEFL10N6d_B2_S2rec_g3,,sefltest,min,min03,17.17,79.2
50,250906_SEFL10N6d_B2_S2rec_g3,,sefltest,min,min04,10,136.05
50,250906_SEFL10N6d_B2_S2rec_g3,,sefltest,min,min05,20.72,84.96
50,250906_SEFL10N6d_B2_S2rec_g3,,sefltest,min,min06,9.22,134.66
50,250906_SEFL10N6d_B2_S2rec_g3,,sefltest,min,min07,23.17,86.45
50,250906_SEFL10N6d_B2_S2rec_g3,,sefltest,min,min08,47.5,68.57
50,250906_SEFL10N6d_B2_S2rec_g3,,sefltest,avg,avg,16.65,98.19
51,250906_SEFL10N6d_B2_S2rec_g3,,sefltest,min,min01,1.89,171.46
51,250906_SEFL10N6d_B2_S2rec_g3,,sefltest,min,min02,19.33,85.54
51,250906_SEFL10N6d_B2_S2rec_g3,,sefltest,min,min03,23.89,102.13
51,250906_SEFL10N6d_B2_S2rec_g3,,sefltest,min,min04,57.44,44.37
51,250906_SEFL10N6d_B2_S2rec_g3,,sefltest,min,min05,9.72,152.75
51,250906_SEFL10N6d_B2_S2rec_g3,,sefltest,min,min06,17.56,133.63
51,250906_SEFL10N6d_B2_S2rec_g3,,sefltest,min,min07,18.17,140.31
51,250906_SEFL10N6d_B2_S2rec_g3,,sefltest,min,min08,6.44,170.88
51,250906_SEFL10N6d_B2_S2rec_g3,,sefltest,avg,avg,19.71,125.13
52,250906_SEFL10N6d_B2_S2rec_g3,,sefltest,min,min01,0,279.44
52,250906_SEFL10N6d_B2_S2rec_g3,,sefltest,min,min02,7.06,184.69
52,250906_SEFL10N6d_B2_S2rec_g3,,sefltest,min,min03,6.72,175.26
52,250906_SEFL10N6d_B2_S2rec_g3,,sefltest,min,min04,11.5,126.78
52,250906_SEFL10N6d_B2_S2rec_g3,,sefltest,min,min05,6.22,175.53
52,250906_SEFL10N6d_B2_S2rec_g3,,sefltest,min,min06,11.94,118.3
52,250906_SEFL10N6d_B2_S2rec_g3,,sefltest,min,min07,30.06,115.32
52,250906_SEFL10N6d_B2_S2rec_g3,,sefltest,min,min08,21.94,65.62
52,250906_SEFL10N6d_B2_S2rec_g3,,sefltest,avg,avg,11.98,155.12
53,250906_SEFL10N6d_B2_S2rec_g4,,sefltest,min,min01,0,154.29
53,250906_SEFL10N6d_B2_S2rec_g4,,sefltest,min,min02,14,90.62
53,250906_SEFL10N6d_B2_S2rec_g4,,sefltest,min,min03,15.33,120.63
53,250906_SEFL10N6d_B2_S2rec_g4,,sefltest,min,min04,2.11,190.14
53,250906_SEFL10N6d_B2_S2rec_g4,,sefltest,min,min05,15.39,152.55
53,250906_SEFL10N6d_B2_S2rec_g4,,sefltest,min,min06,12.72,164.28
53,250906_SEFL10N6d_B2_S2rec_g4,,sefltest,min,min07,11.33,192.53
53,250906_SEFL10N6d_B2_S2rec_g4,,sefltest,min,min08,6.33,170.85
53,250906_SEFL10N6d_B2_S2rec_g4,,sefltest,avg,avg,9.65,154.49
54,250906_SEFL10N6d_B2_S2rec_g4,,sefltest,min,min01,20.67,108.77
54,250906_SEFL10N6d_B2_S2rec_g4,,sefltest,min,min02,54,40.98
54,250906_SEFL10N6d_B2_S2rec_g4,,sefltest,min,min03,75.39,11.31
54,250906_SEFL10N6d_B2_S2rec_g4,,sefltest,min,min04,16.17,139.95
54,250906_SEFL10N6d_B2_S2rec_g4,,sefltest,min,min05,42.83,56.69
54,250906_SEFL10N6d_B2_S2rec_g4,,sefltest,min,min06,37.83,62.83
54,250906_SEFL10N6d_B2_S2rec_g4,,sefltest,min,min07,66.28,35.08
54,250906_SEFL10N6d_B2_S2rec_g4,,sefltest,min,min08,77.78,9.83
54,250906_SEFL10N6d_B2_S2rec_g4,,sefltest,avg,avg,48.94,58.18
55,250906_SEFL10N6d_B2_S2rec_g4,,sefltest,min,min01,12.83,93.69
55,250906_SEFL10N6d_B2_S2rec_g4,,sefltest,min,min02,11.22,105.5
55,250906_SEFL10N6d_B2_S2rec_g4,,sefltest,min,min03,49.39,34.81
55,250906_SEFL10N6d_B2_S2rec_g4,,sefltest,min,min04,23.67,90.58
55,250906_SEFL10N6d_B2_S2rec_g4,,sefltest,min,min05,15.17,99.15
55,250906_SEFL10N6d_B2_S2rec_g4,,sefltest,min,min06,29.11,75.68
55,250906_SEFL10N6d_B2_S2rec_g4,,sefltest,min,min07,46.67,47.15
55,250906_SEFL10N6d_B2_S2rec_g4,,sefltest,min,min08,43.28,51.49
55,250906_SEFL10N6d_B2_S2rec_g4,,sefltest,avg,avg,28.92,74.76
56,250906_SEFL10N6d_B2_S2rec_g4,,sefltest,min,min01,0,233.16
56,250906_SEFL10N6d_B2_S2rec_g4,,sefltest,min,min02,6.83,80.5
56,250906_SEFL10N6d_B2_S2rec_g4,,sefltest,min,min03,8.33,148.98
56,250906_SEFL10N6d_B2_S2rec_g4,,sefltest,min,min04,36.06,88.03
56,250906_SEFL10N6d_B2_S2rec_g4,,sefltest,min,min05,27.83,87.44
56,250906_SEFL10N6d_B2_S2rec_g4,,sefltest,min,min06,28.22,92.21
56,250906_SEFL10N6d_B2_S2rec_g4,,sefltest,min,min07,14.78,71.75
56,250906_SEFL10N6d_B2_S2rec_g4,,sefltest,min,min08,21.28,97.75
56,250906_SEFL10N6d_B2_S2rec_g4,,sefltest,avg,avg,18,112.48
57,250906_SEFL10N6d_B2_S2rec_g5,,sefltest,min,min01,21.83,128.63
57,250906_SEFL10N6d_B2_S2rec_g5,,sefltest,min,min02,32.94,107.65
57,250906_SEFL10N6d_B2_S2rec_g5,,sefltest,min,min03,30.78,81.54
57,250906_SEFL10N6d_B2_S2rec_g5,,sefltest,min,min04,24,123.8
57,250906_SEFL10N6d_B2_S2rec_g5,,sefltest,min,min05,12.72,141.32
57,250906_SEFL10N6d_B2_S2rec_g5,,sefltest,min,min06,22.11,164.08
57,250906_SEFL10N6d_B2_S2rec_g5,,sefltest,min,min07,17.5,95.21
57,250906_SEFL10N6d_B2_S2rec_g5,,sefltest,min,min08,22.78,137.51
57,250906_SEFL10N6d_B2_S2rec_g5,,sefltest,avg,avg,23.87,122.47
58,250906_SEFL10N6d_B2_S2rec_g5,,sefltest,min,min01,3.5,198
58,250906_SEFL10N6d_B2_S2rec_g5,,sefltest,min,min02,21.39,152.33
58,250906_SEFL10N6d_B2_S2rec_g5,,sefltest,min,min03,8.5,208.44
58,250906_SEFL10N6d_B2_S2rec_g5,,sefltest,min,min04,15.44,219.91
58,250906_SEFL10N6d_B2_S2rec_g5,,sefltest,min,min05,7.83,191.71
58,250906_SEFL10N6d_B2_S2rec_g5,,sefltest,min,min06,21.94,190.01
58,250906_SEFL10N6d_B2_S2rec_g5,,sefltest,min,min07,16.22,185.67
58,250906_SEFL10N6d_B2_S2rec_g5,,sefltest,min,min08,13.72,211.71
58,250906_SEFL10N6d_B2_S2rec_g5,,sefltest,avg,avg,13.57,194.72
59,250906_SEFL10N6d_B2_S2rec_g5,,sefltest,min,min01,0,255.32
59,250906_SEFL10N6d_B2_S2rec_g5,,sefltest,min,min02,1.72,192.27
59,250906_SEFL10N6d_B2_S2rec_g5,,sefltest,min,min03,1.78,208.64
59,250906_SEFL10N6d_B2_S2rec_g5,,sefltest,min,min04,2.17,167.67
59,250906_SEFL10N6d_B2_S2rec_g5,,sefltest,min,min05,7.89,185.49
59,250906_SEFL10N6d_B2_S2rec_g5,,sefltest,min,min06,2.28,244.44
59,250906_SEFL10N6d_B2_S2rec_g5,,sefltest,min,min07,11.5,221.76
59,250906_SEFL10N6d_B2_S2rec_g5,,sefltest,min,min08,6.67,234.78
59,250906_SEFL10N6d_B2_S2rec_g5,,sefltest,avg,avg,4.51,213.8
60,250906_SEFL10N6d_B2_S2rec_g5,,sefltest,min,min01,1.83,360.71
60,250906_SEFL10N6d_B2_S2rec_g5,,sefltest,min,min02,8.06,320
60,250906_SEFL10N6d_B2_S2rec_g5,,sefltest,min,min03,12.94,220.06
60,250906_SEFL10N6d_B2_S2rec_g5,,sefltest,min,min04,12.33,198.93
60,250906_SEFL10N6d_B2_S2rec_g5,,sefltest,min,min05,24.11,158.1
60,250906_SEFL10N6d_B2_S2rec_g5,,sefltest,min,min06,12.11,214.16
60,250906_SEFL10N6d_B2_S2rec_g5,,sefltest,min,min07,46.33,91.59
60,250906_SEFL10N6d_B2_S2rec_g5,,sefltest,min,min08,33.89,154.76
60,250906_SEFL10N6d_B2_S2rec_g5,,sefltest,avg,avg,19.09,214.79
61,250906_SEFL10N6d_B2_S2rec_g6,,sefltest,min,min01,8,197.76
61,250906_SEFL10N6d_B2_S2rec_g6,,sefltest,min,min02,7.44,176.22
61,250906_SEFL10N6d_B2_S2rec_g6,,sefltest,min,min03,22.56,96.23
61,250906_SEFL10N6d_B2_S2rec_g6,,sefltest,min,min04,22.72,143.55
61,250906_SEFL10N6d_B2_S2rec_g6,,sefltest,min,min05,36.11,140.11
61,250906_SEFL10N6d_B2_S2rec_g6,,sefltest,min,min06,69.17,29.58
61,250906_SEFL10N6d_B2_S2rec_g6,,sefltest,min,min07,50.67,80.4
61,250906_SEFL10N6d_B2_S2rec_g6,,sefltest,min,min08,41.33,84.93
61,250906_SEFL10N6d_B2_S2rec_g6,,sefltest,avg,avg,32.25,118.6