Animal,testnum,File,Location_Thresh,Use_Window,Window_Weight,Window_Size,Start_Frame,ROI_coordinates,ROI_location,ROI_transition,bin,range(f),light,dark,Distance_px,Distance_in
1,1,LD1_01_02_03_06_2023-03-01 12-34-03.mkv,99,TRUE,0.5,50,1800,"{'xs': [[5.347792832167835, 105.96317744755245, 103.67646416083916, 3.061079545454548], [3.061079545454548, 103.67646416083916, 103.67646416083916, 2.2988417832167856]], 'ys': [[2.317897727272709, 1.8224431818181637, 108.84062499999999, 109.33607954545454], [109.33607954545454, 108.84062499999999, 215.36335227272727, 215.36335227272727]]}",dark,FALSE,0,"(0, 1800)",0.411993337,0.59244864,1159.951659,116.9129324
1,1,LD1_01_02_03_06_2023-03-01 12-34-03.mkv,99,TRUE,0.5,50,1800,"{'xs': [[5.347792832167835, 105.96317744755245, 103.67646416083916, 3.061079545454548], [3.061079545454548, 103.67646416083916, 103.67646416083916, 2.2988417832167856]], 'ys': [[2.317897727272709, 1.8224431818181637, 108.84062499999999, 109.33607954545454], [109.33607954545454, 108.84062499999999, 215.36335227272727, 215.36335227272727]]}",dark,FALSE,1,"(1800, 3600)",0,1,768.9168799,77.50006349
1,1,LD1_01_02_03_06_2023-03-01 12-34-03.mkv,99,TRUE,0.5,50,1800,"{'xs': [[5.347792832167835, 105.96317744755245, 103.67646416083916, 3.061079545454548], [3.061079545454548, 103.67646416083916, 103.67646416083916, 2.2988417832167856]], 'ys': [[2.317897727272709, 1.8224431818181637, 108.84062499999999, 109.33607954545454], [109.33607954545454, 108.84062499999999, 215.36335227272727, 215.36335227272727]]}",dark,FALSE,2,"(3600, 5400)",0.023320378,0.980566352,725.8435298,73.15864837
1,1,LD1_01_02_03_06_2023-03-01 12-34-03.mkv,99,TRUE,0.5,50,1800,"{'xs': [[5.347792832167835, 105.96317744755245, 103.67646416083916, 3.061079545454548], [3.061079545454548, 103.67646416083916, 103.67646416083916, 2.2988417832167856]], 'ys': [[2.317897727272709, 1.8224431818181637, 108.84062499999999, 109.33607954545454], [109.33607954545454, 108.84062499999999, 215.36335227272727, 215.36335227272727]]}",dark,FALSE,3,"(5400, 7200)",0.248750694,0.751249306,832.3759545,83.89618046
1,1,LD1_01_02_03_06_2023-03-01 12-34-03.mkv,99,TRUE,0.5,50,1800,"{'xs': [[5.347792832167835, 105.96317744755245, 103.67646416083916, 3.061079545454548], [3.061079545454548, 103.67646416083916, 103.67646416083916, 2.2988417832167856]], 'ys': [[2.317897727272709, 1.8224431818181637, 108.84062499999999, 109.33607954545454], [109.33607954545454, 108.84062499999999, 215.36335227272727, 215.36335227272727]]}",dark,FALSE,4,"(7200, 9000)",0,1,603.7308625,60.85076476
4,1,LD1_04_05_10_11_2023-03-01 11-49-34.mkv,99,TRUE,0.5,50,1800,"{'xs': [[5.347792832167835, 105.96317744755245, 103.67646416083916, 3.061079545454548], [3.061079545454548, 103.67646416083916, 103.67646416083916, 2.2988417832167856]], 'ys': [[2.317897727272709, 1.8224431818181637, 108.84062499999999, 109.33607954545454], [109.33607954545454, 108.84062499999999, 215.36335227272727, 215.36335227272727]]}",dark,FALSE,0,"(0, 1800)",0.6191005,0.3808995,1620.157834,163.2976701
4,1,LD1_04_05_10_11_2023-03-01 11-49-34.mkv,99,TRUE,0.5,50,1800,"{'xs': [[5.347792832167835, 105.96317744755245, 103.67646416083916, 3.061079545454548], [3.061079545454548, 103.67646416083916, 103.67646416083916, 2.2988417832167856]], 'ys': [[2.317897727272709, 1.8224431818181637, 108.84062499999999, 109.33607954545454], [109.33607954545454, 108.84062499999999, 215.36335227272727, 215.36335227272727]]}",dark,FALSE,1,"(1800, 3600)",0.112715158,0.887284842,1040.983381,104.9219757
4,1,LD1_04_05_10_11_2023-03-01 11-49-34.mkv,99,TRUE,0.5,50,1800,"{'xs': [[5.347792832167835, 105.96317744755245, 103.67646416083916, 3.061079545454548], [3.061079545454548, 103.67646416083916, 103.67646416083916, 2.2988417832167856]], 'ys': [[2.317897727272709, 1.8224431818181637, 108.84062499999999, 109.33607954545454], [109.33607954545454, 108.84062499999999, 215.36335227272727, 215.36335227272727]]}",dark,FALSE,2,"(3600, 5400)",0.212104386,0.790116602,919.7152409,92.69921291
4,1,LD1_04_05_10_11_2023-03-01 11-49-34.mkv,99,TRUE,0.5,50,1800,"{'xs': [[5.347792832167835, 105.96317744755245, 103.67646416083916, 3.061079545454548], [3.061079545454548, 103.67646416083916, 103.67646416083916, 2.2988417832167856]], 'ys': [[2.317897727272709, 1.8224431818181637, 108.84062499999999, 109.33607954545454], [109.33607954545454, 108.84062499999999, 215.36335227272727, 215.36335227272727]]}",dark,FALSE,3,"(5400, 7200)",0.104941699,0.898945031,858.5938918,86.53871812
4,1,LD1_04_05_10_11_2023-03-01 11-49-34.mkv,99,TRUE,0.5,50,1800,"{'xs': [[5.347792832167835, 105.96317744755245, 103.67646416083916, 3.061079545454548], [3.061079545454548, 103.67646416083916, 103.67646416083916, 2.2988417832167856]], 'ys': [[2.317897727272709, 1.8224431818181637, 108.84062499999999, 109.33607954545454], [109.33607954545454, 108.84062499999999, 215.36335227272727, 215.36335227272727]]}",dark,FALSE,4,"(7200, 9000)",0.468888889,0.533333333,948.6774354,95.61834757
7,1,LD1_07_08_09_13_2023-03-01 12-47-50.mkv,99,TRUE,0.5,50,1800,"{'xs': [[5.347792832167835, 105.96317744755245, 103.67646416083916, 3.061079545454548], [3.061079545454548, 103.67646416083916, 103.67646416083916, 2.2988417832167856]], 'ys': [[2.317897727272709, 1.8224431818181637, 108.84062499999999, 109.33607954545454], [109.33607954545454, 108.84062499999999, 215.36335227272727, 215.36335227272727]]}",dark,FALSE,0,"(0, 1800)",0,1,386.6264536,38.96854846
7,1,LD1_07_08_09_13_2023-03-01 12-47-50.mkv,99,TRUE,0.5,50,1800,"{'xs': [[5.347792832167835, 105.96317744755245, 103.67646416083916, 3.061079545454548], [3.061079545454548, 103.67646416083916, 103.67646416083916, 2.2988417832167856]], 'ys': [[2.317897727272709, 1.8224431818181637, 108.84062499999999, 109.33607954545454], [109.33607954545454, 108.84062499999999, 215.36335227272727, 215.36335227272727]]}",dark,FALSE,1,"(1800, 3600)",0.047751249,0.95613548,668.2140995,67.3501083
7,1,LD1_07_08_09_13_2023-03-01 12-47-50.mkv,99,TRUE,0.5,50,1800,"{'xs': [[5.347792832167835, 105.96317744755245, 103.67646416083916, 3.061079545454548], [3.061079545454548, 103.67646416083916, 103.67646416083916, 2.2988417832167856]], 'ys': [[2.317897727272709, 1.8224431818181637, 108.84062499999999, 109.33607954545454], [109.33607954545454, 108.84062499999999, 215.36335227272727, 215.36335227272727]]}",dark,FALSE,2,"(3600, 5400)",0,1,579.9449284,58.45335165
7,1,LD1_07_08_09_13_2023-03-01 12-47-50.mkv,99,TRUE,0.5,50,1800,"{'xs': [[5.347792832167835, 105.96317744755245, 103.67646416083916, 3.061079545454548], [3.061079545454548, 103.67646416083916, 103.67646416083916, 2.2988417832167856]], 'ys': [[2.317897727272709, 1.8224431818181637, 108.84062499999999, 109.33607954545454], [109.33607954545454, 108.84062499999999, 215.36335227272727, 215.36335227272727]]}",dark,FALSE,3,"(5400, 7200)",0.014436424,0.988895058,902.7409143,90.98834998
7,1,LD1_07_08_09_13_2023-03-01 12-47-50.mkv,99,TRUE,0.5,50,1800,"{'xs': [[5.347792832167835, 105.96317744755245, 103.67646416083916, 3.061079545454548], [3.061079545454548, 103.67646416083916, 103.67646416083916, 2.2988417832167856]], 'ys': [[2.317897727272709, 1.8224431818181637, 108.84062499999999, 109.33607954545454], [109.33607954545454, 108.84062499999999, 215.36335227272727, 215.36335227272727]]}",dark,FALSE,4,"(7200, 9000)",0,1,773.7882937,77.99105918
12,1,LD1_12_16_17_18_2023-03-01 12-03-20.mkv,99,TRUE,0.5,50,1800,"{'xs': [[5.347792832167835, 105.96317744755245, 103.67646416083916, 3.061079545454548], [3.061079545454548, 103.67646416083916, 103.67646416083916, 2.2988417832167856]], 'ys': [[2.317897727272709, 1.8224431818181637, 108.84062499999999, 109.33607954545454], [109.33607954545454, 108.84062499999999, 215.36335227272727, 215.36335227272727]]}",dark,FALSE,0,"(0, 1800)",0.395335924,0.606329817,1503.858992,151.575769
12,1,LD1_12_16_17_18_2023-03-01 12-03-20.mkv,99,TRUE,0.5,50,1800,"{'xs': [[5.347792832167835, 105.96317744755245, 103.67646416083916, 3.061079545454548], [3.061079545454548, 103.67646416083916, 103.67646416083916, 2.2988417832167856]], 'ys': [[2.317897727272709, 1.8224431818181637, 108.84062499999999, 109.33607954545454], [109.33607954545454, 108.84062499999999, 215.36335227272727, 215.36335227272727]]}",dark,FALSE,1,"(1800, 3600)",0.550805108,0.450305386,1356.276243,136.700725
12,1,LD1_12_16_17_18_2023-03-01 12-03-20.mkv,99,TRUE,0.5,50,1800,"{'xs': [[5.347792832167835, 105.96317744755245, 103.67646416083916, 3.061079545454548], [3.061079545454548, 103.67646416083916, 103.67646416083916, 2.2988417832167856]], 'ys': [[2.317897727272709, 1.8224431818181637, 108.84062499999999, 109.33607954545454], [109.33607954545454, 108.84062499999999, 215.36335227272727, 215.36335227272727]]}",dark,FALSE,2,"(3600, 5400)",0.390338701,0.611327041,1081.149972,108.9704149
12,1,LD1_12_16_17_18_2023-03-01 12-03-20.mkv,99,TRUE,0.5,50,1800,"{'xs': [[5.347792832167835, 105.96317744755245, 103.67646416083916, 3.061079545454548], [3.061079545454548, 103.67646416083916, 103.67646416083916, 2.2988417832167856]], 'ys': [[2.317897727272709, 1.8224431818181637, 108.84062499999999, 109.33607954545454], [109.33607954545454, 108.84062499999999, 215.36335227272727, 215.36335227272727]]}",dark,FALSE,3,"(5400, 7200)",0.221543587,0.77901166,850.8599109,85.75920082
12,1,LD1_12_16_17_18_2023-03-01 12-03-20.mkv,99,TRUE,0.5,50,1800,"{'xs': [[5.347792832167835, 105.96317744755245, 103.67646416083916, 3.061079545454548], [3.061079545454548, 103.67646416083916, 103.67646416083916, 2.2988417832167856]], 'ys': [[2.317897727272709, 1.8224431818181637, 108.84062499999999, 109.33607954545454], [109.33607954545454, 108.84062499999999, 215.36335227272727, 215.36335227272727]]}",dark,FALSE,4,"(7200, 9000)",0.054444444,0.946111111,519.6136234,52.37248636
14,1,LD1_14_15_23_24_2023-03-01 13-03-00.mkv,99,TRUE,0.5,50,1800,"{'xs': [[5.347792832167835, 105.96317744755245, 103.67646416083916, 3.061079545454548], [3.061079545454548, 103.67646416083916, 103.67646416083916, 2.2988417832167856]], 'ys': [[2.317897727272709, 1.8224431818181637, 108.84062499999999, 109.33607954545454], [109.33607954545454, 108.84062499999999, 215.36335227272727, 215.36335227272727]]}",dark,FALSE,0,"(0, 1800)",0,1,713.927561,71.95762344
14,1,LD1_14_15_23_24_2023-03-01 13-03-00.mkv,99,TRUE,0.5,50,1800,"{'xs': [[5.347792832167835, 105.96317744755245, 103.67646416083916, 3.061079545454548], [3.061079545454548, 103.67646416083916, 103.67646416083916, 2.2988417832167856]], 'ys': [[2.317897727272709, 1.8224431818181637, 108.84062499999999, 109.33607954545454], [109.33607954545454, 108.84062499999999, 215.36335227272727, 215.36335227272727]]}",dark,FALSE,1,"(1800, 3600)",0,1,470.8996608,47.46254708
14,1,LD1_14_15_23_24_2023-03-01 13-03-00.mkv,99,TRUE,0.5,50,1800,"{'xs': [[5.347792832167835, 105.96317744755245, 103.67646416083916, 3.061079545454548], [3.061079545454548, 103.67646416083916, 103.67646416083916, 2.2988417832167856]], 'ys': [[2.317897727272709, 1.8224431818181637, 108.84062499999999, 109.33607954545454], [109.33607954545454, 108.84062499999999, 215.36335227272727, 215.36335227272727]]}",dark,FALSE,2,"(3600, 5400)",0.598556358,0.403109384,422.2386387,42.55794373
14,1,LD1_14_15_23_24_2023-03-01 13-03-00.mkv,99,TRUE,0.5,50,1800,"{'xs': [[5.347792832167835, 105.96317744755245, 103.67646416083916, 3.061079545454548], [3.061079545454548, 103.67646416083916, 103.67646416083916, 2.2988417832167856]], 'ys': [[2.317897727272709, 1.8224431818181637, 108.84062499999999, 109.33607954545454], [109.33607954545454, 108.84062499999999, 215.36335227272727, 215.36335227272727]]}",dark,FALSE,3,"(5400, 7200)",1,0,428.331025,43.17200272
14,1,LD1_14_15_23_24_2023-03-01 13-03-00.mkv,99,TRUE,0.5,50,1800,"{'xs': [[5.347792832167835, 105.96317744755245, 103.67646416083916, 3.061079545454548], [3.061079545454548, 103.67646416083916, 103.67646416083916, 2.2988417832167856]], 'ys': [[2.317897727272709, 1.8224431818181637, 108.84062499999999, 109.33607954545454], [109.33607954545454, 108.84062499999999, 215.36335227272727, 215.36335227272727]]}",dark,FALSE,4,"(7200, 9000)",0.201111111,0.801666667,735.482123,74.13013385
19,1,LD1_19_20_21_22_2023-03-01 12-18-16.mkv,99,TRUE,0.5,50,1800,"{'xs': [[5.347792832167835, 105.96317744755245, 103.67646416083916, 3.061079545454548], [3.061079545454548, 103.67646416083916, 103.67646416083916, 2.2988417832167856]], 'ys': [[2.317897727272709, 1.8224431818181637, 108.84062499999999, 109.33607954545454], [109.33607954545454, 108.84062499999999, 215.36335227272727, 215.36335227272727]]}",light,FALSE,0,"(0, 1800)",0.337590228,0.663520267,2029.950841,204.6012035
19,1,LD1_19_20_21_22_2023-03-01 12-18-16.mkv,99,TRUE,0.5,50,1800,"{'xs': [[5.347792832167835, 105.96317744755245, 103.67646416083916, 3.061079545454548], [3.061079545454548, 103.67646416083916, 103.67646416083916, 2.2988417832167856]], 'ys': [[2.317897727272709, 1.8224431818181637, 108.84062499999999, 109.33607954545454], [109.33607954545454, 108.84062499999999, 215.36335227272727, 215.36335227272727]]}",light,FALSE,1,"(1800, 3600)",0.503609106,0.499722376,2004.000715,201.9856589
19,1,LD1_19_20_21_22_2023-03-01 12-18-16.mkv,99,TRUE,0.5,50,1800,"{'xs': [[5.347792832167835, 105.96317744755245, 103.67646416083916, 3.061079545454548], [3.061079545454548, 103.67646416083916, 103.67646416083916, 2.2988417832167856]], 'ys': [[2.317897727272709, 1.8224431818181637, 108.84062499999999, 109.33607954545454], [109.33607954545454, 108.84062499999999, 215.36335227272727, 215.36335227272727]]}",light,FALSE,2,"(3600, 5400)",0.533037202,0.469183787,2634.318133,265.5161148
19,1,LD1_19_20_21_22_2023-03-01 12-18-16.mkv,99,TRUE,0.5,50,1800,"{'xs': [[5.347792832167835, 105.96317744755245, 103.67646416083916, 3.061079545454548], [3.061079545454548, 103.67646416083916, 103.67646416083916, 2.2988417832167856]], 'ys': [[2.317897727272709, 1.8224431818181637, 108.84062499999999, 109.33607954545454], [109.33607954545454, 108.84062499999999, 215.36335227272727, 215.36335227272727]]}",light,FALSE,3,"(5400, 7200)",0.536368684,0.465852304,2076.155116,209.2581884
19,1,LD1_19_20_21_22_2023-03-01 12-18-16.mkv,99,TRUE,0.5,50,1800,"{'xs': [[5.347792832167835, 105.96317744755245, 103.67646416083916, 3.061079545454548], [3.061079545454548, 103.67646416083916, 103.67646416083916, 2.2988417832167856]], 'ys': [[2.317897727272709, 1.8224431818181637, 108.84062499999999, 109.33607954545454], [109.33607954545454, 108.84062499999999, 215.36335227272727, 215.36335227272727]]}",light,FALSE,4,"(7200, 9000)",0.502777778,0.498333333,2015.178645,203.112296
2,1,LD1_01_02_03_06_2023-03-01 12-34-03.mkv,99,TRUE,0.5,50,1800,"{'xs': [[1.6093750000000004, 101.08305921052633, 101.08305921052633, 1.6093750000000004, 1.6093750000000004], [1.6093750000000004, 101.08305921052633, 100.2935855263158, 0.8199013157894741]], 'ys': [[1.8276601830663686, 1.331092677345545, 106.6034038901602, 107.09997139588101, 107.09997139588101], [107.09997139588101, 106.6034038901602, 214.85512013729976, 214.85512013729976]]}",dark,FALSE,0,"(0, 1800)",0.428095502,0.576901721,1857.411339,186.1868186
2,1,LD1_01_02_03_06_2023-03-01 12-34-03.mkv,99,TRUE,0.5,50,1800,"{'xs': [[1.6093750000000004, 101.08305921052633, 101.08305921052633, 1.6093750000000004, 1.6093750000000004], [1.6093750000000004, 101.08305921052633, 100.2935855263158, 0.8199013157894741]], 'ys': [[1.8276601830663686, 1.331092677345545, 106.6034038901602, 107.09997139588101, 107.09997139588101], [107.09997139588101, 106.6034038901602, 214.85512013729976, 214.85512013729976]]}",dark,FALSE,1,"(1800, 3600)",0.257634647,0.746807329,1288.765694,129.1858079
2,1,LD1_01_02_03_06_2023-03-01 12-34-03.mkv,99,TRUE,0.5,50,1800,"{'xs': [[1.6093750000000004, 101.08305921052633, 101.08305921052633, 1.6093750000000004, 1.6093750000000004], [1.6093750000000004, 101.08305921052633, 100.2935855263158, 0.8199013157894741]], 'ys': [[1.8276601830663686, 1.331092677345545, 106.6034038901602, 107.09997139588101, 107.09997139588101], [107.09997139588101, 106.6034038901602, 214.85512013729976, 214.85512013729976]]}",dark,FALSE,2,"(3600, 5400)",0.175458079,0.824541921,1107.04451,110.9700856
2,1,LD1_01_02_03_06_2023-03-01 12-34-03.mkv,99,TRUE,0.5,50,1800,"{'xs': [[1.6093750000000004, 101.08305921052633, 101.08305921052633, 1.6093750000000004, 1.6093750000000004], [1.6093750000000004, 101.08305921052633, 100.2935855263158, 0.8199013157894741]], 'ys': [[1.8276601830663686, 1.331092677345545, 106.6034038901602, 107.09997139588101, 107.09997139588101], [107.09997139588101, 106.6034038901602, 214.85512013729976, 214.85512013729976]]}",dark,FALSE,3,"(5400, 7200)",0,1,783.7826411,78.56633227
2,1,LD1_01_02_03_06_2023-03-01 12-34-03.mkv,99,TRUE,0.5,50,1800,"{'xs': [[1.6093750000000004, 101.08305921052633, 101.08305921052633, 1.6093750000000004, 1.6093750000000004], [1.6093750000000004, 101.08305921052633, 100.2935855263158, 0.8199013157894741]], 'ys': [[1.8276601830663686, 1.331092677345545, 106.6034038901602, 107.09997139588101, 107.09997139588101], [107.09997139588101, 106.6034038901602, 214.85512013729976, 214.85512013729976]]}",dark,FALSE,4,"(7200, 9000)",0.415,0.586111111,1071.495055,107.4066101
5,1,LD1_04_05_10_11_2023-03-01 11-49-34.mkv,99,TRUE,0.5,50,1800,"{'xs': [[1.6093750000000004, 101.08305921052633, 101.08305921052633, 1.6093750000000004, 1.6093750000000004], [1.6093750000000004, 101.08305921052633, 100.2935855263158, 0.8199013157894741]], 'ys': [[1.8276601830663686, 1.331092677345545, 106.6034038901602, 107.09997139588101, 107.09997139588101], [107.09997139588101, 106.6034038901602, 214.85512013729976, 214.85512013729976]]}",dark,FALSE,0,"(0, 1800)",0.143808995,0.856191005,913.5166004,91.57085778
5,1,LD1_04_05_10_11_2023-03-01 11-49-34.mkv,99,TRUE,0.5,50,1800,"{'xs': [[1.6093750000000004, 101.08305921052633, 101.08305921052633, 1.6093750000000004, 1.6093750000000004], [1.6093750000000004, 101.08305921052633, 100.2935855263158, 0.8199013157894741]], 'ys': [[1.8276601830663686, 1.331092677345545, 106.6034038901602, 107.09997139588101, 107.09997139588101], [107.09997139588101, 106.6034038901602, 214.85512013729976, 214.85512013729976]]}",dark,FALSE,1,"(1800, 3600)",0.409217102,0.590782898,1083.821648,108.6422272
5,1,LD1_04_05_10_11_2023-03-01 11-49-34.mkv,99,TRUE,0.5,50,1800,"{'xs': [[1.6093750000000004, 101.08305921052633, 101.08305921052633, 1.6093750000000004, 1.6093750000000004], [1.6093750000000004, 101.08305921052633, 100.2935855263158, 0.8199013157894741]], 'ys': [[1.8276601830663686, 1.331092677345545, 106.6034038901602, 107.09997139588101, 107.09997139588101], [107.09997139588101, 106.6034038901602, 214.85512013729976, 214.85512013729976]]}",dark,FALSE,2,"(3600, 5400)",0.218212104,0.783453637,1167.305704,117.0106646
5,1,LD1_04_05_10_11_2023-03-01 11-49-34.mkv,99,TRUE,0.5,50,1800,"{'xs': [[1.6093750000000004, 101.08305921052633, 101.08305921052633, 1.6093750000000004, 1.6093750000000004], [1.6093750000000004, 101.08305921052633, 100.2935855263158, 0.8199013157894741]], 'ys': [[1.8276601830663686, 1.331092677345545, 106.6034038901602, 107.09997139588101, 107.09997139588101], [107.09997139588101, 106.6034038901602, 214.85512013729976, 214.85512013729976]]}",dark,FALSE,3,"(5400, 7200)",0.392559689,0.608550805,1067.484467,107.0045889
5,1,LD1_04_05_10_11_2023-03-01 11-49-34.mkv,99,TRUE,0.5,50,1800,"{'xs': [[1.6093750000000004, 101.08305921052633, 101.08305921052633, 1.6093750000000004, 1.6093750000000004], [1.6093750000000004, 101.08305921052633, 100.2935855263158, 0.8199013157894741]], 'ys': [[1.8276601830663686, 1.331092677345545, 106.6034038901602, 107.09997139588101, 107.09997139588101], [107.09997139588101, 106.6034038901602, 214.85512013729976, 214.85512013729976]]}",dark,FALSE,4,"(7200, 9000)",0.32,0.68,818.379293,82.03429891
8,1,LD1_07_08_09_13_2023-03-01 12-47-50.mkv,99,TRUE,0.5,50,1800,"{'xs': [[1.6093750000000004, 101.08305921052633, 101.08305921052633, 1.6093750000000004, 1.6093750000000004], [1.6093750000000004, 101.08305921052633, 100.2935855263158, 0.8199013157894741]], 'ys': [[1.8276601830663686, 1.331092677345545, 106.6034038901602, 107.09997139588101, 107.09997139588101], [107.09997139588101, 106.6034038901602, 214.85512013729976, 214.85512013729976]]}",light,FALSE,0,"(0, 1800)",0.693503609,0.309272626,2324.655045,233.023304
8,1,LD1_07_08_09_13_2023-03-01 12-47-50.mkv,99,TRUE,0.5,50,1800,"{'xs': [[1.6093750000000004, 101.08305921052633, 101.08305921052633, 1.6093750000000004, 1.6093750000000004], [1.6093750000000004, 101.08305921052633, 100.2935855263158, 0.8199013157894741]], 'ys': [[1.8276601830663686, 1.331092677345545, 106.6034038901602, 107.09997139588101, 107.09997139588101], [107.09997139588101, 106.6034038901602, 214.85512013729976, 214.85512013729976]]}",light,FALSE,1,"(1800, 3600)",0.412548584,0.591338145,1568.640666,157.2404609
8,1,LD1_07_08_09_13_2023-03-01 12-47-50.mkv,99,TRUE,0.5,50,1800,"{'xs': [[1.6093750000000004, 101.08305921052633, 101.08305921052633, 1.6093750000000004, 1.6093750000000004], [1.6093750000000004, 101.08305921052633, 100.2935855263158, 0.8199013157894741]], 'ys': [[1.8276601830663686, 1.331092677345545, 106.6034038901602, 107.09997139588101, 107.09997139588101], [107.09997139588101, 106.6034038901602, 214.85512013729976, 214.85512013729976]]}",light,FALSE,2,"(3600, 5400)",0.334258745,0.670183232,1360.710249,136.3975265
8,1,LD1_07_08_09_13_2023-03-01 12-47-50.mkv,99,TRUE,0.5,50,1800,"{'xs': [[1.6093750000000004, 101.08305921052633, 101.08305921052633, 1.6093750000000004, 1.6093750000000004], [1.6093750000000004, 101.08305921052633, 100.2935855263158, 0.8199013157894741]], 'ys': [[1.8276601830663686, 1.331092677345545, 106.6034038901602, 107.09997139588101, 107.09997139588101], [107.09997139588101, 106.6034038901602, 214.85512013729976, 214.85512013729976]]}",light,FALSE,3,"(5400, 7200)",0.541921155,0.459744586,1455.37863,145.8870802
8,1,LD1_07_08_09_13_2023-03-01 12-47-50.mkv,99,TRUE,0.5,50,1800,"{'xs': [[1.6093750000000004, 101.08305921052633, 101.08305921052633, 1.6093750000000004, 1.6093750000000004], [1.6093750000000004, 101.08305921052633, 100.2935855263158, 0.8199013157894741]], 'ys': [[1.8276601830663686, 1.331092677345545, 106.6034038901602, 107.09997139588101, 107.09997139588101], [107.09997139588101, 106.6034038901602, 214.85512013729976, 214.85512013729976]]}",light,FALSE,4,"(7200, 9000)",0.293888889,0.708333333,1155.67739,115.8450431
16,1,LD1_12_16_17_18_2023-03-01 12-03-20.mkv,99,TRUE,0.5,50,1800,"{'xs': [[1.6093750000000004, 101.08305921052633, 101.08305921052633, 1.6093750000000004, 1.6093750000000004], [1.6093750000000004, 101.08305921052633, 100.2935855263158, 0.8199013157894741]], 'ys': [[1.8276601830663686, 1.331092677345545, 106.6034038901602, 107.09997139588101, 107.09997139588101], [107.09997139588101, 106.6034038901602, 214.85512013729976, 214.85512013729976]]}",dark,FALSE,0,"(0, 1800)",0.439755691,0.561354803,1381.431777,138.4746514
16,1,LD1_12_16_17_18_2023-03-01 12-03-20.mkv,99,TRUE,0.5,50,1800,"{'xs': [[1.6093750000000004, 101.08305921052633, 101.08305921052633, 1.6093750000000004, 1.6093750000000004], [1.6093750000000004, 101.08305921052633, 100.2935855263158, 0.8199013157894741]], 'ys': [[1.8276601830663686, 1.331092677345545, 106.6034038901602, 107.09997139588101, 107.09997139588101], [107.09997139588101, 106.6034038901602, 214.85512013729976, 214.85512013729976]]}",dark,FALSE,1,"(1800, 3600)",0.409772349,0.590782898,1609.754042,161.3616636
16,1,LD1_12_16_17_18_2023-03-01 12-03-20.mkv,99,TRUE,0.5,50,1800,"{'xs': [[1.6093750000000004, 101.08305921052633, 101.08305921052633, 1.6093750000000004, 1.6093750000000004], [1.6093750000000004, 101.08305921052633, 100.2935855263158, 0.8199013157894741]], 'ys': [[1.8276601830663686, 1.331092677345545, 106.6034038901602, 107.09997139588101, 107.09997139588101], [107.09997139588101, 106.6034038901602, 214.85512013729976, 214.85512013729976]]}",dark,FALSE,2,"(3600, 5400)",0.214880622,0.785119378,1000.397988,100.2798437
16,1,LD1_12_16_17_18_2023-03-01 12-03-20.mkv,99,TRUE,0.5,50,1800,"{'xs': [[1.6093750000000004, 101.08305921052633, 101.08305921052633, 1.6093750000000004, 1.6093750000000004], [1.6093750000000004, 101.08305921052633, 100.2935855263158, 0.8199013157894741]], 'ys': [[1.8276601830663686, 1.331092677345545, 106.6034038901602, 107.09997139588101, 107.09997139588101], [107.09997139588101, 106.6034038901602, 214.85512013729976, 214.85512013729976]]}",dark,FALSE,3,"(5400, 7200)",0.596335369,0.405330372,1267.731037,127.077295
16,1,LD1_12_16_17_18_2023-03-01 12-03-20.mkv,99,TRUE,0.5,50,1800,"{'xs': [[1.6093750000000004, 101.08305921052633, 101.08305921052633, 1.6093750000000004, 1.6093750000000004], [1.6093750000000004, 101.08305921052633, 100.2935855263158, 0.8199013157894741]], 'ys': [[1.8276601830663686, 1.331092677345545, 106.6034038901602, 107.09997139588101, 107.09997139588101], [107.09997139588101, 106.6034038901602, 214.85512013729976, 214.85512013729976]]}",dark,FALSE,4,"(7200, 9000)",0.495555556,0.520555556,1111.542394,111.4209533
15,1,LD1_14_15_23_24_2023-03-01 13-03-00.mkv,99,TRUE,0.5,50,1800,"{'xs': [[1.6093750000000004, 101.08305921052633, 101.08305921052633, 1.6093750000000004, 1.6093750000000004], [1.6093750000000004, 101.08305921052633, 100.2935855263158, 0.8199013157894741]], 'ys': [[1.8276601830663686, 1.331092677345545, 106.6034038901602, 107.09997139588101, 107.09997139588101], [107.09997139588101, 106.6034038901602, 214.85512013729976, 214.85512013729976]]}",dark,FALSE,0,"(0, 1800)",0.188228762,0.812881732,1170.431547,117.323999
15,1,LD1_14_15_23_24_2023-03-01 13-03-00.mkv,99,TRUE,0.5,50,1800,"{'xs': [[1.6093750000000004, 101.08305921052633, 101.08305921052633, 1.6093750000000004, 1.6093750000000004], [1.6093750000000004, 101.08305921052633, 100.2935855263158, 0.8199013157894741]], 'ys': [[1.8276601830663686, 1.331092677345545, 106.6034038901602, 107.09997139588101, 107.09997139588101], [107.09997139588101, 106.6034038901602, 214.85512013729976, 214.85512013729976]]}",dark,FALSE,1,"(1800, 3600)",0.596890616,0.405885619,1780.75999,178.5032913
15,1,LD1_14_15_23_24_2023-03-01 13-03-00.mkv,99,TRUE,0.5,50,1800,"{'xs': [[1.6093750000000004, 101.08305921052633, 101.08305921052633, 1.6093750000000004, 1.6093750000000004], [1.6093750000000004, 101.08305921052633, 100.2935855263158, 0.8199013157894741]], 'ys': [[1.8276601830663686, 1.331092677345545, 106.6034038901602, 107.09997139588101, 107.09997139588101], [107.09997139588101, 106.6034038901602, 214.85512013729976, 214.85512013729976]]}",dark,FALSE,2,"(3600, 5400)",0.100499722,0.905607996,1274.10013,127.7157326
15,1,LD1_14_15_23_24_2023-03-01 13-03-00.mkv,99,TRUE,0.5,50,1800,"{'xs': [[1.6093750000000004, 101.08305921052633, 101.08305921052633, 1.6093750000000004, 1.6093750000000004], [1.6093750000000004, 101.08305921052633, 100.2935855263158, 0.8199013157894741]], 'ys': [[1.8276601830663686, 1.331092677345545, 106.6034038901602, 107.09997139588101, 107.09997139588101], [107.09997139588101, 106.6034038901602, 214.85512013729976, 214.85512013729976]]}",dark,FALSE,3,"(5400, 7200)",0.474181011,0.53525819,1145.762554,114.8511804
15,1,LD1_14_15_23_24_2023-03-01 13-03-00.mkv,99,TRUE,0.5,50,1800,"{'xs': [[1.6093750000000004, 101.08305921052633, 101.08305921052633, 1.6093750000000004, 1.6093750000000004], [1.6093750000000004, 101.08305921052633, 100.2935855263158, 0.8199013157894741]], 'ys': [[1.8276601830663686, 1.331092677345545, 106.6034038901602, 107.09997139588101, 107.09997139588101], [107.09997139588101, 106.6034038901602, 214.85512013729976, 214.85512013729976]]}",dark,FALSE,4,"(7200, 9000)",0.048888889,0.951111111,677.4228087,67.90482806
20,1,LD1_19_20_21_22_2023-03-01 12-18-16.mkv,99,TRUE,0.5,50,1800,"{'xs': [[1.6093750000000004, 101.08305921052633, 101.08305921052633, 1.6093750000000004, 1.6093750000000004], [1.6093750000000004, 101.08305921052633, 100.2935855263158, 0.8199013157894741]], 'ys': [[1.8276601830663686, 1.331092677345545, 106.6034038901602, 107.09997139588101, 107.09997139588101], [107.09997139588101, 106.6034038901602, 214.85512013729976, 214.85512013729976]]}",dark,FALSE,0,"(0, 1800)",0.534147696,0.468073293,1691.357929,169.5416332
20,1,LD1_19_20_21_22_2023-03-01 12-18-16.mkv,99,TRUE,0.5,50,1800,"{'xs': [[1.6093750000000004, 101.08305921052633, 101.08305921052633, 1.6093750000000004, 1.6093750000000004], [1.6093750000000004, 101.08305921052633, 100.2935855263158, 0.8199013157894741]], 'ys': [[1.8276601830663686, 1.331092677345545, 106.6034038901602, 107.09997139588101, 107.09997139588101], [107.09997139588101, 106.6034038901602, 214.85512013729976, 214.85512013729976]]}",dark,FALSE,1,"(1800, 3600)",0.185452526,0.815102721,1173.506724,117.6322546
20,1,LD1_19_20_21_22_2023-03-01 12-18-16.mkv,99,TRUE,0.5,50,1800,"{'xs': [[1.6093750000000004, 101.08305921052633, 101.08305921052633, 1.6093750000000004, 1.6093750000000004], [1.6093750000000004, 101.08305921052633, 100.2935855263158, 0.8199013157894741]], 'ys': [[1.8276601830663686, 1.331092677345545, 106.6034038901602, 107.09997139588101, 107.09997139588101], [107.09997139588101, 106.6034038901602, 214.85512013729976, 214.85512013729976]]}",dark,FALSE,2,"(3600, 5400)",0.202109939,0.798445308,1083.601318,108.6201413
20,1,LD1_19_20_21_22_2023-03-01 12-18-16.mkv,99,TRUE,0.5,50,1800,"{'xs': [[1.6093750000000004, 101.08305921052633, 101.08305921052633, 1.6093750000000004, 1.6093750000000004], [1.6093750000000004, 101.08305921052633, 100.2935855263158, 0.8199013157894741]], 'ys': [[1.8276601830663686, 1.331092677345545, 106.6034038901602, 107.09997139588101, 107.09997139588101], [107.09997139588101, 106.6034038901602, 214.85512013729976, 214.85512013729976]]}",dark,FALSE,3,"(5400, 7200)",0.28373126,0.717379234,950.8383228,95.31198535
20,1,LD1_19_20_21_22_2023-03-01 12-18-16.mkv,99,TRUE,0.5,50,1800,"{'xs': [[1.6093750000000004, 101.08305921052633, 101.08305921052633, 1.6093750000000004, 1.6093750000000004], [1.6093750000000004, 101.08305921052633, 100.2935855263158, 0.8199013157894741]], 'ys': [[1.8276601830663686, 1.331092677345545, 106.6034038901602, 107.09997139588101, 107.09997139588101], [107.09997139588101, 106.6034038901602, 214.85512013729976, 214.85512013729976]]}",dark,FALSE,4,"(7200, 9000)",0.087222222,0.915,803.6637644,80.55921506
3,1,LD1_01_02_03_06_2023-03-01 12-34-03.mkv,99,TRUE,0.5,50,1800,"{'xs': [[3.061079545454548, 105.96317744755245, 104.43870192307693, 4.585555069930073], [4.585555069930073, 104.43870192307693, 105.2009396853147, 2.2988417832167856]], 'ys': [[2.317897727272709, 2.317897727272709, 110.32698863636362, 109.33607954545454], [109.33607954545454, 110.32698863636362, 215.85880681818182, 216.35426136363637]]}",dark,FALSE,0,"(0, 1800)",0.590782898,0.412548584,1847.245723,186.9788359
3,1,LD1_01_02_03_06_2023-03-01 12-34-03.mkv,99,TRUE,0.5,50,1800,"{'xs': [[3.061079545454548, 105.96317744755245, 104.43870192307693, 4.585555069930073], [4.585555069930073, 104.43870192307693, 105.2009396853147, 2.2988417832167856]], 'ys': [[2.317897727272709, 2.317897727272709, 110.32698863636362, 109.33607954545454], [109.33607954545454, 110.32698863636362, 215.85880681818182, 216.35426136363637]]}",dark,FALSE,1,"(1800, 3600)",0.221543587,0.780677401,1352.755357,136.9263541
3,1,LD1_01_02_03_06_2023-03-01 12-34-03.mkv,99,TRUE,0.5,50,1800,"{'xs': [[3.061079545454548, 105.96317744755245, 104.43870192307693, 4.585555069930073], [4.585555069930073, 104.43870192307693, 105.2009396853147, 2.2988417832167856]], 'ys': [[2.317897727272709, 2.317897727272709, 110.32698863636362, 109.33607954545454], [109.33607954545454, 110.32698863636362, 215.85880681818182, 216.35426136363637]]}",dark,FALSE,2,"(3600, 5400)",0.238200999,0.762909495,1129.869428,114.365765
3,1,LD1_01_02_03_06_2023-03-01 12-34-03.mkv,99,TRUE,0.5,50,1800,"{'xs': [[3.061079545454548, 105.96317744755245, 104.43870192307693, 4.585555069930073], [4.585555069930073, 104.43870192307693, 105.2009396853147, 2.2988417832167856]], 'ys': [[2.317897727272709, 2.317897727272709, 110.32698863636362, 109.33607954545454], [109.33607954545454, 110.32698863636362, 215.85880681818182, 216.35426136363637]]}",dark,FALSE,3,"(5400, 7200)",0.308717379,0.691282621,1123.174099,113.6880616
3,1,LD1_01_02_03_06_2023-03-01 12-34-03.mkv,99,TRUE,0.5,50,1800,"{'xs': [[3.061079545454548, 105.96317744755245, 104.43870192307693, 4.585555069930073], [4.585555069930073, 104.43870192307693, 105.2009396853147, 2.2988417832167856]], 'ys': [[2.317897727272709, 2.317897727272709, 110.32698863636362, 109.33607954545454], [109.33607954545454, 110.32698863636362, 215.85880681818182, 216.35426136363637]]}",dark,FALSE,4,"(7200, 9000)",0.131666667,0.872777778,897.5000728,90.84526045
10,1,LD1_04_05_10_11_2023-03-01 11-49-34.mkv,99,TRUE,0.5,50,1800,"{'xs': [[3.061079545454548, 105.96317744755245, 104.43870192307693, 4.585555069930073], [4.585555069930073, 104.43870192307693, 105.2009396853147, 2.2988417832167856]], 'ys': [[2.317897727272709, 2.317897727272709, 110.32698863636362, 109.33607954545454], [109.33607954545454, 110.32698863636362, 215.85880681818182, 216.35426136363637]]}",light,FALSE,0,"(0, 1800)",0.559689062,0.440310938,1891.049852,191.4127047
10,1,LD1_04_05_10_11_2023-03-01 11-49-34.mkv,99,TRUE,0.5,50,1800,"{'xs': [[3.061079545454548, 105.96317744755245, 104.43870192307693, 4.585555069930073], [4.585555069930073, 104.43870192307693, 105.2009396853147, 2.2988417832167856]], 'ys': [[2.317897727272709, 2.317897727272709, 110.32698863636362, 109.33607954545454], [109.33607954545454, 110.32698863636362, 215.85880681818182, 216.35426136363637]]}",light,FALSE,1,"(1800, 3600)",0.113825652,0.887284842,1155.827376,116.9932373
10,1,LD1_04_05_10_11_2023-03-01 11-49-34.mkv,99,TRUE,0.5,50,1800,"{'xs': [[3.061079545454548, 105.96317744755245, 104.43870192307693, 4.585555069930073], [4.585555069930073, 104.43870192307693, 105.2009396853147, 2.2988417832167856]], 'ys': [[2.317897727272709, 2.317897727272709, 110.32698863636362, 109.33607954545454], [109.33607954545454, 110.32698863636362, 215.85880681818182, 216.35426136363637]]}",light,FALSE,2,"(3600, 5400)",0.295946696,0.704053304,1116.363966,112.9987377
10,1,LD1_04_05_10_11_2023-03-01 11-49-34.mkv,99,TRUE,0.5,50,1800,"{'xs': [[3.061079545454548, 105.96317744755245, 104.43870192307693, 4.585555069930073], [4.585555069930073, 104.43870192307693, 105.2009396853147, 2.2988417832167856]], 'ys': [[2.317897727272709, 2.317897727272709, 110.32698863636362, 109.33607954545454], [109.33607954545454, 110.32698863636362, 215.85880681818182, 216.35426136363637]]}",light,FALSE,3,"(5400, 7200)",0.466962798,0.534147696,1211.591551,122.6377059
10,1,LD1_04_05_10_11_2023-03-01 11-49-34.mkv,99,TRUE,0.5,50,1800,"{'xs': [[3.061079545454548, 105.96317744755245, 104.43870192307693, 4.585555069930073], [4.585555069930073, 104.43870192307693, 105.2009396853147, 2.2988417832167856]], 'ys': [[2.317897727272709, 2.317897727272709, 110.32698863636362, 109.33607954545454], [109.33607954545454, 110.32698863636362, 215.85880681818182, 216.35426136363637]]}",light,FALSE,4,"(7200, 9000)",0.345555556,0.654444444,819.3571531,82.93560773
9,1,LD1_07_08_09_13_2023-03-01 12-47-50.mkv,99,TRUE,0.5,50,1800,"{'xs': [[3.061079545454548, 105.96317744755245, 104.43870192307693, 4.585555069930073], [4.585555069930073, 104.43870192307693, 105.2009396853147, 2.2988417832167856]], 'ys': [[2.317897727272709, 2.317897727272709, 110.32698863636362, 109.33607954545454], [109.33607954545454, 110.32698863636362, 215.85880681818182, 216.35426136363637]]}",dark,FALSE,0,"(0, 1800)",0,1,650.4307231,65.83681744
9,1,LD1_07_08_09_13_2023-03-01 12-47-50.mkv,99,TRUE,0.5,50,1800,"{'xs': [[3.061079545454548, 105.96317744755245, 104.43870192307693, 4.585555069930073], [4.585555069930073, 104.43870192307693, 105.2009396853147, 2.2988417832167856]], 'ys': [[2.317897727272709, 2.317897727272709, 110.32698863636362, 109.33607954545454], [109.33607954545454, 110.32698863636362, 215.85880681818182, 216.35426136363637]]}",dark,FALSE,1,"(1800, 3600)",0.483064964,0.516935036,1433.31928,145.0810616
9,1,LD1_07_08_09_13_2023-03-01 12-47-50.mkv,99,TRUE,0.5,50,1800,"{'xs': [[3.061079545454548, 105.96317744755245, 104.43870192307693, 4.585555069930073], [4.585555069930073, 104.43870192307693, 105.2009396853147, 2.2988417832167856]], 'ys': [[2.317897727272709, 2.317897727272709, 110.32698863636362, 109.33607954545454], [109.33607954545454, 110.32698863636362, 215.85880681818182, 216.35426136363637]]}",dark,FALSE,2,"(3600, 5400)",0.339255969,0.662409772,1157.659391,117.1786745
9,1,LD1_07_08_09_13_2023-03-01 12-47-50.mkv,99,TRUE,0.5,50,1800,"{'xs': [[3.061079545454548, 105.96317744755245, 104.43870192307693, 4.585555069930073], [4.585555069930073, 104.43870192307693, 105.2009396853147, 2.2988417832167856]], 'ys': [[2.317897727272709, 2.317897727272709, 110.32698863636362, 109.33607954545454], [109.33607954545454, 110.32698863636362, 215.85880681818182, 216.35426136363637]]}",dark,FALSE,3,"(5400, 7200)",0.3808995,0.620210994,1262.982896,127.8395553
9,1,LD1_07_08_09_13_2023-03-01 12-47-50.mkv,99,TRUE,0.5,50,1800,"{'xs': [[3.061079545454548, 105.96317744755245, 104.43870192307693, 4.585555069930073], [4.585555069930073, 104.43870192307693, 105.2009396853147, 2.2988417832167856]], 'ys': [[2.317897727272709, 2.317897727272709, 110.32698863636362, 109.33607954545454], [109.33607954545454, 110.32698863636362, 215.85880681818182, 216.35426136363637]]}",dark,FALSE,4,"(7200, 9000)",0.309444444,0.696111111,950.8626646,96.24664002
17,1,LD1_12_16_17_18_2023-03-01 12-03-20.mkv,99,TRUE,0.5,50,1800,"{'xs': [[3.061079545454548, 105.96317744755245, 104.43870192307693, 4.585555069930073], [4.585555069930073, 104.43870192307693, 105.2009396853147, 2.2988417832167856]], 'ys': [[2.317897727272709, 2.317897727272709, 110.32698863636362, 109.33607954545454], [109.33607954545454, 110.32698863636362, 215.85880681818182, 216.35426136363637]]}",dark,FALSE,0,"(0, 1800)",0.553581344,0.446418656,1442.02484,145.9622413
17,1,LD1_12_16_17_18_2023-03-01 12-03-20.mkv,99,TRUE,0.5,50,1800,"{'xs': [[3.061079545454548, 105.96317744755245, 104.43870192307693, 4.585555069930073], [4.585555069930073, 104.43870192307693, 105.2009396853147, 2.2988417832167856]], 'ys': [[2.317897727272709, 2.317897727272709, 110.32698863636362, 109.33607954545454], [109.33607954545454, 110.32698863636362, 215.85880681818182, 216.35426136363637]]}",dark,FALSE,1,"(1800, 3600)",0.343697946,0.657412549,1449.602501,146.7292547
17,1,LD1_12_16_17_18_2023-03-01 12-03-20.mkv,99,TRUE,0.5,50,1800,"{'xs': [[3.061079545454548, 105.96317744755245, 104.43870192307693, 4.585555069930073], [4.585555069930073, 104.43870192307693, 105.2009396853147, 2.2988417832167856]], 'ys': [[2.317897727272709, 2.317897727272709, 110.32698863636362, 109.33607954545454], [109.33607954545454, 110.32698863636362, 215.85880681818182, 216.35426136363637]]}",dark,FALSE,2,"(3600, 5400)",0.192670738,0.817323709,913.2802588,92.44253621
17,1,LD1_12_16_17_18_2023-03-01 12-03-20.mkv,99,TRUE,0.5,50,1800,"{'xs': [[3.061079545454548, 105.96317744755245, 104.43870192307693, 4.585555069930073], [4.585555069930073, 104.43870192307693, 105.2009396853147, 2.2988417832167856]], 'ys': [[2.317897727272709, 2.317897727272709, 110.32698863636362, 109.33607954545454], [109.33607954545454, 110.32698863636362, 215.85880681818182, 216.35426136363637]]}",dark,FALSE,3,"(5400, 7200)",0.562465297,0.438645197,957.2894441,96.89716081
17,1,LD1_12_16_17_18_2023-03-01 12-03-20.mkv,99,TRUE,0.5,50,1800,"{'xs': [[3.061079545454548, 105.96317744755245, 104.43870192307693, 4.585555069930073], [4.585555069930073, 104.43870192307693, 105.2009396853147, 2.2988417832167856]], 'ys': [[2.317897727272709, 2.317897727272709, 110.32698863636362, 109.33607954545454], [109.33607954545454, 110.32698863636362, 215.85880681818182, 216.35426136363637]]}",dark,FALSE,4,"(7200, 9000)",0.190555556,0.810555556,871.8220279,88.24612008
23,1,LD1_14_15_23_24_2023-03-01 13-03-00.mkv,99,TRUE,0.5,50,1800,"{'xs': [[3.061079545454548, 105.96317744755245, 104.43870192307693, 4.585555069930073], [4.585555069930073, 104.43870192307693, 105.2009396853147, 2.2988417832167856]], 'ys': [[2.317897727272709, 2.317897727272709, 110.32698863636362, 109.33607954545454], [109.33607954545454, 110.32698863636362, 215.85880681818182, 216.35426136363637]]}",dark,FALSE,0,"(0, 1800)",0.445863409,0.556357579,1563.448722,158.2528076
23,1,LD1_14_15_23_24_2023-03-01 13-03-00.mkv,99,TRUE,0.5,50,1800,"{'xs': [[3.061079545454548, 105.96317744755245, 104.43870192307693, 4.585555069930073], [4.585555069930073, 104.43870192307693, 105.2009396853147, 2.2988417832167856]], 'ys': [[2.317897727272709, 2.317897727272709, 110.32698863636362, 109.33607954545454], [109.33607954545454, 110.32698863636362, 215.85880681818182, 216.35426136363637]]}",dark,FALSE,1,"(1800, 3600)",0.477512493,0.527484731,1535.541693,155.4280487
23,1,LD1_14_15_23_24_2023-03-01 13-03-00.mkv,99,TRUE,0.5,50,1800,"{'xs': [[3.061079545454548, 105.96317744755245, 104.43870192307693, 4.585555069930073], [4.585555069930073, 104.43870192307693, 105.2009396853147, 2.2988417832167856]], 'ys': [[2.317897727272709, 2.317897727272709, 110.32698863636362, 109.33607954545454], [109.33607954545454, 110.32698863636362, 215.85880681818182, 216.35426136363637]]}",dark,FALSE,2,"(3600, 5400)",0.308162132,0.691837868,1154.509428,116.8598342
23,1,LD1_14_15_23_24_2023-03-01 13-03-00.mkv,99,TRUE,0.5,50,1800,"{'xs': [[3.061079545454548, 105.96317744755245, 104.43870192307693, 4.585555069930073], [4.585555069930073, 104.43870192307693, 105.2009396853147, 2.2988417832167856]], 'ys': [[2.317897727272709, 2.317897727272709, 110.32698863636362, 109.33607954545454], [109.33607954545454, 110.32698863636362, 215.85880681818182, 216.35426136363637]]}",dark,FALSE,3,"(5400, 7200)",0.441421433,0.56191005,1140.918711,115.4841772
23,1,LD1_14_15_23_24_2023-03-01 13-03-00.mkv,99,TRUE,0.5,50,1800,"{'xs': [[3.061079545454548, 105.96317744755245, 104.43870192307693, 4.585555069930073], [4.585555069930073, 104.43870192307693, 105.2009396853147, 2.2988417832167856]], 'ys': [[2.317897727272709, 2.317897727272709, 110.32698863636362, 109.33607954545454], [109.33607954545454, 110.32698863636362, 215.85880681818182, 216.35426136363637]]}",dark,FALSE,4,"(7200, 9000)",0.061111111,0.938888889,934.4179146,94.58209686
21,1,LD1_19_20_21_22_2023-03-01 12-18-16.mkv,99,TRUE,0.5,50,1800,"{'xs': [[3.061079545454548, 105.96317744755245, 104.43870192307693, 4.585555069930073], [4.585555069930073, 104.43870192307693, 105.2009396853147, 2.2988417832167856]], 'ys': [[2.317897727272709, 2.317897727272709, 110.32698863636362, 109.33607954545454], [109.33607954545454, 110.32698863636362, 215.85880681818182, 216.35426136363637]]}",light,FALSE,0,"(0, 1800)",0.69516935,0.305385897,1684.248165,170.480168
21,1,LD1_19_20_21_22_2023-03-01 12-18-16.mkv,99,TRUE,0.5,50,1800,"{'xs': [[3.061079545454548, 105.96317744755245, 104.43870192307693, 4.585555069930073], [4.585555069930073, 104.43870192307693, 105.2009396853147, 2.2988417832167856]], 'ys': [[2.317897727272709, 2.317897727272709, 110.32698863636362, 109.33607954545454], [109.33607954545454, 110.32698863636362, 215.85880681818182, 216.35426136363637]]}",light,FALSE,1,"(1800, 3600)",0.173237091,0.826762909,1131.413835,114.5220905
21,1,LD1_19_20_21_22_2023-03-01 12-18-16.mkv,99,TRUE,0.5,50,1800,"{'xs': [[3.061079545454548, 105.96317744755245, 104.43870192307693, 4.585555069930073], [4.585555069930073, 104.43870192307693, 105.2009396853147, 2.2988417832167856]], 'ys': [[2.317897727272709, 2.317897727272709, 110.32698863636362, 109.33607954545454], [109.33607954545454, 110.32698863636362, 215.85880681818182, 216.35426136363637]]}",light,FALSE,2,"(3600, 5400)",0.446418656,0.553581344,1117.230568,113.0864554
21,1,LD1_19_20_21_22_2023-03-01 12-18-16.mkv,99,TRUE,0.5,50,1800,"{'xs': [[3.061079545454548, 105.96317744755245, 104.43870192307693, 4.585555069930073], [4.585555069930073, 104.43870192307693, 105.2009396853147, 2.2988417832167856]], 'ys': [[2.317897727272709, 2.317897727272709, 110.32698863636362, 109.33607954545454], [109.33607954545454, 110.32698863636362, 215.85880681818182, 216.35426136363637]]}",light,FALSE,3,"(5400, 7200)",0.43420322,0.56579678,1073.468109,108.6568045
21,1,LD1_19_20_21_22_2023-03-01 12-18-16.mkv,99,TRUE,0.5,50,1800,"{'xs': [[3.061079545454548, 105.96317744755245, 104.43870192307693, 4.585555069930073], [4.585555069930073, 104.43870192307693, 105.2009396853147, 2.2988417832167856]], 'ys': [[2.317897727272709, 2.317897727272709, 110.32698863636362, 109.33607954545454], [109.33607954545454, 110.32698863636362, 215.85880681818182, 216.35426136363637]]}",light,FALSE,4,"(7200, 9000)",0.269444444,0.731666667,1045.178798,105.7933508
6,1,LD1_01_02_03_06_2023-03-01 12-34-03.mkv,99,TRUE,0.5,50,1800,"{'xs': [[1.6093750000000004, 101.08305921052633, 101.87253289473685, 0.030427631578947744], [0.030427631578947744, 101.87253289473685, 102.66200657894738, 0.030427631578947744]], 'ys': [[1.8275862068965456, 2.3241379310344765, 108.08965517241379, 106.10344827586206], [106.10344827586206, 108.08965517241379, 214.35172413793103, 213.8551724137931]]}",dark,FALSE,0,"(0, 1800)",0.619655747,0.383120489,1850.529072,183.7049719
6,1,LD1_01_02_03_06_2023-03-01 12-34-03.mkv,99,TRUE,0.5,50,1800,"{'xs': [[1.6093750000000004, 101.08305921052633, 101.87253289473685, 0.030427631578947744], [0.030427631578947744, 101.87253289473685, 102.66200657894738, 0.030427631578947744]], 'ys': [[1.8275862068965456, 2.3241379310344765, 108.08965517241379, 106.10344827586206], [106.10344827586206, 108.08965517241379, 214.35172413793103, 213.8551724137931]]}",dark,FALSE,1,"(1800, 3600)",0.551360355,0.449750139,1472.193791,146.1470253
6,1,LD1_01_02_03_06_2023-03-01 12-34-03.mkv,99,TRUE,0.5,50,1800,"{'xs': [[1.6093750000000004, 101.08305921052633, 101.87253289473685, 0.030427631578947744], [0.030427631578947744, 101.87253289473685, 102.66200657894738, 0.030427631578947744]], 'ys': [[1.8275862068965456, 2.3241379310344765, 108.08965517241379, 106.10344827586206], [106.10344827586206, 108.08965517241379, 214.35172413793103, 213.8551724137931]]}",dark,FALSE,2,"(3600, 5400)",0.486396446,0.515269295,1392.672132,138.2527834
6,1,LD1_01_02_03_06_2023-03-01 12-34-03.mkv,99,TRUE,0.5,50,1800,"{'xs': [[1.6093750000000004, 101.08305921052633, 101.87253289473685, 0.030427631578947744], [0.030427631578947744, 101.87253289473685, 102.66200657894738, 0.030427631578947744]], 'ys': [[1.8275862068965456, 2.3241379310344765, 108.08965517241379, 106.10344827586206], [106.10344827586206, 108.08965517241379, 214.35172413793103, 213.8551724137931]]}",dark,FALSE,3,"(5400, 7200)",0.784008884,0.21710161,1169.889814,116.1368274
6,1,LD1_01_02_03_06_2023-03-01 12-34-03.mkv,99,TRUE,0.5,50,1800,"{'xs': [[1.6093750000000004, 101.08305921052633, 101.87253289473685, 0.030427631578947744], [0.030427631578947744, 101.87253289473685, 102.66200657894738, 0.030427631578947744]], 'ys': [[1.8275862068965456, 2.3241379310344765, 108.08965517241379, 106.10344827586206], [106.10344827586206, 108.08965517241379, 214.35172413793103, 213.8551724137931]]}",dark,FALSE,4,"(7200, 9000)",0.211666667,0.796111111,1114.044891,110.5930129
11,1,LD1_04_05_10_11_2023-03-01 11-49-34.mkv,99,TRUE,0.5,50,1800,"{'xs': [[1.6093750000000004, 101.08305921052633, 101.87253289473685, 0.030427631578947744], [0.030427631578947744, 101.87253289473685, 102.66200657894738, 0.030427631578947744]], 'ys': [[1.8275862068965456, 2.3241379310344765, 108.08965517241379, 106.10344827586206], [106.10344827586206, 108.08965517241379, 214.35172413793103, 213.8551724137931]]}",dark,FALSE,0,"(0, 1800)",0.225430316,0.781232649,1194.087622,118.5389824
11,1,LD1_04_05_10_11_2023-03-01 11-49-34.mkv,99,TRUE,0.5,50,1800,"{'xs': [[1.6093750000000004, 101.08305921052633, 101.87253289473685, 0.030427631578947744], [0.030427631578947744, 101.87253289473685, 102.66200657894738, 0.030427631578947744]], 'ys': [[1.8275862068965456, 2.3241379310344765, 108.08965517241379, 106.10344827586206], [106.10344827586206, 108.08965517241379, 214.35172413793103, 213.8551724137931]]}",dark,FALSE,1,"(1800, 3600)",0,1,612.4452238,60.79841401
11,1,LD1_04_05_10_11_2023-03-01 11-49-34.mkv,99,TRUE,0.5,50,1800,"{'xs': [[1.6093750000000004, 101.08305921052633, 101.87253289473685, 0.030427631578947744], [0.030427631578947744, 101.87253289473685, 102.66200657894738, 0.030427631578947744]], 'ys': [[1.8275862068965456, 2.3241379310344765, 108.08965517241379, 106.10344827586206], [106.10344827586206, 108.08965517241379, 214.35172413793103, 213.8551724137931]]}",dark,FALSE,2,"(3600, 5400)",0,1,495.4100186,49.18014256
11,1,LD1_04_05_10_11_2023-03-01 11-49-34.mkv,99,TRUE,0.5,50,1800,"{'xs': [[1.6093750000000004, 101.08305921052633, 101.87253289473685, 0.030427631578947744], [0.030427631578947744, 101.87253289473685, 102.66200657894738, 0.030427631578947744]], 'ys': [[1.8275862068965456, 2.3241379310344765, 108.08965517241379, 106.10344827586206], [106.10344827586206, 108.08965517241379, 214.35172413793103, 213.8551724137931]]}",dark,FALSE,3,"(5400, 7200)",0,1,479.3217461,47.5830341
11,1,LD1_04_05_10_11_2023-03-01 11-49-34.mkv,99,TRUE,0.5,50,1800,"{'xs': [[1.6093750000000004, 101.08305921052633, 101.87253289473685, 0.030427631578947744], [0.030427631578947744, 101.87253289473685, 102.66200657894738, 0.030427631578947744]], 'ys': [[1.8275862068965456, 2.3241379310344765, 108.08965517241379, 106.10344827586206], [106.10344827586206, 108.08965517241379, 214.35172413793103, 213.8551724137931]]}",dark,FALSE,4,"(7200, 9000)",0.144444444,0.857222222,788.8123945,78.3066643
13,1,LD1_07_08_09_13_2023-03-01 12-47-50.mkv,99,TRUE,0.5,50,1800,"{'xs': [[1.6093750000000004, 101.08305921052633, 101.87253289473685, 0.030427631578947744], [0.030427631578947744, 101.87253289473685, 102.66200657894738, 0.030427631578947744]], 'ys': [[1.8275862068965456, 2.3241379310344765, 108.08965517241379, 106.10344827586206], [106.10344827586206, 108.08965517241379, 214.35172413793103, 213.8551724137931]]}",dark,FALSE,0,"(0, 1800)",0.525818989,0.476401999,1454.67099,144.4075089
13,1,LD1_07_08_09_13_2023-03-01 12-47-50.mkv,99,TRUE,0.5,50,1800,"{'xs': [[1.6093750000000004, 101.08305921052633, 101.87253289473685, 0.030427631578947744], [0.030427631578947744, 101.87253289473685, 102.66200657894738, 0.030427631578947744]], 'ys': [[1.8275862068965456, 2.3241379310344765, 108.08965517241379, 106.10344827586206], [106.10344827586206, 108.08965517241379, 214.35172413793103, 213.8551724137931]]}",dark,FALSE,1,"(1800, 3600)",0.501388118,0.502498612,1283.203582,127.3856659
13,1,LD1_07_08_09_13_2023-03-01 12-47-50.mkv,99,TRUE,0.5,50,1800,"{'xs': [[1.6093750000000004, 101.08305921052633, 101.87253289473685, 0.030427631578947744], [0.030427631578947744, 101.87253289473685, 102.66200657894738, 0.030427631578947744]], 'ys': [[1.8275862068965456, 2.3241379310344765, 108.08965517241379, 106.10344827586206], [106.10344827586206, 108.08965517241379, 214.35172413793103, 213.8551724137931]]}",dark,FALSE,2,"(3600, 5400)",0.560244309,0.440866185,1131.827649,112.3583356
13,1,LD1_07_08_09_13_2023-03-01 12-47-50.mkv,99,TRUE,0.5,50,1800,"{'xs': [[1.6093750000000004, 101.08305921052633, 101.87253289473685, 0.030427631578947744], [0.030427631578947744, 101.87253289473685, 102.66200657894738, 0.030427631578947744]], 'ys': [[1.8275862068965456, 2.3241379310344765, 108.08965517241379, 106.10344827586206], [106.10344827586206, 108.08965517241379, 214.35172413793103, 213.8551724137931]]}",dark,FALSE,3,"(5400, 7200)",0.248750694,0.751249306,1016.970538,100.9562871
13,1,LD1_07_08_09_13_2023-03-01 12-47-50.mkv,99,TRUE,0.5,50,1800,"{'xs': [[1.6093750000000004, 101.08305921052633, 101.87253289473685, 0.030427631578947744], [0.030427631578947744, 101.87253289473685, 102.66200657894738, 0.030427631578947744]], 'ys': [[1.8275862068965456, 2.3241379310344765, 108.08965517241379, 106.10344827586206], [106.10344827586206, 108.08965517241379, 214.35172413793103, 213.8551724137931]]}",dark,FALSE,4,"(7200, 9000)",0.593333333,0.407777778,885.9870466,87.95334698
18,1,LD1_12_16_17_18_2023-03-01 12-03-20.mkv,99,TRUE,0.5,50,1800,"{'xs': [[1.6093750000000004, 101.08305921052633, 101.87253289473685, 0.030427631578947744], [0.030427631578947744, 101.87253289473685, 102.66200657894738, 0.030427631578947744]], 'ys': [[1.8275862068965456, 2.3241379310344765, 108.08965517241379, 106.10344827586206], [106.10344827586206, 108.08965517241379, 214.35172413793103, 213.8551724137931]]}",dark,FALSE,0,"(0, 1800)",0.536923931,0.464186563,1226.516134,121.7582126
18,1,LD1_12_16_17_18_2023-03-01 12-03-20.mkv,99,TRUE,0.5,50,1800,"{'xs': [[1.6093750000000004, 101.08305921052633, 101.87253289473685, 0.030427631578947744], [0.030427631578947744, 101.87253289473685, 102.66200657894738, 0.030427631578947744]], 'ys': [[1.8275862068965456, 2.3241379310344765, 108.08965517241379, 106.10344827586206], [106.10344827586206, 108.08965517241379, 214.35172413793103, 213.8551724137931]]}",dark,FALSE,1,"(1800, 3600)",0.573014992,0.431426985,1286.941066,127.7566919
18,1,LD1_12_16_17_18_2023-03-01 12-03-20.mkv,99,TRUE,0.5,50,1800,"{'xs': [[1.6093750000000004, 101.08305921052633, 101.87253289473685, 0.030427631578947744], [0.030427631578947744, 101.87253289473685, 102.66200657894738, 0.030427631578947744]], 'ys': [[1.8275862068965456, 2.3241379310344765, 108.08965517241379, 106.10344827586206], [106.10344827586206, 108.08965517241379, 214.35172413793103, 213.8551724137931]]}",dark,FALSE,2,"(3600, 5400)",0.506940589,0.503053859,1186.468645,117.7826345
18,1,LD1_12_16_17_18_2023-03-01 12-03-20.mkv,99,TRUE,0.5,50,1800,"{'xs': [[1.6093750000000004, 101.08305921052633, 101.87253289473685, 0.030427631578947744], [0.030427631578947744, 101.87253289473685, 102.66200657894738, 0.030427631578947744]], 'ys': [[1.8275862068965456, 2.3241379310344765, 108.08965517241379, 106.10344827586206], [106.10344827586206, 108.08965517241379, 214.35172413793103, 213.8551724137931]]}",dark,FALSE,3,"(5400, 7200)",0.920599667,0.079400333,846.3603815,84.01954474
18,1,LD1_12_16_17_18_2023-03-01 12-03-20.mkv,99,TRUE,0.5,50,1800,"{'xs': [[1.6093750000000004, 101.08305921052633, 101.87253289473685, 0.030427631578947744], [0.030427631578947744, 101.87253289473685, 102.66200657894738, 0.030427631578947744]], 'ys': [[1.8275862068965456, 2.3241379310344765, 108.08965517241379, 106.10344827586206], [106.10344827586206, 108.08965517241379, 214.35172413793103, 213.8551724137931]]}",dark,FALSE,4,"(7200, 9000)",0.754444444,0.248888889,949.8355254,94.29168728
24,1,LD1_14_15_23_24_2023-03-01 13-03-00.mkv,99,TRUE,0.5,50,1800,"{'xs': [[1.6093750000000004, 101.08305921052633, 101.87253289473685, 0.030427631578947744], [0.030427631578947744, 101.87253289473685, 102.66200657894738, 0.030427631578947744]], 'ys': [[1.8275862068965456, 2.3241379310344765, 108.08965517241379, 106.10344827586206], [106.10344827586206, 108.08965517241379, 214.35172413793103, 213.8551724137931]]}",dark,FALSE,0,"(0, 1800)",0.562465297,0.44197668,1679.005615,166.6775648
24,1,LD1_14_15_23_24_2023-03-01 13-03-00.mkv,99,TRUE,0.5,50,1800,"{'xs': [[1.6093750000000004, 101.08305921052633, 101.87253289473685, 0.030427631578947744], [0.030427631578947744, 101.87253289473685, 102.66200657894738, 0.030427631578947744]], 'ys': [[1.8275862068965456, 2.3241379310344765, 108.08965517241379, 106.10344827586206], [106.10344827586206, 108.08965517241379, 214.35172413793103, 213.8551724137931]]}",dark,FALSE,1,"(1800, 3600)",0.149916713,0.851193781,1216.973221,120.8108723
24,1,LD1_14_15_23_24_2023-03-01 13-03-00.mkv,99,TRUE,0.5,50,1800,"{'xs': [[1.6093750000000004, 101.08305921052633, 101.87253289473685, 0.030427631578947744], [0.030427631578947744, 101.87253289473685, 102.66200657894738, 0.030427631578947744]], 'ys': [[1.8275862068965456, 2.3241379310344765, 108.08965517241379, 106.10344827586206], [106.10344827586206, 108.08965517241379, 214.35172413793103, 213.8551724137931]]}",dark,FALSE,2,"(3600, 5400)",0.776235425,0.223764575,1085.524426,107.7617408
24,1,LD1_14_15_23_24_2023-03-01 13-03-00.mkv,99,TRUE,0.5,50,1800,"{'xs': [[1.6093750000000004, 101.08305921052633, 101.87253289473685, 0.030427631578947744], [0.030427631578947744, 101.87253289473685, 102.66200657894738, 0.030427631578947744]], 'ys': [[1.8275862068965456, 2.3241379310344765, 108.08965517241379, 106.10344827586206], [106.10344827586206, 108.08965517241379, 214.35172413793103, 213.8551724137931]]}",dark,FALSE,3,"(5400, 7200)",0.008328706,0.991671294,911.4649174,90.48257584
24,1,LD1_14_15_23_24_2023-03-01 13-03-00.mkv,99,TRUE,0.5,50,1800,"{'xs': [[1.6093750000000004, 101.08305921052633, 101.87253289473685, 0.030427631578947744], [0.030427631578947744, 101.87253289473685, 102.66200657894738, 0.030427631578947744]], 'ys': [[1.8275862068965456, 2.3241379310344765, 108.08965517241379, 106.10344827586206], [106.10344827586206, 108.08965517241379, 214.35172413793103, 213.8551724137931]]}",dark,FALSE,4,"(7200, 9000)",0.212777778,0.787222222,965.777445,95.87426706
22,1,LD1_19_20_21_22_2023-03-01 12-18-16.mkv,99,TRUE,0.5,50,1800,"{'xs': [[1.6093750000000004, 101.08305921052633, 101.87253289473685, 0.030427631578947744], [0.030427631578947744, 101.87253289473685, 102.66200657894738, 0.030427631578947744]], 'ys': [[1.8275862068965456, 2.3241379310344765, 108.08965517241379, 106.10344827586206], [106.10344827586206, 108.08965517241379, 214.35172413793103, 213.8551724137931]]}",dark,FALSE,0,"(0, 1800)",0.134925042,0.866185453,806.2261985,80.03536039
22,1,LD1_19_20_21_22_2023-03-01 12-18-16.mkv,99,TRUE,0.5,50,1800,"{'xs': [[1.6093750000000004, 101.08305921052633, 101.87253289473685, 0.030427631578947744], [0.030427631578947744, 101.87253289473685, 102.66200657894738, 0.030427631578947744]], 'ys': [[1.8275862068965456, 2.3241379310344765, 108.08965517241379, 106.10344827586206], [106.10344827586206, 108.08965517241379, 214.35172413793103, 213.8551724137931]]}",dark,FALSE,1,"(1800, 3600)",0.67240422,0.333703498,964.8632136,95.78350986
22,1,LD1_19_20_21_22_2023-03-01 12-18-16.mkv,99,TRUE,0.5,50,1800,"{'xs': [[1.6093750000000004, 101.08305921052633, 101.87253289473685, 0.030427631578947744], [0.030427631578947744, 101.87253289473685, 102.66200657894738, 0.030427631578947744]], 'ys': [[1.8275862068965456, 2.3241379310344765, 108.08965517241379, 106.10344827586206], [106.10344827586206, 108.08965517241379, 214.35172413793103, 213.8551724137931]]}",dark,FALSE,2,"(3600, 5400)",0.727373681,0.273736813,710.3737867,70.51993862
22,1,LD1_19_20_21_22_2023-03-01 12-18-16.mkv,99,TRUE,0.5,50,1800,"{'xs': [[1.6093750000000004, 101.08305921052633, 101.87253289473685, 0.030427631578947744], [0.030427631578947744, 101.87253289473685, 102.66200657894738, 0.030427631578947744]], 'ys': [[1.8275862068965456, 2.3241379310344765, 108.08965517241379, 106.10344827586206], [106.10344827586206, 108.08965517241379, 214.35172413793103, 213.8551724137931]]}",dark,FALSE,3,"(5400, 7200)",0.198223209,0.802887285,844.3658787,83.82154727
22,1,LD1_19_20_21_22_2023-03-01 12-18-16.mkv,99,TRUE,0.5,50,1800,"{'xs': [[1.6093750000000004, 101.08305921052633, 101.87253289473685, 0.030427631578947744], [0.030427631578947744, 101.87253289473685, 102.66200657894738, 0.030427631578947744]], 'ys': [[1.8275862068965456, 2.3241379310344765, 108.08965517241379, 106.10344827586206], [106.10344827586206, 108.08965517241379, 214.35172413793103, 213.8551724137931]]}",dark,FALSE,4,"(7200, 9000)",0.686111111,0.315,659.3007313,65.44983496
1,2,LD2_01_02_03_06_2023-03-03 12-20-05.mkv,99,TRUE,0.5,50,1800,"{'xs': [[2.2539062500000018, 108.00390625000001, 105.75390625000001, 2.2539062500000018], [2.2539062500000018, 105.75390625000001, 105.75390625000001, 1.5039062500000018]], 'ys': [[1.335174418604653, 0.8375000000000018, 105.8468023255814, 105.8468023255814], [105.8468023255814, 105.8468023255814, 211.35377906976743, 212.8468023255814]]}",dark,FALSE,0,"(0, 1800)",0.144364242,0.856746252,1338.811289,134.7112872
1,2,LD2_01_02_03_06_2023-03-03 12-20-05.mkv,99,TRUE,0.5,50,1800,"{'xs': [[2.2539062500000018, 108.00390625000001, 105.75390625000001, 2.2539062500000018], [2.2539062500000018, 105.75390625000001, 105.75390625000001, 1.5039062500000018]], 'ys': [[1.335174418604653, 0.8375000000000018, 105.8468023255814, 105.8468023255814], [105.8468023255814, 105.8468023255814, 211.35377906976743, 212.8468023255814]]}",dark,FALSE,1,"(1800, 3600)",0.017767907,0.983342587,1034.121919,104.0534211
1,2,LD2_01_02_03_06_2023-03-03 12-20-05.mkv,99,TRUE,0.5,50,1800,"{'xs': [[2.2539062500000018, 108.00390625000001, 105.75390625000001, 2.2539062500000018], [2.2539062500000018, 105.75390625000001, 105.75390625000001, 1.5039062500000018]], 'ys': [[1.335174418604653, 0.8375000000000018, 105.8468023255814, 105.8468023255814], [105.8468023255814, 105.8468023255814, 211.35377906976743, 212.8468023255814]]}",dark,FALSE,2,"(3600, 5400)",0.268184342,0.731815658,976.9095142,98.29670486
1,2,LD2_01_02_03_06_2023-03-03 12-20-05.mkv,99,TRUE,0.5,50,1800,"{'xs': [[2.2539062500000018, 108.00390625000001, 105.75390625000001, 2.2539062500000018], [2.2539062500000018, 105.75390625000001, 105.75390625000001, 1.5039062500000018]], 'ys': [[1.335174418604653, 0.8375000000000018, 105.8468023255814, 105.8468023255814], [105.8468023255814, 105.8468023255814, 211.35377906976743, 212.8468023255814]]}",dark,FALSE,3,"(5400, 7200)",0.312048862,0.688506385,1111.606894,111.8499648
1,2,LD2_01_02_03_06_2023-03-03 12-20-05.mkv,99,TRUE,0.5,50,1800,"{'xs': [[2.2539062500000018, 108.00390625000001, 105.75390625000001, 2.2539062500000018], [2.2539062500000018, 105.75390625000001, 105.75390625000001, 1.5039062500000018]], 'ys': [[1.335174418604653, 0.8375000000000018, 105.8468023255814, 105.8468023255814], [105.8468023255814, 105.8468023255814, 211.35377906976743, 212.8468023255814]]}",dark,FALSE,4,"(7200, 9000)",0.326666667,0.674444444,1184.806156,119.2152798
4,2,LD2_04_05_10_11_2023-03-03 11-36-38.mkv,99,TRUE,0.5,50,1800,"{'xs': [[2.2539062500000018, 108.00390625000001, 105.75390625000001, 2.2539062500000018], [2.2539062500000018, 105.75390625000001, 105.75390625000001, 1.5039062500000018]], 'ys': [[1.335174418604653, 0.8375000000000018, 105.8468023255814, 105.8468023255814], [105.8468023255814, 105.8468023255814, 211.35377906976743, 212.8468023255814]]}",dark,FALSE,0,"(0, 1800)",0,1,583.1027478,58.67184
4,2,LD2_04_05_10_11_2023-03-03 11-36-38.mkv,99,TRUE,0.5,50,1800,"{'xs': [[2.2539062500000018, 108.00390625000001, 105.75390625000001, 2.2539062500000018], [2.2539062500000018, 105.75390625000001, 105.75390625000001, 1.5039062500000018]], 'ys': [[1.335174418604653, 0.8375000000000018, 105.8468023255814, 105.8468023255814], [105.8468023255814, 105.8468023255814, 211.35377906976743, 212.8468023255814]]}",dark,FALSE,1,"(1800, 3600)",0,1,399.3715089,40.18478965
4,2,LD2_04_05_10_11_2023-03-03 11-36-38.mkv,99,TRUE,0.5,50,1800,"{'xs': [[2.2539062500000018, 108.00390625000001, 105.75390625000001, 2.2539062500000018], [2.2539062500000018, 105.75390625000001, 105.75390625000001, 1.5039062500000018]], 'ys': [[1.335174418604653, 0.8375000000000018, 105.8468023255814, 105.8468023255814], [105.8468023255814, 105.8468023255814, 211.35377906976743, 212.8468023255814]]}",dark,FALSE,2,"(3600, 5400)",0,1,446.1996832,44.89664389
4,2,LD2_04_05_10_11_2023-03-03 11-36-38.mkv,99,TRUE,0.5,50,1800,"{'xs': [[2.2539062500000018, 108.00390625000001, 105.75390625000001, 2.2539062500000018], [2.2539062500000018, 105.75390625000001, 105.75390625000001, 1.5039062500000018]], 'ys': [[1.335174418604653, 0.8375000000000018, 105.8468023255814, 105.8468023255814], [105.8468023255814, 105.8468023255814, 211.35377906976743, 212.8468023255814]]}",dark,FALSE,3,"(5400, 7200)",0,1,490.6064975,49.36486071
4,2,LD2_04_05_10_11_2023-03-03 11-36-38.mkv,99,TRUE,0.5,50,1800,"{'xs': [[2.2539062500000018, 108.00390625000001, 105.75390625000001, 2.2539062500000018], [2.2539062500000018, 105.75390625000001, 105.75390625000001, 1.5039062500000018]], 'ys': [[1.335174418604653, 0.8375000000000018, 105.8468023255814, 105.8468023255814], [105.8468023255814, 105.8468023255814, 211.35377906976743, 212.8468023255814]]}",dark,FALSE,4,"(7200, 9000)",0.367777778,0.633333333,813.684928,81.87303538
7,2,LD2_07_08_09_13_2023-03-03 12-35-21.mkv,99,TRUE,0.5,50,1800,"{'xs': [[2.2539062500000018, 108.00390625000001, 105.75390625000001, 2.2539062500000018], [2.2539062500000018, 105.75390625000001, 105.75390625000001, 1.5039062500000018]], 'ys': [[1.335174418604653, 0.8375000000000018, 105.8468023255814, 105.8468023255814], [105.8468023255814, 105.8468023255814, 211.35377906976743, 212.8468023255814]]}",dark,FALSE,0,"(0, 1800)",0.123264853,0.877845641,1098.047408,110.4856083
7,2,LD2_07_08_09_13_2023-03-03 12-35-21.mkv,99,TRUE,0.5,50,1800,"{'xs': [[2.2539062500000018, 108.00390625000001, 105.75390625000001, 2.2539062500000018], [2.2539062500000018, 105.75390625000001, 105.75390625000001, 1.5039062500000018]], 'ys': [[1.335174418604653, 0.8375000000000018, 105.8468023255814, 105.8468023255814], [105.8468023255814, 105.8468023255814, 211.35377906976743, 212.8468023255814]]}",dark,FALSE,1,"(1800, 3600)",0.0094392,0.9905608,1037.285202,104.3717109
7,2,LD2_07_08_09_13_2023-03-03 12-35-21.mkv,99,TRUE,0.5,50,1800,"{'xs': [[2.2539062500000018, 108.00390625000001, 105.75390625000001, 2.2539062500000018], [2.2539062500000018, 105.75390625000001, 105.75390625000001, 1.5039062500000018]], 'ys': [[1.335174418604653, 0.8375000000000018, 105.8468023255814, 105.8468023255814], [105.8468023255814, 105.8468023255814, 211.35377906976743, 212.8468023255814]]}",dark,FALSE,2,"(3600, 5400)",0.344253193,0.656857301,1317.192764,132.5360297
7,2,LD2_07_08_09_13_2023-03-03 12-35-21.mkv,99,TRUE,0.5,50,1800,"{'xs': [[2.2539062500000018, 108.00390625000001, 105.75390625000001, 2.2539062500000018], [2.2539062500000018, 105.75390625000001, 105.75390625000001, 1.5039062500000018]], 'ys': [[1.335174418604653, 0.8375000000000018, 105.8468023255814, 105.8468023255814], [105.8468023255814, 105.8468023255814, 211.35377906976743, 212.8468023255814]]}",dark,FALSE,3,"(5400, 7200)",0.339255969,0.660744031,1125.270119,113.2247595
7,2,LD2_07_08_09_13_2023-03-03 12-35-21.mkv,99,TRUE,0.5,50,1800,"{'xs': [[2.2539062500000018, 108.00390625000001, 105.75390625000001, 2.2539062500000018], [2.2539062500000018, 105.75390625000001, 105.75390625000001, 1.5039062500000018]], 'ys': [[1.335174418604653, 0.8375000000000018, 105.8468023255814, 105.8468023255814], [105.8468023255814, 105.8468023255814, 211.35377906976743, 212.8468023255814]]}",dark,FALSE,4,"(7200, 9000)",0.105,0.896111111,899.25971,90.48357604
12,2,LD2_12_16_17_182023-03-03 11-51-31.mkv,99,TRUE,0.5,50,1800,"{'xs': [[2.2539062500000018, 108.00390625000001, 105.75390625000001, 2.2539062500000018], [2.2539062500000018, 105.75390625000001, 105.75390625000001, 1.5039062500000018]], 'ys': [[1.335174418604653, 0.8375000000000018, 105.8468023255814, 105.8468023255814], [105.8468023255814, 105.8468023255814, 211.35377906976743, 212.8468023255814]]}",light,FALSE,0,"(0, 1800)",0.184342032,0.815657968,726.5299357,73.10349385
12,2,LD2_12_16_17_182023-03-03 11-51-31.mkv,99,TRUE,0.5,50,1800,"{'xs': [[2.2539062500000018, 108.00390625000001, 105.75390625000001, 2.2539062500000018], [2.2539062500000018, 105.75390625000001, 105.75390625000001, 1.5039062500000018]], 'ys': [[1.335174418604653, 0.8375000000000018, 105.8468023255814, 105.8468023255814], [105.8468023255814, 105.8468023255814, 211.35377906976743, 212.8468023255814]]}",light,FALSE,1,"(1800, 3600)",0.339811216,0.660188784,813.9260853,81.89730064
12,2,LD2_12_16_17_182023-03-03 11-51-31.mkv,99,TRUE,0.5,50,1800,"{'xs': [[2.2539062500000018, 108.00390625000001, 105.75390625000001, 2.2539062500000018], [2.2539062500000018, 105.75390625000001, 105.75390625000001, 1.5039062500000018]], 'ys': [[1.335174418604653, 0.8375000000000018, 105.8468023255814, 105.8468023255814], [105.8468023255814, 105.8468023255814, 211.35377906976743, 212.8468023255814]]}",light,FALSE,2,"(3600, 5400)",0.079400333,0.920599667,585.7746919,58.9406912
12,2,LD2_12_16_17_182023-03-03 11-51-31.mkv,99,TRUE,0.5,50,1800,"{'xs': [[2.2539062500000018, 108.00390625000001, 105.75390625000001, 2.2539062500000018], [2.2539062500000018, 105.75390625000001, 105.75390625000001, 1.5039062500000018]], 'ys': [[1.335174418604653, 0.8375000000000018, 105.8468023255814, 105.8468023255814], [105.8468023255814, 105.8468023255814, 211.35377906976743, 212.8468023255814]]}",light,FALSE,3,"(5400, 7200)",0.39422543,0.622431982,790.2576267,79.51577866
12,2,LD2_12_16_17_182023-03-03 11-51-31.mkv,99,TRUE,0.5,50,1800,"{'xs': [[2.2539062500000018, 108.00390625000001, 105.75390625000001, 2.2539062500000018], [2.2539062500000018, 105.75390625000001, 105.75390625000001, 1.5039062500000018]], 'ys': [[1.335174418604653, 0.8375000000000018, 105.8468023255814, 105.8468023255814], [105.8468023255814, 105.8468023255814, 211.35377906976743, 212.8468023255814]]}",light,FALSE,4,"(7200, 9000)",0.47,0.53,702.9257235,70.72843633
14,2,LD2_14_15_23_24_2023-03-03 12-47-59.mkv,99,TRUE,0.5,50,1800,"{'xs': [[2.2539062500000018, 108.00390625000001, 105.75390625000001, 2.2539062500000018], [2.2539062500000018, 105.75390625000001, 105.75390625000001, 1.5039062500000018]], 'ys': [[1.335174418604653, 0.8375000000000018, 105.8468023255814, 105.8468023255814], [105.8468023255814, 105.8468023255814, 211.35377906976743, 212.8468023255814]]}",light,FALSE,0,"(0, 1800)",0.572459745,0.427540255,2313.626275,232.7972405
14,2,LD2_14_15_23_24_2023-03-03 12-47-59.mkv,99,TRUE,0.5,50,1800,"{'xs': [[2.2539062500000018, 108.00390625000001, 105.75390625000001, 2.2539062500000018], [2.2539062500000018, 105.75390625000001, 105.75390625000001, 1.5039062500000018]], 'ys': [[1.335174418604653, 0.8375000000000018, 105.8468023255814, 105.8468023255814], [105.8468023255814, 105.8468023255814, 211.35377906976743, 212.8468023255814]]}",light,FALSE,1,"(1800, 3600)",0.411993337,0.595780122,2069.237164,208.2067907
14,2,LD2_14_15_23_24_2023-03-03 12-47-59.mkv,99,TRUE,0.5,50,1800,"{'xs': [[2.2539062500000018, 108.00390625000001, 105.75390625000001, 2.2539062500000018], [2.2539062500000018, 105.75390625000001, 105.75390625000001, 1.5039062500000018]], 'ys': [[1.335174418604653, 0.8375000000000018, 105.8468023255814, 105.8468023255814], [105.8468023255814, 105.8468023255814, 211.35377906976743, 212.8468023255814]]}",light,FALSE,2,"(3600, 5400)",0.221543587,0.781232649,2093.098864,210.6077568
14,2,LD2_14_15_23_24_2023-03-03 12-47-59.mkv,99,TRUE,0.5,50,1800,"{'xs': [[2.2539062500000018, 108.00390625000001, 105.75390625000001, 2.2539062500000018], [2.2539062500000018, 105.75390625000001, 105.75390625000001, 1.5039062500000018]], 'ys': [[1.335174418604653, 0.8375000000000018, 105.8468023255814, 105.8468023255814], [105.8468023255814, 105.8468023255814, 211.35377906976743, 212.8468023255814]]}",light,FALSE,3,"(5400, 7200)",0.283176013,0.721265963,1828.831213,184.0171269
14,2,LD2_14_15_23_24_2023-03-03 12-47-59.mkv,99,TRUE,0.5,50,1800,"{'xs': [[2.2539062500000018, 108.00390625000001, 105.75390625000001, 2.2539062500000018], [2.2539062500000018, 105.75390625000001, 105.75390625000001, 1.5039062500000018]], 'ys': [[1.335174418604653, 0.8375000000000018, 105.8468023255814, 105.8468023255814], [105.8468023255814, 105.8468023255814, 211.35377906976743, 212.8468023255814]]}",light,FALSE,4,"(7200, 9000)",0.132222222,0.867777778,1531.467863,154.0964054
19,2,LD2_19_20_21_22_2023-03-03 12-05-51.mkv,99,TRUE,0.5,50,1800,"{'xs': [[2.2539062500000018, 108.00390625000001, 105.75390625000001, 2.2539062500000018], [2.2539062500000018, 105.75390625000001, 105.75390625000001, 1.5039062500000018]], 'ys': [[1.335174418604653, 0.8375000000000018, 105.8468023255814, 105.8468023255814], [105.8468023255814, 105.8468023255814, 211.35377906976743, 212.8468023255814]]}",dark,FALSE,0,"(0, 1800)",0,1,339.4165703,34.15211947
19,2,LD2_19_20_21_22_2023-03-03 12-05-51.mkv,99,TRUE,0.5,50,1800,"{'xs': [[2.2539062500000018, 108.00390625000001, 105.75390625000001, 2.2539062500000018], [2.2539062500000018, 105.75390625000001, 105.75390625000001, 1.5039062500000018]], 'ys': [[1.335174418604653, 0.8375000000000018, 105.8468023255814, 105.8468023255814], [105.8468023255814, 105.8468023255814, 211.35377906976743, 212.8468023255814]]}",dark,FALSE,1,"(1800, 3600)",0,1,261.2397072,26.28595793
19,2,LD2_19_20_21_22_2023-03-03 12-05-51.mkv,99,TRUE,0.5,50,1800,"{'xs': [[2.2539062500000018, 108.00390625000001, 105.75390625000001, 2.2539062500000018], [2.2539062500000018, 105.75390625000001, 105.75390625000001, 1.5039062500000018]], 'ys': [[1.335174418604653, 0.8375000000000018, 105.8468023255814, 105.8468023255814], [105.8468023255814, 105.8468023255814, 211.35377906976743, 212.8468023255814]]}",dark,FALSE,2,"(3600, 5400)",0,1,210.0142911,21.13165292
19,2,LD2_19_20_21_22_2023-03-03 12-05-51.mkv,99,TRUE,0.5,50,1800,"{'xs': [[2.2539062500000018, 108.00390625000001, 105.75390625000001, 2.2539062500000018], [2.2539062500000018, 105.75390625000001, 105.75390625000001, 1.5039062500000018]], 'ys': [[1.335174418604653, 0.8375000000000018, 105.8468023255814, 105.8468023255814], [105.8468023255814, 105.8468023255814, 211.35377906976743, 212.8468023255814]]}",dark,FALSE,3,"(5400, 7200)",0.28373126,0.717934481,1636.006457,164.6150862
19,2,LD2_19_20_21_22_2023-03-03 12-05-51.mkv,99,TRUE,0.5,50,1800,"{'xs': [[2.2539062500000018, 108.00390625000001, 105.75390625000001, 2.2539062500000018], [2.2539062500000018, 105.75390625000001, 105.75390625000001, 1.5039062500000018]], 'ys': [[1.335174418604653, 0.8375000000000018, 105.8468023255814, 105.8468023255814], [105.8468023255814, 105.8468023255814, 211.35377906976743, 212.8468023255814]]}",dark,FALSE,4,"(7200, 9000)",1,0,2019.732678,203.2256459
2,2,LD2_01_02_03_06_2023-03-03 12-20-05.mkv,99,TRUE,0.5,50,1800,"{'xs': [[2.3124999999999996, 104.18484042553192, 101.12101063829788, 3.07845744680851], [3.07845744680851, 101.12101063829788, 104.18484042553192, 1.5465425531914887]], 'ys': [[1.326988636363618, 1.326988636363618, 109.33607954545454, 108.34517045454544], [108.34517045454544, 109.33607954545454, 216.35426136363637, 215.85880681818182]]}",light,FALSE,0,"(0, 1800)",0.332593004,0.670183232,1189.502872,117.9170391
2,2,LD2_01_02_03_06_2023-03-03 12-20-05.mkv,99,TRUE,0.5,50,1800,"{'xs': [[2.3124999999999996, 104.18484042553192, 101.12101063829788, 3.07845744680851], [3.07845744680851, 101.12101063829788, 104.18484042553192, 1.5465425531914887]], 'ys': [[1.326988636363618, 1.326988636363618, 109.33607954545454, 108.34517045454544], [108.34517045454544, 109.33607954545454, 216.35426136363637, 215.85880681818182]]}",light,FALSE,1,"(1800, 3600)",0.286507496,0.71626874,1057.851793,104.8662884
2,2,LD2_01_02_03_06_2023-03-03 12-20-05.mkv,99,TRUE,0.5,50,1800,"{'xs': [[2.3124999999999996, 104.18484042553192, 101.12101063829788, 3.07845744680851], [3.07845744680851, 101.12101063829788, 104.18484042553192, 1.5465425531914887]], 'ys': [[1.326988636363618, 1.326988636363618, 109.33607954545454, 108.34517045454544], [108.34517045454544, 109.33607954545454, 216.35426136363637, 215.85880681818182]]}",light,FALSE,2,"(3600, 5400)",0.088839534,0.911160466,798.4259458,79.14905102
2,2,LD2_01_02_03_06_2023-03-03 12-20-05.mkv,99,TRUE,0.5,50,1800,"{'xs': [[2.3124999999999996, 104.18484042553192, 101.12101063829788, 3.07845744680851], [3.07845744680851, 101.12101063829788, 104.18484042553192, 1.5465425531914887]], 'ys': [[1.326988636363618, 1.326988636363618, 109.33607954545454, 108.34517045454544], [108.34517045454544, 109.33607954545454, 216.35426136363637, 215.85880681818182]]}",light,FALSE,3,"(5400, 7200)",0.581898945,0.418101055,980.9700783,97.2448994
2,2,LD2_01_02_03_06_2023-03-03 12-20-05.mkv,99,TRUE,0.5,50,1800,"{'xs': [[2.3124999999999996, 104.18484042553192, 101.12101063829788, 3.07845744680851], [3.07845744680851, 101.12101063829788, 104.18484042553192, 1.5465425531914887]], 'ys': [[1.326988636363618, 1.326988636363618, 109.33607954545454, 108.34517045454544], [108.34517045454544, 109.33607954545454, 216.35426136363637, 215.85880681818182]]}",light,FALSE,4,"(7200, 9000)",0.185,0.815555556,910.7496169,90.28384946
5,2,LD2_04_05_10_11_2023-03-03 11-36-38.mkv,99,TRUE,0.5,50,1800,"{'xs': [[2.3124999999999996, 104.18484042553192, 101.12101063829788, 3.07845744680851], [3.07845744680851, 101.12101063829788, 104.18484042553192, 1.5465425531914887]], 'ys': [[1.326988636363618, 1.326988636363618, 109.33607954545454, 108.34517045454544], [108.34517045454544, 109.33607954545454, 216.35426136363637, 215.85880681818182]]}",dark,FALSE,0,"(0, 1800)",0.099389228,0.901721266,688.3204508,68.2341434
5,2,LD2_04_05_10_11_2023-03-03 11-36-38.mkv,99,TRUE,0.5,50,1800,"{'xs': [[2.3124999999999996, 104.18484042553192, 101.12101063829788, 3.07845744680851], [3.07845744680851, 101.12101063829788, 104.18484042553192, 1.5465425531914887]], 'ys': [[1.326988636363618, 1.326988636363618, 109.33607954545454, 108.34517045454544], [108.34517045454544, 109.33607954545454, 216.35426136363637, 215.85880681818182]]}",dark,FALSE,1,"(1800, 3600)",0.139367018,0.867295947,762.9758817,75.6348379
5,2,LD2_04_05_10_11_2023-03-03 11-36-38.mkv,99,TRUE,0.5,50,1800,"{'xs': [[2.3124999999999996, 104.18484042553192, 101.12101063829788, 3.07845744680851], [3.07845744680851, 101.12101063829788, 104.18484042553192, 1.5465425531914887]], 'ys': [[1.326988636363618, 1.326988636363618, 109.33607954545454, 108.34517045454544], [108.34517045454544, 109.33607954545454, 216.35426136363637, 215.85880681818182]]}",dark,FALSE,2,"(3600, 5400)",0.000555247,1,449.7709596,44.58640757
5,2,LD2_04_05_10_11_2023-03-03 11-36-38.mkv,99,TRUE,0.5,50,1800,"{'xs': [[2.3124999999999996, 104.18484042553192, 101.12101063829788, 3.07845744680851], [3.07845744680851, 101.12101063829788, 104.18484042553192, 1.5465425531914887]], 'ys': [[1.326988636363618, 1.326988636363618, 109.33607954545454, 108.34517045454544], [108.34517045454544, 109.33607954545454, 216.35426136363637, 215.85880681818182]]}",dark,FALSE,3,"(5400, 7200)",0.76568573,0.235424764,1066.131461,105.6870632
5,2,LD2_04_05_10_11_2023-03-03 11-36-38.mkv,99,TRUE,0.5,50,1800,"{'xs': [[2.3124999999999996, 104.18484042553192, 101.12101063829788, 3.07845744680851], [3.07845744680851, 101.12101063829788, 104.18484042553192, 1.5465425531914887]], 'ys': [[1.326988636363618, 1.326988636363618, 109.33607954545454, 108.34517045454544], [108.34517045454544, 109.33607954545454, 216.35426136363637, 215.85880681818182]]}",dark,FALSE,4,"(7200, 9000)",0.172777778,0.828333333,622.3405435,61.69346536
8,2,LD2_07_08_09_13_2023-03-03 12-35-21.mkv,99,TRUE,0.5,50,1800,"{'xs': [[2.3124999999999996, 104.18484042553192, 101.12101063829788, 3.07845744680851], [3.07845744680851, 101.12101063829788, 104.18484042553192, 1.5465425531914887]], 'ys': [[1.326988636363618, 1.326988636363618, 109.33607954545454, 108.34517045454544], [108.34517045454544, 109.33607954545454, 216.35426136363637, 215.85880681818182]]}",light,FALSE,0,"(0, 1800)",0.132704053,0.869516935,1163.449107,115.3342939
8,2,LD2_07_08_09_13_2023-03-03 12-35-21.mkv,99,TRUE,0.5,50,1800,"{'xs': [[2.3124999999999996, 104.18484042553192, 101.12101063829788, 3.07845744680851], [3.07845744680851, 101.12101063829788, 104.18484042553192, 1.5465425531914887]], 'ys': [[1.326988636363618, 1.326988636363618, 109.33607954545454, 108.34517045454544], [108.34517045454544, 109.33607954545454, 216.35426136363637, 215.85880681818182]]}",light,FALSE,1,"(1800, 3600)",0.282620766,0.720710716,1078.437831,106.9070105
8,2,LD2_07_08_09_13_2023-03-03 12-35-21.mkv,99,TRUE,0.5,50,1800,"{'xs': [[2.3124999999999996, 104.18484042553192, 101.12101063829788, 3.07845744680851], [3.07845744680851, 101.12101063829788, 104.18484042553192, 1.5465425531914887]], 'ys': [[1.326988636363618, 1.326988636363618, 109.33607954545454, 108.34517045454544], [108.34517045454544, 109.33607954545454, 216.35426136363637, 215.85880681818182]]}",light,FALSE,2,"(3600, 5400)",0.650194336,0.350916158,1361.588322,134.9761041
8,2,LD2_07_08_09_13_2023-03-03 12-35-21.mkv,99,TRUE,0.5,50,1800,"{'xs': [[2.3124999999999996, 104.18484042553192, 101.12101063829788, 3.07845744680851], [3.07845744680851, 101.12101063829788, 104.18484042553192, 1.5465425531914887]], 'ys': [[1.326988636363618, 1.326988636363618, 109.33607954545454, 108.34517045454544], [108.34517045454544, 109.33607954545454, 216.35426136363637, 215.85880681818182]]}",light,FALSE,3,"(5400, 7200)",0.002776235,0.997223765,1037.184098,102.8174717
8,2,LD2_07_08_09_13_2023-03-03 12-35-21.mkv,99,TRUE,0.5,50,1800,"{'xs': [[2.3124999999999996, 104.18484042553192, 101.12101063829788, 3.07845744680851], [3.07845744680851, 101.12101063829788, 104.18484042553192, 1.5465425531914887]], 'ys': [[1.326988636363618, 1.326988636363618, 109.33607954545454, 108.34517045454544], [108.34517045454544, 109.33607954545454, 216.35426136363637, 215.85880681818182]]}",light,FALSE,4,"(7200, 9000)",0.204444444,0.796111111,946.2401315,93.80207249
16,2,LD2_12_16_17_182023-03-03 11-51-31.mkv,99,TRUE,0.5,50,1800,"{'xs': [[2.3124999999999996, 104.18484042553192, 101.12101063829788, 3.07845744680851], [3.07845744680851, 101.12101063829788, 104.18484042553192, 1.5465425531914887]], 'ys': [[1.326988636363618, 1.326988636363618, 109.33607954545454, 108.34517045454544], [108.34517045454544, 109.33607954545454, 216.35426136363637, 215.85880681818182]]}",dark,FALSE,0,"(0, 1800)",0.259300389,0.740699611,1226.459579,121.5806078
16,2,LD2_12_16_17_182023-03-03 11-51-31.mkv,99,TRUE,0.5,50,1800,"{'xs': [[2.3124999999999996, 104.18484042553192, 101.12101063829788, 3.07845744680851], [3.07845744680851, 101.12101063829788, 104.18484042553192, 1.5465425531914887]], 'ys': [[1.326988636363618, 1.326988636363618, 109.33607954545454, 108.34517045454544], [108.34517045454544, 109.33607954545454, 216.35426136363637, 215.85880681818182]]}",dark,FALSE,1,"(1800, 3600)",0,1,653.5382891,64.78614035
16,2,LD2_12_16_17_182023-03-03 11-51-31.mkv,99,TRUE,0.5,50,1800,"{'xs': [[2.3124999999999996, 104.18484042553192, 101.12101063829788, 3.07845744680851], [3.07845744680851, 101.12101063829788, 104.18484042553192, 1.5465425531914887]], 'ys': [[1.326988636363618, 1.326988636363618, 109.33607954545454, 108.34517045454544], [108.34517045454544, 109.33607954545454, 216.35426136363637, 215.85880681818182]]}",dark,FALSE,2,"(3600, 5400)",0.169350361,0.83231538,598.9042446,59.37019314
16,2,LD2_12_16_17_182023-03-03 11-51-31.mkv,99,TRUE,0.5,50,1800,"{'xs': [[2.3124999999999996, 104.18484042553192, 101.12101063829788, 3.07845744680851], [3.07845744680851, 101.12101063829788, 104.18484042553192, 1.5465425531914887]], 'ys': [[1.326988636363618, 1.326988636363618, 109.33607954545454, 108.34517045454544], [108.34517045454544, 109.33607954545454, 216.35426136363637, 215.85880681818182]]}",dark,FALSE,3,"(5400, 7200)",0.138811771,0.862298723,576.555786,57.15476001
16,2,LD2_12_16_17_182023-03-03 11-51-31.mkv,99,TRUE,0.5,50,1800,"{'xs': [[2.3124999999999996, 104.18484042553192, 101.12101063829788, 3.07845744680851], [3.07845744680851, 101.12101063829788, 104.18484042553192, 1.5465425531914887]], 'ys': [[1.326988636363618, 1.326988636363618, 109.33607954545454, 108.34517045454544], [108.34517045454544, 109.33607954545454, 216.35426136363637, 215.85880681818182]]}",dark,FALSE,4,"(7200, 9000)",0.619444444,0.381666667,1166.458165,115.632586
15,2,LD2_14_15_23_24_2023-03-03 12-47-59.mkv,99,TRUE,0.5,50,1800,"{'xs': [[2.3124999999999996, 104.18484042553192, 101.12101063829788, 3.07845744680851], [3.07845744680851, 101.12101063829788, 104.18484042553192, 1.5465425531914887]], 'ys': [[1.326988636363618, 1.326988636363618, 109.33607954545454, 108.34517045454544], [108.34517045454544, 109.33607954545454, 216.35426136363637, 215.85880681818182]]}",dark,FALSE,0,"(0, 1800)",0.199888951,0.801776791,1210.125095,119.9613482
15,2,LD2_14_15_23_24_2023-03-03 12-47-59.mkv,99,TRUE,0.5,50,1800,"{'xs': [[2.3124999999999996, 104.18484042553192, 101.12101063829788, 3.07845744680851], [3.07845744680851, 101.12101063829788, 104.18484042553192, 1.5465425531914887]], 'ys': [[1.326988636363618, 1.326988636363618, 109.33607954545454, 108.34517045454544], [108.34517045454544, 109.33607954545454, 216.35426136363637, 215.85880681818182]]}",dark,FALSE,1,"(1800, 3600)",0.307051638,0.697390339,895.7495124,88.79686867
15,2,LD2_14_15_23_24_2023-03-03 12-47-59.mkv,99,TRUE,0.5,50,1800,"{'xs': [[2.3124999999999996, 104.18484042553192, 101.12101063829788, 3.07845744680851], [3.07845744680851, 101.12101063829788, 104.18484042553192, 1.5465425531914887]], 'ys': [[1.326988636363618, 1.326988636363618, 109.33607954545454, 108.34517045454544], [108.34517045454544, 109.33607954545454, 216.35426136363637, 215.85880681818182]]}",dark,FALSE,2,"(3600, 5400)",0.391449195,0.620766241,1117.684824,110.7976183
15,2,LD2_14_15_23_24_2023-03-03 12-47-59.mkv,99,TRUE,0.5,50,1800,"{'xs': [[2.3124999999999996, 104.18484042553192, 101.12101063829788, 3.07845744680851], [3.07845744680851, 101.12101063829788, 104.18484042553192, 1.5465425531914887]], 'ys': [[1.326988636363618, 1.326988636363618, 109.33607954545454, 108.34517045454544], [108.34517045454544, 109.33607954545454, 216.35426136363637, 215.85880681818182]]}",dark,FALSE,3,"(5400, 7200)",0.441421433,0.560244309,1042.321527,103.326752
15,2,LD2_14_15_23_24_2023-03-03 12-47-59.mkv,99,TRUE,0.5,50,1800,"{'xs': [[2.3124999999999996, 104.18484042553192, 101.12101063829788, 3.07845744680851], [3.07845744680851, 101.12101063829788, 104.18484042553192, 1.5465425531914887]], 'ys': [[1.326988636363618, 1.326988636363618, 109.33607954545454, 108.34517045454544], [108.34517045454544, 109.33607954545454, 216.35426136363637, 215.85880681818182]]}",dark,FALSE,4,"(7200, 9000)",0.407222222,0.594444444,894.8086976,88.70360443
20,2,LD2_19_20_21_22_2023-03-03 12-05-51.mkv,99,TRUE,0.5,50,1800,"{'xs': [[2.3124999999999996, 104.18484042553192, 101.12101063829788, 3.07845744680851], [3.07845744680851, 101.12101063829788, 104.18484042553192, 1.5465425531914887]], 'ys': [[1.326988636363618, 1.326988636363618, 109.33607954545454, 108.34517045454544], [108.34517045454544, 109.33607954545454, 216.35426136363637, 215.85880681818182]]}",dark,FALSE,0,"(0, 1800)",0.173792338,0.831204886,799.7299409,79.27831783
20,2,LD2_19_20_21_22_2023-03-03 12-05-51.mkv,99,TRUE,0.5,50,1800,"{'xs': [[2.3124999999999996, 104.18484042553192, 101.12101063829788, 3.07845744680851], [3.07845744680851, 101.12101063829788, 104.18484042553192, 1.5465425531914887]], 'ys': [[1.326988636363618, 1.326988636363618, 109.33607954545454, 108.34517045454544], [108.34517045454544, 109.33607954545454, 216.35426136363637, 215.85880681818182]]}",dark,FALSE,1,"(1800, 3600)",0.006107718,0.997779012,575.3827778,57.03847812
20,2,LD2_19_20_21_22_2023-03-03 12-05-51.mkv,99,TRUE,0.5,50,1800,"{'xs': [[2.3124999999999996, 104.18484042553192, 101.12101063829788, 3.07845744680851], [3.07845744680851, 101.12101063829788, 104.18484042553192, 1.5465425531914887]], 'ys': [[1.326988636363618, 1.326988636363618, 109.33607954545454, 108.34517045454544], [108.34517045454544, 109.33607954545454, 216.35426136363637, 215.85880681818182]]}",dark,FALSE,2,"(3600, 5400)",0,1,415.9619066,41.23487011
20,2,LD2_19_20_21_22_2023-03-03 12-05-51.mkv,99,TRUE,0.5,50,1800,"{'xs': [[2.3124999999999996, 104.18484042553192, 101.12101063829788, 3.07845744680851], [3.07845744680851, 101.12101063829788, 104.18484042553192, 1.5465425531914887]], 'ys': [[1.326988636363618, 1.326988636363618, 109.33607954545454, 108.34517045454544], [108.34517045454544, 109.33607954545454, 216.35426136363637, 215.85880681818182]]}",dark,FALSE,3,"(5400, 7200)",0,1,585.3155769,58.02313001
20,2,LD2_19_20_21_22_2023-03-03 12-05-51.mkv,99,TRUE,0.5,50,1800,"{'xs': [[2.3124999999999996, 104.18484042553192, 101.12101063829788, 3.07845744680851], [3.07845744680851, 101.12101063829788, 104.18484042553192, 1.5465425531914887]], 'ys': [[1.326988636363618, 1.326988636363618, 109.33607954545454, 108.34517045454544], [108.34517045454544, 109.33607954545454, 216.35426136363637, 215.85880681818182]]}",dark,FALSE,4,"(7200, 9000)",0,1,344.2599969,34.12696219
3,2,LD2_01_02_03_06_2023-03-03 12-20-05.mkv,99,TRUE,0.5,50,1800,"{'xs': [[2.3124999999999996, 104.18484042553192, 104.18484042553192, 3.8444148936170204], [3.8444148936170204, 104.18484042553192, 103.4188829787234, 1.5465425531914887]], 'ys': [[1.3310344827586145, 3.317241379310339, 110.57241379310345, 108.58620689655172], [108.58620689655172, 110.57241379310345, 214.35172413793103, 214.35172413793103]]}",light,FALSE,0,"(0, 1800)",0.227096058,0.774014436,986.1274135,98.70342512
3,2,LD2_01_02_03_06_2023-03-03 12-20-05.mkv,99,TRUE,0.5,50,1800,"{'xs': [[2.3124999999999996, 104.18484042553192, 104.18484042553192, 3.8444148936170204], [3.8444148936170204, 104.18484042553192, 103.4188829787234, 1.5465425531914887]], 'ys': [[1.3310344827586145, 3.317241379310339, 110.57241379310345, 108.58620689655172], [108.58620689655172, 110.57241379310345, 214.35172413793103, 214.35172413793103]]}",light,FALSE,1,"(1800, 3600)",0.78289839,0.219322599,844.7980972,84.55749692
3,2,LD2_01_02_03_06_2023-03-03 12-20-05.mkv,99,TRUE,0.5,50,1800,"{'xs': [[2.3124999999999996, 104.18484042553192, 104.18484042553192, 3.8444148936170204], [3.8444148936170204, 104.18484042553192, 103.4188829787234, 1.5465425531914887]], 'ys': [[1.3310344827586145, 3.317241379310339, 110.57241379310345, 108.58620689655172], [108.58620689655172, 110.57241379310345, 214.35172413793103, 214.35172413793103]]}",light,FALSE,2,"(3600, 5400)",0,1,480.2289719,48.0670588
3,2,LD2_01_02_03_06_2023-03-03 12-20-05.mkv,99,TRUE,0.5,50,1800,"{'xs': [[2.3124999999999996, 104.18484042553192, 104.18484042553192, 3.8444148936170204], [3.8444148936170204, 104.18484042553192, 103.4188829787234, 1.5465425531914887]], 'ys': [[1.3310344827586145, 3.317241379310339, 110.57241379310345, 108.58620689655172], [108.58620689655172, 110.57241379310345, 214.35172413793103, 214.35172413793103]]}",light,FALSE,3,"(5400, 7200)",0.221543587,0.778456413,736.1769019,73.68538864
3,2,LD2_01_02_03_06_2023-03-03 12-20-05.mkv,99,TRUE,0.5,50,1800,"{'xs': [[2.3124999999999996, 104.18484042553192, 104.18484042553192, 3.8444148936170204], [3.8444148936170204, 104.18484042553192, 103.4188829787234, 1.5465425531914887]], 'ys': [[1.3310344827586145, 3.317241379310339, 110.57241379310345, 108.58620689655172], [108.58620689655172, 110.57241379310345, 214.35172413793103, 214.35172413793103]]}",light,FALSE,4,"(7200, 9000)",0.360555556,0.639444444,1018.727924,101.9664741
10,2,LD2_04_05_10_11_2023-03-03 11-36-38.mkv,99,TRUE,0.5,50,1800,"{'xs': [[2.3124999999999996, 104.18484042553192, 104.18484042553192, 3.8444148936170204], [3.8444148936170204, 104.18484042553192, 103.4188829787234, 1.5465425531914887]], 'ys': [[1.3310344827586145, 3.317241379310339, 110.57241379310345, 108.58620689655172], [108.58620689655172, 110.57241379310345, 214.35172413793103, 214.35172413793103]]}",light,FALSE,0,"(0, 1800)",0.414214325,0.590227651,1083.326721,108.4322942
10,2,LD2_04_05_10_11_2023-03-03 11-36-38.mkv,99,TRUE,0.5,50,1800,"{'xs': [[2.3124999999999996, 104.18484042553192, 104.18484042553192, 3.8444148936170204], [3.8444148936170204, 104.18484042553192, 103.4188829787234, 1.5465425531914887]], 'ys': [[1.3310344827586145, 3.317241379310339, 110.57241379310345, 108.58620689655172], [108.58620689655172, 110.57241379310345, 214.35172413793103, 214.35172413793103]]}",light,FALSE,1,"(1800, 3600)",0.557468073,0.44752915,975.1120394,97.60087474
10,2,LD2_04_05_10_11_2023-03-03 11-36-38.mkv,99,TRUE,0.5,50,1800,"{'xs': [[2.3124999999999996, 104.18484042553192, 104.18484042553192, 3.8444148936170204], [3.8444148936170204, 104.18484042553192, 103.4188829787234, 1.5465425531914887]], 'ys': [[1.3310344827586145, 3.317241379310339, 110.57241379310345, 108.58620689655172], [108.58620689655172, 110.57241379310345, 214.35172413793103, 214.35172413793103]]}",light,FALSE,2,"(3600, 5400)",0.203220433,0.800666297,744.9134154,74.5598434
10,2,LD2_04_05_10_11_2023-03-03 11-36-38.mkv,99,TRUE,0.5,50,1800,"{'xs': [[2.3124999999999996, 104.18484042553192, 104.18484042553192, 3.8444148936170204], [3.8444148936170204, 104.18484042553192, 103.4188829787234, 1.5465425531914887]], 'ys': [[1.3310344827586145, 3.317241379310339, 110.57241379310345, 108.58620689655172], [108.58620689655172, 110.57241379310345, 214.35172413793103, 214.35172413793103]]}",light,FALSE,3,"(5400, 7200)",0.656857301,0.343142699,774.3261006,77.50381669
10,2,LD2_04_05_10_11_2023-03-03 11-36-38.mkv,99,TRUE,0.5,50,1800,"{'xs': [[2.3124999999999996, 104.18484042553192, 104.18484042553192, 3.8444148936170204], [3.8444148936170204, 104.18484042553192, 103.4188829787234, 1.5465425531914887]], 'ys': [[1.3310344827586145, 3.317241379310339, 110.57241379310345, 108.58620689655172], [108.58620689655172, 110.57241379310345, 214.35172413793103, 214.35172413793103]]}",light,FALSE,4,"(7200, 9000)",0.571111111,0.430555556,862.0018486,86.27945411
9,2,LD2_07_08_09_13_2023-03-03 12-35-21.mkv,99,TRUE,0.5,50,1800,"{'xs': [[2.3124999999999996, 104.18484042553192, 104.18484042553192, 3.8444148936170204], [3.8444148936170204, 104.18484042553192, 103.4188829787234, 1.5465425531914887]], 'ys': [[1.3310344827586145, 3.317241379310339, 110.57241379310345, 108.58620689655172], [108.58620689655172, 110.57241379310345, 214.35172413793103, 214.35172413793103]]}",light,FALSE,0,"(0, 1800)",0.436424209,0.564686285,1011.940666,101.2871241
9,2,LD2_07_08_09_13_2023-03-03 12-35-21.mkv,99,TRUE,0.5,50,1800,"{'xs': [[2.3124999999999996, 104.18484042553192, 104.18484042553192, 3.8444148936170204], [3.8444148936170204, 104.18484042553192, 103.4188829787234, 1.5465425531914887]], 'ys': [[1.3310344827586145, 3.317241379310339, 110.57241379310345, 108.58620689655172], [108.58620689655172, 110.57241379310345, 214.35172413793103, 214.35172413793103]]}",light,FALSE,1,"(1800, 3600)",0.064963909,0.935036091,677.7599089,67.83831735
9,2,LD2_07_08_09_13_2023-03-03 12-35-21.mkv,99,TRUE,0.5,50,1800,"{'xs': [[2.3124999999999996, 104.18484042553192, 104.18484042553192, 3.8444148936170204], [3.8444148936170204, 104.18484042553192, 103.4188829787234, 1.5465425531914887]], 'ys': [[1.3310344827586145, 3.317241379310339, 110.57241379310345, 108.58620689655172], [108.58620689655172, 110.57241379310345, 214.35172413793103, 214.35172413793103]]}",light,FALSE,2,"(3600, 5400)",0.02665186,0.975013881,823.3341807,82.40913146
9,2,LD2_07_08_09_13_2023-03-03 12-35-21.mkv,99,TRUE,0.5,50,1800,"{'xs': [[2.3124999999999996, 104.18484042553192, 104.18484042553192, 3.8444148936170204], [3.8444148936170204, 104.18484042553192, 103.4188829787234, 1.5465425531914887]], 'ys': [[1.3310344827586145, 3.317241379310339, 110.57241379310345, 108.58620689655172], [108.58620689655172, 110.57241379310345, 214.35172413793103, 214.35172413793103]]}",light,FALSE,3,"(5400, 7200)",0.146029983,0.855080511,677.876968,67.85003402
9,2,LD2_07_08_09_13_2023-03-03 12-35-21.mkv,99,TRUE,0.5,50,1800,"{'xs': [[2.3124999999999996, 104.18484042553192, 104.18484042553192, 3.8444148936170204], [3.8444148936170204, 104.18484042553192, 103.4188829787234, 1.5465425531914887]], 'ys': [[1.3310344827586145, 3.317241379310339, 110.57241379310345, 108.58620689655172], [108.58620689655172, 110.57241379310345, 214.35172413793103, 214.35172413793103]]}",light,FALSE,4,"(7200, 9000)",0.81,0.19,1062.358693,106.3335633
17,2,LD2_12_16_17_182023-03-03 11-51-31.mkv,99,TRUE,0.5,50,1800,"{'xs': [[2.3124999999999996, 104.18484042553192, 104.18484042553192, 3.8444148936170204], [3.8444148936170204, 104.18484042553192, 103.4188829787234, 1.5465425531914887]], 'ys': [[1.3310344827586145, 3.317241379310339, 110.57241379310345, 108.58620689655172], [108.58620689655172, 110.57241379310345, 214.35172413793103, 214.35172413793103]]}",light,FALSE,0,"(0, 1800)",0.635757912,0.365352582,1005.547763,100.6472459
17,2,LD2_12_16_17_182023-03-03 11-51-31.mkv,99,TRUE,0.5,50,1800,"{'xs': [[2.3124999999999996, 104.18484042553192, 104.18484042553192, 3.8444148936170204], [3.8444148936170204, 104.18484042553192, 103.4188829787234, 1.5465425531914887]], 'ys': [[1.3310344827586145, 3.317241379310339, 110.57241379310345, 108.58620689655172], [108.58620689655172, 110.57241379310345, 214.35172413793103, 214.35172413793103]]}",light,FALSE,1,"(1800, 3600)",0.146029983,0.856746252,583.87873,58.44156619
17,2,LD2_12_16_17_182023-03-03 11-51-31.mkv,99,TRUE,0.5,50,1800,"{'xs': [[2.3124999999999996, 104.18484042553192, 104.18484042553192, 3.8444148936170204], [3.8444148936170204, 104.18484042553192, 103.4188829787234, 1.5465425531914887]], 'ys': [[1.3310344827586145, 3.317241379310339, 110.57241379310345, 108.58620689655172], [108.58620689655172, 110.57241379310345, 214.35172413793103, 214.35172413793103]]}",light,FALSE,2,"(3600, 5400)",1,0,346.0067168,34.63249028
17,2,LD2_12_16_17_182023-03-03 11-51-31.mkv,99,TRUE,0.5,50,1800,"{'xs': [[2.3124999999999996, 104.18484042553192, 104.18484042553192, 3.8444148936170204], [3.8444148936170204, 104.18484042553192, 103.4188829787234, 1.5465425531914887]], 'ys': [[1.3310344827586145, 3.317241379310339, 110.57241379310345, 108.58620689655172], [108.58620689655172, 110.57241379310345, 214.35172413793103, 214.35172413793103]]}",light,FALSE,3,"(5400, 7200)",0.253747918,0.746807329,1893.623983,189.536535
17,2,LD2_12_16_17_182023-03-03 11-51-31.mkv,99,TRUE,0.5,50,1800,"{'xs': [[2.3124999999999996, 104.18484042553192, 104.18484042553192, 3.8444148936170204], [3.8444148936170204, 104.18484042553192, 103.4188829787234, 1.5465425531914887]], 'ys': [[1.3310344827586145, 3.317241379310339, 110.57241379310345, 108.58620689655172], [108.58620689655172, 110.57241379310345, 214.35172413793103, 214.35172413793103]]}",light,FALSE,4,"(7200, 9000)",0.352222222,0.647777778,1786.188245,178.7830815
23,2,LD2_14_15_23_24_2023-03-03 12-47-59.mkv,99,TRUE,0.5,50,1800,"{'xs': [[2.3124999999999996, 104.18484042553192, 104.18484042553192, 3.8444148936170204], [3.8444148936170204, 104.18484042553192, 103.4188829787234, 1.5465425531914887]], 'ys': [[1.3310344827586145, 3.317241379310339, 110.57241379310345, 108.58620689655172], [108.58620689655172, 110.57241379310345, 214.35172413793103, 214.35172413793103]]}",light,FALSE,0,"(0, 1800)",0.741254858,0.258745142,967.711184,96.86010862
23,2,LD2_14_15_23_24_2023-03-03 12-47-59.mkv,99,TRUE,0.5,50,1800,"{'xs': [[2.3124999999999996, 104.18484042553192, 104.18484042553192, 3.8444148936170204], [3.8444148936170204, 104.18484042553192, 103.4188829787234, 1.5465425531914887]], 'ys': [[1.3310344827586145, 3.317241379310339, 110.57241379310345, 108.58620689655172], [108.58620689655172, 110.57241379310345, 214.35172413793103, 214.35172413793103]]}",light,FALSE,1,"(1800, 3600)",0.133814547,0.867295947,652.5411981,65.31412717
23,2,LD2_14_15_23_24_2023-03-03 12-47-59.mkv,99,TRUE,0.5,50,1800,"{'xs': [[2.3124999999999996, 104.18484042553192, 104.18484042553192, 3.8444148936170204], [3.8444148936170204, 104.18484042553192, 103.4188829787234, 1.5465425531914887]], 'ys': [[1.3310344827586145, 3.317241379310339, 110.57241379310345, 108.58620689655172], [108.58620689655172, 110.57241379310345, 214.35172413793103, 214.35172413793103]]}",light,FALSE,2,"(3600, 5400)",0.731815658,0.305385897,481.8707289,48.23138547
23,2,LD2_14_15_23_24_2023-03-03 12-47-59.mkv,99,TRUE,0.5,50,1800,"{'xs': [[2.3124999999999996, 104.18484042553192, 104.18484042553192, 3.8444148936170204], [3.8444148936170204, 104.18484042553192, 103.4188829787234, 1.5465425531914887]], 'ys': [[1.3310344827586145, 3.317241379310339, 110.57241379310345, 108.58620689655172], [108.58620689655172, 110.57241379310345, 214.35172413793103, 214.35172413793103]]}",light,FALSE,3,"(5400, 7200)",0.101054969,0.900055525,453.4975375,45.39145715
23,2,LD2_14_15_23_24_2023-03-03 12-47-59.mkv,99,TRUE,0.5,50,1800,"{'xs': [[2.3124999999999996, 104.18484042553192, 104.18484042553192, 3.8444148936170204], [3.8444148936170204, 104.18484042553192, 103.4188829787234, 1.5465425531914887]], 'ys': [[1.3310344827586145, 3.317241379310339, 110.57241379310345, 108.58620689655172], [108.58620689655172, 110.57241379310345, 214.35172413793103, 214.35172413793103]]}",light,FALSE,4,"(7200, 9000)",0.380555556,0.619444444,931.1453862,93.20016627
21,2,LD2_19_20_21_22_2023-03-03 12-05-51.mkv,99,TRUE,0.5,50,1800,"{'xs': [[2.3124999999999996, 104.18484042553192, 104.18484042553192, 3.8444148936170204], [3.8444148936170204, 104.18484042553192, 103.4188829787234, 1.5465425531914887]], 'ys': [[1.3310344827586145, 3.317241379310339, 110.57241379310345, 108.58620689655172], [108.58620689655172, 110.57241379310345, 214.35172413793103, 214.35172413793103]]}",light,FALSE,0,"(0, 1800)",0.785119378,0.221543587,1240.063319,124.1203674
21,2,LD2_19_20_21_22_2023-03-03 12-05-51.mkv,99,TRUE,0.5,50,1800,"{'xs': [[2.3124999999999996, 104.18484042553192, 104.18484042553192, 3.8444148936170204], [3.8444148936170204, 104.18484042553192, 103.4188829787234, 1.5465425531914887]], 'ys': [[1.3310344827586145, 3.317241379310339, 110.57241379310345, 108.58620689655172], [108.58620689655172, 110.57241379310345, 214.35172413793103, 214.35172413793103]]}",light,FALSE,1,"(1800, 3600)",0.41532482,0.586896169,922.3931514,92.32413794
21,2,LD2_19_20_21_22_2023-03-03 12-05-51.mkv,99,TRUE,0.5,50,1800,"{'xs': [[2.3124999999999996, 104.18484042553192, 104.18484042553192, 3.8444148936170204], [3.8444148936170204, 104.18484042553192, 103.4188829787234, 1.5465425531914887]], 'ys': [[1.3310344827586145, 3.317241379310339, 110.57241379310345, 108.58620689655172], [108.58620689655172, 110.57241379310345, 214.35172413793103, 214.35172413793103]]}",light,FALSE,2,"(3600, 5400)",0.343697946,0.657412549,756.0315992,75.6726842
21,2,LD2_19_20_21_22_2023-03-03 12-05-51.mkv,99,TRUE,0.5,50,1800,"{'xs': [[2.3124999999999996, 104.18484042553192, 104.18484042553192, 3.8444148936170204], [3.8444148936170204, 104.18484042553192, 103.4188829787234, 1.5465425531914887]], 'ys': [[1.3310344827586145, 3.317241379310339, 110.57241379310345, 108.58620689655172], [108.58620689655172, 110.57241379310345, 214.35172413793103, 214.35172413793103]]}",light,FALSE,3,"(5400, 7200)",0.45530261,0.549139367,770.6261829,77.13348468
21,2,LD2_19_20_21_22_2023-03-03 12-05-51.mkv,99,TRUE,0.5,50,1800,"{'xs': [[2.3124999999999996, 104.18484042553192, 104.18484042553192, 3.8444148936170204], [3.8444148936170204, 104.18484042553192, 103.4188829787234, 1.5465425531914887]], 'ys': [[1.3310344827586145, 3.317241379310339, 110.57241379310345, 108.58620689655172], [108.58620689655172, 110.57241379310345, 214.35172413793103, 214.35172413793103]]}",light,FALSE,4,"(7200, 9000)",0.737222222,0.263888889,1064.841899,106.5821122
6,2,LD2_01_02_03_06_2023-03-03 12-20-05.mkv,99,TRUE,0.5,50,1800,"{'xs': [[0.8030790441176483, 102.90602022058825, 102.12660845588236, 3.1413143382352953], [3.1413143382352953, 102.12660845588236, 102.90602022058825, 2.361902573529413]], 'ys': [[2.317897727272709, 1.8224431818181637, 108.84062499999999, 107.8497159090909], [107.8497159090909, 108.84062499999999, 215.36335227272727, 215.85880681818182]]}",light,FALSE,0,"(0, 1800)",0.820655192,0.183231538,1384.305475,138.3898955
6,2,LD2_01_02_03_06_2023-03-03 12-20-05.mkv,99,TRUE,0.5,50,1800,"{'xs': [[0.8030790441176483, 102.90602022058825, 102.12660845588236, 3.1413143382352953], [3.1413143382352953, 102.12660845588236, 102.90602022058825, 2.361902573529413]], 'ys': [[2.317897727272709, 1.8224431818181637, 108.84062499999999, 107.8497159090909], [107.8497159090909, 108.84062499999999, 215.36335227272727, 215.85880681818182]]}",light,FALSE,1,"(1800, 3600)",0.70849528,0.294836202,1080.005803,107.9688644
6,2,LD2_01_02_03_06_2023-03-03 12-20-05.mkv,99,TRUE,0.5,50,1800,"{'xs': [[0.8030790441176483, 102.90602022058825, 102.12660845588236, 3.1413143382352953], [3.1413143382352953, 102.12660845588236, 102.90602022058825, 2.361902573529413]], 'ys': [[2.317897727272709, 1.8224431818181637, 108.84062499999999, 107.8497159090909], [107.8497159090909, 108.84062499999999, 215.36335227272727, 215.85880681818182]]}",light,FALSE,2,"(3600, 5400)",0.825652415,0.175458079,1184.301403,118.3953616
6,2,LD2_01_02_03_06_2023-03-03 12-20-05.mkv,99,TRUE,0.5,50,1800,"{'xs': [[0.8030790441176483, 102.90602022058825, 102.12660845588236, 3.1413143382352953], [3.1413143382352953, 102.12660845588236, 102.90602022058825, 2.361902573529413]], 'ys': [[2.317897727272709, 1.8224431818181637, 108.84062499999999, 107.8497159090909], [107.8497159090909, 108.84062499999999, 215.36335227272727, 215.85880681818182]]}",light,FALSE,3,"(5400, 7200)",0.434758468,0.565241532,1011.356029,101.105903
6,2,LD2_01_02_03_06_2023-03-03 12-20-05.mkv,99,TRUE,0.5,50,1800,"{'xs': [[0.8030790441176483, 102.90602022058825, 102.12660845588236, 3.1413143382352953], [3.1413143382352953, 102.12660845588236, 102.90602022058825, 2.361902573529413]], 'ys': [[2.317897727272709, 1.8224431818181637, 108.84062499999999, 107.8497159090909], [107.8497159090909, 108.84062499999999, 215.36335227272727, 215.85880681818182]]}",light,FALSE,4,"(7200, 9000)",0.262777778,0.747777778,1033.44659,103.3143104
11,2,LD2_04_05_10_11_2023-03-03 11-36-38.mkv,99,TRUE,0.5,50,1800,"{'xs': [[0.8030790441176483, 102.90602022058825, 102.12660845588236, 3.1413143382352953], [3.1413143382352953, 102.12660845588236, 102.90602022058825, 2.361902573529413]], 'ys': [[2.317897727272709, 1.8224431818181637, 108.84062499999999, 107.8497159090909], [107.8497159090909, 108.84062499999999, 215.36335227272727, 215.85880681818182]]}",dark,FALSE,0,"(0, 1800)",0,1,235.8615247,23.57922608
11,2,LD2_04_05_10_11_2023-03-03 11-36-38.mkv,99,TRUE,0.5,50,1800,"{'xs': [[0.8030790441176483, 102.90602022058825, 102.12660845588236, 3.1413143382352953], [3.1413143382352953, 102.12660845588236, 102.90602022058825, 2.361902573529413]], 'ys': [[2.317897727272709, 1.8224431818181637, 108.84062499999999, 107.8497159090909], [107.8497159090909, 108.84062499999999, 215.36335227272727, 215.85880681818182]]}",dark,FALSE,1,"(1800, 3600)",0,1,674.5742552,67.43761572
11,2,LD2_04_05_10_11_2023-03-03 11-36-38.mkv,99,TRUE,0.5,50,1800,"{'xs': [[0.8030790441176483, 102.90602022058825, 102.12660845588236, 3.1413143382352953], [3.1413143382352953, 102.12660845588236, 102.90602022058825, 2.361902573529413]], 'ys': [[2.317897727272709, 1.8224431818181637, 108.84062499999999, 107.8497159090909], [107.8497159090909, 108.84062499999999, 215.36335227272727, 215.85880681818182]]}",dark,FALSE,2,"(3600, 5400)",0.077734592,0.923375902,1230.182536,122.9821276
11,2,LD2_04_05_10_11_2023-03-03 11-36-38.mkv,99,TRUE,0.5,50,1800,"{'xs': [[0.8030790441176483, 102.90602022058825, 102.12660845588236, 3.1413143382352953], [3.1413143382352953, 102.12660845588236, 102.90602022058825, 2.361902573529413]], 'ys': [[2.317897727272709, 1.8224431818181637, 108.84062499999999, 107.8497159090909], [107.8497159090909, 108.84062499999999, 215.36335227272727, 215.85880681818182]]}",dark,FALSE,3,"(5400, 7200)",0.400888395,0.599666852,1171.79885,117.1454735
11,2,LD2_04_05_10_11_2023-03-03 11-36-38.mkv,99,TRUE,0.5,50,1800,"{'xs': [[0.8030790441176483, 102.90602022058825, 102.12660845588236, 3.1413143382352953], [3.1413143382352953, 102.12660845588236, 102.90602022058825, 2.361902573529413]], 'ys': [[2.317897727272709, 1.8224431818181637, 108.84062499999999, 107.8497159090909], [107.8497159090909, 108.84062499999999, 215.36335227272727, 215.85880681818182]]}",dark,FALSE,4,"(7200, 9000)",0.24,0.76,1009.843483,100.9546929
13,2,LD2_07_08_09_13_2023-03-03 12-35-21.mkv,99,TRUE,0.5,50,1800,"{'xs': [[0.8030790441176483, 102.90602022058825, 102.12660845588236, 3.1413143382352953], [3.1413143382352953, 102.12660845588236, 102.90602022058825, 2.361902573529413]], 'ys': [[2.317897727272709, 1.8224431818181637, 108.84062499999999, 107.8497159090909], [107.8497159090909, 108.84062499999999, 215.36335227272727, 215.85880681818182]]}",light,FALSE,0,"(0, 1800)",0.495835647,0.5047196,1110.660354,111.0334194
13,2,LD2_07_08_09_13_2023-03-03 12-35-21.mkv,99,TRUE,0.5,50,1800,"{'xs': [[0.8030790441176483, 102.90602022058825, 102.12660845588236, 3.1413143382352953], [3.1413143382352953, 102.12660845588236, 102.90602022058825, 2.361902573529413]], 'ys': [[2.317897727272709, 1.8224431818181637, 108.84062499999999, 107.8497159090909], [107.8497159090909, 108.84062499999999, 215.36335227272727, 215.85880681818182]]}",light,FALSE,1,"(1800, 3600)",0.664630761,0.338145475,812.9141961,81.26754727
13,2,LD2_07_08_09_13_2023-03-03 12-35-21.mkv,99,TRUE,0.5,50,1800,"{'xs': [[0.8030790441176483, 102.90602022058825, 102.12660845588236, 3.1413143382352953], [3.1413143382352953, 102.12660845588236, 102.90602022058825, 2.361902573529413]], 'ys': [[2.317897727272709, 1.8224431818181637, 108.84062499999999, 107.8497159090909], [107.8497159090909, 108.84062499999999, 215.36335227272727, 215.85880681818182]]}",light,FALSE,2,"(3600, 5400)",0.305941144,0.694614103,1007.372201,100.7076372
13,2,LD2_07_08_09_13_2023-03-03 12-35-21.mkv,99,TRUE,0.5,50,1800,"{'xs': [[0.8030790441176483, 102.90602022058825, 102.12660845588236, 3.1413143382352953], [3.1413143382352953, 102.12660845588236, 102.90602022058825, 2.361902573529413]], 'ys': [[2.317897727272709, 1.8224431818181637, 108.84062499999999, 107.8497159090909], [107.8497159090909, 108.84062499999999, 215.36335227272727, 215.85880681818182]]}",light,FALSE,3,"(5400, 7200)",0.387562465,0.613548029,752.1998569,75.19789631
13,2,LD2_07_08_09_13_2023-03-03 12-35-21.mkv,99,TRUE,0.5,50,1800,"{'xs': [[0.8030790441176483, 102.90602022058825, 102.12660845588236, 3.1413143382352953], [3.1413143382352953, 102.12660845588236, 102.90602022058825, 2.361902573529413]], 'ys': [[2.317897727272709, 1.8224431818181637, 108.84062499999999, 107.8497159090909], [107.8497159090909, 108.84062499999999, 215.36335227272727, 215.85880681818182]]}",light,FALSE,4,"(7200, 9000)",0,1,712.2677177,71.20585505
18,2,LD2_12_16_17_182023-03-03 11-51-31.mkv,99,TRUE,0.5,50,1800,"{'xs': [[0.8030790441176483, 102.90602022058825, 102.12660845588236, 3.1413143382352953], [3.1413143382352953, 102.12660845588236, 102.90602022058825, 2.361902573529413]], 'ys': [[2.317897727272709, 1.8224431818181637, 108.84062499999999, 107.8497159090909], [107.8497159090909, 108.84062499999999, 215.36335227272727, 215.85880681818182]]}",light,FALSE,0,"(0, 1800)",0.044975014,0.955024986,798.7893032,79.85547277
18,2,LD2_12_16_17_182023-03-03 11-51-31.mkv,99,TRUE,0.5,50,1800,"{'xs': [[0.8030790441176483, 102.90602022058825, 102.12660845588236, 3.1413143382352953], [3.1413143382352953, 102.12660845588236, 102.90602022058825, 2.361902573529413]], 'ys': [[2.317897727272709, 1.8224431818181637, 108.84062499999999, 107.8497159090909], [107.8497159090909, 108.84062499999999, 215.36335227272727, 215.85880681818182]]}",light,FALSE,1,"(1800, 3600)",0.378678512,0.621321488,857.1769531,85.69252313
18,2,LD2_12_16_17_182023-03-03 11-51-31.mkv,99,TRUE,0.5,50,1800,"{'xs': [[0.8030790441176483, 102.90602022058825, 102.12660845588236, 3.1413143382352953], [3.1413143382352953, 102.12660845588236, 102.90602022058825, 2.361902573529413]], 'ys': [[2.317897727272709, 1.8224431818181637, 108.84062499999999, 107.8497159090909], [107.8497159090909, 108.84062499999999, 215.36335227272727, 215.85880681818182]]}",light,FALSE,2,"(3600, 5400)",0.486951694,0.517490283,740.4521076,74.02346637
18,2,LD2_12_16_17_182023-03-03 11-51-31.mkv,99,TRUE,0.5,50,1800,"{'xs': [[0.8030790441176483, 102.90602022058825, 102.12660845588236, 3.1413143382352953], [3.1413143382352953, 102.12660845588236, 102.90602022058825, 2.361902573529413]], 'ys': [[2.317897727272709, 1.8224431818181637, 108.84062499999999, 107.8497159090909], [107.8497159090909, 108.84062499999999, 215.36335227272727, 215.85880681818182]]}",light,FALSE,3,"(5400, 7200)",0.167129373,0.833981122,659.9990542,65.98052365
18,2,LD2_12_16_17_182023-03-03 11-51-31.mkv,99,TRUE,0.5,50,1800,"{'xs': [[0.8030790441176483, 102.90602022058825, 102.12660845588236, 3.1413143382352953], [3.1413143382352953, 102.12660845588236, 102.90602022058825, 2.361902573529413]], 'ys': [[2.317897727272709, 1.8224431818181637, 108.84062499999999, 107.8497159090909], [107.8497159090909, 108.84062499999999, 215.36335227272727, 215.85880681818182]]}",light,FALSE,4,"(7200, 9000)",0.151666667,0.891111111,680.958047,68.07580744
24,2,LD2_14_15_23_24_2023-03-03 12-47-59.mkv,99,TRUE,0.5,50,1800,"{'xs': [[0.8030790441176483, 102.90602022058825, 102.12660845588236, 3.1413143382352953], [3.1413143382352953, 102.12660845588236, 102.90602022058825, 2.361902573529413]], 'ys': [[2.317897727272709, 1.8224431818181637, 108.84062499999999, 107.8497159090909], [107.8497159090909, 108.84062499999999, 215.36335227272727, 215.85880681818182]]}",dark,FALSE,0,"(0, 1800)",0.223764575,0.776790672,1066.88656,106.6573254
24,2,LD2_14_15_23_24_2023-03-03 12-47-59.mkv,99,TRUE,0.5,50,1800,"{'xs': [[0.8030790441176483, 102.90602022058825, 102.12660845588236, 3.1413143382352953], [3.1413143382352953, 102.12660845588236, 102.90602022058825, 2.361902573529413]], 'ys': [[2.317897727272709, 1.8224431818181637, 108.84062499999999, 107.8497159090909], [107.8497159090909, 108.84062499999999, 215.36335227272727, 215.85880681818182]]}",dark,FALSE,1,"(1800, 3600)",0.257634647,0.742365353,990.610594,99.03196876
24,2,LD2_14_15_23_24_2023-03-03 12-47-59.mkv,99,TRUE,0.5,50,1800,"{'xs': [[0.8030790441176483, 102.90602022058825, 102.12660845588236, 3.1413143382352953], [3.1413143382352953, 102.12660845588236, 102.90602022058825, 2.361902573529413]], 'ys': [[2.317897727272709, 1.8224431818181637, 108.84062499999999, 107.8497159090909], [107.8497159090909, 108.84062499999999, 215.36335227272727, 215.85880681818182]]}",dark,FALSE,2,"(3600, 5400)",0.138256524,0.86285397,906.8468227,90.65805147
24,2,LD2_14_15_23_24_2023-03-03 12-47-59.mkv,99,TRUE,0.5,50,1800,"{'xs': [[0.8030790441176483, 102.90602022058825, 102.12660845588236, 3.1413143382352953], [3.1413143382352953, 102.12660845588236, 102.90602022058825, 2.361902573529413]], 'ys': [[2.317897727272709, 1.8224431818181637, 108.84062499999999, 107.8497159090909], [107.8497159090909, 108.84062499999999, 215.36335227272727, 215.85880681818182]]}",dark,FALSE,3,"(5400, 7200)",0.089394781,0.910605219,863.2220789,86.29685819
24,2,LD2_14_15_23_24_2023-03-03 12-47-59.mkv,99,TRUE,0.5,50,1800,"{'xs': [[0.8030790441176483, 102.90602022058825, 102.12660845588236, 3.1413143382352953], [3.1413143382352953, 102.12660845588236, 102.90602022058825, 2.361902573529413]], 'ys': [[2.317897727272709, 1.8224431818181637, 108.84062499999999, 107.8497159090909], [107.8497159090909, 108.84062499999999, 215.36335227272727, 215.85880681818182]]}",dark,FALSE,4,"(7200, 9000)",0.595,0.405,1086.748322,108.6429183
22,2,LD2_19_20_21_22_2023-03-03 12-05-51.mkv,99,TRUE,0.5,50,1800,"{'xs': [[0.8030790441176483, 102.90602022058825, 102.12660845588236, 3.1413143382352953], [3.1413143382352953, 102.12660845588236, 102.90602022058825, 2.361902573529413]], 'ys': [[2.317897727272709, 1.8224431818181637, 108.84062499999999, 107.8497159090909], [107.8497159090909, 108.84062499999999, 215.36335227272727, 215.85880681818182]]}",light,FALSE,0,"(0, 1800)",0.616879511,0.386451971,1541.718423,154.1265676
22,2,LD2_19_20_21_22_2023-03-03 12-05-51.mkv,99,TRUE,0.5,50,1800,"{'xs': [[0.8030790441176483, 102.90602022058825, 102.12660845588236, 3.1413143382352953], [3.1413143382352953, 102.12660845588236, 102.90602022058825, 2.361902573529413]], 'ys': [[2.317897727272709, 1.8224431818181637, 108.84062499999999, 107.8497159090909], [107.8497159090909, 108.84062499999999, 215.36335227272727, 215.85880681818182]]}",light,FALSE,1,"(1800, 3600)",0.42865075,0.572459745,1340.830487,134.0436734
22,2,LD2_19_20_21_22_2023-03-03 12-05-51.mkv,99,TRUE,0.5,50,1800,"{'xs': [[0.8030790441176483, 102.90602022058825, 102.12660845588236, 3.1413143382352953], [3.1413143382352953, 102.12660845588236, 102.90602022058825, 2.361902573529413]], 'ys': [[2.317897727272709, 1.8224431818181637, 108.84062499999999, 107.8497159090909], [107.8497159090909, 108.84062499999999, 215.36335227272727, 215.85880681818182]]}",light,FALSE,2,"(3600, 5400)",0.138256524,0.868961688,894.9574114,89.46945948
22,2,LD2_19_20_21_22_2023-03-03 12-05-51.mkv,99,TRUE,0.5,50,1800,"{'xs': [[0.8030790441176483, 102.90602022058825, 102.12660845588236, 3.1413143382352953], [3.1413143382352953, 102.12660845588236, 102.90602022058825, 2.361902573529413]], 'ys': [[2.317897727272709, 1.8224431818181637, 108.84062499999999, 107.8497159090909], [107.8497159090909, 108.84062499999999, 215.36335227272727, 215.85880681818182]]}",light,FALSE,3,"(5400, 7200)",0.410882843,0.593559134,851.9837284,85.17335317
22,2,LD2_19_20_21_22_2023-03-03 12-05-51.mkv,99,TRUE,0.5,50,1800,"{'xs': [[0.8030790441176483, 102.90602022058825, 102.12660845588236, 3.1413143382352953], [3.1413143382352953, 102.12660845588236, 102.90602022058825, 2.361902573529413]], 'ys': [[2.317897727272709, 1.8224431818181637, 108.84062499999999, 107.8497159090909], [107.8497159090909, 108.84062499999999, 215.36335227272727, 215.85880681818182]]}",light,FALSE,4,"(7200, 9000)",0.271666667,0.729444444,792.803697,79.25708793